runIndex,seed,topologyHash,category,parameterName,value,unit,status,collectionMethod,interpretation,algorithmApplicability
1,2000,"8DD730AB","Quantitativo","numRoomsTarget","27","contagem","Medido","Contagem de simbolos terminais da gramatica materializados como salas.","Indica quantos simbolos terminais da gramatica viraram salas no grid.","A gramatica controla quantidade por regras de caminho principal, ramificacoes e terminais; a interpretacao espacial pode descartar simbolos se nao houver espaco."
1,2000,"8DD730AB","Quantitativo","connectivityRatio","96.3%","%","Medido","Busca sobre as conexoes derivadas pelas regras sequenciais, de ramificacao, loop e verticalidade.","Mostra se a derivacao sequencial e suas ramificacoes permaneceram conectadas.","A sequencia derivada tende a ser conectada porque cada simbolo nasce de um simbolo anterior; falhas indicam limitacao de embedding espacial."
1,2000,"8DD730AB","Quantitativo","verticalVariance","1.999","metros","Medido","Desvio padrao das alturas dos nos/salas entre pavimentos.","Valor acima de 0 indica que regras verticais geraram pavimentos conectados.","Verticalidade e suportada quando a gramatica inclui regras entre pavimentos."
1,2000,"8DD730AB","Quantitativo","fillPercentage","45.5%","%","Medido","Celulas ocupadas por salas e corredores divididas pelo total do grid.","Indica densidade espacial da dungeon.","A densidade depende do numero de simbolos terminais, tamanhos das salas e comprimento dos corredores."
1,2000,"8DD730AB","Quantitativo","branchFactor","1.926","media","Medido","Media de conexoes entre simbolos terminais derivados.","Valores maiores indicam mais derivacoes laterais, atalhos e variacao de fluxo.","Ramificacao e controlada por regras laterais e por regras de loop."
1,2000,"8DD730AB","Quantitativo","avgPathLength","215.36","metros","Medido","Distancias calculadas sobre a estrutura terminal gerada pela gramatica.","Distancia media a partir da sala inicial.","Caminhos sao consequencia da ordem de derivacao, nao de busca posterior ou reparo."
1,2000,"8DD730AB","Quantitativo","uniqueModules","42","contagem","Medido","Contagem de simbolos, regras logicas e prefabs usados pela montagem visual.","Indica variedade basica de composicao.","A variedade vem dos simbolos de entrada, sala, ramificacao, tesouro, armadilha, arena, saida e dos assets configurados."
1,2000,"8DD730AB","Quantitativo","navigableVolumeRatio","100%","%","Estimado sem NavMesh","Estimativa logica de celulas navegaveis antes de NavMesh.","Use como estimativa inicial, nao como validacao fisica final.","A navegabilidade e estimada no grid logico; validacao fisica final ainda exige NavMesh."
1,2000,"8DD730AB","Quantitativo","criticalPathLength","388","metros","Medido","Maior distancia encontrada a partir do simbolo inicial materializado.","Aproxima o percurso entre o simbolo inicial e o terminal mais distante.","A gramatica pode controlar um caminho principal longo por regras sequenciais."
1,2000,"8DD730AB","Quantitativo","avgAlternativePathLength","18","metros","Medido","Media das regras de loop/atalho materializadas.","Ha caminhos alternativos mensuraveis.","Loops sao suportados apenas quando a gramatica inclui regras de retorno/atalho."
1,2000,"8DD730AB","Booleano","SupportsRandomEnemySpawns","Sim, testado","sim/nao","Suportado","Verifica se o sistema de spawn usa salas/celulas geradas por simbolos terminais.","Sistema configurado e com orcamento ativo.","Spawns usam salas/celulas derivadas; balanceamento de combate ainda e camada de gameplay."
1,2000,"8DD730AB","Booleano","SupportsLootDistribution","Sim, testado","sim/nao","Suportado","Verifica se loot pode ser distribuido sobre salas/celulas derivadas.","Sistema configurado e com orcamento ativo.","Loot pode usar simbolos Treasure ou salas derivadas, mas progressao economica exige regra complementar."
1,2000,"8DD730AB","Booleano","SupportsTraps","Sim, testado","sim/nao","Suportado","Verifica se armadilhas podem ser marcadas em areas navegaveis.","Sistema configurado e com orcamento ativo.","Armadilhas podem usar simbolos Trap ou gargalos, mas pacing de desafio exige camada semantica."
1,2000,"8DD730AB","Booleano","SupportsBacktrackingLoops","Nao","sim/nao","Medido","Conta execucoes em que regras de loop produziram ciclos navegaveis.","A dungeon ficou mais linear nesta execucao.","Suporte nativo quando a gramatica inclui producoes de loop; nao precisa misturar outro algoritmo."
1,2000,"8DD730AB","Booleano","SupportsVerticalConnectors","Sim","sim/nao","Medido","Conta execucoes com regras verticais materializadas entre pavimentos.","Parametro atendido quando regras verticais da propria gramatica foram materializadas.","Implementado por regras verticais da propria gramatica, sem BSP, Room Graph, WFC ou outro metodo."
1,2000,"8DD730AB","Booleano","SupportsMultiFloor","Sim","sim/nao","Medido","Conta execucoes com mais de um pavimento conectado por regras verticais.","Parametro atendido quando a gramatica derivou pavimentos conectados.","Implementado por simbolos em pavimentos diferentes e producoes verticais entre eles."
1,2000,"8DD730AB","Booleano","SupportsBossArena","Sim","sim/nao","Medido","Conta execucoes com regra de arena ou sala ampla acima da area minima configurada.","Existe ao menos uma sala grande o suficiente.","Suportado por uma regra terminal especifica de BossArena, com tamanho configuravel."
1,2000,"8DD730AB","Booleano","SeedReproducible","Sim","sim/nao","Medido","Gera a mesma seed duas vezes e compara o hash topologico.","A seed reproduziu a mesma topologia.","O Grammar-Based Generation e deterministico quando todas as escolhas usam a mesma seed."
1,2000,"8DD730AB","Booleano","RuntimeRegeneration","Sim","sim/nao","Medido","Conta execucoes abaixo do limite de tempo configurado.","Tempo registrado: 90.83 ms.","O custo cresce com quantidade de simbolos, tentativas de embedding e numero de pavimentos."
1,2000,"8DD730AB","Booleano","BudgetAwareSpawns","Sim","sim/nao","Suportado","Verifica se os orcamentos de inimigos, loot e armadilhas cabem nas celulas livres.","Orcamentos registrados: inimigos 10, loot 6, armadilhas 4.","Orcamentos sao aplicados apos a derivacao, sobre celulas livres."
1,2000,"8DD730AB","Qualitativo","Replayability","5/5","Likert 1-5","Estimado automaticamente","Estimativa baseada na diversidade de hashes topologicos entre seeds.","Diversidade topologica: 100%.","A variacao entre seeds depende da escolha das producoes e da interpretacao espacial."
1,2000,"8DD730AB","Qualitativo","Debuggability","5/5","Likert 1-5","Estimado automaticamente","Estimativa baseada na clareza das regras de producao e dos simbolos materializados.","A derivacao por regras facilita explicar por que cada sala existe.","A gramatica e facil de documentar porque cada resultado pode ser explicado por uma sequencia de regras."
1,2000,"8DD730AB","Qualitativo","Flow","3/5","Likert 1-5","Estimado automaticamente","Estimativa baseada em conectividade, caminho critico e ramificacao.","Indica fluidez de navegacao esperada.","O controle de fluxo e uma vantagem forte, pois caminho principal, ramificacoes e loops sao regras explicitas."
1,2000,"8DD730AB","Qualitativo","Legibility","3/5","Likert 1-5","Estimado automaticamente","Estimativa baseada em conectividade, densidade e legibilidade da derivacao espacial.","Indica se o layout tende a ser compreensivel.","A legibilidade depende da interpretacao espacial: regras claras podem gerar mapas confusos se o embedding ficar apertado."
1,2000,"8DD730AB","Qualitativo","StructuralVariety","4/5","Likert 1-5","Estimado automaticamente","Estimativa baseada em quantidade de salas, modulos e loops.","Indica variedade estrutural dentro desta execucao.","A variedade estrutural depende do repertorio de producoes; aumentar a gramatica aumenta expressividade."
1,2000,"8DD730AB","Performance","layoutGenerationMilliseconds","0.54","ms","Medido","Tempo para expandir regras, interpretar simbolos no grid e conectar derivacoes.","Representa o custo da expansao e interpretacao da gramatica.","Mede custo de expandir regras, posicionar simbolos e abrir corredores; compare separado da instanciacao Unity."
1,2000,"8DD730AB","Performance","geometryInstantiationMilliseconds","87.386","ms","Medido","Tempo gasto instanciando prefabs/objetos visuais quando habilitado.","A execucao incluiu custo visual.","Custo visual depende dos prefabs/Unity, nao do Grammar-Based Generation puro."
1,2000,"8DD730AB","Performance","metricsCalculationMilliseconds","2.901","ms","Medido","Tempo para calcular e consolidar metricas apos a geracao.","Ajuda a quantificar custo da instrumentacao.","Custo da instrumentacao, nao do algoritmo."
1,2000,"8DD730AB","Performance","totalGenerationMilliseconds","90.83","ms","Medido","Tempo total medido da execucao.","Inclui layout, instanciacao visual habilitada e calculo de metricas.","Inclui layout, instanciacao visual e metricas; use junto com o tempo logico."
1,2000,"8DD730AB","Performance","generatedGameObjectCount","5000","contagem","Medido","Quantidade de GameObjects criados durante a montagem visual.","Indica peso potencial de instanciacao no Unity.","Reflete peso da montagem visual da cena derivada."
1,2000,"8DD730AB","Performance","occupiedCellCount","3727","contagem","Medido","Quantidade de celulas ocupadas no grid logico.","Proxy de escala espacial da dungeon.","Proxy de escala espacial resultante dos simbolos e corredores materializados."
1,2000,"8DD730AB","Performance","connectionCount","26","contagem","Medido","Quantidade de conexoes criadas por regras sequenciais, laterais, loops e verticalidade.","Reflete a complexidade topologica resultante das regras de producao.","Metrica natural para a gramatica, pois corresponde ao numero de relacoes materializadas entre simbolos."
1,2000,"8DD730AB","Performance","managedMemoryDeltaKB","484","KB","Estimado","Variacao aproximada de memoria gerenciada durante a execucao.","Valor aproximado, sensivel a GC e ao estado do Editor.","Estimativa sujeita ao GC da Unity; use como indicio comparativo."
2,2001,"9043074E","Quantitativo","numRoomsTarget","25","contagem","Medido","Contagem de simbolos terminais da gramatica materializados como salas.","Indica quantos simbolos terminais da gramatica viraram salas no grid.","A gramatica controla quantidade por regras de caminho principal, ramificacoes e terminais; a interpretacao espacial pode descartar simbolos se nao houver espaco."
2,2001,"9043074E","Quantitativo","connectivityRatio","100%","%","Medido","Busca sobre as conexoes derivadas pelas regras sequenciais, de ramificacao, loop e verticalidade.","Mostra se a derivacao sequencial e suas ramificacoes permaneceram conectadas.","A sequencia derivada tende a ser conectada porque cada simbolo nasce de um simbolo anterior; falhas indicam limitacao de embedding espacial."
2,2001,"9043074E","Quantitativo","verticalVariance","1.998","metros","Medido","Desvio padrao das alturas dos nos/salas entre pavimentos.","Valor acima de 0 indica que regras verticais geraram pavimentos conectados.","Verticalidade e suportada quando a gramatica inclui regras entre pavimentos."
2,2001,"9043074E","Quantitativo","fillPercentage","45.76%","%","Medido","Celulas ocupadas por salas e corredores divididas pelo total do grid.","Indica densidade espacial da dungeon.","A densidade depende do numero de simbolos terminais, tamanhos das salas e comprimento dos corredores."
2,2001,"9043074E","Quantitativo","branchFactor","2.08","media","Medido","Media de conexoes entre simbolos terminais derivados.","Valores maiores indicam mais derivacoes laterais, atalhos e variacao de fluxo.","Ramificacao e controlada por regras laterais e por regras de loop."
2,2001,"9043074E","Quantitativo","avgPathLength","231.833","metros","Medido","Distancias calculadas sobre a estrutura terminal gerada pela gramatica.","Distancia media a partir da sala inicial.","Caminhos sao consequencia da ordem de derivacao, nao de busca posterior ou reparo."
2,2001,"9043074E","Quantitativo","uniqueModules","42","contagem","Medido","Contagem de simbolos, regras logicas e prefabs usados pela montagem visual.","Indica variedade basica de composicao.","A variedade vem dos simbolos de entrada, sala, ramificacao, tesouro, armadilha, arena, saida e dos assets configurados."
2,2001,"9043074E","Quantitativo","navigableVolumeRatio","100%","%","Estimado sem NavMesh","Estimativa logica de celulas navegaveis antes de NavMesh.","Use como estimativa inicial, nao como validacao fisica final.","A navegabilidade e estimada no grid logico; validacao fisica final ainda exige NavMesh."
2,2001,"9043074E","Quantitativo","criticalPathLength","442","metros","Medido","Maior distancia encontrada a partir do simbolo inicial materializado.","Aproxima o percurso entre o simbolo inicial e o terminal mais distante.","A gramatica pode controlar um caminho principal longo por regras sequenciais."
2,2001,"9043074E","Quantitativo","avgAlternativePathLength","28","metros","Medido","Media das regras de loop/atalho materializadas.","Ha caminhos alternativos mensuraveis.","Loops sao suportados apenas quando a gramatica inclui regras de retorno/atalho."
2,2001,"9043074E","Booleano","SupportsRandomEnemySpawns","Sim, testado","sim/nao","Suportado","Verifica se o sistema de spawn usa salas/celulas geradas por simbolos terminais.","Sistema configurado e com orcamento ativo.","Spawns usam salas/celulas derivadas; balanceamento de combate ainda e camada de gameplay."
2,2001,"9043074E","Booleano","SupportsLootDistribution","Sim, testado","sim/nao","Suportado","Verifica se loot pode ser distribuido sobre salas/celulas derivadas.","Sistema configurado e com orcamento ativo.","Loot pode usar simbolos Treasure ou salas derivadas, mas progressao economica exige regra complementar."
2,2001,"9043074E","Booleano","SupportsTraps","Sim, testado","sim/nao","Suportado","Verifica se armadilhas podem ser marcadas em areas navegaveis.","Sistema configurado e com orcamento ativo.","Armadilhas podem usar simbolos Trap ou gargalos, mas pacing de desafio exige camada semantica."
2,2001,"9043074E","Booleano","SupportsBacktrackingLoops","Sim","sim/nao","Medido","Conta execucoes em que regras de loop produziram ciclos navegaveis.","A dungeon possui loop para retorno/caminho alternativo.","Suporte nativo quando a gramatica inclui producoes de loop; nao precisa misturar outro algoritmo."
2,2001,"9043074E","Booleano","SupportsVerticalConnectors","Sim","sim/nao","Medido","Conta execucoes com regras verticais materializadas entre pavimentos.","Parametro atendido quando regras verticais da propria gramatica foram materializadas.","Implementado por regras verticais da propria gramatica, sem BSP, Room Graph, WFC ou outro metodo."
2,2001,"9043074E","Booleano","SupportsMultiFloor","Sim","sim/nao","Medido","Conta execucoes com mais de um pavimento conectado por regras verticais.","Parametro atendido quando a gramatica derivou pavimentos conectados.","Implementado por simbolos em pavimentos diferentes e producoes verticais entre eles."
2,2001,"9043074E","Booleano","SupportsBossArena","Sim","sim/nao","Medido","Conta execucoes com regra de arena ou sala ampla acima da area minima configurada.","Existe ao menos uma sala grande o suficiente.","Suportado por uma regra terminal especifica de BossArena, com tamanho configuravel."
2,2001,"9043074E","Booleano","SeedReproducible","Sim","sim/nao","Medido","Gera a mesma seed duas vezes e compara o hash topologico.","A seed reproduziu a mesma topologia.","O Grammar-Based Generation e deterministico quando todas as escolhas usam a mesma seed."
2,2001,"9043074E","Booleano","RuntimeRegeneration","Sim","sim/nao","Medido","Conta execucoes abaixo do limite de tempo configurado.","Tempo registrado: 78.21 ms.","O custo cresce com quantidade de simbolos, tentativas de embedding e numero de pavimentos."
2,2001,"9043074E","Booleano","BudgetAwareSpawns","Sim","sim/nao","Suportado","Verifica se os orcamentos de inimigos, loot e armadilhas cabem nas celulas livres.","Orcamentos registrados: inimigos 10, loot 6, armadilhas 4.","Orcamentos sao aplicados apos a derivacao, sobre celulas livres."
2,2001,"9043074E","Qualitativo","Replayability","5/5","Likert 1-5","Estimado automaticamente","Estimativa baseada na diversidade de hashes topologicos entre seeds.","Diversidade topologica: 100%.","A variacao entre seeds depende da escolha das producoes e da interpretacao espacial."
2,2001,"9043074E","Qualitativo","Debuggability","5/5","Likert 1-5","Estimado automaticamente","Estimativa baseada na clareza das regras de producao e dos simbolos materializados.","A derivacao por regras facilita explicar por que cada sala existe.","A gramatica e facil de documentar porque cada resultado pode ser explicado por uma sequencia de regras."
2,2001,"9043074E","Qualitativo","Flow","5/5","Likert 1-5","Estimado automaticamente","Estimativa baseada em conectividade, caminho critico e ramificacao.","Indica fluidez de navegacao esperada.","O controle de fluxo e uma vantagem forte, pois caminho principal, ramificacoes e loops sao regras explicitas."
2,2001,"9043074E","Qualitativo","Legibility","4/5","Likert 1-5","Estimado automaticamente","Estimativa baseada em conectividade, densidade e legibilidade da derivacao espacial.","Indica se o layout tende a ser compreensivel.","A legibilidade depende da interpretacao espacial: regras claras podem gerar mapas confusos se o embedding ficar apertado."
2,2001,"9043074E","Qualitativo","StructuralVariety","5/5","Likert 1-5","Estimado automaticamente","Estimativa baseada em quantidade de salas, modulos e loops.","Indica variedade estrutural dentro desta execucao.","A variedade estrutural depende do repertorio de producoes; aumentar a gramatica aumenta expressividade."
2,2001,"9043074E","Performance","layoutGenerationMilliseconds","1.008","ms","Medido","Tempo para expandir regras, interpretar simbolos no grid e conectar derivacoes.","Representa o custo da expansao e interpretacao da gramatica.","Mede custo de expandir regras, posicionar simbolos e abrir corredores; compare separado da instanciacao Unity."
2,2001,"9043074E","Performance","geometryInstantiationMilliseconds","75.197","ms","Medido","Tempo gasto instanciando prefabs/objetos visuais quando habilitado.","A execucao incluiu custo visual.","Custo visual depende dos prefabs/Unity, nao do Grammar-Based Generation puro."
2,2001,"9043074E","Performance","metricsCalculationMilliseconds","2.002","ms","Medido","Tempo para calcular e consolidar metricas apos a geracao.","Ajuda a quantificar custo da instrumentacao.","Custo da instrumentacao, nao do algoritmo."
2,2001,"9043074E","Performance","totalGenerationMilliseconds","78.21","ms","Medido","Tempo total medido da execucao.","Inclui layout, instanciacao visual habilitada e calculo de metricas.","Inclui layout, instanciacao visual e metricas; use junto com o tempo logico."
2,2001,"9043074E","Performance","generatedGameObjectCount","4991","contagem","Medido","Quantidade de GameObjects criados durante a montagem visual.","Indica peso potencial de instanciacao no Unity.","Reflete peso da montagem visual da cena derivada."
2,2001,"9043074E","Performance","occupiedCellCount","3749","contagem","Medido","Quantidade de celulas ocupadas no grid logico.","Proxy de escala espacial da dungeon.","Proxy de escala espacial resultante dos simbolos e corredores materializados."
2,2001,"9043074E","Performance","connectionCount","26","contagem","Medido","Quantidade de conexoes criadas por regras sequenciais, laterais, loops e verticalidade.","Reflete a complexidade topologica resultante das regras de producao.","Metrica natural para a gramatica, pois corresponde ao numero de relacoes materializadas entre simbolos."
2,2001,"9043074E","Performance","managedMemoryDeltaKB","1160","KB","Estimado","Variacao aproximada de memoria gerenciada durante a execucao.","Valor aproximado, sensivel a GC e ao estado do Editor.","Estimativa sujeita ao GC da Unity; use como indicio comparativo."
3,2002,"74953930","Quantitativo","numRoomsTarget","32","contagem","Medido","Contagem de simbolos terminais da gramatica materializados como salas.","Indica quantos simbolos terminais da gramatica viraram salas no grid.","A gramatica controla quantidade por regras de caminho principal, ramificacoes e terminais; a interpretacao espacial pode descartar simbolos se nao houver espaco."
3,2002,"74953930","Quantitativo","connectivityRatio","93.75%","%","Medido","Busca sobre as conexoes derivadas pelas regras sequenciais, de ramificacao, loop e verticalidade.","Mostra se a derivacao sequencial e suas ramificacoes permaneceram conectadas.","A sequencia derivada tende a ser conectada porque cada simbolo nasce de um simbolo anterior; falhas indicam limitacao de embedding espacial."
3,2002,"74953930","Quantitativo","verticalVariance","1.996","metros","Medido","Desvio padrao das alturas dos nos/salas entre pavimentos.","Valor acima de 0 indica que regras verticais geraram pavimentos conectados.","Verticalidade e suportada quando a gramatica inclui regras entre pavimentos."
3,2002,"74953930","Quantitativo","fillPercentage","48.3%","%","Medido","Celulas ocupadas por salas e corredores divididas pelo total do grid.","Indica densidade espacial da dungeon.","A densidade depende do numero de simbolos terminais, tamanhos das salas e comprimento dos corredores."
3,2002,"74953930","Quantitativo","branchFactor","1.813","media","Medido","Media de conexoes entre simbolos terminais derivados.","Valores maiores indicam mais derivacoes laterais, atalhos e variacao de fluxo.","Ramificacao e controlada por regras laterais e por regras de loop."
3,2002,"74953930","Quantitativo","avgPathLength","191.104","metros","Medido","Distancias calculadas sobre a estrutura terminal gerada pela gramatica.","Distancia media a partir da sala inicial.","Caminhos sao consequencia da ordem de derivacao, nao de busca posterior ou reparo."
3,2002,"74953930","Quantitativo","uniqueModules","42","contagem","Medido","Contagem de simbolos, regras logicas e prefabs usados pela montagem visual.","Indica variedade basica de composicao.","A variedade vem dos simbolos de entrada, sala, ramificacao, tesouro, armadilha, arena, saida e dos assets configurados."
3,2002,"74953930","Quantitativo","navigableVolumeRatio","100%","%","Estimado sem NavMesh","Estimativa logica de celulas navegaveis antes de NavMesh.","Use como estimativa inicial, nao como validacao fisica final.","A navegabilidade e estimada no grid logico; validacao fisica final ainda exige NavMesh."
3,2002,"74953930","Quantitativo","criticalPathLength","410","metros","Medido","Maior distancia encontrada a partir do simbolo inicial materializado.","Aproxima o percurso entre o simbolo inicial e o terminal mais distante.","A gramatica pode controlar um caminho principal longo por regras sequenciais."
3,2002,"74953930","Quantitativo","avgAlternativePathLength","0","metros","Medido","Media das regras de loop/atalho materializadas.","Nao houve caminho alternativo nesta execucao.","Loops sao suportados apenas quando a gramatica inclui regras de retorno/atalho."
3,2002,"74953930","Booleano","SupportsRandomEnemySpawns","Sim, testado","sim/nao","Suportado","Verifica se o sistema de spawn usa salas/celulas geradas por simbolos terminais.","Sistema configurado e com orcamento ativo.","Spawns usam salas/celulas derivadas; balanceamento de combate ainda e camada de gameplay."
3,2002,"74953930","Booleano","SupportsLootDistribution","Sim, testado","sim/nao","Suportado","Verifica se loot pode ser distribuido sobre salas/celulas derivadas.","Sistema configurado e com orcamento ativo.","Loot pode usar simbolos Treasure ou salas derivadas, mas progressao economica exige regra complementar."
3,2002,"74953930","Booleano","SupportsTraps","Sim, testado","sim/nao","Suportado","Verifica se armadilhas podem ser marcadas em areas navegaveis.","Sistema configurado e com orcamento ativo.","Armadilhas podem usar simbolos Trap ou gargalos, mas pacing de desafio exige camada semantica."
3,2002,"74953930","Booleano","SupportsBacktrackingLoops","Nao","sim/nao","Medido","Conta execucoes em que regras de loop produziram ciclos navegaveis.","A dungeon ficou mais linear nesta execucao.","Suporte nativo quando a gramatica inclui producoes de loop; nao precisa misturar outro algoritmo."
3,2002,"74953930","Booleano","SupportsVerticalConnectors","Sim","sim/nao","Medido","Conta execucoes com regras verticais materializadas entre pavimentos.","Parametro atendido quando regras verticais da propria gramatica foram materializadas.","Implementado por regras verticais da propria gramatica, sem BSP, Room Graph, WFC ou outro metodo."
3,2002,"74953930","Booleano","SupportsMultiFloor","Sim","sim/nao","Medido","Conta execucoes com mais de um pavimento conectado por regras verticais.","Parametro atendido quando a gramatica derivou pavimentos conectados.","Implementado por simbolos em pavimentos diferentes e producoes verticais entre eles."
3,2002,"74953930","Booleano","SupportsBossArena","Sim","sim/nao","Medido","Conta execucoes com regra de arena ou sala ampla acima da area minima configurada.","Existe ao menos uma sala grande o suficiente.","Suportado por uma regra terminal especifica de BossArena, com tamanho configuravel."
3,2002,"74953930","Booleano","SeedReproducible","Sim","sim/nao","Medido","Gera a mesma seed duas vezes e compara o hash topologico.","A seed reproduziu a mesma topologia.","O Grammar-Based Generation e deterministico quando todas as escolhas usam a mesma seed."
3,2002,"74953930","Booleano","RuntimeRegeneration","Sim","sim/nao","Medido","Conta execucoes abaixo do limite de tempo configurado.","Tempo registrado: 86.598 ms.","O custo cresce com quantidade de simbolos, tentativas de embedding e numero de pavimentos."
3,2002,"74953930","Booleano","BudgetAwareSpawns","Sim","sim/nao","Suportado","Verifica se os orcamentos de inimigos, loot e armadilhas cabem nas celulas livres.","Orcamentos registrados: inimigos 10, loot 6, armadilhas 4.","Orcamentos sao aplicados apos a derivacao, sobre celulas livres."
3,2002,"74953930","Qualitativo","Replayability","5/5","Likert 1-5","Estimado automaticamente","Estimativa baseada na diversidade de hashes topologicos entre seeds.","Diversidade topologica: 100%.","A variacao entre seeds depende da escolha das producoes e da interpretacao espacial."
3,2002,"74953930","Qualitativo","Debuggability","5/5","Likert 1-5","Estimado automaticamente","Estimativa baseada na clareza das regras de producao e dos simbolos materializados.","A derivacao por regras facilita explicar por que cada sala existe.","A gramatica e facil de documentar porque cada resultado pode ser explicado por uma sequencia de regras."
3,2002,"74953930","Qualitativo","Flow","3/5","Likert 1-5","Estimado automaticamente","Estimativa baseada em conectividade, caminho critico e ramificacao.","Indica fluidez de navegacao esperada.","O controle de fluxo e uma vantagem forte, pois caminho principal, ramificacoes e loops sao regras explicitas."
3,2002,"74953930","Qualitativo","Legibility","3/5","Likert 1-5","Estimado automaticamente","Estimativa baseada em conectividade, densidade e legibilidade da derivacao espacial.","Indica se o layout tende a ser compreensivel.","A legibilidade depende da interpretacao espacial: regras claras podem gerar mapas confusos se o embedding ficar apertado."
3,2002,"74953930","Qualitativo","StructuralVariety","4/5","Likert 1-5","Estimado automaticamente","Estimativa baseada em quantidade de salas, modulos e loops.","Indica variedade estrutural dentro desta execucao.","A variedade estrutural depende do repertorio de producoes; aumentar a gramatica aumenta expressividade."
3,2002,"74953930","Performance","layoutGenerationMilliseconds","2.67","ms","Medido","Tempo para expandir regras, interpretar simbolos no grid e conectar derivacoes.","Representa o custo da expansao e interpretacao da gramatica.","Mede custo de expandir regras, posicionar simbolos e abrir corredores; compare separado da instanciacao Unity."
3,2002,"74953930","Performance","geometryInstantiationMilliseconds","80.415","ms","Medido","Tempo gasto instanciando prefabs/objetos visuais quando habilitado.","A execucao incluiu custo visual.","Custo visual depende dos prefabs/Unity, nao do Grammar-Based Generation puro."
3,2002,"74953930","Performance","metricsCalculationMilliseconds","3.509","ms","Medido","Tempo para calcular e consolidar metricas apos a geracao.","Ajuda a quantificar custo da instrumentacao.","Custo da instrumentacao, nao do algoritmo."
3,2002,"74953930","Performance","totalGenerationMilliseconds","86.598","ms","Medido","Tempo total medido da execucao.","Inclui layout, instanciacao visual habilitada e calculo de metricas.","Inclui layout, instanciacao visual e metricas; use junto com o tempo logico."
3,2002,"74953930","Performance","generatedGameObjectCount","5393","contagem","Medido","Quantidade de GameObjects criados durante a montagem visual.","Indica peso potencial de instanciacao no Unity.","Reflete peso da montagem visual da cena derivada."
3,2002,"74953930","Performance","occupiedCellCount","3957","contagem","Medido","Quantidade de celulas ocupadas no grid logico.","Proxy de escala espacial da dungeon.","Proxy de escala espacial resultante dos simbolos e corredores materializados."
3,2002,"74953930","Performance","connectionCount","29","contagem","Medido","Quantidade de conexoes criadas por regras sequenciais, laterais, loops e verticalidade.","Reflete a complexidade topologica resultante das regras de producao.","Metrica natural para a gramatica, pois corresponde ao numero de relacoes materializadas entre simbolos."
3,2002,"74953930","Performance","managedMemoryDeltaKB","1148","KB","Estimado","Variacao aproximada de memoria gerenciada durante a execucao.","Valor aproximado, sensivel a GC e ao estado do Editor.","Estimativa sujeita ao GC da Unity; use como indicio comparativo."
4,2003,"244BD791","Quantitativo","numRoomsTarget","20","contagem","Medido","Contagem de simbolos terminais da gramatica materializados como salas.","Indica quantos simbolos terminais da gramatica viraram salas no grid.","A gramatica controla quantidade por regras de caminho principal, ramificacoes e terminais; a interpretacao espacial pode descartar simbolos se nao houver espaco."
4,2003,"244BD791","Quantitativo","connectivityRatio","100%","%","Medido","Busca sobre as conexoes derivadas pelas regras sequenciais, de ramificacao, loop e verticalidade.","Mostra se a derivacao sequencial e suas ramificacoes permaneceram conectadas.","A sequencia derivada tende a ser conectada porque cada simbolo nasce de um simbolo anterior; falhas indicam limitacao de embedding espacial."
4,2003,"244BD791","Quantitativo","verticalVariance","1.96","metros","Medido","Desvio padrao das alturas dos nos/salas entre pavimentos.","Valor acima de 0 indica que regras verticais geraram pavimentos conectados.","Verticalidade e suportada quando a gramatica inclui regras entre pavimentos."
4,2003,"244BD791","Quantitativo","fillPercentage","35.78%","%","Medido","Celulas ocupadas por salas e corredores divididas pelo total do grid.","Indica densidade espacial da dungeon.","A densidade depende do numero de simbolos terminais, tamanhos das salas e comprimento dos corredores."
4,2003,"244BD791","Quantitativo","branchFactor","2.1","media","Medido","Media de conexoes entre simbolos terminais derivados.","Valores maiores indicam mais derivacoes laterais, atalhos e variacao de fluxo.","Ramificacao e controlada por regras laterais e por regras de loop."
4,2003,"244BD791","Quantitativo","avgPathLength","123.368","metros","Medido","Distancias calculadas sobre a estrutura terminal gerada pela gramatica.","Distancia media a partir da sala inicial.","Caminhos sao consequencia da ordem de derivacao, nao de busca posterior ou reparo."
4,2003,"244BD791","Quantitativo","uniqueModules","42","contagem","Medido","Contagem de simbolos, regras logicas e prefabs usados pela montagem visual.","Indica variedade basica de composicao.","A variedade vem dos simbolos de entrada, sala, ramificacao, tesouro, armadilha, arena, saida e dos assets configurados."
4,2003,"244BD791","Quantitativo","navigableVolumeRatio","100%","%","Estimado sem NavMesh","Estimativa logica de celulas navegaveis antes de NavMesh.","Use como estimativa inicial, nao como validacao fisica final.","A navegabilidade e estimada no grid logico; validacao fisica final ainda exige NavMesh."
4,2003,"244BD791","Quantitativo","criticalPathLength","330","metros","Medido","Maior distancia encontrada a partir do simbolo inicial materializado.","Aproxima o percurso entre o simbolo inicial e o terminal mais distante.","A gramatica pode controlar um caminho principal longo por regras sequenciais."
4,2003,"244BD791","Quantitativo","avgAlternativePathLength","32","metros","Medido","Media das regras de loop/atalho materializadas.","Ha caminhos alternativos mensuraveis.","Loops sao suportados apenas quando a gramatica inclui regras de retorno/atalho."
4,2003,"244BD791","Booleano","SupportsRandomEnemySpawns","Sim, testado","sim/nao","Suportado","Verifica se o sistema de spawn usa salas/celulas geradas por simbolos terminais.","Sistema configurado e com orcamento ativo.","Spawns usam salas/celulas derivadas; balanceamento de combate ainda e camada de gameplay."
4,2003,"244BD791","Booleano","SupportsLootDistribution","Sim, testado","sim/nao","Suportado","Verifica se loot pode ser distribuido sobre salas/celulas derivadas.","Sistema configurado e com orcamento ativo.","Loot pode usar simbolos Treasure ou salas derivadas, mas progressao economica exige regra complementar."
4,2003,"244BD791","Booleano","SupportsTraps","Sim, testado","sim/nao","Suportado","Verifica se armadilhas podem ser marcadas em areas navegaveis.","Sistema configurado e com orcamento ativo.","Armadilhas podem usar simbolos Trap ou gargalos, mas pacing de desafio exige camada semantica."
4,2003,"244BD791","Booleano","SupportsBacktrackingLoops","Sim","sim/nao","Medido","Conta execucoes em que regras de loop produziram ciclos navegaveis.","A dungeon possui loop para retorno/caminho alternativo.","Suporte nativo quando a gramatica inclui producoes de loop; nao precisa misturar outro algoritmo."
4,2003,"244BD791","Booleano","SupportsVerticalConnectors","Sim","sim/nao","Medido","Conta execucoes com regras verticais materializadas entre pavimentos.","Parametro atendido quando regras verticais da propria gramatica foram materializadas.","Implementado por regras verticais da propria gramatica, sem BSP, Room Graph, WFC ou outro metodo."
4,2003,"244BD791","Booleano","SupportsMultiFloor","Sim","sim/nao","Medido","Conta execucoes com mais de um pavimento conectado por regras verticais.","Parametro atendido quando a gramatica derivou pavimentos conectados.","Implementado por simbolos em pavimentos diferentes e producoes verticais entre eles."
4,2003,"244BD791","Booleano","SupportsBossArena","Sim","sim/nao","Medido","Conta execucoes com regra de arena ou sala ampla acima da area minima configurada.","Existe ao menos uma sala grande o suficiente.","Suportado por uma regra terminal especifica de BossArena, com tamanho configuravel."
4,2003,"244BD791","Booleano","SeedReproducible","Sim","sim/nao","Medido","Gera a mesma seed duas vezes e compara o hash topologico.","A seed reproduziu a mesma topologia.","O Grammar-Based Generation e deterministico quando todas as escolhas usam a mesma seed."
4,2003,"244BD791","Booleano","RuntimeRegeneration","Sim","sim/nao","Medido","Conta execucoes abaixo do limite de tempo configurado.","Tempo registrado: 54.321 ms.","O custo cresce com quantidade de simbolos, tentativas de embedding e numero de pavimentos."
4,2003,"244BD791","Booleano","BudgetAwareSpawns","Sim","sim/nao","Suportado","Verifica se os orcamentos de inimigos, loot e armadilhas cabem nas celulas livres.","Orcamentos registrados: inimigos 10, loot 6, armadilhas 4.","Orcamentos sao aplicados apos a derivacao, sobre celulas livres."
4,2003,"244BD791","Qualitativo","Replayability","5/5","Likert 1-5","Estimado automaticamente","Estimativa baseada na diversidade de hashes topologicos entre seeds.","Diversidade topologica: 100%.","A variacao entre seeds depende da escolha das producoes e da interpretacao espacial."
4,2003,"244BD791","Qualitativo","Debuggability","5/5","Likert 1-5","Estimado automaticamente","Estimativa baseada na clareza das regras de producao e dos simbolos materializados.","A derivacao por regras facilita explicar por que cada sala existe.","A gramatica e facil de documentar porque cada resultado pode ser explicado por uma sequencia de regras."
4,2003,"244BD791","Qualitativo","Flow","5/5","Likert 1-5","Estimado automaticamente","Estimativa baseada em conectividade, caminho critico e ramificacao.","Indica fluidez de navegacao esperada.","O controle de fluxo e uma vantagem forte, pois caminho principal, ramificacoes e loops sao regras explicitas."
4,2003,"244BD791","Qualitativo","Legibility","5/5","Likert 1-5","Estimado automaticamente","Estimativa baseada em conectividade, densidade e legibilidade da derivacao espacial.","Indica se o layout tende a ser compreensivel.","A legibilidade depende da interpretacao espacial: regras claras podem gerar mapas confusos se o embedding ficar apertado."
4,2003,"244BD791","Qualitativo","StructuralVariety","5/5","Likert 1-5","Estimado automaticamente","Estimativa baseada em quantidade de salas, modulos e loops.","Indica variedade estrutural dentro desta execucao.","A variedade estrutural depende do repertorio de producoes; aumentar a gramatica aumenta expressividade."
4,2003,"244BD791","Performance","layoutGenerationMilliseconds","0.553","ms","Medido","Tempo para expandir regras, interpretar simbolos no grid e conectar derivacoes.","Representa o custo da expansao e interpretacao da gramatica.","Mede custo de expandir regras, posicionar simbolos e abrir corredores; compare separado da instanciacao Unity."
4,2003,"244BD791","Performance","geometryInstantiationMilliseconds","52.204","ms","Medido","Tempo gasto instanciando prefabs/objetos visuais quando habilitado.","A execucao incluiu custo visual.","Custo visual depende dos prefabs/Unity, nao do Grammar-Based Generation puro."
4,2003,"244BD791","Performance","metricsCalculationMilliseconds","1.562","ms","Medido","Tempo para calcular e consolidar metricas apos a geracao.","Ajuda a quantificar custo da instrumentacao.","Custo da instrumentacao, nao do algoritmo."
4,2003,"244BD791","Performance","totalGenerationMilliseconds","54.321","ms","Medido","Tempo total medido da execucao.","Inclui layout, instanciacao visual habilitada e calculo de metricas.","Inclui layout, instanciacao visual e metricas; use junto com o tempo logico."
4,2003,"244BD791","Performance","generatedGameObjectCount","3906","contagem","Medido","Quantidade de GameObjects criados durante a montagem visual.","Indica peso potencial de instanciacao no Unity.","Reflete peso da montagem visual da cena derivada."
4,2003,"244BD791","Performance","occupiedCellCount","2931","contagem","Medido","Quantidade de celulas ocupadas no grid logico.","Proxy de escala espacial da dungeon.","Proxy de escala espacial resultante dos simbolos e corredores materializados."
4,2003,"244BD791","Performance","connectionCount","21","contagem","Medido","Quantidade de conexoes criadas por regras sequenciais, laterais, loops e verticalidade.","Reflete a complexidade topologica resultante das regras de producao.","Metrica natural para a gramatica, pois corresponde ao numero de relacoes materializadas entre simbolos."
4,2003,"244BD791","Performance","managedMemoryDeltaKB","876","KB","Estimado","Variacao aproximada de memoria gerenciada durante a execucao.","Valor aproximado, sensivel a GC e ao estado do Editor.","Estimativa sujeita ao GC da Unity; use como indicio comparativo."
5,2004,"4D7DBB81","Quantitativo","numRoomsTarget","23","contagem","Medido","Contagem de simbolos terminais da gramatica materializados como salas.","Indica quantos simbolos terminais da gramatica viraram salas no grid.","A gramatica controla quantidade por regras de caminho principal, ramificacoes e terminais; a interpretacao espacial pode descartar simbolos se nao houver espaco."
5,2004,"4D7DBB81","Quantitativo","connectivityRatio","91.3%","%","Medido","Busca sobre as conexoes derivadas pelas regras sequenciais, de ramificacao, loop e verticalidade.","Mostra se a derivacao sequencial e suas ramificacoes permaneceram conectadas.","A sequencia derivada tende a ser conectada porque cada simbolo nasce de um simbolo anterior; falhas indicam limitacao de embedding espacial."
5,2004,"4D7DBB81","Quantitativo","verticalVariance","1.952","metros","Medido","Desvio padrao das alturas dos nos/salas entre pavimentos.","Valor acima de 0 indica que regras verticais geraram pavimentos conectados.","Verticalidade e suportada quando a gramatica inclui regras entre pavimentos."
5,2004,"4D7DBB81","Quantitativo","fillPercentage","39.86%","%","Medido","Celulas ocupadas por salas e corredores divididas pelo total do grid.","Indica densidade espacial da dungeon.","A densidade depende do numero de simbolos terminais, tamanhos das salas e comprimento dos corredores."
5,2004,"4D7DBB81","Quantitativo","branchFactor","1.913","media","Medido","Media de conexoes entre simbolos terminais derivados.","Valores maiores indicam mais derivacoes laterais, atalhos e variacao de fluxo.","Ramificacao e controlada por regras laterais e por regras de loop."
5,2004,"4D7DBB81","Quantitativo","avgPathLength","206","metros","Medido","Distancias calculadas sobre a estrutura terminal gerada pela gramatica.","Distancia media a partir da sala inicial.","Caminhos sao consequencia da ordem de derivacao, nao de busca posterior ou reparo."
5,2004,"4D7DBB81","Quantitativo","uniqueModules","43","contagem","Medido","Contagem de simbolos, regras logicas e prefabs usados pela montagem visual.","Indica variedade basica de composicao.","A variedade vem dos simbolos de entrada, sala, ramificacao, tesouro, armadilha, arena, saida e dos assets configurados."
5,2004,"4D7DBB81","Quantitativo","navigableVolumeRatio","100%","%","Estimado sem NavMesh","Estimativa logica de celulas navegaveis antes de NavMesh.","Use como estimativa inicial, nao como validacao fisica final.","A navegabilidade e estimada no grid logico; validacao fisica final ainda exige NavMesh."
5,2004,"4D7DBB81","Quantitativo","criticalPathLength","388","metros","Medido","Maior distancia encontrada a partir do simbolo inicial materializado.","Aproxima o percurso entre o simbolo inicial e o terminal mais distante.","A gramatica pode controlar um caminho principal longo por regras sequenciais."
5,2004,"4D7DBB81","Quantitativo","avgAlternativePathLength","18","metros","Medido","Media das regras de loop/atalho materializadas.","Ha caminhos alternativos mensuraveis.","Loops sao suportados apenas quando a gramatica inclui regras de retorno/atalho."
5,2004,"4D7DBB81","Booleano","SupportsRandomEnemySpawns","Sim, testado","sim/nao","Suportado","Verifica se o sistema de spawn usa salas/celulas geradas por simbolos terminais.","Sistema configurado e com orcamento ativo.","Spawns usam salas/celulas derivadas; balanceamento de combate ainda e camada de gameplay."
5,2004,"4D7DBB81","Booleano","SupportsLootDistribution","Sim, testado","sim/nao","Suportado","Verifica se loot pode ser distribuido sobre salas/celulas derivadas.","Sistema configurado e com orcamento ativo.","Loot pode usar simbolos Treasure ou salas derivadas, mas progressao economica exige regra complementar."
5,2004,"4D7DBB81","Booleano","SupportsTraps","Sim, testado","sim/nao","Suportado","Verifica se armadilhas podem ser marcadas em areas navegaveis.","Sistema configurado e com orcamento ativo.","Armadilhas podem usar simbolos Trap ou gargalos, mas pacing de desafio exige camada semantica."
5,2004,"4D7DBB81","Booleano","SupportsBacktrackingLoops","Nao","sim/nao","Medido","Conta execucoes em que regras de loop produziram ciclos navegaveis.","A dungeon ficou mais linear nesta execucao.","Suporte nativo quando a gramatica inclui producoes de loop; nao precisa misturar outro algoritmo."
5,2004,"4D7DBB81","Booleano","SupportsVerticalConnectors","Sim","sim/nao","Medido","Conta execucoes com regras verticais materializadas entre pavimentos.","Parametro atendido quando regras verticais da propria gramatica foram materializadas.","Implementado por regras verticais da propria gramatica, sem BSP, Room Graph, WFC ou outro metodo."
5,2004,"4D7DBB81","Booleano","SupportsMultiFloor","Sim","sim/nao","Medido","Conta execucoes com mais de um pavimento conectado por regras verticais.","Parametro atendido quando a gramatica derivou pavimentos conectados.","Implementado por simbolos em pavimentos diferentes e producoes verticais entre eles."
5,2004,"4D7DBB81","Booleano","SupportsBossArena","Sim","sim/nao","Medido","Conta execucoes com regra de arena ou sala ampla acima da area minima configurada.","Existe ao menos uma sala grande o suficiente.","Suportado por uma regra terminal especifica de BossArena, com tamanho configuravel."
5,2004,"4D7DBB81","Booleano","SeedReproducible","Sim","sim/nao","Medido","Gera a mesma seed duas vezes e compara o hash topologico.","A seed reproduziu a mesma topologia.","O Grammar-Based Generation e deterministico quando todas as escolhas usam a mesma seed."
5,2004,"4D7DBB81","Booleano","RuntimeRegeneration","Sim","sim/nao","Medido","Conta execucoes abaixo do limite de tempo configurado.","Tempo registrado: 64.781 ms.","O custo cresce com quantidade de simbolos, tentativas de embedding e numero de pavimentos."
5,2004,"4D7DBB81","Booleano","BudgetAwareSpawns","Sim","sim/nao","Suportado","Verifica se os orcamentos de inimigos, loot e armadilhas cabem nas celulas livres.","Orcamentos registrados: inimigos 10, loot 6, armadilhas 4.","Orcamentos sao aplicados apos a derivacao, sobre celulas livres."
5,2004,"4D7DBB81","Qualitativo","Replayability","5/5","Likert 1-5","Estimado automaticamente","Estimativa baseada na diversidade de hashes topologicos entre seeds.","Diversidade topologica: 100%.","A variacao entre seeds depende da escolha das producoes e da interpretacao espacial."
5,2004,"4D7DBB81","Qualitativo","Debuggability","5/5","Likert 1-5","Estimado automaticamente","Estimativa baseada na clareza das regras de producao e dos simbolos materializados.","A derivacao por regras facilita explicar por que cada sala existe.","A gramatica e facil de documentar porque cada resultado pode ser explicado por uma sequencia de regras."
5,2004,"4D7DBB81","Qualitativo","Flow","3/5","Likert 1-5","Estimado automaticamente","Estimativa baseada em conectividade, caminho critico e ramificacao.","Indica fluidez de navegacao esperada.","O controle de fluxo e uma vantagem forte, pois caminho principal, ramificacoes e loops sao regras explicitas."
5,2004,"4D7DBB81","Qualitativo","Legibility","4/5","Likert 1-5","Estimado automaticamente","Estimativa baseada em conectividade, densidade e legibilidade da derivacao espacial.","Indica se o layout tende a ser compreensivel.","A legibilidade depende da interpretacao espacial: regras claras podem gerar mapas confusos se o embedding ficar apertado."
5,2004,"4D7DBB81","Qualitativo","StructuralVariety","4/5","Likert 1-5","Estimado automaticamente","Estimativa baseada em quantidade de salas, modulos e loops.","Indica variedade estrutural dentro desta execucao.","A variedade estrutural depende do repertorio de producoes; aumentar a gramatica aumenta expressividade."
5,2004,"4D7DBB81","Performance","layoutGenerationMilliseconds","0.573","ms","Medido","Tempo para expandir regras, interpretar simbolos no grid e conectar derivacoes.","Representa o custo da expansao e interpretacao da gramatica.","Mede custo de expandir regras, posicionar simbolos e abrir corredores; compare separado da instanciacao Unity."
5,2004,"4D7DBB81","Performance","geometryInstantiationMilliseconds","62.7","ms","Medido","Tempo gasto instanciando prefabs/objetos visuais quando habilitado.","A execucao incluiu custo visual.","Custo visual depende dos prefabs/Unity, nao do Grammar-Based Generation puro."
5,2004,"4D7DBB81","Performance","metricsCalculationMilliseconds","1.506","ms","Medido","Tempo para calcular e consolidar metricas apos a geracao.","Ajuda a quantificar custo da instrumentacao.","Custo da instrumentacao, nao do algoritmo."
5,2004,"4D7DBB81","Performance","totalGenerationMilliseconds","64.781","ms","Medido","Tempo total medido da execucao.","Inclui layout, instanciacao visual habilitada e calculo de metricas.","Inclui layout, instanciacao visual e metricas; use junto com o tempo logico."
5,2004,"4D7DBB81","Performance","generatedGameObjectCount","4449","contagem","Medido","Quantidade de GameObjects criados durante a montagem visual.","Indica peso potencial de instanciacao no Unity.","Reflete peso da montagem visual da cena derivada."
5,2004,"4D7DBB81","Performance","occupiedCellCount","3265","contagem","Medido","Quantidade de celulas ocupadas no grid logico.","Proxy de escala espacial da dungeon.","Proxy de escala espacial resultante dos simbolos e corredores materializados."
5,2004,"4D7DBB81","Performance","connectionCount","22","contagem","Medido","Quantidade de conexoes criadas por regras sequenciais, laterais, loops e verticalidade.","Reflete a complexidade topologica resultante das regras de producao.","Metrica natural para a gramatica, pois corresponde ao numero de relacoes materializadas entre simbolos."
5,2004,"4D7DBB81","Performance","managedMemoryDeltaKB","1356","KB","Estimado","Variacao aproximada de memoria gerenciada durante a execucao.","Valor aproximado, sensivel a GC e ao estado do Editor.","Estimativa sujeita ao GC da Unity; use como indicio comparativo."
6,2005,"BEA32F90","Quantitativo","numRoomsTarget","27","contagem","Medido","Contagem de simbolos terminais da gramatica materializados como salas.","Indica quantos simbolos terminais da gramatica viraram salas no grid.","A gramatica controla quantidade por regras de caminho principal, ramificacoes e terminais; a interpretacao espacial pode descartar simbolos se nao houver espaco."
6,2005,"BEA32F90","Quantitativo","connectivityRatio","96.3%","%","Medido","Busca sobre as conexoes derivadas pelas regras sequenciais, de ramificacao, loop e verticalidade.","Mostra se a derivacao sequencial e suas ramificacoes permaneceram conectadas.","A sequencia derivada tende a ser conectada porque cada simbolo nasce de um simbolo anterior; falhas indicam limitacao de embedding espacial."
6,2005,"BEA32F90","Quantitativo","verticalVariance","1.932","metros","Medido","Desvio padrao das alturas dos nos/salas entre pavimentos.","Valor acima de 0 indica que regras verticais geraram pavimentos conectados.","Verticalidade e suportada quando a gramatica inclui regras entre pavimentos."
6,2005,"BEA32F90","Quantitativo","fillPercentage","40.42%","%","Medido","Celulas ocupadas por salas e corredores divididas pelo total do grid.","Indica densidade espacial da dungeon.","A densidade depende do numero de simbolos terminais, tamanhos das salas e comprimento dos corredores."
6,2005,"BEA32F90","Quantitativo","branchFactor","2","media","Medido","Media de conexoes entre simbolos terminais derivados.","Valores maiores indicam mais derivacoes laterais, atalhos e variacao de fluxo.","Ramificacao e controlada por regras laterais e por regras de loop."
6,2005,"BEA32F90","Quantitativo","avgPathLength","206.64","metros","Medido","Distancias calculadas sobre a estrutura terminal gerada pela gramatica.","Distancia media a partir da sala inicial.","Caminhos sao consequencia da ordem de derivacao, nao de busca posterior ou reparo."
6,2005,"BEA32F90","Quantitativo","uniqueModules","44","contagem","Medido","Contagem de simbolos, regras logicas e prefabs usados pela montagem visual.","Indica variedade basica de composicao.","A variedade vem dos simbolos de entrada, sala, ramificacao, tesouro, armadilha, arena, saida e dos assets configurados."
6,2005,"BEA32F90","Quantitativo","navigableVolumeRatio","100%","%","Estimado sem NavMesh","Estimativa logica de celulas navegaveis antes de NavMesh.","Use como estimativa inicial, nao como validacao fisica final.","A navegabilidade e estimada no grid logico; validacao fisica final ainda exige NavMesh."
6,2005,"BEA32F90","Quantitativo","criticalPathLength","332","metros","Medido","Maior distancia encontrada a partir do simbolo inicial materializado.","Aproxima o percurso entre o simbolo inicial e o terminal mais distante.","A gramatica pode controlar um caminho principal longo por regras sequenciais."
6,2005,"BEA32F90","Quantitativo","avgAlternativePathLength","39","metros","Medido","Media das regras de loop/atalho materializadas.","Ha caminhos alternativos mensuraveis.","Loops sao suportados apenas quando a gramatica inclui regras de retorno/atalho."
6,2005,"BEA32F90","Booleano","SupportsRandomEnemySpawns","Sim, testado","sim/nao","Suportado","Verifica se o sistema de spawn usa salas/celulas geradas por simbolos terminais.","Sistema configurado e com orcamento ativo.","Spawns usam salas/celulas derivadas; balanceamento de combate ainda e camada de gameplay."
6,2005,"BEA32F90","Booleano","SupportsLootDistribution","Sim, testado","sim/nao","Suportado","Verifica se loot pode ser distribuido sobre salas/celulas derivadas.","Sistema configurado e com orcamento ativo.","Loot pode usar simbolos Treasure ou salas derivadas, mas progressao economica exige regra complementar."
6,2005,"BEA32F90","Booleano","SupportsTraps","Sim, testado","sim/nao","Suportado","Verifica se armadilhas podem ser marcadas em areas navegaveis.","Sistema configurado e com orcamento ativo.","Armadilhas podem usar simbolos Trap ou gargalos, mas pacing de desafio exige camada semantica."
6,2005,"BEA32F90","Booleano","SupportsBacktrackingLoops","Sim","sim/nao","Medido","Conta execucoes em que regras de loop produziram ciclos navegaveis.","A dungeon possui loop para retorno/caminho alternativo.","Suporte nativo quando a gramatica inclui producoes de loop; nao precisa misturar outro algoritmo."
6,2005,"BEA32F90","Booleano","SupportsVerticalConnectors","Sim","sim/nao","Medido","Conta execucoes com regras verticais materializadas entre pavimentos.","Parametro atendido quando regras verticais da propria gramatica foram materializadas.","Implementado por regras verticais da propria gramatica, sem BSP, Room Graph, WFC ou outro metodo."
6,2005,"BEA32F90","Booleano","SupportsMultiFloor","Sim","sim/nao","Medido","Conta execucoes com mais de um pavimento conectado por regras verticais.","Parametro atendido quando a gramatica derivou pavimentos conectados.","Implementado por simbolos em pavimentos diferentes e producoes verticais entre eles."
6,2005,"BEA32F90","Booleano","SupportsBossArena","Sim","sim/nao","Medido","Conta execucoes com regra de arena ou sala ampla acima da area minima configurada.","Existe ao menos uma sala grande o suficiente.","Suportado por uma regra terminal especifica de BossArena, com tamanho configuravel."
6,2005,"BEA32F90","Booleano","SeedReproducible","Sim","sim/nao","Medido","Gera a mesma seed duas vezes e compara o hash topologico.","A seed reproduziu a mesma topologia.","O Grammar-Based Generation e deterministico quando todas as escolhas usam a mesma seed."
6,2005,"BEA32F90","Booleano","RuntimeRegeneration","Sim","sim/nao","Medido","Conta execucoes abaixo do limite de tempo configurado.","Tempo registrado: 55.539 ms.","O custo cresce com quantidade de simbolos, tentativas de embedding e numero de pavimentos."
6,2005,"BEA32F90","Booleano","BudgetAwareSpawns","Sim","sim/nao","Suportado","Verifica se os orcamentos de inimigos, loot e armadilhas cabem nas celulas livres.","Orcamentos registrados: inimigos 10, loot 6, armadilhas 4.","Orcamentos sao aplicados apos a derivacao, sobre celulas livres."
6,2005,"BEA32F90","Qualitativo","Replayability","5/5","Likert 1-5","Estimado automaticamente","Estimativa baseada na diversidade de hashes topologicos entre seeds.","Diversidade topologica: 100%.","A variacao entre seeds depende da escolha das producoes e da interpretacao espacial."
6,2005,"BEA32F90","Qualitativo","Debuggability","5/5","Likert 1-5","Estimado automaticamente","Estimativa baseada na clareza das regras de producao e dos simbolos materializados.","A derivacao por regras facilita explicar por que cada sala existe.","A gramatica e facil de documentar porque cada resultado pode ser explicado por uma sequencia de regras."
6,2005,"BEA32F90","Qualitativo","Flow","3/5","Likert 1-5","Estimado automaticamente","Estimativa baseada em conectividade, caminho critico e ramificacao.","Indica fluidez de navegacao esperada.","O controle de fluxo e uma vantagem forte, pois caminho principal, ramificacoes e loops sao regras explicitas."
6,2005,"BEA32F90","Qualitativo","Legibility","4/5","Likert 1-5","Estimado automaticamente","Estimativa baseada em conectividade, densidade e legibilidade da derivacao espacial.","Indica se o layout tende a ser compreensivel.","A legibilidade depende da interpretacao espacial: regras claras podem gerar mapas confusos se o embedding ficar apertado."
6,2005,"BEA32F90","Qualitativo","StructuralVariety","5/5","Likert 1-5","Estimado automaticamente","Estimativa baseada em quantidade de salas, modulos e loops.","Indica variedade estrutural dentro desta execucao.","A variedade estrutural depende do repertorio de producoes; aumentar a gramatica aumenta expressividade."
6,2005,"BEA32F90","Performance","layoutGenerationMilliseconds","0.607","ms","Medido","Tempo para expandir regras, interpretar simbolos no grid e conectar derivacoes.","Representa o custo da expansao e interpretacao da gramatica.","Mede custo de expandir regras, posicionar simbolos e abrir corredores; compare separado da instanciacao Unity."
6,2005,"BEA32F90","Performance","geometryInstantiationMilliseconds","53.241","ms","Medido","Tempo gasto instanciando prefabs/objetos visuais quando habilitado.","A execucao incluiu custo visual.","Custo visual depende dos prefabs/Unity, nao do Grammar-Based Generation puro."
6,2005,"BEA32F90","Performance","metricsCalculationMilliseconds","1.689","ms","Medido","Tempo para calcular e consolidar metricas apos a geracao.","Ajuda a quantificar custo da instrumentacao.","Custo da instrumentacao, nao do algoritmo."
6,2005,"BEA32F90","Performance","totalGenerationMilliseconds","55.539","ms","Medido","Tempo total medido da execucao.","Inclui layout, instanciacao visual habilitada e calculo de metricas.","Inclui layout, instanciacao visual e metricas; use junto com o tempo logico."
6,2005,"BEA32F90","Performance","generatedGameObjectCount","4467","contagem","Medido","Quantidade de GameObjects criados durante a montagem visual.","Indica peso potencial de instanciacao no Unity.","Reflete peso da montagem visual da cena derivada."
6,2005,"BEA32F90","Performance","occupiedCellCount","3311","contagem","Medido","Quantidade de celulas ocupadas no grid logico.","Proxy de escala espacial da dungeon.","Proxy de escala espacial resultante dos simbolos e corredores materializados."
6,2005,"BEA32F90","Performance","connectionCount","27","contagem","Medido","Quantidade de conexoes criadas por regras sequenciais, laterais, loops e verticalidade.","Reflete a complexidade topologica resultante das regras de producao.","Metrica natural para a gramatica, pois corresponde ao numero de relacoes materializadas entre simbolos."
6,2005,"BEA32F90","Performance","managedMemoryDeltaKB","1608","KB","Estimado","Variacao aproximada de memoria gerenciada durante a execucao.","Valor aproximado, sensivel a GC e ao estado do Editor.","Estimativa sujeita ao GC da Unity; use como indicio comparativo."
7,2006,"608FECB5","Quantitativo","numRoomsTarget","26","contagem","Medido","Contagem de simbolos terminais da gramatica materializados como salas.","Indica quantos simbolos terminais da gramatica viraram salas no grid.","A gramatica controla quantidade por regras de caminho principal, ramificacoes e terminais; a interpretacao espacial pode descartar simbolos se nao houver espaco."
7,2006,"608FECB5","Quantitativo","connectivityRatio","92.31%","%","Medido","Busca sobre as conexoes derivadas pelas regras sequenciais, de ramificacao, loop e verticalidade.","Mostra se a derivacao sequencial e suas ramificacoes permaneceram conectadas.","A sequencia derivada tende a ser conectada porque cada simbolo nasce de um simbolo anterior; falhas indicam limitacao de embedding espacial."
7,2006,"608FECB5","Quantitativo","verticalVariance","1.946","metros","Medido","Desvio padrao das alturas dos nos/salas entre pavimentos.","Valor acima de 0 indica que regras verticais geraram pavimentos conectados.","Verticalidade e suportada quando a gramatica inclui regras entre pavimentos."
7,2006,"608FECB5","Quantitativo","fillPercentage","42.18%","%","Medido","Celulas ocupadas por salas e corredores divididas pelo total do grid.","Indica densidade espacial da dungeon.","A densidade depende do numero de simbolos terminais, tamanhos das salas e comprimento dos corredores."
7,2006,"608FECB5","Quantitativo","branchFactor","1.846","media","Medido","Media de conexoes entre simbolos terminais derivados.","Valores maiores indicam mais derivacoes laterais, atalhos e variacao de fluxo.","Ramificacao e controlada por regras laterais e por regras de loop."
7,2006,"608FECB5","Quantitativo","avgPathLength","266","metros","Medido","Distancias calculadas sobre a estrutura terminal gerada pela gramatica.","Distancia media a partir da sala inicial.","Caminhos sao consequencia da ordem de derivacao, nao de busca posterior ou reparo."
7,2006,"608FECB5","Quantitativo","uniqueModules","41","contagem","Medido","Contagem de simbolos, regras logicas e prefabs usados pela montagem visual.","Indica variedade basica de composicao.","A variedade vem dos simbolos de entrada, sala, ramificacao, tesouro, armadilha, arena, saida e dos assets configurados."
7,2006,"608FECB5","Quantitativo","navigableVolumeRatio","100%","%","Estimado sem NavMesh","Estimativa logica de celulas navegaveis antes de NavMesh.","Use como estimativa inicial, nao como validacao fisica final.","A navegabilidade e estimada no grid logico; validacao fisica final ainda exige NavMesh."
7,2006,"608FECB5","Quantitativo","criticalPathLength","490","metros","Medido","Maior distancia encontrada a partir do simbolo inicial materializado.","Aproxima o percurso entre o simbolo inicial e o terminal mais distante.","A gramatica pode controlar um caminho principal longo por regras sequenciais."
7,2006,"608FECB5","Quantitativo","avgAlternativePathLength","0","metros","Medido","Media das regras de loop/atalho materializadas.","Nao houve caminho alternativo nesta execucao.","Loops sao suportados apenas quando a gramatica inclui regras de retorno/atalho."
7,2006,"608FECB5","Booleano","SupportsRandomEnemySpawns","Sim, testado","sim/nao","Suportado","Verifica se o sistema de spawn usa salas/celulas geradas por simbolos terminais.","Sistema configurado e com orcamento ativo.","Spawns usam salas/celulas derivadas; balanceamento de combate ainda e camada de gameplay."
7,2006,"608FECB5","Booleano","SupportsLootDistribution","Sim, testado","sim/nao","Suportado","Verifica se loot pode ser distribuido sobre salas/celulas derivadas.","Sistema configurado e com orcamento ativo.","Loot pode usar simbolos Treasure ou salas derivadas, mas progressao economica exige regra complementar."
7,2006,"608FECB5","Booleano","SupportsTraps","Sim, testado","sim/nao","Suportado","Verifica se armadilhas podem ser marcadas em areas navegaveis.","Sistema configurado e com orcamento ativo.","Armadilhas podem usar simbolos Trap ou gargalos, mas pacing de desafio exige camada semantica."
7,2006,"608FECB5","Booleano","SupportsBacktrackingLoops","Nao","sim/nao","Medido","Conta execucoes em que regras de loop produziram ciclos navegaveis.","A dungeon ficou mais linear nesta execucao.","Suporte nativo quando a gramatica inclui producoes de loop; nao precisa misturar outro algoritmo."
7,2006,"608FECB5","Booleano","SupportsVerticalConnectors","Sim","sim/nao","Medido","Conta execucoes com regras verticais materializadas entre pavimentos.","Parametro atendido quando regras verticais da propria gramatica foram materializadas.","Implementado por regras verticais da propria gramatica, sem BSP, Room Graph, WFC ou outro metodo."
7,2006,"608FECB5","Booleano","SupportsMultiFloor","Sim","sim/nao","Medido","Conta execucoes com mais de um pavimento conectado por regras verticais.","Parametro atendido quando a gramatica derivou pavimentos conectados.","Implementado por simbolos em pavimentos diferentes e producoes verticais entre eles."
7,2006,"608FECB5","Booleano","SupportsBossArena","Sim","sim/nao","Medido","Conta execucoes com regra de arena ou sala ampla acima da area minima configurada.","Existe ao menos uma sala grande o suficiente.","Suportado por uma regra terminal especifica de BossArena, com tamanho configuravel."
7,2006,"608FECB5","Booleano","SeedReproducible","Sim","sim/nao","Medido","Gera a mesma seed duas vezes e compara o hash topologico.","A seed reproduziu a mesma topologia.","O Grammar-Based Generation e deterministico quando todas as escolhas usam a mesma seed."
7,2006,"608FECB5","Booleano","RuntimeRegeneration","Sim","sim/nao","Medido","Conta execucoes abaixo do limite de tempo configurado.","Tempo registrado: 55.863 ms.","O custo cresce com quantidade de simbolos, tentativas de embedding e numero de pavimentos."
7,2006,"608FECB5","Booleano","BudgetAwareSpawns","Sim","sim/nao","Suportado","Verifica se os orcamentos de inimigos, loot e armadilhas cabem nas celulas livres.","Orcamentos registrados: inimigos 10, loot 6, armadilhas 4.","Orcamentos sao aplicados apos a derivacao, sobre celulas livres."
7,2006,"608FECB5","Qualitativo","Replayability","5/5","Likert 1-5","Estimado automaticamente","Estimativa baseada na diversidade de hashes topologicos entre seeds.","Diversidade topologica: 100%.","A variacao entre seeds depende da escolha das producoes e da interpretacao espacial."
7,2006,"608FECB5","Qualitativo","Debuggability","5/5","Likert 1-5","Estimado automaticamente","Estimativa baseada na clareza das regras de producao e dos simbolos materializados.","A derivacao por regras facilita explicar por que cada sala existe.","A gramatica e facil de documentar porque cada resultado pode ser explicado por uma sequencia de regras."
7,2006,"608FECB5","Qualitativo","Flow","3/5","Likert 1-5","Estimado automaticamente","Estimativa baseada em conectividade, caminho critico e ramificacao.","Indica fluidez de navegacao esperada.","O controle de fluxo e uma vantagem forte, pois caminho principal, ramificacoes e loops sao regras explicitas."
7,2006,"608FECB5","Qualitativo","Legibility","4/5","Likert 1-5","Estimado automaticamente","Estimativa baseada em conectividade, densidade e legibilidade da derivacao espacial.","Indica se o layout tende a ser compreensivel.","A legibilidade depende da interpretacao espacial: regras claras podem gerar mapas confusos se o embedding ficar apertado."
7,2006,"608FECB5","Qualitativo","StructuralVariety","4/5","Likert 1-5","Estimado automaticamente","Estimativa baseada em quantidade de salas, modulos e loops.","Indica variedade estrutural dentro desta execucao.","A variedade estrutural depende do repertorio de producoes; aumentar a gramatica aumenta expressividade."
7,2006,"608FECB5","Performance","layoutGenerationMilliseconds","0.554","ms","Medido","Tempo para expandir regras, interpretar simbolos no grid e conectar derivacoes.","Representa o custo da expansao e interpretacao da gramatica.","Mede custo de expandir regras, posicionar simbolos e abrir corredores; compare separado da instanciacao Unity."
7,2006,"608FECB5","Performance","geometryInstantiationMilliseconds","53.61","ms","Medido","Tempo gasto instanciando prefabs/objetos visuais quando habilitado.","A execucao incluiu custo visual.","Custo visual depende dos prefabs/Unity, nao do Grammar-Based Generation puro."
7,2006,"608FECB5","Performance","metricsCalculationMilliseconds","1.697","ms","Medido","Tempo para calcular e consolidar metricas apos a geracao.","Ajuda a quantificar custo da instrumentacao.","Custo da instrumentacao, nao do algoritmo."
7,2006,"608FECB5","Performance","totalGenerationMilliseconds","55.863","ms","Medido","Tempo total medido da execucao.","Inclui layout, instanciacao visual habilitada e calculo de metricas.","Inclui layout, instanciacao visual e metricas; use junto com o tempo logico."
7,2006,"608FECB5","Performance","generatedGameObjectCount","4687","contagem","Medido","Quantidade de GameObjects criados durante a montagem visual.","Indica peso potencial de instanciacao no Unity.","Reflete peso da montagem visual da cena derivada."
7,2006,"608FECB5","Performance","occupiedCellCount","3455","contagem","Medido","Quantidade de celulas ocupadas no grid logico.","Proxy de escala espacial da dungeon.","Proxy de escala espacial resultante dos simbolos e corredores materializados."
7,2006,"608FECB5","Performance","connectionCount","24","contagem","Medido","Quantidade de conexoes criadas por regras sequenciais, laterais, loops e verticalidade.","Reflete a complexidade topologica resultante das regras de producao.","Metrica natural para a gramatica, pois corresponde ao numero de relacoes materializadas entre simbolos."
7,2006,"608FECB5","Performance","managedMemoryDeltaKB","1992","KB","Estimado","Variacao aproximada de memoria gerenciada durante a execucao.","Valor aproximado, sensivel a GC e ao estado do Editor.","Estimativa sujeita ao GC da Unity; use como indicio comparativo."
8,2007,"A6FF72C5","Quantitativo","numRoomsTarget","25","contagem","Medido","Contagem de simbolos terminais da gramatica materializados como salas.","Indica quantos simbolos terminais da gramatica viraram salas no grid.","A gramatica controla quantidade por regras de caminho principal, ramificacoes e terminais; a interpretacao espacial pode descartar simbolos se nao houver espaco."
8,2007,"A6FF72C5","Quantitativo","connectivityRatio","100%","%","Medido","Busca sobre as conexoes derivadas pelas regras sequenciais, de ramificacao, loop e verticalidade.","Mostra se a derivacao sequencial e suas ramificacoes permaneceram conectadas.","A sequencia derivada tende a ser conectada porque cada simbolo nasce de um simbolo anterior; falhas indicam limitacao de embedding espacial."
8,2007,"A6FF72C5","Quantitativo","verticalVariance","1.998","metros","Medido","Desvio padrao das alturas dos nos/salas entre pavimentos.","Valor acima de 0 indica que regras verticais geraram pavimentos conectados.","Verticalidade e suportada quando a gramatica inclui regras entre pavimentos."
8,2007,"A6FF72C5","Quantitativo","fillPercentage","38.64%","%","Medido","Celulas ocupadas por salas e corredores divididas pelo total do grid.","Indica densidade espacial da dungeon.","A densidade depende do numero de simbolos terminais, tamanhos das salas e comprimento dos corredores."
8,2007,"A6FF72C5","Quantitativo","branchFactor","2.08","media","Medido","Media de conexoes entre simbolos terminais derivados.","Valores maiores indicam mais derivacoes laterais, atalhos e variacao de fluxo.","Ramificacao e controlada por regras laterais e por regras de loop."
8,2007,"A6FF72C5","Quantitativo","avgPathLength","186.417","metros","Medido","Distancias calculadas sobre a estrutura terminal gerada pela gramatica.","Distancia media a partir da sala inicial.","Caminhos sao consequencia da ordem de derivacao, nao de busca posterior ou reparo."
8,2007,"A6FF72C5","Quantitativo","uniqueModules","45","contagem","Medido","Contagem de simbolos, regras logicas e prefabs usados pela montagem visual.","Indica variedade basica de composicao.","A variedade vem dos simbolos de entrada, sala, ramificacao, tesouro, armadilha, arena, saida e dos assets configurados."
8,2007,"A6FF72C5","Quantitativo","navigableVolumeRatio","100%","%","Estimado sem NavMesh","Estimativa logica de celulas navegaveis antes de NavMesh.","Use como estimativa inicial, nao como validacao fisica final.","A navegabilidade e estimada no grid logico; validacao fisica final ainda exige NavMesh."
8,2007,"A6FF72C5","Quantitativo","criticalPathLength","370","metros","Medido","Maior distancia encontrada a partir do simbolo inicial materializado.","Aproxima o percurso entre o simbolo inicial e o terminal mais distante.","A gramatica pode controlar um caminho principal longo por regras sequenciais."
8,2007,"A6FF72C5","Quantitativo","avgAlternativePathLength","35","metros","Medido","Media das regras de loop/atalho materializadas.","Ha caminhos alternativos mensuraveis.","Loops sao suportados apenas quando a gramatica inclui regras de retorno/atalho."
8,2007,"A6FF72C5","Booleano","SupportsRandomEnemySpawns","Sim, testado","sim/nao","Suportado","Verifica se o sistema de spawn usa salas/celulas geradas por simbolos terminais.","Sistema configurado e com orcamento ativo.","Spawns usam salas/celulas derivadas; balanceamento de combate ainda e camada de gameplay."
8,2007,"A6FF72C5","Booleano","SupportsLootDistribution","Sim, testado","sim/nao","Suportado","Verifica se loot pode ser distribuido sobre salas/celulas derivadas.","Sistema configurado e com orcamento ativo.","Loot pode usar simbolos Treasure ou salas derivadas, mas progressao economica exige regra complementar."
8,2007,"A6FF72C5","Booleano","SupportsTraps","Sim, testado","sim/nao","Suportado","Verifica se armadilhas podem ser marcadas em areas navegaveis.","Sistema configurado e com orcamento ativo.","Armadilhas podem usar simbolos Trap ou gargalos, mas pacing de desafio exige camada semantica."
8,2007,"A6FF72C5","Booleano","SupportsBacktrackingLoops","Sim","sim/nao","Medido","Conta execucoes em que regras de loop produziram ciclos navegaveis.","A dungeon possui loop para retorno/caminho alternativo.","Suporte nativo quando a gramatica inclui producoes de loop; nao precisa misturar outro algoritmo."
8,2007,"A6FF72C5","Booleano","SupportsVerticalConnectors","Sim","sim/nao","Medido","Conta execucoes com regras verticais materializadas entre pavimentos.","Parametro atendido quando regras verticais da propria gramatica foram materializadas.","Implementado por regras verticais da propria gramatica, sem BSP, Room Graph, WFC ou outro metodo."
8,2007,"A6FF72C5","Booleano","SupportsMultiFloor","Sim","sim/nao","Medido","Conta execucoes com mais de um pavimento conectado por regras verticais.","Parametro atendido quando a gramatica derivou pavimentos conectados.","Implementado por simbolos em pavimentos diferentes e producoes verticais entre eles."
8,2007,"A6FF72C5","Booleano","SupportsBossArena","Sim","sim/nao","Medido","Conta execucoes com regra de arena ou sala ampla acima da area minima configurada.","Existe ao menos uma sala grande o suficiente.","Suportado por uma regra terminal especifica de BossArena, com tamanho configuravel."
8,2007,"A6FF72C5","Booleano","SeedReproducible","Sim","sim/nao","Medido","Gera a mesma seed duas vezes e compara o hash topologico.","A seed reproduziu a mesma topologia.","O Grammar-Based Generation e deterministico quando todas as escolhas usam a mesma seed."
8,2007,"A6FF72C5","Booleano","RuntimeRegeneration","Sim","sim/nao","Medido","Conta execucoes abaixo do limite de tempo configurado.","Tempo registrado: 51.511 ms.","O custo cresce com quantidade de simbolos, tentativas de embedding e numero de pavimentos."
8,2007,"A6FF72C5","Booleano","BudgetAwareSpawns","Sim","sim/nao","Suportado","Verifica se os orcamentos de inimigos, loot e armadilhas cabem nas celulas livres.","Orcamentos registrados: inimigos 10, loot 6, armadilhas 4.","Orcamentos sao aplicados apos a derivacao, sobre celulas livres."
8,2007,"A6FF72C5","Qualitativo","Replayability","5/5","Likert 1-5","Estimado automaticamente","Estimativa baseada na diversidade de hashes topologicos entre seeds.","Diversidade topologica: 100%.","A variacao entre seeds depende da escolha das producoes e da interpretacao espacial."
8,2007,"A6FF72C5","Qualitativo","Debuggability","5/5","Likert 1-5","Estimado automaticamente","Estimativa baseada na clareza das regras de producao e dos simbolos materializados.","A derivacao por regras facilita explicar por que cada sala existe.","A gramatica e facil de documentar porque cada resultado pode ser explicado por uma sequencia de regras."
8,2007,"A6FF72C5","Qualitativo","Flow","5/5","Likert 1-5","Estimado automaticamente","Estimativa baseada em conectividade, caminho critico e ramificacao.","Indica fluidez de navegacao esperada.","O controle de fluxo e uma vantagem forte, pois caminho principal, ramificacoes e loops sao regras explicitas."
8,2007,"A6FF72C5","Qualitativo","Legibility","5/5","Likert 1-5","Estimado automaticamente","Estimativa baseada em conectividade, densidade e legibilidade da derivacao espacial.","Indica se o layout tende a ser compreensivel.","A legibilidade depende da interpretacao espacial: regras claras podem gerar mapas confusos se o embedding ficar apertado."
8,2007,"A6FF72C5","Qualitativo","StructuralVariety","5/5","Likert 1-5","Estimado automaticamente","Estimativa baseada em quantidade de salas, modulos e loops.","Indica variedade estrutural dentro desta execucao.","A variedade estrutural depende do repertorio de producoes; aumentar a gramatica aumenta expressividade."
8,2007,"A6FF72C5","Performance","layoutGenerationMilliseconds","0.565","ms","Medido","Tempo para expandir regras, interpretar simbolos no grid e conectar derivacoes.","Representa o custo da expansao e interpretacao da gramatica.","Mede custo de expandir regras, posicionar simbolos e abrir corredores; compare separado da instanciacao Unity."
8,2007,"A6FF72C5","Performance","geometryInstantiationMilliseconds","49.463","ms","Medido","Tempo gasto instanciando prefabs/objetos visuais quando habilitado.","A execucao incluiu custo visual.","Custo visual depende dos prefabs/Unity, nao do Grammar-Based Generation puro."
8,2007,"A6FF72C5","Performance","metricsCalculationMilliseconds","1.482","ms","Medido","Tempo para calcular e consolidar metricas apos a geracao.","Ajuda a quantificar custo da instrumentacao.","Custo da instrumentacao, nao do algoritmo."
8,2007,"A6FF72C5","Performance","totalGenerationMilliseconds","51.511","ms","Medido","Tempo total medido da execucao.","Inclui layout, instanciacao visual habilitada e calculo de metricas.","Inclui layout, instanciacao visual e metricas; use junto com o tempo logico."
8,2007,"A6FF72C5","Performance","generatedGameObjectCount","4360","contagem","Medido","Quantidade de GameObjects criados durante a montagem visual.","Indica peso potencial de instanciacao no Unity.","Reflete peso da montagem visual da cena derivada."
8,2007,"A6FF72C5","Performance","occupiedCellCount","3165","contagem","Medido","Quantidade de celulas ocupadas no grid logico.","Proxy de escala espacial da dungeon.","Proxy de escala espacial resultante dos simbolos e corredores materializados."
8,2007,"A6FF72C5","Performance","connectionCount","26","contagem","Medido","Quantidade de conexoes criadas por regras sequenciais, laterais, loops e verticalidade.","Reflete a complexidade topologica resultante das regras de producao.","Metrica natural para a gramatica, pois corresponde ao numero de relacoes materializadas entre simbolos."
8,2007,"A6FF72C5","Performance","managedMemoryDeltaKB","2120","KB","Estimado","Variacao aproximada de memoria gerenciada durante a execucao.","Valor aproximado, sensivel a GC e ao estado do Editor.","Estimativa sujeita ao GC da Unity; use como indicio comparativo."
9,2008,"BD69CF32","Quantitativo","numRoomsTarget","30","contagem","Medido","Contagem de simbolos terminais da gramatica materializados como salas.","Indica quantos simbolos terminais da gramatica viraram salas no grid.","A gramatica controla quantidade por regras de caminho principal, ramificacoes e terminais; a interpretacao espacial pode descartar simbolos se nao houver espaco."
9,2008,"BD69CF32","Quantitativo","connectivityRatio","100%","%","Medido","Busca sobre as conexoes derivadas pelas regras sequenciais, de ramificacao, loop e verticalidade.","Mostra se a derivacao sequencial e suas ramificacoes permaneceram conectadas.","A sequencia derivada tende a ser conectada porque cada simbolo nasce de um simbolo anterior; falhas indicam limitacao de embedding espacial."
9,2008,"BD69CF32","Quantitativo","verticalVariance","2","metros","Medido","Desvio padrao das alturas dos nos/salas entre pavimentos.","Valor acima de 0 indica que regras verticais geraram pavimentos conectados.","Verticalidade e suportada quando a gramatica inclui regras entre pavimentos."
9,2008,"BD69CF32","Quantitativo","fillPercentage","50.15%","%","Medido","Celulas ocupadas por salas e corredores divididas pelo total do grid.","Indica densidade espacial da dungeon.","A densidade depende do numero de simbolos terminais, tamanhos das salas e comprimento dos corredores."
9,2008,"BD69CF32","Quantitativo","branchFactor","2.067","media","Medido","Media de conexoes entre simbolos terminais derivados.","Valores maiores indicam mais derivacoes laterais, atalhos e variacao de fluxo.","Ramificacao e controlada por regras laterais e por regras de loop."
9,2008,"BD69CF32","Quantitativo","avgPathLength","273.655","metros","Medido","Distancias calculadas sobre a estrutura terminal gerada pela gramatica.","Distancia media a partir da sala inicial.","Caminhos sao consequencia da ordem de derivacao, nao de busca posterior ou reparo."
9,2008,"BD69CF32","Quantitativo","uniqueModules","44","contagem","Medido","Contagem de simbolos, regras logicas e prefabs usados pela montagem visual.","Indica variedade basica de composicao.","A variedade vem dos simbolos de entrada, sala, ramificacao, tesouro, armadilha, arena, saida e dos assets configurados."
9,2008,"BD69CF32","Quantitativo","navigableVolumeRatio","100%","%","Estimado sem NavMesh","Estimativa logica de celulas navegaveis antes de NavMesh.","Use como estimativa inicial, nao como validacao fisica final.","A navegabilidade e estimada no grid logico; validacao fisica final ainda exige NavMesh."
9,2008,"BD69CF32","Quantitativo","criticalPathLength","522","metros","Medido","Maior distancia encontrada a partir do simbolo inicial materializado.","Aproxima o percurso entre o simbolo inicial e o terminal mais distante.","A gramatica pode controlar um caminho principal longo por regras sequenciais."
9,2008,"BD69CF32","Quantitativo","avgAlternativePathLength","20","metros","Medido","Media das regras de loop/atalho materializadas.","Ha caminhos alternativos mensuraveis.","Loops sao suportados apenas quando a gramatica inclui regras de retorno/atalho."
9,2008,"BD69CF32","Booleano","SupportsRandomEnemySpawns","Sim, testado","sim/nao","Suportado","Verifica se o sistema de spawn usa salas/celulas geradas por simbolos terminais.","Sistema configurado e com orcamento ativo.","Spawns usam salas/celulas derivadas; balanceamento de combate ainda e camada de gameplay."
9,2008,"BD69CF32","Booleano","SupportsLootDistribution","Sim, testado","sim/nao","Suportado","Verifica se loot pode ser distribuido sobre salas/celulas derivadas.","Sistema configurado e com orcamento ativo.","Loot pode usar simbolos Treasure ou salas derivadas, mas progressao economica exige regra complementar."
9,2008,"BD69CF32","Booleano","SupportsTraps","Sim, testado","sim/nao","Suportado","Verifica se armadilhas podem ser marcadas em areas navegaveis.","Sistema configurado e com orcamento ativo.","Armadilhas podem usar simbolos Trap ou gargalos, mas pacing de desafio exige camada semantica."
9,2008,"BD69CF32","Booleano","SupportsBacktrackingLoops","Sim","sim/nao","Medido","Conta execucoes em que regras de loop produziram ciclos navegaveis.","A dungeon possui loop para retorno/caminho alternativo.","Suporte nativo quando a gramatica inclui producoes de loop; nao precisa misturar outro algoritmo."
9,2008,"BD69CF32","Booleano","SupportsVerticalConnectors","Sim","sim/nao","Medido","Conta execucoes com regras verticais materializadas entre pavimentos.","Parametro atendido quando regras verticais da propria gramatica foram materializadas.","Implementado por regras verticais da propria gramatica, sem BSP, Room Graph, WFC ou outro metodo."
9,2008,"BD69CF32","Booleano","SupportsMultiFloor","Sim","sim/nao","Medido","Conta execucoes com mais de um pavimento conectado por regras verticais.","Parametro atendido quando a gramatica derivou pavimentos conectados.","Implementado por simbolos em pavimentos diferentes e producoes verticais entre eles."
9,2008,"BD69CF32","Booleano","SupportsBossArena","Sim","sim/nao","Medido","Conta execucoes com regra de arena ou sala ampla acima da area minima configurada.","Existe ao menos uma sala grande o suficiente.","Suportado por uma regra terminal especifica de BossArena, com tamanho configuravel."
9,2008,"BD69CF32","Booleano","SeedReproducible","Sim","sim/nao","Medido","Gera a mesma seed duas vezes e compara o hash topologico.","A seed reproduziu a mesma topologia.","O Grammar-Based Generation e deterministico quando todas as escolhas usam a mesma seed."
9,2008,"BD69CF32","Booleano","RuntimeRegeneration","Sim","sim/nao","Medido","Conta execucoes abaixo do limite de tempo configurado.","Tempo registrado: 69.439 ms.","O custo cresce com quantidade de simbolos, tentativas de embedding e numero de pavimentos."
9,2008,"BD69CF32","Booleano","BudgetAwareSpawns","Sim","sim/nao","Suportado","Verifica se os orcamentos de inimigos, loot e armadilhas cabem nas celulas livres.","Orcamentos registrados: inimigos 10, loot 6, armadilhas 4.","Orcamentos sao aplicados apos a derivacao, sobre celulas livres."
9,2008,"BD69CF32","Qualitativo","Replayability","5/5","Likert 1-5","Estimado automaticamente","Estimativa baseada na diversidade de hashes topologicos entre seeds.","Diversidade topologica: 100%.","A variacao entre seeds depende da escolha das producoes e da interpretacao espacial."
9,2008,"BD69CF32","Qualitativo","Debuggability","5/5","Likert 1-5","Estimado automaticamente","Estimativa baseada na clareza das regras de producao e dos simbolos materializados.","A derivacao por regras facilita explicar por que cada sala existe.","A gramatica e facil de documentar porque cada resultado pode ser explicado por uma sequencia de regras."
9,2008,"BD69CF32","Qualitativo","Flow","5/5","Likert 1-5","Estimado automaticamente","Estimativa baseada em conectividade, caminho critico e ramificacao.","Indica fluidez de navegacao esperada.","O controle de fluxo e uma vantagem forte, pois caminho principal, ramificacoes e loops sao regras explicitas."
9,2008,"BD69CF32","Qualitativo","Legibility","4/5","Likert 1-5","Estimado automaticamente","Estimativa baseada em conectividade, densidade e legibilidade da derivacao espacial.","Indica se o layout tende a ser compreensivel.","A legibilidade depende da interpretacao espacial: regras claras podem gerar mapas confusos se o embedding ficar apertado."
9,2008,"BD69CF32","Qualitativo","StructuralVariety","5/5","Likert 1-5","Estimado automaticamente","Estimativa baseada em quantidade de salas, modulos e loops.","Indica variedade estrutural dentro desta execucao.","A variedade estrutural depende do repertorio de producoes; aumentar a gramatica aumenta expressividade."
9,2008,"BD69CF32","Performance","layoutGenerationMilliseconds","0.857","ms","Medido","Tempo para expandir regras, interpretar simbolos no grid e conectar derivacoes.","Representa o custo da expansao e interpretacao da gramatica.","Mede custo de expandir regras, posicionar simbolos e abrir corredores; compare separado da instanciacao Unity."
9,2008,"BD69CF32","Performance","geometryInstantiationMilliseconds","66.424","ms","Medido","Tempo gasto instanciando prefabs/objetos visuais quando habilitado.","A execucao incluiu custo visual.","Custo visual depende dos prefabs/Unity, nao do Grammar-Based Generation puro."
9,2008,"BD69CF32","Performance","metricsCalculationMilliseconds","2.154","ms","Medido","Tempo para calcular e consolidar metricas apos a geracao.","Ajuda a quantificar custo da instrumentacao.","Custo da instrumentacao, nao do algoritmo."
9,2008,"BD69CF32","Performance","totalGenerationMilliseconds","69.439","ms","Medido","Tempo total medido da execucao.","Inclui layout, instanciacao visual habilitada e calculo de metricas.","Inclui layout, instanciacao visual e metricas; use junto com o tempo logico."
9,2008,"BD69CF32","Performance","generatedGameObjectCount","5387","contagem","Medido","Quantidade de GameObjects criados durante a montagem visual.","Indica peso potencial de instanciacao no Unity.","Reflete peso da montagem visual da cena derivada."
9,2008,"BD69CF32","Performance","occupiedCellCount","4108","contagem","Medido","Quantidade de celulas ocupadas no grid logico.","Proxy de escala espacial da dungeon.","Proxy de escala espacial resultante dos simbolos e corredores materializados."
9,2008,"BD69CF32","Performance","connectionCount","31","contagem","Medido","Quantidade de conexoes criadas por regras sequenciais, laterais, loops e verticalidade.","Reflete a complexidade topologica resultante das regras de producao.","Metrica natural para a gramatica, pois corresponde ao numero de relacoes materializadas entre simbolos."
9,2008,"BD69CF32","Performance","managedMemoryDeltaKB","4060","KB","Estimado","Variacao aproximada de memoria gerenciada durante a execucao.","Valor aproximado, sensivel a GC e ao estado do Editor.","Estimativa sujeita ao GC da Unity; use como indicio comparativo."
10,2009,"376A255C","Quantitativo","numRoomsTarget","27","contagem","Medido","Contagem de simbolos terminais da gramatica materializados como salas.","Indica quantos simbolos terminais da gramatica viraram salas no grid.","A gramatica controla quantidade por regras de caminho principal, ramificacoes e terminais; a interpretacao espacial pode descartar simbolos se nao houver espaco."
10,2009,"376A255C","Quantitativo","connectivityRatio","100%","%","Medido","Busca sobre as conexoes derivadas pelas regras sequenciais, de ramificacao, loop e verticalidade.","Mostra se a derivacao sequencial e suas ramificacoes permaneceram conectadas.","A sequencia derivada tende a ser conectada porque cada simbolo nasce de um simbolo anterior; falhas indicam limitacao de embedding espacial."
10,2009,"376A255C","Quantitativo","verticalVariance","1.999","metros","Medido","Desvio padrao das alturas dos nos/salas entre pavimentos.","Valor acima de 0 indica que regras verticais geraram pavimentos conectados.","Verticalidade e suportada quando a gramatica inclui regras entre pavimentos."
10,2009,"376A255C","Quantitativo","fillPercentage","44.27%","%","Medido","Celulas ocupadas por salas e corredores divididas pelo total do grid.","Indica densidade espacial da dungeon.","A densidade depende do numero de simbolos terminais, tamanhos das salas e comprimento dos corredores."
10,2009,"376A255C","Quantitativo","branchFactor","2.148","media","Medido","Media de conexoes entre simbolos terminais derivados.","Valores maiores indicam mais derivacoes laterais, atalhos e variacao de fluxo.","Ramificacao e controlada por regras laterais e por regras de loop."
10,2009,"376A255C","Quantitativo","avgPathLength","170.231","metros","Medido","Distancias calculadas sobre a estrutura terminal gerada pela gramatica.","Distancia media a partir da sala inicial.","Caminhos sao consequencia da ordem de derivacao, nao de busca posterior ou reparo."
10,2009,"376A255C","Quantitativo","uniqueModules","44","contagem","Medido","Contagem de simbolos, regras logicas e prefabs usados pela montagem visual.","Indica variedade basica de composicao.","A variedade vem dos simbolos de entrada, sala, ramificacao, tesouro, armadilha, arena, saida e dos assets configurados."
10,2009,"376A255C","Quantitativo","navigableVolumeRatio","100%","%","Estimado sem NavMesh","Estimativa logica de celulas navegaveis antes de NavMesh.","Use como estimativa inicial, nao como validacao fisica final.","A navegabilidade e estimada no grid logico; validacao fisica final ainda exige NavMesh."
10,2009,"376A255C","Quantitativo","criticalPathLength","360","metros","Medido","Maior distancia encontrada a partir do simbolo inicial materializado.","Aproxima o percurso entre o simbolo inicial e o terminal mais distante.","A gramatica pode controlar um caminho principal longo por regras sequenciais."
10,2009,"376A255C","Quantitativo","avgAlternativePathLength","34.667","metros","Medido","Media das regras de loop/atalho materializadas.","Ha caminhos alternativos mensuraveis.","Loops sao suportados apenas quando a gramatica inclui regras de retorno/atalho."
10,2009,"376A255C","Booleano","SupportsRandomEnemySpawns","Sim, testado","sim/nao","Suportado","Verifica se o sistema de spawn usa salas/celulas geradas por simbolos terminais.","Sistema configurado e com orcamento ativo.","Spawns usam salas/celulas derivadas; balanceamento de combate ainda e camada de gameplay."
10,2009,"376A255C","Booleano","SupportsLootDistribution","Sim, testado","sim/nao","Suportado","Verifica se loot pode ser distribuido sobre salas/celulas derivadas.","Sistema configurado e com orcamento ativo.","Loot pode usar simbolos Treasure ou salas derivadas, mas progressao economica exige regra complementar."
10,2009,"376A255C","Booleano","SupportsTraps","Sim, testado","sim/nao","Suportado","Verifica se armadilhas podem ser marcadas em areas navegaveis.","Sistema configurado e com orcamento ativo.","Armadilhas podem usar simbolos Trap ou gargalos, mas pacing de desafio exige camada semantica."
10,2009,"376A255C","Booleano","SupportsBacktrackingLoops","Sim","sim/nao","Medido","Conta execucoes em que regras de loop produziram ciclos navegaveis.","A dungeon possui loop para retorno/caminho alternativo.","Suporte nativo quando a gramatica inclui producoes de loop; nao precisa misturar outro algoritmo."
10,2009,"376A255C","Booleano","SupportsVerticalConnectors","Sim","sim/nao","Medido","Conta execucoes com regras verticais materializadas entre pavimentos.","Parametro atendido quando regras verticais da propria gramatica foram materializadas.","Implementado por regras verticais da propria gramatica, sem BSP, Room Graph, WFC ou outro metodo."
10,2009,"376A255C","Booleano","SupportsMultiFloor","Sim","sim/nao","Medido","Conta execucoes com mais de um pavimento conectado por regras verticais.","Parametro atendido quando a gramatica derivou pavimentos conectados.","Implementado por simbolos em pavimentos diferentes e producoes verticais entre eles."
10,2009,"376A255C","Booleano","SupportsBossArena","Sim","sim/nao","Medido","Conta execucoes com regra de arena ou sala ampla acima da area minima configurada.","Existe ao menos uma sala grande o suficiente.","Suportado por uma regra terminal especifica de BossArena, com tamanho configuravel."
10,2009,"376A255C","Booleano","SeedReproducible","Sim","sim/nao","Medido","Gera a mesma seed duas vezes e compara o hash topologico.","A seed reproduziu a mesma topologia.","O Grammar-Based Generation e deterministico quando todas as escolhas usam a mesma seed."
10,2009,"376A255C","Booleano","RuntimeRegeneration","Sim","sim/nao","Medido","Conta execucoes abaixo do limite de tempo configurado.","Tempo registrado: 59.406 ms.","O custo cresce com quantidade de simbolos, tentativas de embedding e numero de pavimentos."
10,2009,"376A255C","Booleano","BudgetAwareSpawns","Sim","sim/nao","Suportado","Verifica se os orcamentos de inimigos, loot e armadilhas cabem nas celulas livres.","Orcamentos registrados: inimigos 10, loot 6, armadilhas 4.","Orcamentos sao aplicados apos a derivacao, sobre celulas livres."
10,2009,"376A255C","Qualitativo","Replayability","5/5","Likert 1-5","Estimado automaticamente","Estimativa baseada na diversidade de hashes topologicos entre seeds.","Diversidade topologica: 100%.","A variacao entre seeds depende da escolha das producoes e da interpretacao espacial."
10,2009,"376A255C","Qualitativo","Debuggability","5/5","Likert 1-5","Estimado automaticamente","Estimativa baseada na clareza das regras de producao e dos simbolos materializados.","A derivacao por regras facilita explicar por que cada sala existe.","A gramatica e facil de documentar porque cada resultado pode ser explicado por uma sequencia de regras."
10,2009,"376A255C","Qualitativo","Flow","5/5","Likert 1-5","Estimado automaticamente","Estimativa baseada em conectividade, caminho critico e ramificacao.","Indica fluidez de navegacao esperada.","O controle de fluxo e uma vantagem forte, pois caminho principal, ramificacoes e loops sao regras explicitas."
10,2009,"376A255C","Qualitativo","Legibility","5/5","Likert 1-5","Estimado automaticamente","Estimativa baseada em conectividade, densidade e legibilidade da derivacao espacial.","Indica se o layout tende a ser compreensivel.","A legibilidade depende da interpretacao espacial: regras claras podem gerar mapas confusos se o embedding ficar apertado."
10,2009,"376A255C","Qualitativo","StructuralVariety","5/5","Likert 1-5","Estimado automaticamente","Estimativa baseada em quantidade de salas, modulos e loops.","Indica variedade estrutural dentro desta execucao.","A variedade estrutural depende do repertorio de producoes; aumentar a gramatica aumenta expressividade."
10,2009,"376A255C","Performance","layoutGenerationMilliseconds","0.65","ms","Medido","Tempo para expandir regras, interpretar simbolos no grid e conectar derivacoes.","Representa o custo da expansao e interpretacao da gramatica.","Mede custo de expandir regras, posicionar simbolos e abrir corredores; compare separado da instanciacao Unity."
10,2009,"376A255C","Performance","geometryInstantiationMilliseconds","57.036","ms","Medido","Tempo gasto instanciando prefabs/objetos visuais quando habilitado.","A execucao incluiu custo visual.","Custo visual depende dos prefabs/Unity, nao do Grammar-Based Generation puro."
10,2009,"376A255C","Performance","metricsCalculationMilliseconds","1.717","ms","Medido","Tempo para calcular e consolidar metricas apos a geracao.","Ajuda a quantificar custo da instrumentacao.","Custo da instrumentacao, nao do algoritmo."
10,2009,"376A255C","Performance","totalGenerationMilliseconds","59.406","ms","Medido","Tempo total medido da execucao.","Inclui layout, instanciacao visual habilitada e calculo de metricas.","Inclui layout, instanciacao visual e metricas; use junto com o tempo logico."
10,2009,"376A255C","Performance","generatedGameObjectCount","4910","contagem","Medido","Quantidade de GameObjects criados durante a montagem visual.","Indica peso potencial de instanciacao no Unity.","Reflete peso da montagem visual da cena derivada."
10,2009,"376A255C","Performance","occupiedCellCount","3627","contagem","Medido","Quantidade de celulas ocupadas no grid logico.","Proxy de escala espacial da dungeon.","Proxy de escala espacial resultante dos simbolos e corredores materializados."
10,2009,"376A255C","Performance","connectionCount","29","contagem","Medido","Quantidade de conexoes criadas por regras sequenciais, laterais, loops e verticalidade.","Reflete a complexidade topologica resultante das regras de producao.","Metrica natural para a gramatica, pois corresponde ao numero de relacoes materializadas entre simbolos."
10,2009,"376A255C","Performance","managedMemoryDeltaKB","3548","KB","Estimado","Variacao aproximada de memoria gerenciada durante a execucao.","Valor aproximado, sensivel a GC e ao estado do Editor.","Estimativa sujeita ao GC da Unity; use como indicio comparativo."
11,2010,"0C238E0C","Quantitativo","numRoomsTarget","28","contagem","Medido","Contagem de simbolos terminais da gramatica materializados como salas.","Indica quantos simbolos terminais da gramatica viraram salas no grid.","A gramatica controla quantidade por regras de caminho principal, ramificacoes e terminais; a interpretacao espacial pode descartar simbolos se nao houver espaco."
11,2010,"0C238E0C","Quantitativo","connectivityRatio","100%","%","Medido","Busca sobre as conexoes derivadas pelas regras sequenciais, de ramificacao, loop e verticalidade.","Mostra se a derivacao sequencial e suas ramificacoes permaneceram conectadas.","A sequencia derivada tende a ser conectada porque cada simbolo nasce de um simbolo anterior; falhas indicam limitacao de embedding espacial."
11,2010,"0C238E0C","Quantitativo","verticalVariance","2","metros","Medido","Desvio padrao das alturas dos nos/salas entre pavimentos.","Valor acima de 0 indica que regras verticais geraram pavimentos conectados.","Verticalidade e suportada quando a gramatica inclui regras entre pavimentos."
11,2010,"0C238E0C","Quantitativo","fillPercentage","44.12%","%","Medido","Celulas ocupadas por salas e corredores divididas pelo total do grid.","Indica densidade espacial da dungeon.","A densidade depende do numero de simbolos terminais, tamanhos das salas e comprimento dos corredores."
11,2010,"0C238E0C","Quantitativo","branchFactor","2","media","Medido","Media de conexoes entre simbolos terminais derivados.","Valores maiores indicam mais derivacoes laterais, atalhos e variacao de fluxo.","Ramificacao e controlada por regras laterais e por regras de loop."
11,2010,"0C238E0C","Quantitativo","avgPathLength","270.667","metros","Medido","Distancias calculadas sobre a estrutura terminal gerada pela gramatica.","Distancia media a partir da sala inicial.","Caminhos sao consequencia da ordem de derivacao, nao de busca posterior ou reparo."
11,2010,"0C238E0C","Quantitativo","uniqueModules","42","contagem","Medido","Contagem de simbolos, regras logicas e prefabs usados pela montagem visual.","Indica variedade basica de composicao.","A variedade vem dos simbolos de entrada, sala, ramificacao, tesouro, armadilha, arena, saida e dos assets configurados."
11,2010,"0C238E0C","Quantitativo","navigableVolumeRatio","100%","%","Estimado sem NavMesh","Estimativa logica de celulas navegaveis antes de NavMesh.","Use como estimativa inicial, nao como validacao fisica final.","A navegabilidade e estimada no grid logico; validacao fisica final ainda exige NavMesh."
11,2010,"0C238E0C","Quantitativo","criticalPathLength","540","metros","Medido","Maior distancia encontrada a partir do simbolo inicial materializado.","Aproxima o percurso entre o simbolo inicial e o terminal mais distante.","A gramatica pode controlar um caminho principal longo por regras sequenciais."
11,2010,"0C238E0C","Quantitativo","avgAlternativePathLength","24","metros","Medido","Media das regras de loop/atalho materializadas.","Ha caminhos alternativos mensuraveis.","Loops sao suportados apenas quando a gramatica inclui regras de retorno/atalho."
11,2010,"0C238E0C","Booleano","SupportsRandomEnemySpawns","Sim, testado","sim/nao","Suportado","Verifica se o sistema de spawn usa salas/celulas geradas por simbolos terminais.","Sistema configurado e com orcamento ativo.","Spawns usam salas/celulas derivadas; balanceamento de combate ainda e camada de gameplay."
11,2010,"0C238E0C","Booleano","SupportsLootDistribution","Sim, testado","sim/nao","Suportado","Verifica se loot pode ser distribuido sobre salas/celulas derivadas.","Sistema configurado e com orcamento ativo.","Loot pode usar simbolos Treasure ou salas derivadas, mas progressao economica exige regra complementar."
11,2010,"0C238E0C","Booleano","SupportsTraps","Sim, testado","sim/nao","Suportado","Verifica se armadilhas podem ser marcadas em areas navegaveis.","Sistema configurado e com orcamento ativo.","Armadilhas podem usar simbolos Trap ou gargalos, mas pacing de desafio exige camada semantica."
11,2010,"0C238E0C","Booleano","SupportsBacktrackingLoops","Sim","sim/nao","Medido","Conta execucoes em que regras de loop produziram ciclos navegaveis.","A dungeon possui loop para retorno/caminho alternativo.","Suporte nativo quando a gramatica inclui producoes de loop; nao precisa misturar outro algoritmo."
11,2010,"0C238E0C","Booleano","SupportsVerticalConnectors","Sim","sim/nao","Medido","Conta execucoes com regras verticais materializadas entre pavimentos.","Parametro atendido quando regras verticais da propria gramatica foram materializadas.","Implementado por regras verticais da propria gramatica, sem BSP, Room Graph, WFC ou outro metodo."
11,2010,"0C238E0C","Booleano","SupportsMultiFloor","Sim","sim/nao","Medido","Conta execucoes com mais de um pavimento conectado por regras verticais.","Parametro atendido quando a gramatica derivou pavimentos conectados.","Implementado por simbolos em pavimentos diferentes e producoes verticais entre eles."
11,2010,"0C238E0C","Booleano","SupportsBossArena","Sim","sim/nao","Medido","Conta execucoes com regra de arena ou sala ampla acima da area minima configurada.","Existe ao menos uma sala grande o suficiente.","Suportado por uma regra terminal especifica de BossArena, com tamanho configuravel."
11,2010,"0C238E0C","Booleano","SeedReproducible","Sim","sim/nao","Medido","Gera a mesma seed duas vezes e compara o hash topologico.","A seed reproduziu a mesma topologia.","O Grammar-Based Generation e deterministico quando todas as escolhas usam a mesma seed."
11,2010,"0C238E0C","Booleano","RuntimeRegeneration","Sim","sim/nao","Medido","Conta execucoes abaixo do limite de tempo configurado.","Tempo registrado: 59.782 ms.","O custo cresce com quantidade de simbolos, tentativas de embedding e numero de pavimentos."
11,2010,"0C238E0C","Booleano","BudgetAwareSpawns","Sim","sim/nao","Suportado","Verifica se os orcamentos de inimigos, loot e armadilhas cabem nas celulas livres.","Orcamentos registrados: inimigos 10, loot 6, armadilhas 4.","Orcamentos sao aplicados apos a derivacao, sobre celulas livres."
11,2010,"0C238E0C","Qualitativo","Replayability","5/5","Likert 1-5","Estimado automaticamente","Estimativa baseada na diversidade de hashes topologicos entre seeds.","Diversidade topologica: 100%.","A variacao entre seeds depende da escolha das producoes e da interpretacao espacial."
11,2010,"0C238E0C","Qualitativo","Debuggability","5/5","Likert 1-5","Estimado automaticamente","Estimativa baseada na clareza das regras de producao e dos simbolos materializados.","A derivacao por regras facilita explicar por que cada sala existe.","A gramatica e facil de documentar porque cada resultado pode ser explicado por uma sequencia de regras."
11,2010,"0C238E0C","Qualitativo","Flow","5/5","Likert 1-5","Estimado automaticamente","Estimativa baseada em conectividade, caminho critico e ramificacao.","Indica fluidez de navegacao esperada.","O controle de fluxo e uma vantagem forte, pois caminho principal, ramificacoes e loops sao regras explicitas."
11,2010,"0C238E0C","Qualitativo","Legibility","5/5","Likert 1-5","Estimado automaticamente","Estimativa baseada em conectividade, densidade e legibilidade da derivacao espacial.","Indica se o layout tende a ser compreensivel.","A legibilidade depende da interpretacao espacial: regras claras podem gerar mapas confusos se o embedding ficar apertado."
11,2010,"0C238E0C","Qualitativo","StructuralVariety","5/5","Likert 1-5","Estimado automaticamente","Estimativa baseada em quantidade de salas, modulos e loops.","Indica variedade estrutural dentro desta execucao.","A variedade estrutural depende do repertorio de producoes; aumentar a gramatica aumenta expressividade."
11,2010,"0C238E0C","Performance","layoutGenerationMilliseconds","0.629","ms","Medido","Tempo para expandir regras, interpretar simbolos no grid e conectar derivacoes.","Representa o custo da expansao e interpretacao da gramatica.","Mede custo de expandir regras, posicionar simbolos e abrir corredores; compare separado da instanciacao Unity."
11,2010,"0C238E0C","Performance","geometryInstantiationMilliseconds","57.514","ms","Medido","Tempo gasto instanciando prefabs/objetos visuais quando habilitado.","A execucao incluiu custo visual.","Custo visual depende dos prefabs/Unity, nao do Grammar-Based Generation puro."
11,2010,"0C238E0C","Performance","metricsCalculationMilliseconds","1.637","ms","Medido","Tempo para calcular e consolidar metricas apos a geracao.","Ajuda a quantificar custo da instrumentacao.","Custo da instrumentacao, nao do algoritmo."
11,2010,"0C238E0C","Performance","totalGenerationMilliseconds","59.782","ms","Medido","Tempo total medido da execucao.","Inclui layout, instanciacao visual habilitada e calculo de metricas.","Inclui layout, instanciacao visual e metricas; use junto com o tempo logico."
11,2010,"0C238E0C","Performance","generatedGameObjectCount","4924","contagem","Medido","Quantidade de GameObjects criados durante a montagem visual.","Indica peso potencial de instanciacao no Unity.","Reflete peso da montagem visual da cena derivada."
11,2010,"0C238E0C","Performance","occupiedCellCount","3614","contagem","Medido","Quantidade de celulas ocupadas no grid logico.","Proxy de escala espacial da dungeon.","Proxy de escala espacial resultante dos simbolos e corredores materializados."
11,2010,"0C238E0C","Performance","connectionCount","28","contagem","Medido","Quantidade de conexoes criadas por regras sequenciais, laterais, loops e verticalidade.","Reflete a complexidade topologica resultante das regras de producao.","Metrica natural para a gramatica, pois corresponde ao numero de relacoes materializadas entre simbolos."
11,2010,"0C238E0C","Performance","managedMemoryDeltaKB","3624","KB","Estimado","Variacao aproximada de memoria gerenciada durante a execucao.","Valor aproximado, sensivel a GC e ao estado do Editor.","Estimativa sujeita ao GC da Unity; use como indicio comparativo."
12,2011,"6E52D178","Quantitativo","numRoomsTarget","29","contagem","Medido","Contagem de simbolos terminais da gramatica materializados como salas.","Indica quantos simbolos terminais da gramatica viraram salas no grid.","A gramatica controla quantidade por regras de caminho principal, ramificacoes e terminais; a interpretacao espacial pode descartar simbolos se nao houver espaco."
12,2011,"6E52D178","Quantitativo","connectivityRatio","100%","%","Medido","Busca sobre as conexoes derivadas pelas regras sequenciais, de ramificacao, loop e verticalidade.","Mostra se a derivacao sequencial e suas ramificacoes permaneceram conectadas.","A sequencia derivada tende a ser conectada porque cada simbolo nasce de um simbolo anterior; falhas indicam limitacao de embedding espacial."
12,2011,"6E52D178","Quantitativo","verticalVariance","1.941","metros","Medido","Desvio padrao das alturas dos nos/salas entre pavimentos.","Valor acima de 0 indica que regras verticais geraram pavimentos conectados.","Verticalidade e suportada quando a gramatica inclui regras entre pavimentos."
12,2011,"6E52D178","Quantitativo","fillPercentage","44.38%","%","Medido","Celulas ocupadas por salas e corredores divididas pelo total do grid.","Indica densidade espacial da dungeon.","A densidade depende do numero de simbolos terminais, tamanhos das salas e comprimento dos corredores."
12,2011,"6E52D178","Quantitativo","branchFactor","2.069","media","Medido","Media de conexoes entre simbolos terminais derivados.","Valores maiores indicam mais derivacoes laterais, atalhos e variacao de fluxo.","Ramificacao e controlada por regras laterais e por regras de loop."
12,2011,"6E52D178","Quantitativo","avgPathLength","146.786","metros","Medido","Distancias calculadas sobre a estrutura terminal gerada pela gramatica.","Distancia media a partir da sala inicial.","Caminhos sao consequencia da ordem de derivacao, nao de busca posterior ou reparo."
12,2011,"6E52D178","Quantitativo","uniqueModules","43","contagem","Medido","Contagem de simbolos, regras logicas e prefabs usados pela montagem visual.","Indica variedade basica de composicao.","A variedade vem dos simbolos de entrada, sala, ramificacao, tesouro, armadilha, arena, saida e dos assets configurados."
12,2011,"6E52D178","Quantitativo","navigableVolumeRatio","100%","%","Estimado sem NavMesh","Estimativa logica de celulas navegaveis antes de NavMesh.","Use como estimativa inicial, nao como validacao fisica final.","A navegabilidade e estimada no grid logico; validacao fisica final ainda exige NavMesh."
12,2011,"6E52D178","Quantitativo","criticalPathLength","368","metros","Medido","Maior distancia encontrada a partir do simbolo inicial materializado.","Aproxima o percurso entre o simbolo inicial e o terminal mais distante.","A gramatica pode controlar um caminho principal longo por regras sequenciais."
12,2011,"6E52D178","Quantitativo","avgAlternativePathLength","12","metros","Medido","Media das regras de loop/atalho materializadas.","Ha caminhos alternativos mensuraveis.","Loops sao suportados apenas quando a gramatica inclui regras de retorno/atalho."
12,2011,"6E52D178","Booleano","SupportsRandomEnemySpawns","Sim, testado","sim/nao","Suportado","Verifica se o sistema de spawn usa salas/celulas geradas por simbolos terminais.","Sistema configurado e com orcamento ativo.","Spawns usam salas/celulas derivadas; balanceamento de combate ainda e camada de gameplay."
12,2011,"6E52D178","Booleano","SupportsLootDistribution","Sim, testado","sim/nao","Suportado","Verifica se loot pode ser distribuido sobre salas/celulas derivadas.","Sistema configurado e com orcamento ativo.","Loot pode usar simbolos Treasure ou salas derivadas, mas progressao economica exige regra complementar."
12,2011,"6E52D178","Booleano","SupportsTraps","Sim, testado","sim/nao","Suportado","Verifica se armadilhas podem ser marcadas em areas navegaveis.","Sistema configurado e com orcamento ativo.","Armadilhas podem usar simbolos Trap ou gargalos, mas pacing de desafio exige camada semantica."
12,2011,"6E52D178","Booleano","SupportsBacktrackingLoops","Sim","sim/nao","Medido","Conta execucoes em que regras de loop produziram ciclos navegaveis.","A dungeon possui loop para retorno/caminho alternativo.","Suporte nativo quando a gramatica inclui producoes de loop; nao precisa misturar outro algoritmo."
12,2011,"6E52D178","Booleano","SupportsVerticalConnectors","Sim","sim/nao","Medido","Conta execucoes com regras verticais materializadas entre pavimentos.","Parametro atendido quando regras verticais da propria gramatica foram materializadas.","Implementado por regras verticais da propria gramatica, sem BSP, Room Graph, WFC ou outro metodo."
12,2011,"6E52D178","Booleano","SupportsMultiFloor","Sim","sim/nao","Medido","Conta execucoes com mais de um pavimento conectado por regras verticais.","Parametro atendido quando a gramatica derivou pavimentos conectados.","Implementado por simbolos em pavimentos diferentes e producoes verticais entre eles."
12,2011,"6E52D178","Booleano","SupportsBossArena","Sim","sim/nao","Medido","Conta execucoes com regra de arena ou sala ampla acima da area minima configurada.","Existe ao menos uma sala grande o suficiente.","Suportado por uma regra terminal especifica de BossArena, com tamanho configuravel."
12,2011,"6E52D178","Booleano","SeedReproducible","Sim","sim/nao","Medido","Gera a mesma seed duas vezes e compara o hash topologico.","A seed reproduziu a mesma topologia.","O Grammar-Based Generation e deterministico quando todas as escolhas usam a mesma seed."
12,2011,"6E52D178","Booleano","RuntimeRegeneration","Sim","sim/nao","Medido","Conta execucoes abaixo do limite de tempo configurado.","Tempo registrado: 54.105 ms.","O custo cresce com quantidade de simbolos, tentativas de embedding e numero de pavimentos."
12,2011,"6E52D178","Booleano","BudgetAwareSpawns","Sim","sim/nao","Suportado","Verifica se os orcamentos de inimigos, loot e armadilhas cabem nas celulas livres.","Orcamentos registrados: inimigos 10, loot 6, armadilhas 4.","Orcamentos sao aplicados apos a derivacao, sobre celulas livres."
12,2011,"6E52D178","Qualitativo","Replayability","5/5","Likert 1-5","Estimado automaticamente","Estimativa baseada na diversidade de hashes topologicos entre seeds.","Diversidade topologica: 100%.","A variacao entre seeds depende da escolha das producoes e da interpretacao espacial."
12,2011,"6E52D178","Qualitativo","Debuggability","5/5","Likert 1-5","Estimado automaticamente","Estimativa baseada na clareza das regras de producao e dos simbolos materializados.","A derivacao por regras facilita explicar por que cada sala existe.","A gramatica e facil de documentar porque cada resultado pode ser explicado por uma sequencia de regras."
12,2011,"6E52D178","Qualitativo","Flow","5/5","Likert 1-5","Estimado automaticamente","Estimativa baseada em conectividade, caminho critico e ramificacao.","Indica fluidez de navegacao esperada.","O controle de fluxo e uma vantagem forte, pois caminho principal, ramificacoes e loops sao regras explicitas."
12,2011,"6E52D178","Qualitativo","Legibility","5/5","Likert 1-5","Estimado automaticamente","Estimativa baseada em conectividade, densidade e legibilidade da derivacao espacial.","Indica se o layout tende a ser compreensivel.","A legibilidade depende da interpretacao espacial: regras claras podem gerar mapas confusos se o embedding ficar apertado."
12,2011,"6E52D178","Qualitativo","StructuralVariety","5/5","Likert 1-5","Estimado automaticamente","Estimativa baseada em quantidade de salas, modulos e loops.","Indica variedade estrutural dentro desta execucao.","A variedade estrutural depende do repertorio de producoes; aumentar a gramatica aumenta expressividade."
12,2011,"6E52D178","Performance","layoutGenerationMilliseconds","0.676","ms","Medido","Tempo para expandir regras, interpretar simbolos no grid e conectar derivacoes.","Representa o custo da expansao e interpretacao da gramatica.","Mede custo de expandir regras, posicionar simbolos e abrir corredores; compare separado da instanciacao Unity."
12,2011,"6E52D178","Performance","geometryInstantiationMilliseconds","51.503","ms","Medido","Tempo gasto instanciando prefabs/objetos visuais quando habilitado.","A execucao incluiu custo visual.","Custo visual depende dos prefabs/Unity, nao do Grammar-Based Generation puro."
12,2011,"6E52D178","Performance","metricsCalculationMilliseconds","1.923","ms","Medido","Tempo para calcular e consolidar metricas apos a geracao.","Ajuda a quantificar custo da instrumentacao.","Custo da instrumentacao, nao do algoritmo."
12,2011,"6E52D178","Performance","totalGenerationMilliseconds","54.105","ms","Medido","Tempo total medido da execucao.","Inclui layout, instanciacao visual habilitada e calculo de metricas.","Inclui layout, instanciacao visual e metricas; use junto com o tempo logico."
12,2011,"6E52D178","Performance","generatedGameObjectCount","4872","contagem","Medido","Quantidade de GameObjects criados durante a montagem visual.","Indica peso potencial de instanciacao no Unity.","Reflete peso da montagem visual da cena derivada."
12,2011,"6E52D178","Performance","occupiedCellCount","3636","contagem","Medido","Quantidade de celulas ocupadas no grid logico.","Proxy de escala espacial da dungeon.","Proxy de escala espacial resultante dos simbolos e corredores materializados."
12,2011,"6E52D178","Performance","connectionCount","30","contagem","Medido","Quantidade de conexoes criadas por regras sequenciais, laterais, loops e verticalidade.","Reflete a complexidade topologica resultante das regras de producao.","Metrica natural para a gramatica, pois corresponde ao numero de relacoes materializadas entre simbolos."
12,2011,"6E52D178","Performance","managedMemoryDeltaKB","3568","KB","Estimado","Variacao aproximada de memoria gerenciada durante a execucao.","Valor aproximado, sensivel a GC e ao estado do Editor.","Estimativa sujeita ao GC da Unity; use como indicio comparativo."
13,2012,"232D74F7","Quantitativo","numRoomsTarget","28","contagem","Medido","Contagem de simbolos terminais da gramatica materializados como salas.","Indica quantos simbolos terminais da gramatica viraram salas no grid.","A gramatica controla quantidade por regras de caminho principal, ramificacoes e terminais; a interpretacao espacial pode descartar simbolos se nao houver espaco."
13,2012,"232D74F7","Quantitativo","connectivityRatio","96.43%","%","Medido","Busca sobre as conexoes derivadas pelas regras sequenciais, de ramificacao, loop e verticalidade.","Mostra se a derivacao sequencial e suas ramificacoes permaneceram conectadas.","A sequencia derivada tende a ser conectada porque cada simbolo nasce de um simbolo anterior; falhas indicam limitacao de embedding espacial."
13,2012,"232D74F7","Quantitativo","verticalVariance","1.979","metros","Medido","Desvio padrao das alturas dos nos/salas entre pavimentos.","Valor acima de 0 indica que regras verticais geraram pavimentos conectados.","Verticalidade e suportada quando a gramatica inclui regras entre pavimentos."
13,2012,"232D74F7","Quantitativo","fillPercentage","46.22%","%","Medido","Celulas ocupadas por salas e corredores divididas pelo total do grid.","Indica densidade espacial da dungeon.","A densidade depende do numero de simbolos terminais, tamanhos das salas e comprimento dos corredores."
13,2012,"232D74F7","Quantitativo","branchFactor","1.929","media","Medido","Media de conexoes entre simbolos terminais derivados.","Valores maiores indicam mais derivacoes laterais, atalhos e variacao de fluxo.","Ramificacao e controlada por regras laterais e por regras de loop."
13,2012,"232D74F7","Quantitativo","avgPathLength","191.769","metros","Medido","Distancias calculadas sobre a estrutura terminal gerada pela gramatica.","Distancia media a partir da sala inicial.","Caminhos sao consequencia da ordem de derivacao, nao de busca posterior ou reparo."
13,2012,"232D74F7","Quantitativo","uniqueModules","44","contagem","Medido","Contagem de simbolos, regras logicas e prefabs usados pela montagem visual.","Indica variedade basica de composicao.","A variedade vem dos simbolos de entrada, sala, ramificacao, tesouro, armadilha, arena, saida e dos assets configurados."
13,2012,"232D74F7","Quantitativo","navigableVolumeRatio","100%","%","Estimado sem NavMesh","Estimativa logica de celulas navegaveis antes de NavMesh.","Use como estimativa inicial, nao como validacao fisica final.","A navegabilidade e estimada no grid logico; validacao fisica final ainda exige NavMesh."
13,2012,"232D74F7","Quantitativo","criticalPathLength","314","metros","Medido","Maior distancia encontrada a partir do simbolo inicial materializado.","Aproxima o percurso entre o simbolo inicial e o terminal mais distante.","A gramatica pode controlar um caminho principal longo por regras sequenciais."
13,2012,"232D74F7","Quantitativo","avgAlternativePathLength","18","metros","Medido","Media das regras de loop/atalho materializadas.","Ha caminhos alternativos mensuraveis.","Loops sao suportados apenas quando a gramatica inclui regras de retorno/atalho."
13,2012,"232D74F7","Booleano","SupportsRandomEnemySpawns","Sim, testado","sim/nao","Suportado","Verifica se o sistema de spawn usa salas/celulas geradas por simbolos terminais.","Sistema configurado e com orcamento ativo.","Spawns usam salas/celulas derivadas; balanceamento de combate ainda e camada de gameplay."
13,2012,"232D74F7","Booleano","SupportsLootDistribution","Sim, testado","sim/nao","Suportado","Verifica se loot pode ser distribuido sobre salas/celulas derivadas.","Sistema configurado e com orcamento ativo.","Loot pode usar simbolos Treasure ou salas derivadas, mas progressao economica exige regra complementar."
13,2012,"232D74F7","Booleano","SupportsTraps","Sim, testado","sim/nao","Suportado","Verifica se armadilhas podem ser marcadas em areas navegaveis.","Sistema configurado e com orcamento ativo.","Armadilhas podem usar simbolos Trap ou gargalos, mas pacing de desafio exige camada semantica."
13,2012,"232D74F7","Booleano","SupportsBacktrackingLoops","Nao","sim/nao","Medido","Conta execucoes em que regras de loop produziram ciclos navegaveis.","A dungeon ficou mais linear nesta execucao.","Suporte nativo quando a gramatica inclui producoes de loop; nao precisa misturar outro algoritmo."
13,2012,"232D74F7","Booleano","SupportsVerticalConnectors","Sim","sim/nao","Medido","Conta execucoes com regras verticais materializadas entre pavimentos.","Parametro atendido quando regras verticais da propria gramatica foram materializadas.","Implementado por regras verticais da propria gramatica, sem BSP, Room Graph, WFC ou outro metodo."
13,2012,"232D74F7","Booleano","SupportsMultiFloor","Sim","sim/nao","Medido","Conta execucoes com mais de um pavimento conectado por regras verticais.","Parametro atendido quando a gramatica derivou pavimentos conectados.","Implementado por simbolos em pavimentos diferentes e producoes verticais entre eles."
13,2012,"232D74F7","Booleano","SupportsBossArena","Sim","sim/nao","Medido","Conta execucoes com regra de arena ou sala ampla acima da area minima configurada.","Existe ao menos uma sala grande o suficiente.","Suportado por uma regra terminal especifica de BossArena, com tamanho configuravel."
13,2012,"232D74F7","Booleano","SeedReproducible","Sim","sim/nao","Medido","Gera a mesma seed duas vezes e compara o hash topologico.","A seed reproduziu a mesma topologia.","O Grammar-Based Generation e deterministico quando todas as escolhas usam a mesma seed."
13,2012,"232D74F7","Booleano","RuntimeRegeneration","Sim","sim/nao","Medido","Conta execucoes abaixo do limite de tempo configurado.","Tempo registrado: 57.915 ms.","O custo cresce com quantidade de simbolos, tentativas de embedding e numero de pavimentos."
13,2012,"232D74F7","Booleano","BudgetAwareSpawns","Sim","sim/nao","Suportado","Verifica se os orcamentos de inimigos, loot e armadilhas cabem nas celulas livres.","Orcamentos registrados: inimigos 10, loot 6, armadilhas 4.","Orcamentos sao aplicados apos a derivacao, sobre celulas livres."
13,2012,"232D74F7","Qualitativo","Replayability","5/5","Likert 1-5","Estimado automaticamente","Estimativa baseada na diversidade de hashes topologicos entre seeds.","Diversidade topologica: 100%.","A variacao entre seeds depende da escolha das producoes e da interpretacao espacial."
13,2012,"232D74F7","Qualitativo","Debuggability","5/5","Likert 1-5","Estimado automaticamente","Estimativa baseada na clareza das regras de producao e dos simbolos materializados.","A derivacao por regras facilita explicar por que cada sala existe.","A gramatica e facil de documentar porque cada resultado pode ser explicado por uma sequencia de regras."
13,2012,"232D74F7","Qualitativo","Flow","3/5","Likert 1-5","Estimado automaticamente","Estimativa baseada em conectividade, caminho critico e ramificacao.","Indica fluidez de navegacao esperada.","O controle de fluxo e uma vantagem forte, pois caminho principal, ramificacoes e loops sao regras explicitas."
13,2012,"232D74F7","Qualitativo","Legibility","3/5","Likert 1-5","Estimado automaticamente","Estimativa baseada em conectividade, densidade e legibilidade da derivacao espacial.","Indica se o layout tende a ser compreensivel.","A legibilidade depende da interpretacao espacial: regras claras podem gerar mapas confusos se o embedding ficar apertado."
13,2012,"232D74F7","Qualitativo","StructuralVariety","4/5","Likert 1-5","Estimado automaticamente","Estimativa baseada em quantidade de salas, modulos e loops.","Indica variedade estrutural dentro desta execucao.","A variedade estrutural depende do repertorio de producoes; aumentar a gramatica aumenta expressividade."
13,2012,"232D74F7","Performance","layoutGenerationMilliseconds","0.633","ms","Medido","Tempo para expandir regras, interpretar simbolos no grid e conectar derivacoes.","Representa o custo da expansao e interpretacao da gramatica.","Mede custo de expandir regras, posicionar simbolos e abrir corredores; compare separado da instanciacao Unity."
13,2012,"232D74F7","Performance","geometryInstantiationMilliseconds","55.333","ms","Medido","Tempo gasto instanciando prefabs/objetos visuais quando habilitado.","A execucao incluiu custo visual.","Custo visual depende dos prefabs/Unity, nao do Grammar-Based Generation puro."
13,2012,"232D74F7","Performance","metricsCalculationMilliseconds","1.946","ms","Medido","Tempo para calcular e consolidar metricas apos a geracao.","Ajuda a quantificar custo da instrumentacao.","Custo da instrumentacao, nao do algoritmo."
13,2012,"232D74F7","Performance","totalGenerationMilliseconds","57.915","ms","Medido","Tempo total medido da execucao.","Inclui layout, instanciacao visual habilitada e calculo de metricas.","Inclui layout, instanciacao visual e metricas; use junto com o tempo logico."
13,2012,"232D74F7","Performance","generatedGameObjectCount","5076","contagem","Medido","Quantidade de GameObjects criados durante a montagem visual.","Indica peso potencial de instanciacao no Unity.","Reflete peso da montagem visual da cena derivada."
13,2012,"232D74F7","Performance","occupiedCellCount","3786","contagem","Medido","Quantidade de celulas ocupadas no grid logico.","Proxy de escala espacial da dungeon.","Proxy de escala espacial resultante dos simbolos e corredores materializados."
13,2012,"232D74F7","Performance","connectionCount","27","contagem","Medido","Quantidade de conexoes criadas por regras sequenciais, laterais, loops e verticalidade.","Reflete a complexidade topologica resultante das regras de producao.","Metrica natural para a gramatica, pois corresponde ao numero de relacoes materializadas entre simbolos."
13,2012,"232D74F7","Performance","managedMemoryDeltaKB","3724","KB","Estimado","Variacao aproximada de memoria gerenciada durante a execucao.","Valor aproximado, sensivel a GC e ao estado do Editor.","Estimativa sujeita ao GC da Unity; use como indicio comparativo."
14,2013,"0A8F9487","Quantitativo","numRoomsTarget","23","contagem","Medido","Contagem de simbolos terminais da gramatica materializados como salas.","Indica quantos simbolos terminais da gramatica viraram salas no grid.","A gramatica controla quantidade por regras de caminho principal, ramificacoes e terminais; a interpretacao espacial pode descartar simbolos se nao houver espaco."
14,2013,"0A8F9487","Quantitativo","connectivityRatio","100%","%","Medido","Busca sobre as conexoes derivadas pelas regras sequenciais, de ramificacao, loop e verticalidade.","Mostra se a derivacao sequencial e suas ramificacoes permaneceram conectadas.","A sequencia derivada tende a ser conectada porque cada simbolo nasce de um simbolo anterior; falhas indicam limitacao de embedding espacial."
14,2013,"0A8F9487","Quantitativo","verticalVariance","1.952","metros","Medido","Desvio padrao das alturas dos nos/salas entre pavimentos.","Valor acima de 0 indica que regras verticais geraram pavimentos conectados.","Verticalidade e suportada quando a gramatica inclui regras entre pavimentos."
14,2013,"0A8F9487","Quantitativo","fillPercentage","33.24%","%","Medido","Celulas ocupadas por salas e corredores divididas pelo total do grid.","Indica densidade espacial da dungeon.","A densidade depende do numero de simbolos terminais, tamanhos das salas e comprimento dos corredores."
14,2013,"0A8F9487","Quantitativo","branchFactor","2.087","media","Medido","Media de conexoes entre simbolos terminais derivados.","Valores maiores indicam mais derivacoes laterais, atalhos e variacao de fluxo.","Ramificacao e controlada por regras laterais e por regras de loop."
14,2013,"0A8F9487","Quantitativo","avgPathLength","118.091","metros","Medido","Distancias calculadas sobre a estrutura terminal gerada pela gramatica.","Distancia media a partir da sala inicial.","Caminhos sao consequencia da ordem de derivacao, nao de busca posterior ou reparo."
14,2013,"0A8F9487","Quantitativo","uniqueModules","41","contagem","Medido","Contagem de simbolos, regras logicas e prefabs usados pela montagem visual.","Indica variedade basica de composicao.","A variedade vem dos simbolos de entrada, sala, ramificacao, tesouro, armadilha, arena, saida e dos assets configurados."
14,2013,"0A8F9487","Quantitativo","navigableVolumeRatio","100%","%","Estimado sem NavMesh","Estimativa logica de celulas navegaveis antes de NavMesh.","Use como estimativa inicial, nao como validacao fisica final.","A navegabilidade e estimada no grid logico; validacao fisica final ainda exige NavMesh."
14,2013,"0A8F9487","Quantitativo","criticalPathLength","260","metros","Medido","Maior distancia encontrada a partir do simbolo inicial materializado.","Aproxima o percurso entre o simbolo inicial e o terminal mais distante.","A gramatica pode controlar um caminho principal longo por regras sequenciais."
14,2013,"0A8F9487","Quantitativo","avgAlternativePathLength","18","metros","Medido","Media das regras de loop/atalho materializadas.","Ha caminhos alternativos mensuraveis.","Loops sao suportados apenas quando a gramatica inclui regras de retorno/atalho."
14,2013,"0A8F9487","Booleano","SupportsRandomEnemySpawns","Sim, testado","sim/nao","Suportado","Verifica se o sistema de spawn usa salas/celulas geradas por simbolos terminais.","Sistema configurado e com orcamento ativo.","Spawns usam salas/celulas derivadas; balanceamento de combate ainda e camada de gameplay."
14,2013,"0A8F9487","Booleano","SupportsLootDistribution","Sim, testado","sim/nao","Suportado","Verifica se loot pode ser distribuido sobre salas/celulas derivadas.","Sistema configurado e com orcamento ativo.","Loot pode usar simbolos Treasure ou salas derivadas, mas progressao economica exige regra complementar."
14,2013,"0A8F9487","Booleano","SupportsTraps","Sim, testado","sim/nao","Suportado","Verifica se armadilhas podem ser marcadas em areas navegaveis.","Sistema configurado e com orcamento ativo.","Armadilhas podem usar simbolos Trap ou gargalos, mas pacing de desafio exige camada semantica."
14,2013,"0A8F9487","Booleano","SupportsBacktrackingLoops","Sim","sim/nao","Medido","Conta execucoes em que regras de loop produziram ciclos navegaveis.","A dungeon possui loop para retorno/caminho alternativo.","Suporte nativo quando a gramatica inclui producoes de loop; nao precisa misturar outro algoritmo."
14,2013,"0A8F9487","Booleano","SupportsVerticalConnectors","Sim","sim/nao","Medido","Conta execucoes com regras verticais materializadas entre pavimentos.","Parametro atendido quando regras verticais da propria gramatica foram materializadas.","Implementado por regras verticais da propria gramatica, sem BSP, Room Graph, WFC ou outro metodo."
14,2013,"0A8F9487","Booleano","SupportsMultiFloor","Sim","sim/nao","Medido","Conta execucoes com mais de um pavimento conectado por regras verticais.","Parametro atendido quando a gramatica derivou pavimentos conectados.","Implementado por simbolos em pavimentos diferentes e producoes verticais entre eles."
14,2013,"0A8F9487","Booleano","SupportsBossArena","Sim","sim/nao","Medido","Conta execucoes com regra de arena ou sala ampla acima da area minima configurada.","Existe ao menos uma sala grande o suficiente.","Suportado por uma regra terminal especifica de BossArena, com tamanho configuravel."
14,2013,"0A8F9487","Booleano","SeedReproducible","Sim","sim/nao","Medido","Gera a mesma seed duas vezes e compara o hash topologico.","A seed reproduziu a mesma topologia.","O Grammar-Based Generation e deterministico quando todas as escolhas usam a mesma seed."
14,2013,"0A8F9487","Booleano","RuntimeRegeneration","Sim","sim/nao","Medido","Conta execucoes abaixo do limite de tempo configurado.","Tempo registrado: 43.152 ms.","O custo cresce com quantidade de simbolos, tentativas de embedding e numero de pavimentos."
14,2013,"0A8F9487","Booleano","BudgetAwareSpawns","Sim","sim/nao","Suportado","Verifica se os orcamentos de inimigos, loot e armadilhas cabem nas celulas livres.","Orcamentos registrados: inimigos 10, loot 6, armadilhas 4.","Orcamentos sao aplicados apos a derivacao, sobre celulas livres."
14,2013,"0A8F9487","Qualitativo","Replayability","5/5","Likert 1-5","Estimado automaticamente","Estimativa baseada na diversidade de hashes topologicos entre seeds.","Diversidade topologica: 100%.","A variacao entre seeds depende da escolha das producoes e da interpretacao espacial."
14,2013,"0A8F9487","Qualitativo","Debuggability","5/5","Likert 1-5","Estimado automaticamente","Estimativa baseada na clareza das regras de producao e dos simbolos materializados.","A derivacao por regras facilita explicar por que cada sala existe.","A gramatica e facil de documentar porque cada resultado pode ser explicado por uma sequencia de regras."
14,2013,"0A8F9487","Qualitativo","Flow","5/5","Likert 1-5","Estimado automaticamente","Estimativa baseada em conectividade, caminho critico e ramificacao.","Indica fluidez de navegacao esperada.","O controle de fluxo e uma vantagem forte, pois caminho principal, ramificacoes e loops sao regras explicitas."
14,2013,"0A8F9487","Qualitativo","Legibility","5/5","Likert 1-5","Estimado automaticamente","Estimativa baseada em conectividade, densidade e legibilidade da derivacao espacial.","Indica se o layout tende a ser compreensivel.","A legibilidade depende da interpretacao espacial: regras claras podem gerar mapas confusos se o embedding ficar apertado."
14,2013,"0A8F9487","Qualitativo","StructuralVariety","5/5","Likert 1-5","Estimado automaticamente","Estimativa baseada em quantidade de salas, modulos e loops.","Indica variedade estrutural dentro desta execucao.","A variedade estrutural depende do repertorio de producoes; aumentar a gramatica aumenta expressividade."
14,2013,"0A8F9487","Performance","layoutGenerationMilliseconds","0.473","ms","Medido","Tempo para expandir regras, interpretar simbolos no grid e conectar derivacoes.","Representa o custo da expansao e interpretacao da gramatica.","Mede custo de expandir regras, posicionar simbolos e abrir corredores; compare separado da instanciacao Unity."
14,2013,"0A8F9487","Performance","geometryInstantiationMilliseconds","41.359","ms","Medido","Tempo gasto instanciando prefabs/objetos visuais quando habilitado.","A execucao incluiu custo visual.","Custo visual depende dos prefabs/Unity, nao do Grammar-Based Generation puro."
14,2013,"0A8F9487","Performance","metricsCalculationMilliseconds","1.313","ms","Medido","Tempo para calcular e consolidar metricas apos a geracao.","Ajuda a quantificar custo da instrumentacao.","Custo da instrumentacao, nao do algoritmo."
14,2013,"0A8F9487","Performance","totalGenerationMilliseconds","43.152","ms","Medido","Tempo total medido da execucao.","Inclui layout, instanciacao visual habilitada e calculo de metricas.","Inclui layout, instanciacao visual e metricas; use junto com o tempo logico."
14,2013,"0A8F9487","Performance","generatedGameObjectCount","3667","contagem","Medido","Quantidade de GameObjects criados durante a montagem visual.","Indica peso potencial de instanciacao no Unity.","Reflete peso da montagem visual da cena derivada."
14,2013,"0A8F9487","Performance","occupiedCellCount","2723","contagem","Medido","Quantidade de celulas ocupadas no grid logico.","Proxy de escala espacial da dungeon.","Proxy de escala espacial resultante dos simbolos e corredores materializados."
14,2013,"0A8F9487","Performance","connectionCount","24","contagem","Medido","Quantidade de conexoes criadas por regras sequenciais, laterais, loops e verticalidade.","Reflete a complexidade topologica resultante das regras de producao.","Metrica natural para a gramatica, pois corresponde ao numero de relacoes materializadas entre simbolos."
14,2013,"0A8F9487","Performance","managedMemoryDeltaKB","2696","KB","Estimado","Variacao aproximada de memoria gerenciada durante a execucao.","Valor aproximado, sensivel a GC e ao estado do Editor.","Estimativa sujeita ao GC da Unity; use como indicio comparativo."
15,2014,"7A6F0E26","Quantitativo","numRoomsTarget","32","contagem","Medido","Contagem de simbolos terminais da gramatica materializados como salas.","Indica quantos simbolos terminais da gramatica viraram salas no grid.","A gramatica controla quantidade por regras de caminho principal, ramificacoes e terminais; a interpretacao espacial pode descartar simbolos se nao houver espaco."
15,2014,"7A6F0E26","Quantitativo","connectivityRatio","87.5%","%","Medido","Busca sobre as conexoes derivadas pelas regras sequenciais, de ramificacao, loop e verticalidade.","Mostra se a derivacao sequencial e suas ramificacoes permaneceram conectadas.","A sequencia derivada tende a ser conectada porque cada simbolo nasce de um simbolo anterior; falhas indicam limitacao de embedding espacial."
15,2014,"7A6F0E26","Quantitativo","verticalVariance","1.996","metros","Medido","Desvio padrao das alturas dos nos/salas entre pavimentos.","Valor acima de 0 indica que regras verticais geraram pavimentos conectados.","Verticalidade e suportada quando a gramatica inclui regras entre pavimentos."
15,2014,"7A6F0E26","Quantitativo","fillPercentage","51.59%","%","Medido","Celulas ocupadas por salas e corredores divididas pelo total do grid.","Indica densidade espacial da dungeon.","A densidade depende do numero de simbolos terminais, tamanhos das salas e comprimento dos corredores."
15,2014,"7A6F0E26","Quantitativo","branchFactor","1.75","media","Medido","Media de conexoes entre simbolos terminais derivados.","Valores maiores indicam mais derivacoes laterais, atalhos e variacao de fluxo.","Ramificacao e controlada por regras laterais e por regras de loop."
15,2014,"7A6F0E26","Quantitativo","avgPathLength","356.148","metros","Medido","Distancias calculadas sobre a estrutura terminal gerada pela gramatica.","Distancia media a partir da sala inicial.","Caminhos sao consequencia da ordem de derivacao, nao de busca posterior ou reparo."
15,2014,"7A6F0E26","Quantitativo","uniqueModules","43","contagem","Medido","Contagem de simbolos, regras logicas e prefabs usados pela montagem visual.","Indica variedade basica de composicao.","A variedade vem dos simbolos de entrada, sala, ramificacao, tesouro, armadilha, arena, saida e dos assets configurados."
15,2014,"7A6F0E26","Quantitativo","navigableVolumeRatio","100%","%","Estimado sem NavMesh","Estimativa logica de celulas navegaveis antes de NavMesh.","Use como estimativa inicial, nao como validacao fisica final.","A navegabilidade e estimada no grid logico; validacao fisica final ainda exige NavMesh."
15,2014,"7A6F0E26","Quantitativo","criticalPathLength","630","metros","Medido","Maior distancia encontrada a partir do simbolo inicial materializado.","Aproxima o percurso entre o simbolo inicial e o terminal mais distante.","A gramatica pode controlar um caminho principal longo por regras sequenciais."
15,2014,"7A6F0E26","Quantitativo","avgAlternativePathLength","0","metros","Medido","Media das regras de loop/atalho materializadas.","Nao houve caminho alternativo nesta execucao.","Loops sao suportados apenas quando a gramatica inclui regras de retorno/atalho."
15,2014,"7A6F0E26","Booleano","SupportsRandomEnemySpawns","Sim, testado","sim/nao","Suportado","Verifica se o sistema de spawn usa salas/celulas geradas por simbolos terminais.","Sistema configurado e com orcamento ativo.","Spawns usam salas/celulas derivadas; balanceamento de combate ainda e camada de gameplay."
15,2014,"7A6F0E26","Booleano","SupportsLootDistribution","Sim, testado","sim/nao","Suportado","Verifica se loot pode ser distribuido sobre salas/celulas derivadas.","Sistema configurado e com orcamento ativo.","Loot pode usar simbolos Treasure ou salas derivadas, mas progressao economica exige regra complementar."
15,2014,"7A6F0E26","Booleano","SupportsTraps","Sim, testado","sim/nao","Suportado","Verifica se armadilhas podem ser marcadas em areas navegaveis.","Sistema configurado e com orcamento ativo.","Armadilhas podem usar simbolos Trap ou gargalos, mas pacing de desafio exige camada semantica."
15,2014,"7A6F0E26","Booleano","SupportsBacktrackingLoops","Nao","sim/nao","Medido","Conta execucoes em que regras de loop produziram ciclos navegaveis.","A dungeon ficou mais linear nesta execucao.","Suporte nativo quando a gramatica inclui producoes de loop; nao precisa misturar outro algoritmo."
15,2014,"7A6F0E26","Booleano","SupportsVerticalConnectors","Sim","sim/nao","Medido","Conta execucoes com regras verticais materializadas entre pavimentos.","Parametro atendido quando regras verticais da propria gramatica foram materializadas.","Implementado por regras verticais da propria gramatica, sem BSP, Room Graph, WFC ou outro metodo."
15,2014,"7A6F0E26","Booleano","SupportsMultiFloor","Sim","sim/nao","Medido","Conta execucoes com mais de um pavimento conectado por regras verticais.","Parametro atendido quando a gramatica derivou pavimentos conectados.","Implementado por simbolos em pavimentos diferentes e producoes verticais entre eles."
15,2014,"7A6F0E26","Booleano","SupportsBossArena","Sim","sim/nao","Medido","Conta execucoes com regra de arena ou sala ampla acima da area minima configurada.","Existe ao menos uma sala grande o suficiente.","Suportado por uma regra terminal especifica de BossArena, com tamanho configuravel."
15,2014,"7A6F0E26","Booleano","SeedReproducible","Sim","sim/nao","Medido","Gera a mesma seed duas vezes e compara o hash topologico.","A seed reproduziu a mesma topologia.","O Grammar-Based Generation e deterministico quando todas as escolhas usam a mesma seed."
15,2014,"7A6F0E26","Booleano","RuntimeRegeneration","Sim","sim/nao","Medido","Conta execucoes abaixo do limite de tempo configurado.","Tempo registrado: 64.933 ms.","O custo cresce com quantidade de simbolos, tentativas de embedding e numero de pavimentos."
15,2014,"7A6F0E26","Booleano","BudgetAwareSpawns","Sim","sim/nao","Suportado","Verifica se os orcamentos de inimigos, loot e armadilhas cabem nas celulas livres.","Orcamentos registrados: inimigos 10, loot 6, armadilhas 4.","Orcamentos sao aplicados apos a derivacao, sobre celulas livres."
15,2014,"7A6F0E26","Qualitativo","Replayability","5/5","Likert 1-5","Estimado automaticamente","Estimativa baseada na diversidade de hashes topologicos entre seeds.","Diversidade topologica: 100%.","A variacao entre seeds depende da escolha das producoes e da interpretacao espacial."
15,2014,"7A6F0E26","Qualitativo","Debuggability","5/5","Likert 1-5","Estimado automaticamente","Estimativa baseada na clareza das regras de producao e dos simbolos materializados.","A derivacao por regras facilita explicar por que cada sala existe.","A gramatica e facil de documentar porque cada resultado pode ser explicado por uma sequencia de regras."
15,2014,"7A6F0E26","Qualitativo","Flow","3/5","Likert 1-5","Estimado automaticamente","Estimativa baseada em conectividade, caminho critico e ramificacao.","Indica fluidez de navegacao esperada.","O controle de fluxo e uma vantagem forte, pois caminho principal, ramificacoes e loops sao regras explicitas."
15,2014,"7A6F0E26","Qualitativo","Legibility","3/5","Likert 1-5","Estimado automaticamente","Estimativa baseada em conectividade, densidade e legibilidade da derivacao espacial.","Indica se o layout tende a ser compreensivel.","A legibilidade depende da interpretacao espacial: regras claras podem gerar mapas confusos se o embedding ficar apertado."
15,2014,"7A6F0E26","Qualitativo","StructuralVariety","4/5","Likert 1-5","Estimado automaticamente","Estimativa baseada em quantidade de salas, modulos e loops.","Indica variedade estrutural dentro desta execucao.","A variedade estrutural depende do repertorio de producoes; aumentar a gramatica aumenta expressividade."
15,2014,"7A6F0E26","Performance","layoutGenerationMilliseconds","0.835","ms","Medido","Tempo para expandir regras, interpretar simbolos no grid e conectar derivacoes.","Representa o custo da expansao e interpretacao da gramatica.","Mede custo de expandir regras, posicionar simbolos e abrir corredores; compare separado da instanciacao Unity."
15,2014,"7A6F0E26","Performance","geometryInstantiationMilliseconds","61.993","ms","Medido","Tempo gasto instanciando prefabs/objetos visuais quando habilitado.","A execucao incluiu custo visual.","Custo visual depende dos prefabs/Unity, nao do Grammar-Based Generation puro."
15,2014,"7A6F0E26","Performance","metricsCalculationMilliseconds","2.102","ms","Medido","Tempo para calcular e consolidar metricas apos a geracao.","Ajuda a quantificar custo da instrumentacao.","Custo da instrumentacao, nao do algoritmo."
15,2014,"7A6F0E26","Performance","totalGenerationMilliseconds","64.933","ms","Medido","Tempo total medido da execucao.","Inclui layout, instanciacao visual habilitada e calculo de metricas.","Inclui layout, instanciacao visual e metricas; use junto com o tempo logico."
15,2014,"7A6F0E26","Performance","generatedGameObjectCount","5694","contagem","Medido","Quantidade de GameObjects criados durante a montagem visual.","Indica peso potencial de instanciacao no Unity.","Reflete peso da montagem visual da cena derivada."
15,2014,"7A6F0E26","Performance","occupiedCellCount","4226","contagem","Medido","Quantidade de celulas ocupadas no grid logico.","Proxy de escala espacial da dungeon.","Proxy de escala espacial resultante dos simbolos e corredores materializados."
15,2014,"7A6F0E26","Performance","connectionCount","28","contagem","Medido","Quantidade de conexoes criadas por regras sequenciais, laterais, loops e verticalidade.","Reflete a complexidade topologica resultante das regras de producao.","Metrica natural para a gramatica, pois corresponde ao numero de relacoes materializadas entre simbolos."
15,2014,"7A6F0E26","Performance","managedMemoryDeltaKB","4132","KB","Estimado","Variacao aproximada de memoria gerenciada durante a execucao.","Valor aproximado, sensivel a GC e ao estado do Editor.","Estimativa sujeita ao GC da Unity; use como indicio comparativo."
16,2015,"452D61ED","Quantitativo","numRoomsTarget","27","contagem","Medido","Contagem de simbolos terminais da gramatica materializados como salas.","Indica quantos simbolos terminais da gramatica viraram salas no grid.","A gramatica controla quantidade por regras de caminho principal, ramificacoes e terminais; a interpretacao espacial pode descartar simbolos se nao houver espaco."
16,2015,"452D61ED","Quantitativo","connectivityRatio","100%","%","Medido","Busca sobre as conexoes derivadas pelas regras sequenciais, de ramificacao, loop e verticalidade.","Mostra se a derivacao sequencial e suas ramificacoes permaneceram conectadas.","A sequencia derivada tende a ser conectada porque cada simbolo nasce de um simbolo anterior; falhas indicam limitacao de embedding espacial."
16,2015,"452D61ED","Quantitativo","verticalVariance","1.988","metros","Medido","Desvio padrao das alturas dos nos/salas entre pavimentos.","Valor acima de 0 indica que regras verticais geraram pavimentos conectados.","Verticalidade e suportada quando a gramatica inclui regras entre pavimentos."
16,2015,"452D61ED","Quantitativo","fillPercentage","38.46%","%","Medido","Celulas ocupadas por salas e corredores divididas pelo total do grid.","Indica densidade espacial da dungeon.","A densidade depende do numero de simbolos terminais, tamanhos das salas e comprimento dos corredores."
16,2015,"452D61ED","Quantitativo","branchFactor","1.926","media","Medido","Media de conexoes entre simbolos terminais derivados.","Valores maiores indicam mais derivacoes laterais, atalhos e variacao de fluxo.","Ramificacao e controlada por regras laterais e por regras de loop."
16,2015,"452D61ED","Quantitativo","avgPathLength","151.692","metros","Medido","Distancias calculadas sobre a estrutura terminal gerada pela gramatica.","Distancia media a partir da sala inicial.","Caminhos sao consequencia da ordem de derivacao, nao de busca posterior ou reparo."
16,2015,"452D61ED","Quantitativo","uniqueModules","39","contagem","Medido","Contagem de simbolos, regras logicas e prefabs usados pela montagem visual.","Indica variedade basica de composicao.","A variedade vem dos simbolos de entrada, sala, ramificacao, tesouro, armadilha, arena, saida e dos assets configurados."
16,2015,"452D61ED","Quantitativo","navigableVolumeRatio","100%","%","Estimado sem NavMesh","Estimativa logica de celulas navegaveis antes de NavMesh.","Use como estimativa inicial, nao como validacao fisica final.","A navegabilidade e estimada no grid logico; validacao fisica final ainda exige NavMesh."
16,2015,"452D61ED","Quantitativo","criticalPathLength","326","metros","Medido","Maior distancia encontrada a partir do simbolo inicial materializado.","Aproxima o percurso entre o simbolo inicial e o terminal mais distante.","A gramatica pode controlar um caminho principal longo por regras sequenciais."
16,2015,"452D61ED","Quantitativo","avgAlternativePathLength","0","metros","Medido","Media das regras de loop/atalho materializadas.","Nao houve caminho alternativo nesta execucao.","Loops sao suportados apenas quando a gramatica inclui regras de retorno/atalho."
16,2015,"452D61ED","Booleano","SupportsRandomEnemySpawns","Sim, testado","sim/nao","Suportado","Verifica se o sistema de spawn usa salas/celulas geradas por simbolos terminais.","Sistema configurado e com orcamento ativo.","Spawns usam salas/celulas derivadas; balanceamento de combate ainda e camada de gameplay."
16,2015,"452D61ED","Booleano","SupportsLootDistribution","Sim, testado","sim/nao","Suportado","Verifica se loot pode ser distribuido sobre salas/celulas derivadas.","Sistema configurado e com orcamento ativo.","Loot pode usar simbolos Treasure ou salas derivadas, mas progressao economica exige regra complementar."
16,2015,"452D61ED","Booleano","SupportsTraps","Sim, testado","sim/nao","Suportado","Verifica se armadilhas podem ser marcadas em areas navegaveis.","Sistema configurado e com orcamento ativo.","Armadilhas podem usar simbolos Trap ou gargalos, mas pacing de desafio exige camada semantica."
16,2015,"452D61ED","Booleano","SupportsBacktrackingLoops","Nao","sim/nao","Medido","Conta execucoes em que regras de loop produziram ciclos navegaveis.","A dungeon ficou mais linear nesta execucao.","Suporte nativo quando a gramatica inclui producoes de loop; nao precisa misturar outro algoritmo."
16,2015,"452D61ED","Booleano","SupportsVerticalConnectors","Sim","sim/nao","Medido","Conta execucoes com regras verticais materializadas entre pavimentos.","Parametro atendido quando regras verticais da propria gramatica foram materializadas.","Implementado por regras verticais da propria gramatica, sem BSP, Room Graph, WFC ou outro metodo."
16,2015,"452D61ED","Booleano","SupportsMultiFloor","Sim","sim/nao","Medido","Conta execucoes com mais de um pavimento conectado por regras verticais.","Parametro atendido quando a gramatica derivou pavimentos conectados.","Implementado por simbolos em pavimentos diferentes e producoes verticais entre eles."
16,2015,"452D61ED","Booleano","SupportsBossArena","Sim","sim/nao","Medido","Conta execucoes com regra de arena ou sala ampla acima da area minima configurada.","Existe ao menos uma sala grande o suficiente.","Suportado por uma regra terminal especifica de BossArena, com tamanho configuravel."
16,2015,"452D61ED","Booleano","SeedReproducible","Sim","sim/nao","Medido","Gera a mesma seed duas vezes e compara o hash topologico.","A seed reproduziu a mesma topologia.","O Grammar-Based Generation e deterministico quando todas as escolhas usam a mesma seed."
16,2015,"452D61ED","Booleano","RuntimeRegeneration","Sim","sim/nao","Medido","Conta execucoes abaixo do limite de tempo configurado.","Tempo registrado: 53.449 ms.","O custo cresce com quantidade de simbolos, tentativas de embedding e numero de pavimentos."
16,2015,"452D61ED","Booleano","BudgetAwareSpawns","Sim","sim/nao","Suportado","Verifica se os orcamentos de inimigos, loot e armadilhas cabem nas celulas livres.","Orcamentos registrados: inimigos 10, loot 6, armadilhas 4.","Orcamentos sao aplicados apos a derivacao, sobre celulas livres."
16,2015,"452D61ED","Qualitativo","Replayability","5/5","Likert 1-5","Estimado automaticamente","Estimativa baseada na diversidade de hashes topologicos entre seeds.","Diversidade topologica: 100%.","A variacao entre seeds depende da escolha das producoes e da interpretacao espacial."
16,2015,"452D61ED","Qualitativo","Debuggability","5/5","Likert 1-5","Estimado automaticamente","Estimativa baseada na clareza das regras de producao e dos simbolos materializados.","A derivacao por regras facilita explicar por que cada sala existe.","A gramatica e facil de documentar porque cada resultado pode ser explicado por uma sequencia de regras."
16,2015,"452D61ED","Qualitativo","Flow","5/5","Likert 1-5","Estimado automaticamente","Estimativa baseada em conectividade, caminho critico e ramificacao.","Indica fluidez de navegacao esperada.","O controle de fluxo e uma vantagem forte, pois caminho principal, ramificacoes e loops sao regras explicitas."
16,2015,"452D61ED","Qualitativo","Legibility","5/5","Likert 1-5","Estimado automaticamente","Estimativa baseada em conectividade, densidade e legibilidade da derivacao espacial.","Indica se o layout tende a ser compreensivel.","A legibilidade depende da interpretacao espacial: regras claras podem gerar mapas confusos se o embedding ficar apertado."
16,2015,"452D61ED","Qualitativo","StructuralVariety","4/5","Likert 1-5","Estimado automaticamente","Estimativa baseada em quantidade de salas, modulos e loops.","Indica variedade estrutural dentro desta execucao.","A variedade estrutural depende do repertorio de producoes; aumentar a gramatica aumenta expressividade."
16,2015,"452D61ED","Performance","layoutGenerationMilliseconds","0.56","ms","Medido","Tempo para expandir regras, interpretar simbolos no grid e conectar derivacoes.","Representa o custo da expansao e interpretacao da gramatica.","Mede custo de expandir regras, posicionar simbolos e abrir corredores; compare separado da instanciacao Unity."
16,2015,"452D61ED","Performance","geometryInstantiationMilliseconds","51.318","ms","Medido","Tempo gasto instanciando prefabs/objetos visuais quando habilitado.","A execucao incluiu custo visual.","Custo visual depende dos prefabs/Unity, nao do Grammar-Based Generation puro."
16,2015,"452D61ED","Performance","metricsCalculationMilliseconds","1.569","ms","Medido","Tempo para calcular e consolidar metricas apos a geracao.","Ajuda a quantificar custo da instrumentacao.","Custo da instrumentacao, nao do algoritmo."
16,2015,"452D61ED","Performance","totalGenerationMilliseconds","53.449","ms","Medido","Tempo total medido da execucao.","Inclui layout, instanciacao visual habilitada e calculo de metricas.","Inclui layout, instanciacao visual e metricas; use junto com o tempo logico."
16,2015,"452D61ED","Performance","generatedGameObjectCount","4362","contagem","Medido","Quantidade de GameObjects criados durante a montagem visual.","Indica peso potencial de instanciacao no Unity.","Reflete peso da montagem visual da cena derivada."
16,2015,"452D61ED","Performance","occupiedCellCount","3151","contagem","Medido","Quantidade de celulas ocupadas no grid logico.","Proxy de escala espacial da dungeon.","Proxy de escala espacial resultante dos simbolos e corredores materializados."
16,2015,"452D61ED","Performance","connectionCount","26","contagem","Medido","Quantidade de conexoes criadas por regras sequenciais, laterais, loops e verticalidade.","Reflete a complexidade topologica resultante das regras de producao.","Metrica natural para a gramatica, pois corresponde ao numero de relacoes materializadas entre simbolos."
16,2015,"452D61ED","Performance","managedMemoryDeltaKB","3168","KB","Estimado","Variacao aproximada de memoria gerenciada durante a execucao.","Valor aproximado, sensivel a GC e ao estado do Editor.","Estimativa sujeita ao GC da Unity; use como indicio comparativo."
17,2016,"C7143CFE","Quantitativo","numRoomsTarget","27","contagem","Medido","Contagem de simbolos terminais da gramatica materializados como salas.","Indica quantos simbolos terminais da gramatica viraram salas no grid.","A gramatica controla quantidade por regras de caminho principal, ramificacoes e terminais; a interpretacao espacial pode descartar simbolos se nao houver espaco."
17,2016,"C7143CFE","Quantitativo","connectivityRatio","96.3%","%","Medido","Busca sobre as conexoes derivadas pelas regras sequenciais, de ramificacao, loop e verticalidade.","Mostra se a derivacao sequencial e suas ramificacoes permaneceram conectadas.","A sequencia derivada tende a ser conectada porque cada simbolo nasce de um simbolo anterior; falhas indicam limitacao de embedding espacial."
17,2016,"C7143CFE","Quantitativo","verticalVariance","1.965","metros","Medido","Desvio padrao das alturas dos nos/salas entre pavimentos.","Valor acima de 0 indica que regras verticais geraram pavimentos conectados.","Verticalidade e suportada quando a gramatica inclui regras entre pavimentos."
17,2016,"C7143CFE","Quantitativo","fillPercentage","47.13%","%","Medido","Celulas ocupadas por salas e corredores divididas pelo total do grid.","Indica densidade espacial da dungeon.","A densidade depende do numero de simbolos terminais, tamanhos das salas e comprimento dos corredores."
17,2016,"C7143CFE","Quantitativo","branchFactor","1.926","media","Medido","Media de conexoes entre simbolos terminais derivados.","Valores maiores indicam mais derivacoes laterais, atalhos e variacao de fluxo.","Ramificacao e controlada por regras laterais e por regras de loop."
17,2016,"C7143CFE","Quantitativo","avgPathLength","248","metros","Medido","Distancias calculadas sobre a estrutura terminal gerada pela gramatica.","Distancia media a partir da sala inicial.","Caminhos sao consequencia da ordem de derivacao, nao de busca posterior ou reparo."
17,2016,"C7143CFE","Quantitativo","uniqueModules","44","contagem","Medido","Contagem de simbolos, regras logicas e prefabs usados pela montagem visual.","Indica variedade basica de composicao.","A variedade vem dos simbolos de entrada, sala, ramificacao, tesouro, armadilha, arena, saida e dos assets configurados."
17,2016,"C7143CFE","Quantitativo","navigableVolumeRatio","100%","%","Estimado sem NavMesh","Estimativa logica de celulas navegaveis antes de NavMesh.","Use como estimativa inicial, nao como validacao fisica final.","A navegabilidade e estimada no grid logico; validacao fisica final ainda exige NavMesh."
17,2016,"C7143CFE","Quantitativo","criticalPathLength","518","metros","Medido","Maior distancia encontrada a partir do simbolo inicial materializado.","Aproxima o percurso entre o simbolo inicial e o terminal mais distante.","A gramatica pode controlar um caminho principal longo por regras sequenciais."
17,2016,"C7143CFE","Quantitativo","avgAlternativePathLength","40","metros","Medido","Media das regras de loop/atalho materializadas.","Ha caminhos alternativos mensuraveis.","Loops sao suportados apenas quando a gramatica inclui regras de retorno/atalho."
17,2016,"C7143CFE","Booleano","SupportsRandomEnemySpawns","Sim, testado","sim/nao","Suportado","Verifica se o sistema de spawn usa salas/celulas geradas por simbolos terminais.","Sistema configurado e com orcamento ativo.","Spawns usam salas/celulas derivadas; balanceamento de combate ainda e camada de gameplay."
17,2016,"C7143CFE","Booleano","SupportsLootDistribution","Sim, testado","sim/nao","Suportado","Verifica se loot pode ser distribuido sobre salas/celulas derivadas.","Sistema configurado e com orcamento ativo.","Loot pode usar simbolos Treasure ou salas derivadas, mas progressao economica exige regra complementar."
17,2016,"C7143CFE","Booleano","SupportsTraps","Sim, testado","sim/nao","Suportado","Verifica se armadilhas podem ser marcadas em areas navegaveis.","Sistema configurado e com orcamento ativo.","Armadilhas podem usar simbolos Trap ou gargalos, mas pacing de desafio exige camada semantica."
17,2016,"C7143CFE","Booleano","SupportsBacktrackingLoops","Nao","sim/nao","Medido","Conta execucoes em que regras de loop produziram ciclos navegaveis.","A dungeon ficou mais linear nesta execucao.","Suporte nativo quando a gramatica inclui producoes de loop; nao precisa misturar outro algoritmo."
17,2016,"C7143CFE","Booleano","SupportsVerticalConnectors","Sim","sim/nao","Medido","Conta execucoes com regras verticais materializadas entre pavimentos.","Parametro atendido quando regras verticais da propria gramatica foram materializadas.","Implementado por regras verticais da propria gramatica, sem BSP, Room Graph, WFC ou outro metodo."
17,2016,"C7143CFE","Booleano","SupportsMultiFloor","Sim","sim/nao","Medido","Conta execucoes com mais de um pavimento conectado por regras verticais.","Parametro atendido quando a gramatica derivou pavimentos conectados.","Implementado por simbolos em pavimentos diferentes e producoes verticais entre eles."
17,2016,"C7143CFE","Booleano","SupportsBossArena","Sim","sim/nao","Medido","Conta execucoes com regra de arena ou sala ampla acima da area minima configurada.","Existe ao menos uma sala grande o suficiente.","Suportado por uma regra terminal especifica de BossArena, com tamanho configuravel."
17,2016,"C7143CFE","Booleano","SeedReproducible","Sim","sim/nao","Medido","Gera a mesma seed duas vezes e compara o hash topologico.","A seed reproduziu a mesma topologia.","O Grammar-Based Generation e deterministico quando todas as escolhas usam a mesma seed."
17,2016,"C7143CFE","Booleano","RuntimeRegeneration","Sim","sim/nao","Medido","Conta execucoes abaixo do limite de tempo configurado.","Tempo registrado: 59.761 ms.","O custo cresce com quantidade de simbolos, tentativas de embedding e numero de pavimentos."
17,2016,"C7143CFE","Booleano","BudgetAwareSpawns","Sim","sim/nao","Suportado","Verifica se os orcamentos de inimigos, loot e armadilhas cabem nas celulas livres.","Orcamentos registrados: inimigos 10, loot 6, armadilhas 4.","Orcamentos sao aplicados apos a derivacao, sobre celulas livres."
17,2016,"C7143CFE","Qualitativo","Replayability","5/5","Likert 1-5","Estimado automaticamente","Estimativa baseada na diversidade de hashes topologicos entre seeds.","Diversidade topologica: 100%.","A variacao entre seeds depende da escolha das producoes e da interpretacao espacial."
17,2016,"C7143CFE","Qualitativo","Debuggability","5/5","Likert 1-5","Estimado automaticamente","Estimativa baseada na clareza das regras de producao e dos simbolos materializados.","A derivacao por regras facilita explicar por que cada sala existe.","A gramatica e facil de documentar porque cada resultado pode ser explicado por uma sequencia de regras."
17,2016,"C7143CFE","Qualitativo","Flow","3/5","Likert 1-5","Estimado automaticamente","Estimativa baseada em conectividade, caminho critico e ramificacao.","Indica fluidez de navegacao esperada.","O controle de fluxo e uma vantagem forte, pois caminho principal, ramificacoes e loops sao regras explicitas."
17,2016,"C7143CFE","Qualitativo","Legibility","3/5","Likert 1-5","Estimado automaticamente","Estimativa baseada em conectividade, densidade e legibilidade da derivacao espacial.","Indica se o layout tende a ser compreensivel.","A legibilidade depende da interpretacao espacial: regras claras podem gerar mapas confusos se o embedding ficar apertado."
17,2016,"C7143CFE","Qualitativo","StructuralVariety","4/5","Likert 1-5","Estimado automaticamente","Estimativa baseada em quantidade de salas, modulos e loops.","Indica variedade estrutural dentro desta execucao.","A variedade estrutural depende do repertorio de producoes; aumentar a gramatica aumenta expressividade."
17,2016,"C7143CFE","Performance","layoutGenerationMilliseconds","0.778","ms","Medido","Tempo para expandir regras, interpretar simbolos no grid e conectar derivacoes.","Representa o custo da expansao e interpretacao da gramatica.","Mede custo de expandir regras, posicionar simbolos e abrir corredores; compare separado da instanciacao Unity."
17,2016,"C7143CFE","Performance","geometryInstantiationMilliseconds","57.105","ms","Medido","Tempo gasto instanciando prefabs/objetos visuais quando habilitado.","A execucao incluiu custo visual.","Custo visual depende dos prefabs/Unity, nao do Grammar-Based Generation puro."
17,2016,"C7143CFE","Performance","metricsCalculationMilliseconds","1.875","ms","Medido","Tempo para calcular e consolidar metricas apos a geracao.","Ajuda a quantificar custo da instrumentacao.","Custo da instrumentacao, nao do algoritmo."
17,2016,"C7143CFE","Performance","totalGenerationMilliseconds","59.761","ms","Medido","Tempo total medido da execucao.","Inclui layout, instanciacao visual habilitada e calculo de metricas.","Inclui layout, instanciacao visual e metricas; use junto com o tempo logico."
17,2016,"C7143CFE","Performance","generatedGameObjectCount","5217","contagem","Medido","Quantidade de GameObjects criados durante a montagem visual.","Indica peso potencial de instanciacao no Unity.","Reflete peso da montagem visual da cena derivada."
17,2016,"C7143CFE","Performance","occupiedCellCount","3861","contagem","Medido","Quantidade de celulas ocupadas no grid logico.","Proxy de escala espacial da dungeon.","Proxy de escala espacial resultante dos simbolos e corredores materializados."
17,2016,"C7143CFE","Performance","connectionCount","26","contagem","Medido","Quantidade de conexoes criadas por regras sequenciais, laterais, loops e verticalidade.","Reflete a complexidade topologica resultante das regras de producao.","Metrica natural para a gramatica, pois corresponde ao numero de relacoes materializadas entre simbolos."
17,2016,"C7143CFE","Performance","managedMemoryDeltaKB","3824","KB","Estimado","Variacao aproximada de memoria gerenciada durante a execucao.","Valor aproximado, sensivel a GC e ao estado do Editor.","Estimativa sujeita ao GC da Unity; use como indicio comparativo."
18,2017,"01CF1927","Quantitativo","numRoomsTarget","25","contagem","Medido","Contagem de simbolos terminais da gramatica materializados como salas.","Indica quantos simbolos terminais da gramatica viraram salas no grid.","A gramatica controla quantidade por regras de caminho principal, ramificacoes e terminais; a interpretacao espacial pode descartar simbolos se nao houver espaco."
18,2017,"01CF1927","Quantitativo","connectivityRatio","100%","%","Medido","Busca sobre as conexoes derivadas pelas regras sequenciais, de ramificacao, loop e verticalidade.","Mostra se a derivacao sequencial e suas ramificacoes permaneceram conectadas.","A sequencia derivada tende a ser conectada porque cada simbolo nasce de um simbolo anterior; falhas indicam limitacao de embedding espacial."
18,2017,"01CF1927","Quantitativo","verticalVariance","1.998","metros","Medido","Desvio padrao das alturas dos nos/salas entre pavimentos.","Valor acima de 0 indica que regras verticais geraram pavimentos conectados.","Verticalidade e suportada quando a gramatica inclui regras entre pavimentos."
18,2017,"01CF1927","Quantitativo","fillPercentage","35.95%","%","Medido","Celulas ocupadas por salas e corredores divididas pelo total do grid.","Indica densidade espacial da dungeon.","A densidade depende do numero de simbolos terminais, tamanhos das salas e comprimento dos corredores."
18,2017,"01CF1927","Quantitativo","branchFactor","2.16","media","Medido","Media de conexoes entre simbolos terminais derivados.","Valores maiores indicam mais derivacoes laterais, atalhos e variacao de fluxo.","Ramificacao e controlada por regras laterais e por regras de loop."
18,2017,"01CF1927","Quantitativo","avgPathLength","295.25","metros","Medido","Distancias calculadas sobre a estrutura terminal gerada pela gramatica.","Distancia media a partir da sala inicial.","Caminhos sao consequencia da ordem de derivacao, nao de busca posterior ou reparo."
18,2017,"01CF1927","Quantitativo","uniqueModules","41","contagem","Medido","Contagem de simbolos, regras logicas e prefabs usados pela montagem visual.","Indica variedade basica de composicao.","A variedade vem dos simbolos de entrada, sala, ramificacao, tesouro, armadilha, arena, saida e dos assets configurados."
18,2017,"01CF1927","Quantitativo","navigableVolumeRatio","100%","%","Estimado sem NavMesh","Estimativa logica de celulas navegaveis antes de NavMesh.","Use como estimativa inicial, nao como validacao fisica final.","A navegabilidade e estimada no grid logico; validacao fisica final ainda exige NavMesh."
18,2017,"01CF1927","Quantitativo","criticalPathLength","450","metros","Medido","Maior distancia encontrada a partir do simbolo inicial materializado.","Aproxima o percurso entre o simbolo inicial e o terminal mais distante.","A gramatica pode controlar um caminho principal longo por regras sequenciais."
18,2017,"01CF1927","Quantitativo","avgAlternativePathLength","28","metros","Medido","Media das regras de loop/atalho materializadas.","Ha caminhos alternativos mensuraveis.","Loops sao suportados apenas quando a gramatica inclui regras de retorno/atalho."
18,2017,"01CF1927","Booleano","SupportsRandomEnemySpawns","Sim, testado","sim/nao","Suportado","Verifica se o sistema de spawn usa salas/celulas geradas por simbolos terminais.","Sistema configurado e com orcamento ativo.","Spawns usam salas/celulas derivadas; balanceamento de combate ainda e camada de gameplay."
18,2017,"01CF1927","Booleano","SupportsLootDistribution","Sim, testado","sim/nao","Suportado","Verifica se loot pode ser distribuido sobre salas/celulas derivadas.","Sistema configurado e com orcamento ativo.","Loot pode usar simbolos Treasure ou salas derivadas, mas progressao economica exige regra complementar."
18,2017,"01CF1927","Booleano","SupportsTraps","Sim, testado","sim/nao","Suportado","Verifica se armadilhas podem ser marcadas em areas navegaveis.","Sistema configurado e com orcamento ativo.","Armadilhas podem usar simbolos Trap ou gargalos, mas pacing de desafio exige camada semantica."
18,2017,"01CF1927","Booleano","SupportsBacktrackingLoops","Sim","sim/nao","Medido","Conta execucoes em que regras de loop produziram ciclos navegaveis.","A dungeon possui loop para retorno/caminho alternativo.","Suporte nativo quando a gramatica inclui producoes de loop; nao precisa misturar outro algoritmo."
18,2017,"01CF1927","Booleano","SupportsVerticalConnectors","Sim","sim/nao","Medido","Conta execucoes com regras verticais materializadas entre pavimentos.","Parametro atendido quando regras verticais da propria gramatica foram materializadas.","Implementado por regras verticais da propria gramatica, sem BSP, Room Graph, WFC ou outro metodo."
18,2017,"01CF1927","Booleano","SupportsMultiFloor","Sim","sim/nao","Medido","Conta execucoes com mais de um pavimento conectado por regras verticais.","Parametro atendido quando a gramatica derivou pavimentos conectados.","Implementado por simbolos em pavimentos diferentes e producoes verticais entre eles."
18,2017,"01CF1927","Booleano","SupportsBossArena","Sim","sim/nao","Medido","Conta execucoes com regra de arena ou sala ampla acima da area minima configurada.","Existe ao menos uma sala grande o suficiente.","Suportado por uma regra terminal especifica de BossArena, com tamanho configuravel."
18,2017,"01CF1927","Booleano","SeedReproducible","Sim","sim/nao","Medido","Gera a mesma seed duas vezes e compara o hash topologico.","A seed reproduziu a mesma topologia.","O Grammar-Based Generation e deterministico quando todas as escolhas usam a mesma seed."
18,2017,"01CF1927","Booleano","RuntimeRegeneration","Sim","sim/nao","Medido","Conta execucoes abaixo do limite de tempo configurado.","Tempo registrado: 59.593 ms.","O custo cresce com quantidade de simbolos, tentativas de embedding e numero de pavimentos."
18,2017,"01CF1927","Booleano","BudgetAwareSpawns","Sim","sim/nao","Suportado","Verifica se os orcamentos de inimigos, loot e armadilhas cabem nas celulas livres.","Orcamentos registrados: inimigos 10, loot 6, armadilhas 4.","Orcamentos sao aplicados apos a derivacao, sobre celulas livres."
18,2017,"01CF1927","Qualitativo","Replayability","5/5","Likert 1-5","Estimado automaticamente","Estimativa baseada na diversidade de hashes topologicos entre seeds.","Diversidade topologica: 100%.","A variacao entre seeds depende da escolha das producoes e da interpretacao espacial."
18,2017,"01CF1927","Qualitativo","Debuggability","5/5","Likert 1-5","Estimado automaticamente","Estimativa baseada na clareza das regras de producao e dos simbolos materializados.","A derivacao por regras facilita explicar por que cada sala existe.","A gramatica e facil de documentar porque cada resultado pode ser explicado por uma sequencia de regras."
18,2017,"01CF1927","Qualitativo","Flow","5/5","Likert 1-5","Estimado automaticamente","Estimativa baseada em conectividade, caminho critico e ramificacao.","Indica fluidez de navegacao esperada.","O controle de fluxo e uma vantagem forte, pois caminho principal, ramificacoes e loops sao regras explicitas."
18,2017,"01CF1927","Qualitativo","Legibility","5/5","Likert 1-5","Estimado automaticamente","Estimativa baseada em conectividade, densidade e legibilidade da derivacao espacial.","Indica se o layout tende a ser compreensivel.","A legibilidade depende da interpretacao espacial: regras claras podem gerar mapas confusos se o embedding ficar apertado."
18,2017,"01CF1927","Qualitativo","StructuralVariety","5/5","Likert 1-5","Estimado automaticamente","Estimativa baseada em quantidade de salas, modulos e loops.","Indica variedade estrutural dentro desta execucao.","A variedade estrutural depende do repertorio de producoes; aumentar a gramatica aumenta expressividade."
18,2017,"01CF1927","Performance","layoutGenerationMilliseconds","0.559","ms","Medido","Tempo para expandir regras, interpretar simbolos no grid e conectar derivacoes.","Representa o custo da expansao e interpretacao da gramatica.","Mede custo de expandir regras, posicionar simbolos e abrir corredores; compare separado da instanciacao Unity."
18,2017,"01CF1927","Performance","geometryInstantiationMilliseconds","56.539","ms","Medido","Tempo gasto instanciando prefabs/objetos visuais quando habilitado.","A execucao incluiu custo visual.","Custo visual depende dos prefabs/Unity, nao do Grammar-Based Generation puro."
18,2017,"01CF1927","Performance","metricsCalculationMilliseconds","2.493","ms","Medido","Tempo para calcular e consolidar metricas apos a geracao.","Ajuda a quantificar custo da instrumentacao.","Custo da instrumentacao, nao do algoritmo."
18,2017,"01CF1927","Performance","totalGenerationMilliseconds","59.593","ms","Medido","Tempo total medido da execucao.","Inclui layout, instanciacao visual habilitada e calculo de metricas.","Inclui layout, instanciacao visual e metricas; use junto com o tempo logico."
18,2017,"01CF1927","Performance","generatedGameObjectCount","3996","contagem","Medido","Quantidade de GameObjects criados durante a montagem visual.","Indica peso potencial de instanciacao no Unity.","Reflete peso da montagem visual da cena derivada."
18,2017,"01CF1927","Performance","occupiedCellCount","2945","contagem","Medido","Quantidade de celulas ocupadas no grid logico.","Proxy de escala espacial da dungeon.","Proxy de escala espacial resultante dos simbolos e corredores materializados."
18,2017,"01CF1927","Performance","connectionCount","27","contagem","Medido","Quantidade de conexoes criadas por regras sequenciais, laterais, loops e verticalidade.","Reflete a complexidade topologica resultante das regras de producao.","Metrica natural para a gramatica, pois corresponde ao numero de relacoes materializadas entre simbolos."
18,2017,"01CF1927","Performance","managedMemoryDeltaKB","2908","KB","Estimado","Variacao aproximada de memoria gerenciada durante a execucao.","Valor aproximado, sensivel a GC e ao estado do Editor.","Estimativa sujeita ao GC da Unity; use como indicio comparativo."
19,2018,"3C215FB6","Quantitativo","numRoomsTarget","28","contagem","Medido","Contagem de simbolos terminais da gramatica materializados como salas.","Indica quantos simbolos terminais da gramatica viraram salas no grid.","A gramatica controla quantidade por regras de caminho principal, ramificacoes e terminais; a interpretacao espacial pode descartar simbolos se nao houver espaco."
19,2018,"3C215FB6","Quantitativo","connectivityRatio","100%","%","Medido","Busca sobre as conexoes derivadas pelas regras sequenciais, de ramificacao, loop e verticalidade.","Mostra se a derivacao sequencial e suas ramificacoes permaneceram conectadas.","A sequencia derivada tende a ser conectada porque cada simbolo nasce de um simbolo anterior; falhas indicam limitacao de embedding espacial."
19,2018,"3C215FB6","Quantitativo","verticalVariance","1.954","metros","Medido","Desvio padrao das alturas dos nos/salas entre pavimentos.","Valor acima de 0 indica que regras verticais geraram pavimentos conectados.","Verticalidade e suportada quando a gramatica inclui regras entre pavimentos."
19,2018,"3C215FB6","Quantitativo","fillPercentage","47.44%","%","Medido","Celulas ocupadas por salas e corredores divididas pelo total do grid.","Indica densidade espacial da dungeon.","A densidade depende do numero de simbolos terminais, tamanhos das salas e comprimento dos corredores."
19,2018,"3C215FB6","Quantitativo","branchFactor","2.071","media","Medido","Media de conexoes entre simbolos terminais derivados.","Valores maiores indicam mais derivacoes laterais, atalhos e variacao de fluxo.","Ramificacao e controlada por regras laterais e por regras de loop."
19,2018,"3C215FB6","Quantitativo","avgPathLength","168.148","metros","Medido","Distancias calculadas sobre a estrutura terminal gerada pela gramatica.","Distancia media a partir da sala inicial.","Caminhos sao consequencia da ordem de derivacao, nao de busca posterior ou reparo."
19,2018,"3C215FB6","Quantitativo","uniqueModules","44","contagem","Medido","Contagem de simbolos, regras logicas e prefabs usados pela montagem visual.","Indica variedade basica de composicao.","A variedade vem dos simbolos de entrada, sala, ramificacao, tesouro, armadilha, arena, saida e dos assets configurados."
19,2018,"3C215FB6","Quantitativo","navigableVolumeRatio","100%","%","Estimado sem NavMesh","Estimativa logica de celulas navegaveis antes de NavMesh.","Use como estimativa inicial, nao como validacao fisica final.","A navegabilidade e estimada no grid logico; validacao fisica final ainda exige NavMesh."
19,2018,"3C215FB6","Quantitativo","criticalPathLength","358","metros","Medido","Maior distancia encontrada a partir do simbolo inicial materializado.","Aproxima o percurso entre o simbolo inicial e o terminal mais distante.","A gramatica pode controlar um caminho principal longo por regras sequenciais."
19,2018,"3C215FB6","Quantitativo","avgAlternativePathLength","19","metros","Medido","Media das regras de loop/atalho materializadas.","Ha caminhos alternativos mensuraveis.","Loops sao suportados apenas quando a gramatica inclui regras de retorno/atalho."
19,2018,"3C215FB6","Booleano","SupportsRandomEnemySpawns","Sim, testado","sim/nao","Suportado","Verifica se o sistema de spawn usa salas/celulas geradas por simbolos terminais.","Sistema configurado e com orcamento ativo.","Spawns usam salas/celulas derivadas; balanceamento de combate ainda e camada de gameplay."
19,2018,"3C215FB6","Booleano","SupportsLootDistribution","Sim, testado","sim/nao","Suportado","Verifica se loot pode ser distribuido sobre salas/celulas derivadas.","Sistema configurado e com orcamento ativo.","Loot pode usar simbolos Treasure ou salas derivadas, mas progressao economica exige regra complementar."
19,2018,"3C215FB6","Booleano","SupportsTraps","Sim, testado","sim/nao","Suportado","Verifica se armadilhas podem ser marcadas em areas navegaveis.","Sistema configurado e com orcamento ativo.","Armadilhas podem usar simbolos Trap ou gargalos, mas pacing de desafio exige camada semantica."
19,2018,"3C215FB6","Booleano","SupportsBacktrackingLoops","Sim","sim/nao","Medido","Conta execucoes em que regras de loop produziram ciclos navegaveis.","A dungeon possui loop para retorno/caminho alternativo.","Suporte nativo quando a gramatica inclui producoes de loop; nao precisa misturar outro algoritmo."
19,2018,"3C215FB6","Booleano","SupportsVerticalConnectors","Sim","sim/nao","Medido","Conta execucoes com regras verticais materializadas entre pavimentos.","Parametro atendido quando regras verticais da propria gramatica foram materializadas.","Implementado por regras verticais da propria gramatica, sem BSP, Room Graph, WFC ou outro metodo."
19,2018,"3C215FB6","Booleano","SupportsMultiFloor","Sim","sim/nao","Medido","Conta execucoes com mais de um pavimento conectado por regras verticais.","Parametro atendido quando a gramatica derivou pavimentos conectados.","Implementado por simbolos em pavimentos diferentes e producoes verticais entre eles."
19,2018,"3C215FB6","Booleano","SupportsBossArena","Sim","sim/nao","Medido","Conta execucoes com regra de arena ou sala ampla acima da area minima configurada.","Existe ao menos uma sala grande o suficiente.","Suportado por uma regra terminal especifica de BossArena, com tamanho configuravel."
19,2018,"3C215FB6","Booleano","SeedReproducible","Sim","sim/nao","Medido","Gera a mesma seed duas vezes e compara o hash topologico.","A seed reproduziu a mesma topologia.","O Grammar-Based Generation e deterministico quando todas as escolhas usam a mesma seed."
19,2018,"3C215FB6","Booleano","RuntimeRegeneration","Sim","sim/nao","Medido","Conta execucoes abaixo do limite de tempo configurado.","Tempo registrado: 60.418 ms.","O custo cresce com quantidade de simbolos, tentativas de embedding e numero de pavimentos."
19,2018,"3C215FB6","Booleano","BudgetAwareSpawns","Sim","sim/nao","Suportado","Verifica se os orcamentos de inimigos, loot e armadilhas cabem nas celulas livres.","Orcamentos registrados: inimigos 10, loot 6, armadilhas 4.","Orcamentos sao aplicados apos a derivacao, sobre celulas livres."
19,2018,"3C215FB6","Qualitativo","Replayability","5/5","Likert 1-5","Estimado automaticamente","Estimativa baseada na diversidade de hashes topologicos entre seeds.","Diversidade topologica: 100%.","A variacao entre seeds depende da escolha das producoes e da interpretacao espacial."
19,2018,"3C215FB6","Qualitativo","Debuggability","5/5","Likert 1-5","Estimado automaticamente","Estimativa baseada na clareza das regras de producao e dos simbolos materializados.","A derivacao por regras facilita explicar por que cada sala existe.","A gramatica e facil de documentar porque cada resultado pode ser explicado por uma sequencia de regras."
19,2018,"3C215FB6","Qualitativo","Flow","5/5","Likert 1-5","Estimado automaticamente","Estimativa baseada em conectividade, caminho critico e ramificacao.","Indica fluidez de navegacao esperada.","O controle de fluxo e uma vantagem forte, pois caminho principal, ramificacoes e loops sao regras explicitas."
19,2018,"3C215FB6","Qualitativo","Legibility","4/5","Likert 1-5","Estimado automaticamente","Estimativa baseada em conectividade, densidade e legibilidade da derivacao espacial.","Indica se o layout tende a ser compreensivel.","A legibilidade depende da interpretacao espacial: regras claras podem gerar mapas confusos se o embedding ficar apertado."
19,2018,"3C215FB6","Qualitativo","StructuralVariety","5/5","Likert 1-5","Estimado automaticamente","Estimativa baseada em quantidade de salas, modulos e loops.","Indica variedade estrutural dentro desta execucao.","A variedade estrutural depende do repertorio de producoes; aumentar a gramatica aumenta expressividade."
19,2018,"3C215FB6","Performance","layoutGenerationMilliseconds","0.749","ms","Medido","Tempo para expandir regras, interpretar simbolos no grid e conectar derivacoes.","Representa o custo da expansao e interpretacao da gramatica.","Mede custo de expandir regras, posicionar simbolos e abrir corredores; compare separado da instanciacao Unity."
19,2018,"3C215FB6","Performance","geometryInstantiationMilliseconds","57.928","ms","Medido","Tempo gasto instanciando prefabs/objetos visuais quando habilitado.","A execucao incluiu custo visual.","Custo visual depende dos prefabs/Unity, nao do Grammar-Based Generation puro."
19,2018,"3C215FB6","Performance","metricsCalculationMilliseconds","1.739","ms","Medido","Tempo para calcular e consolidar metricas apos a geracao.","Ajuda a quantificar custo da instrumentacao.","Custo da instrumentacao, nao do algoritmo."
19,2018,"3C215FB6","Performance","totalGenerationMilliseconds","60.418","ms","Medido","Tempo total medido da execucao.","Inclui layout, instanciacao visual habilitada e calculo de metricas.","Inclui layout, instanciacao visual e metricas; use junto com o tempo logico."
19,2018,"3C215FB6","Performance","generatedGameObjectCount","5240","contagem","Medido","Quantidade de GameObjects criados durante a montagem visual.","Indica peso potencial de instanciacao no Unity.","Reflete peso da montagem visual da cena derivada."
19,2018,"3C215FB6","Performance","occupiedCellCount","3886","contagem","Medido","Quantidade de celulas ocupadas no grid logico.","Proxy de escala espacial da dungeon.","Proxy de escala espacial resultante dos simbolos e corredores materializados."
19,2018,"3C215FB6","Performance","connectionCount","29","contagem","Medido","Quantidade de conexoes criadas por regras sequenciais, laterais, loops e verticalidade.","Reflete a complexidade topologica resultante das regras de producao.","Metrica natural para a gramatica, pois corresponde ao numero de relacoes materializadas entre simbolos."
19,2018,"3C215FB6","Performance","managedMemoryDeltaKB","3788","KB","Estimado","Variacao aproximada de memoria gerenciada durante a execucao.","Valor aproximado, sensivel a GC e ao estado do Editor.","Estimativa sujeita ao GC da Unity; use como indicio comparativo."
20,2019,"695EA350","Quantitativo","numRoomsTarget","27","contagem","Medido","Contagem de simbolos terminais da gramatica materializados como salas.","Indica quantos simbolos terminais da gramatica viraram salas no grid.","A gramatica controla quantidade por regras de caminho principal, ramificacoes e terminais; a interpretacao espacial pode descartar simbolos se nao houver espaco."
20,2019,"695EA350","Quantitativo","connectivityRatio","100%","%","Medido","Busca sobre as conexoes derivadas pelas regras sequenciais, de ramificacao, loop e verticalidade.","Mostra se a derivacao sequencial e suas ramificacoes permaneceram conectadas.","A sequencia derivada tende a ser conectada porque cada simbolo nasce de um simbolo anterior; falhas indicam limitacao de embedding espacial."
20,2019,"695EA350","Quantitativo","verticalVariance","1.965","metros","Medido","Desvio padrao das alturas dos nos/salas entre pavimentos.","Valor acima de 0 indica que regras verticais geraram pavimentos conectados.","Verticalidade e suportada quando a gramatica inclui regras entre pavimentos."
20,2019,"695EA350","Quantitativo","fillPercentage","38.18%","%","Medido","Celulas ocupadas por salas e corredores divididas pelo total do grid.","Indica densidade espacial da dungeon.","A densidade depende do numero de simbolos terminais, tamanhos das salas e comprimento dos corredores."
20,2019,"695EA350","Quantitativo","branchFactor","1.926","media","Medido","Media de conexoes entre simbolos terminais derivados.","Valores maiores indicam mais derivacoes laterais, atalhos e variacao de fluxo.","Ramificacao e controlada por regras laterais e por regras de loop."
20,2019,"695EA350","Quantitativo","avgPathLength","230.462","metros","Medido","Distancias calculadas sobre a estrutura terminal gerada pela gramatica.","Distancia media a partir da sala inicial.","Caminhos sao consequencia da ordem de derivacao, nao de busca posterior ou reparo."
20,2019,"695EA350","Quantitativo","uniqueModules","41","contagem","Medido","Contagem de simbolos, regras logicas e prefabs usados pela montagem visual.","Indica variedade basica de composicao.","A variedade vem dos simbolos de entrada, sala, ramificacao, tesouro, armadilha, arena, saida e dos assets configurados."
20,2019,"695EA350","Quantitativo","navigableVolumeRatio","100%","%","Estimado sem NavMesh","Estimativa logica de celulas navegaveis antes de NavMesh.","Use como estimativa inicial, nao como validacao fisica final.","A navegabilidade e estimada no grid logico; validacao fisica final ainda exige NavMesh."
20,2019,"695EA350","Quantitativo","criticalPathLength","432","metros","Medido","Maior distancia encontrada a partir do simbolo inicial materializado.","Aproxima o percurso entre o simbolo inicial e o terminal mais distante.","A gramatica pode controlar um caminho principal longo por regras sequenciais."
20,2019,"695EA350","Quantitativo","avgAlternativePathLength","0","metros","Medido","Media das regras de loop/atalho materializadas.","Nao houve caminho alternativo nesta execucao.","Loops sao suportados apenas quando a gramatica inclui regras de retorno/atalho."
20,2019,"695EA350","Booleano","SupportsRandomEnemySpawns","Sim, testado","sim/nao","Suportado","Verifica se o sistema de spawn usa salas/celulas geradas por simbolos terminais.","Sistema configurado e com orcamento ativo.","Spawns usam salas/celulas derivadas; balanceamento de combate ainda e camada de gameplay."
20,2019,"695EA350","Booleano","SupportsLootDistribution","Sim, testado","sim/nao","Suportado","Verifica se loot pode ser distribuido sobre salas/celulas derivadas.","Sistema configurado e com orcamento ativo.","Loot pode usar simbolos Treasure ou salas derivadas, mas progressao economica exige regra complementar."
20,2019,"695EA350","Booleano","SupportsTraps","Sim, testado","sim/nao","Suportado","Verifica se armadilhas podem ser marcadas em areas navegaveis.","Sistema configurado e com orcamento ativo.","Armadilhas podem usar simbolos Trap ou gargalos, mas pacing de desafio exige camada semantica."
20,2019,"695EA350","Booleano","SupportsBacktrackingLoops","Nao","sim/nao","Medido","Conta execucoes em que regras de loop produziram ciclos navegaveis.","A dungeon ficou mais linear nesta execucao.","Suporte nativo quando a gramatica inclui producoes de loop; nao precisa misturar outro algoritmo."
20,2019,"695EA350","Booleano","SupportsVerticalConnectors","Sim","sim/nao","Medido","Conta execucoes com regras verticais materializadas entre pavimentos.","Parametro atendido quando regras verticais da propria gramatica foram materializadas.","Implementado por regras verticais da propria gramatica, sem BSP, Room Graph, WFC ou outro metodo."
20,2019,"695EA350","Booleano","SupportsMultiFloor","Sim","sim/nao","Medido","Conta execucoes com mais de um pavimento conectado por regras verticais.","Parametro atendido quando a gramatica derivou pavimentos conectados.","Implementado por simbolos em pavimentos diferentes e producoes verticais entre eles."
20,2019,"695EA350","Booleano","SupportsBossArena","Sim","sim/nao","Medido","Conta execucoes com regra de arena ou sala ampla acima da area minima configurada.","Existe ao menos uma sala grande o suficiente.","Suportado por uma regra terminal especifica de BossArena, com tamanho configuravel."
20,2019,"695EA350","Booleano","SeedReproducible","Sim","sim/nao","Medido","Gera a mesma seed duas vezes e compara o hash topologico.","A seed reproduziu a mesma topologia.","O Grammar-Based Generation e deterministico quando todas as escolhas usam a mesma seed."
20,2019,"695EA350","Booleano","RuntimeRegeneration","Sim","sim/nao","Medido","Conta execucoes abaixo do limite de tempo configurado.","Tempo registrado: 49.471 ms.","O custo cresce com quantidade de simbolos, tentativas de embedding e numero de pavimentos."
20,2019,"695EA350","Booleano","BudgetAwareSpawns","Sim","sim/nao","Suportado","Verifica se os orcamentos de inimigos, loot e armadilhas cabem nas celulas livres.","Orcamentos registrados: inimigos 10, loot 6, armadilhas 4.","Orcamentos sao aplicados apos a derivacao, sobre celulas livres."
20,2019,"695EA350","Qualitativo","Replayability","5/5","Likert 1-5","Estimado automaticamente","Estimativa baseada na diversidade de hashes topologicos entre seeds.","Diversidade topologica: 100%.","A variacao entre seeds depende da escolha das producoes e da interpretacao espacial."
20,2019,"695EA350","Qualitativo","Debuggability","5/5","Likert 1-5","Estimado automaticamente","Estimativa baseada na clareza das regras de producao e dos simbolos materializados.","A derivacao por regras facilita explicar por que cada sala existe.","A gramatica e facil de documentar porque cada resultado pode ser explicado por uma sequencia de regras."
20,2019,"695EA350","Qualitativo","Flow","5/5","Likert 1-5","Estimado automaticamente","Estimativa baseada em conectividade, caminho critico e ramificacao.","Indica fluidez de navegacao esperada.","O controle de fluxo e uma vantagem forte, pois caminho principal, ramificacoes e loops sao regras explicitas."
20,2019,"695EA350","Qualitativo","Legibility","5/5","Likert 1-5","Estimado automaticamente","Estimativa baseada em conectividade, densidade e legibilidade da derivacao espacial.","Indica se o layout tende a ser compreensivel.","A legibilidade depende da interpretacao espacial: regras claras podem gerar mapas confusos se o embedding ficar apertado."
20,2019,"695EA350","Qualitativo","StructuralVariety","4/5","Likert 1-5","Estimado automaticamente","Estimativa baseada em quantidade de salas, modulos e loops.","Indica variedade estrutural dentro desta execucao.","A variedade estrutural depende do repertorio de producoes; aumentar a gramatica aumenta expressividade."
20,2019,"695EA350","Performance","layoutGenerationMilliseconds","0.835","ms","Medido","Tempo para expandir regras, interpretar simbolos no grid e conectar derivacoes.","Representa o custo da expansao e interpretacao da gramatica.","Mede custo de expandir regras, posicionar simbolos e abrir corredores; compare separado da instanciacao Unity."
20,2019,"695EA350","Performance","geometryInstantiationMilliseconds","47.269","ms","Medido","Tempo gasto instanciando prefabs/objetos visuais quando habilitado.","A execucao incluiu custo visual.","Custo visual depende dos prefabs/Unity, nao do Grammar-Based Generation puro."
20,2019,"695EA350","Performance","metricsCalculationMilliseconds","1.364","ms","Medido","Tempo para calcular e consolidar metricas apos a geracao.","Ajuda a quantificar custo da instrumentacao.","Custo da instrumentacao, nao do algoritmo."
20,2019,"695EA350","Performance","totalGenerationMilliseconds","49.471","ms","Medido","Tempo total medido da execucao.","Inclui layout, instanciacao visual habilitada e calculo de metricas.","Inclui layout, instanciacao visual e metricas; use junto com o tempo logico."
20,2019,"695EA350","Performance","generatedGameObjectCount","4390","contagem","Medido","Quantidade de GameObjects criados durante a montagem visual.","Indica peso potencial de instanciacao no Unity.","Reflete peso da montagem visual da cena derivada."
20,2019,"695EA350","Performance","occupiedCellCount","3128","contagem","Medido","Quantidade de celulas ocupadas no grid logico.","Proxy de escala espacial da dungeon.","Proxy de escala espacial resultante dos simbolos e corredores materializados."
20,2019,"695EA350","Performance","connectionCount","26","contagem","Medido","Quantidade de conexoes criadas por regras sequenciais, laterais, loops e verticalidade.","Reflete a complexidade topologica resultante das regras de producao.","Metrica natural para a gramatica, pois corresponde ao numero de relacoes materializadas entre simbolos."
20,2019,"695EA350","Performance","managedMemoryDeltaKB","3108","KB","Estimado","Variacao aproximada de memoria gerenciada durante a execucao.","Valor aproximado, sensivel a GC e ao estado do Editor.","Estimativa sujeita ao GC da Unity; use como indicio comparativo."
21,2020,"5A5BECCF","Quantitativo","numRoomsTarget","24","contagem","Medido","Contagem de simbolos terminais da gramatica materializados como salas.","Indica quantos simbolos terminais da gramatica viraram salas no grid.","A gramatica controla quantidade por regras de caminho principal, ramificacoes e terminais; a interpretacao espacial pode descartar simbolos se nao houver espaco."
21,2020,"5A5BECCF","Quantitativo","connectivityRatio","100%","%","Medido","Busca sobre as conexoes derivadas pelas regras sequenciais, de ramificacao, loop e verticalidade.","Mostra se a derivacao sequencial e suas ramificacoes permaneceram conectadas.","A sequencia derivada tende a ser conectada porque cada simbolo nasce de um simbolo anterior; falhas indicam limitacao de embedding espacial."
21,2020,"5A5BECCF","Quantitativo","verticalVariance","1.936","metros","Medido","Desvio padrao das alturas dos nos/salas entre pavimentos.","Valor acima de 0 indica que regras verticais geraram pavimentos conectados.","Verticalidade e suportada quando a gramatica inclui regras entre pavimentos."
21,2020,"5A5BECCF","Quantitativo","fillPercentage","37.88%","%","Medido","Celulas ocupadas por salas e corredores divididas pelo total do grid.","Indica densidade espacial da dungeon.","A densidade depende do numero de simbolos terminais, tamanhos das salas e comprimento dos corredores."
21,2020,"5A5BECCF","Quantitativo","branchFactor","2.083","media","Medido","Media de conexoes entre simbolos terminais derivados.","Valores maiores indicam mais derivacoes laterais, atalhos e variacao de fluxo.","Ramificacao e controlada por regras laterais e por regras de loop."
21,2020,"5A5BECCF","Quantitativo","avgPathLength","157.565","metros","Medido","Distancias calculadas sobre a estrutura terminal gerada pela gramatica.","Distancia media a partir da sala inicial.","Caminhos sao consequencia da ordem de derivacao, nao de busca posterior ou reparo."
21,2020,"5A5BECCF","Quantitativo","uniqueModules","43","contagem","Medido","Contagem de simbolos, regras logicas e prefabs usados pela montagem visual.","Indica variedade basica de composicao.","A variedade vem dos simbolos de entrada, sala, ramificacao, tesouro, armadilha, arena, saida e dos assets configurados."
21,2020,"5A5BECCF","Quantitativo","navigableVolumeRatio","100%","%","Estimado sem NavMesh","Estimativa logica de celulas navegaveis antes de NavMesh.","Use como estimativa inicial, nao como validacao fisica final.","A navegabilidade e estimada no grid logico; validacao fisica final ainda exige NavMesh."
21,2020,"5A5BECCF","Quantitativo","criticalPathLength","334","metros","Medido","Maior distancia encontrada a partir do simbolo inicial materializado.","Aproxima o percurso entre o simbolo inicial e o terminal mais distante.","A gramatica pode controlar um caminho principal longo por regras sequenciais."
21,2020,"5A5BECCF","Quantitativo","avgAlternativePathLength","45","metros","Medido","Media das regras de loop/atalho materializadas.","Ha caminhos alternativos mensuraveis.","Loops sao suportados apenas quando a gramatica inclui regras de retorno/atalho."
21,2020,"5A5BECCF","Booleano","SupportsRandomEnemySpawns","Sim, testado","sim/nao","Suportado","Verifica se o sistema de spawn usa salas/celulas geradas por simbolos terminais.","Sistema configurado e com orcamento ativo.","Spawns usam salas/celulas derivadas; balanceamento de combate ainda e camada de gameplay."
21,2020,"5A5BECCF","Booleano","SupportsLootDistribution","Sim, testado","sim/nao","Suportado","Verifica se loot pode ser distribuido sobre salas/celulas derivadas.","Sistema configurado e com orcamento ativo.","Loot pode usar simbolos Treasure ou salas derivadas, mas progressao economica exige regra complementar."
21,2020,"5A5BECCF","Booleano","SupportsTraps","Sim, testado","sim/nao","Suportado","Verifica se armadilhas podem ser marcadas em areas navegaveis.","Sistema configurado e com orcamento ativo.","Armadilhas podem usar simbolos Trap ou gargalos, mas pacing de desafio exige camada semantica."
21,2020,"5A5BECCF","Booleano","SupportsBacktrackingLoops","Sim","sim/nao","Medido","Conta execucoes em que regras de loop produziram ciclos navegaveis.","A dungeon possui loop para retorno/caminho alternativo.","Suporte nativo quando a gramatica inclui producoes de loop; nao precisa misturar outro algoritmo."
21,2020,"5A5BECCF","Booleano","SupportsVerticalConnectors","Sim","sim/nao","Medido","Conta execucoes com regras verticais materializadas entre pavimentos.","Parametro atendido quando regras verticais da propria gramatica foram materializadas.","Implementado por regras verticais da propria gramatica, sem BSP, Room Graph, WFC ou outro metodo."
21,2020,"5A5BECCF","Booleano","SupportsMultiFloor","Sim","sim/nao","Medido","Conta execucoes com mais de um pavimento conectado por regras verticais.","Parametro atendido quando a gramatica derivou pavimentos conectados.","Implementado por simbolos em pavimentos diferentes e producoes verticais entre eles."
21,2020,"5A5BECCF","Booleano","SupportsBossArena","Sim","sim/nao","Medido","Conta execucoes com regra de arena ou sala ampla acima da area minima configurada.","Existe ao menos uma sala grande o suficiente.","Suportado por uma regra terminal especifica de BossArena, com tamanho configuravel."
21,2020,"5A5BECCF","Booleano","SeedReproducible","Sim","sim/nao","Medido","Gera a mesma seed duas vezes e compara o hash topologico.","A seed reproduziu a mesma topologia.","O Grammar-Based Generation e deterministico quando todas as escolhas usam a mesma seed."
21,2020,"5A5BECCF","Booleano","RuntimeRegeneration","Sim","sim/nao","Medido","Conta execucoes abaixo do limite de tempo configurado.","Tempo registrado: 49.666 ms.","O custo cresce com quantidade de simbolos, tentativas de embedding e numero de pavimentos."
21,2020,"5A5BECCF","Booleano","BudgetAwareSpawns","Sim","sim/nao","Suportado","Verifica se os orcamentos de inimigos, loot e armadilhas cabem nas celulas livres.","Orcamentos registrados: inimigos 10, loot 6, armadilhas 4.","Orcamentos sao aplicados apos a derivacao, sobre celulas livres."
21,2020,"5A5BECCF","Qualitativo","Replayability","5/5","Likert 1-5","Estimado automaticamente","Estimativa baseada na diversidade de hashes topologicos entre seeds.","Diversidade topologica: 100%.","A variacao entre seeds depende da escolha das producoes e da interpretacao espacial."
21,2020,"5A5BECCF","Qualitativo","Debuggability","5/5","Likert 1-5","Estimado automaticamente","Estimativa baseada na clareza das regras de producao e dos simbolos materializados.","A derivacao por regras facilita explicar por que cada sala existe.","A gramatica e facil de documentar porque cada resultado pode ser explicado por uma sequencia de regras."
21,2020,"5A5BECCF","Qualitativo","Flow","5/5","Likert 1-5","Estimado automaticamente","Estimativa baseada em conectividade, caminho critico e ramificacao.","Indica fluidez de navegacao esperada.","O controle de fluxo e uma vantagem forte, pois caminho principal, ramificacoes e loops sao regras explicitas."
21,2020,"5A5BECCF","Qualitativo","Legibility","5/5","Likert 1-5","Estimado automaticamente","Estimativa baseada em conectividade, densidade e legibilidade da derivacao espacial.","Indica se o layout tende a ser compreensivel.","A legibilidade depende da interpretacao espacial: regras claras podem gerar mapas confusos se o embedding ficar apertado."
21,2020,"5A5BECCF","Qualitativo","StructuralVariety","5/5","Likert 1-5","Estimado automaticamente","Estimativa baseada em quantidade de salas, modulos e loops.","Indica variedade estrutural dentro desta execucao.","A variedade estrutural depende do repertorio de producoes; aumentar a gramatica aumenta expressividade."
21,2020,"5A5BECCF","Performance","layoutGenerationMilliseconds","0.663","ms","Medido","Tempo para expandir regras, interpretar simbolos no grid e conectar derivacoes.","Representa o custo da expansao e interpretacao da gramatica.","Mede custo de expandir regras, posicionar simbolos e abrir corredores; compare separado da instanciacao Unity."
21,2020,"5A5BECCF","Performance","geometryInstantiationMilliseconds","47.283","ms","Medido","Tempo gasto instanciando prefabs/objetos visuais quando habilitado.","A execucao incluiu custo visual.","Custo visual depende dos prefabs/Unity, nao do Grammar-Based Generation puro."
21,2020,"5A5BECCF","Performance","metricsCalculationMilliseconds","1.717","ms","Medido","Tempo para calcular e consolidar metricas apos a geracao.","Ajuda a quantificar custo da instrumentacao.","Custo da instrumentacao, nao do algoritmo."
21,2020,"5A5BECCF","Performance","totalGenerationMilliseconds","49.666","ms","Medido","Tempo total medido da execucao.","Inclui layout, instanciacao visual habilitada e calculo de metricas.","Inclui layout, instanciacao visual e metricas; use junto com o tempo logico."
21,2020,"5A5BECCF","Performance","generatedGameObjectCount","4159","contagem","Medido","Quantidade de GameObjects criados durante a montagem visual.","Indica peso potencial de instanciacao no Unity.","Reflete peso da montagem visual da cena derivada."
21,2020,"5A5BECCF","Performance","occupiedCellCount","3103","contagem","Medido","Quantidade de celulas ocupadas no grid logico.","Proxy de escala espacial da dungeon.","Proxy de escala espacial resultante dos simbolos e corredores materializados."
21,2020,"5A5BECCF","Performance","connectionCount","25","contagem","Medido","Quantidade de conexoes criadas por regras sequenciais, laterais, loops e verticalidade.","Reflete a complexidade topologica resultante das regras de producao.","Metrica natural para a gramatica, pois corresponde ao numero de relacoes materializadas entre simbolos."
21,2020,"5A5BECCF","Performance","managedMemoryDeltaKB","3088","KB","Estimado","Variacao aproximada de memoria gerenciada durante a execucao.","Valor aproximado, sensivel a GC e ao estado do Editor.","Estimativa sujeita ao GC da Unity; use como indicio comparativo."
22,2021,"8818AC49","Quantitativo","numRoomsTarget","29","contagem","Medido","Contagem de simbolos terminais da gramatica materializados como salas.","Indica quantos simbolos terminais da gramatica viraram salas no grid.","A gramatica controla quantidade por regras de caminho principal, ramificacoes e terminais; a interpretacao espacial pode descartar simbolos se nao houver espaco."
22,2021,"8818AC49","Quantitativo","connectivityRatio","100%","%","Medido","Busca sobre as conexoes derivadas pelas regras sequenciais, de ramificacao, loop e verticalidade.","Mostra se a derivacao sequencial e suas ramificacoes permaneceram conectadas.","A sequencia derivada tende a ser conectada porque cada simbolo nasce de um simbolo anterior; falhas indicam limitacao de embedding espacial."
22,2021,"8818AC49","Quantitativo","verticalVariance","1.989","metros","Medido","Desvio padrao das alturas dos nos/salas entre pavimentos.","Valor acima de 0 indica que regras verticais geraram pavimentos conectados.","Verticalidade e suportada quando a gramatica inclui regras entre pavimentos."
22,2021,"8818AC49","Quantitativo","fillPercentage","47.19%","%","Medido","Celulas ocupadas por salas e corredores divididas pelo total do grid.","Indica densidade espacial da dungeon.","A densidade depende do numero de simbolos terminais, tamanhos das salas e comprimento dos corredores."
22,2021,"8818AC49","Quantitativo","branchFactor","2","media","Medido","Media de conexoes entre simbolos terminais derivados.","Valores maiores indicam mais derivacoes laterais, atalhos e variacao de fluxo.","Ramificacao e controlada por regras laterais e por regras de loop."
22,2021,"8818AC49","Quantitativo","avgPathLength","198.786","metros","Medido","Distancias calculadas sobre a estrutura terminal gerada pela gramatica.","Distancia media a partir da sala inicial.","Caminhos sao consequencia da ordem de derivacao, nao de busca posterior ou reparo."
22,2021,"8818AC49","Quantitativo","uniqueModules","44","contagem","Medido","Contagem de simbolos, regras logicas e prefabs usados pela montagem visual.","Indica variedade basica de composicao.","A variedade vem dos simbolos de entrada, sala, ramificacao, tesouro, armadilha, arena, saida e dos assets configurados."
22,2021,"8818AC49","Quantitativo","navigableVolumeRatio","100%","%","Estimado sem NavMesh","Estimativa logica de celulas navegaveis antes de NavMesh.","Use como estimativa inicial, nao como validacao fisica final.","A navegabilidade e estimada no grid logico; validacao fisica final ainda exige NavMesh."
22,2021,"8818AC49","Quantitativo","criticalPathLength","410","metros","Medido","Maior distancia encontrada a partir do simbolo inicial materializado.","Aproxima o percurso entre o simbolo inicial e o terminal mais distante.","A gramatica pode controlar um caminho principal longo por regras sequenciais."
22,2021,"8818AC49","Quantitativo","avgAlternativePathLength","10","metros","Medido","Media das regras de loop/atalho materializadas.","Ha caminhos alternativos mensuraveis.","Loops sao suportados apenas quando a gramatica inclui regras de retorno/atalho."
22,2021,"8818AC49","Booleano","SupportsRandomEnemySpawns","Sim, testado","sim/nao","Suportado","Verifica se o sistema de spawn usa salas/celulas geradas por simbolos terminais.","Sistema configurado e com orcamento ativo.","Spawns usam salas/celulas derivadas; balanceamento de combate ainda e camada de gameplay."
22,2021,"8818AC49","Booleano","SupportsLootDistribution","Sim, testado","sim/nao","Suportado","Verifica se loot pode ser distribuido sobre salas/celulas derivadas.","Sistema configurado e com orcamento ativo.","Loot pode usar simbolos Treasure ou salas derivadas, mas progressao economica exige regra complementar."
22,2021,"8818AC49","Booleano","SupportsTraps","Sim, testado","sim/nao","Suportado","Verifica se armadilhas podem ser marcadas em areas navegaveis.","Sistema configurado e com orcamento ativo.","Armadilhas podem usar simbolos Trap ou gargalos, mas pacing de desafio exige camada semantica."
22,2021,"8818AC49","Booleano","SupportsBacktrackingLoops","Sim","sim/nao","Medido","Conta execucoes em que regras de loop produziram ciclos navegaveis.","A dungeon possui loop para retorno/caminho alternativo.","Suporte nativo quando a gramatica inclui producoes de loop; nao precisa misturar outro algoritmo."
22,2021,"8818AC49","Booleano","SupportsVerticalConnectors","Sim","sim/nao","Medido","Conta execucoes com regras verticais materializadas entre pavimentos.","Parametro atendido quando regras verticais da propria gramatica foram materializadas.","Implementado por regras verticais da propria gramatica, sem BSP, Room Graph, WFC ou outro metodo."
22,2021,"8818AC49","Booleano","SupportsMultiFloor","Sim","sim/nao","Medido","Conta execucoes com mais de um pavimento conectado por regras verticais.","Parametro atendido quando a gramatica derivou pavimentos conectados.","Implementado por simbolos em pavimentos diferentes e producoes verticais entre eles."
22,2021,"8818AC49","Booleano","SupportsBossArena","Sim","sim/nao","Medido","Conta execucoes com regra de arena ou sala ampla acima da area minima configurada.","Existe ao menos uma sala grande o suficiente.","Suportado por uma regra terminal especifica de BossArena, com tamanho configuravel."
22,2021,"8818AC49","Booleano","SeedReproducible","Sim","sim/nao","Medido","Gera a mesma seed duas vezes e compara o hash topologico.","A seed reproduziu a mesma topologia.","O Grammar-Based Generation e deterministico quando todas as escolhas usam a mesma seed."
22,2021,"8818AC49","Booleano","RuntimeRegeneration","Sim","sim/nao","Medido","Conta execucoes abaixo do limite de tempo configurado.","Tempo registrado: 60.87 ms.","O custo cresce com quantidade de simbolos, tentativas de embedding e numero de pavimentos."
22,2021,"8818AC49","Booleano","BudgetAwareSpawns","Sim","sim/nao","Suportado","Verifica se os orcamentos de inimigos, loot e armadilhas cabem nas celulas livres.","Orcamentos registrados: inimigos 10, loot 6, armadilhas 4.","Orcamentos sao aplicados apos a derivacao, sobre celulas livres."
22,2021,"8818AC49","Qualitativo","Replayability","5/5","Likert 1-5","Estimado automaticamente","Estimativa baseada na diversidade de hashes topologicos entre seeds.","Diversidade topologica: 100%.","A variacao entre seeds depende da escolha das producoes e da interpretacao espacial."
22,2021,"8818AC49","Qualitativo","Debuggability","5/5","Likert 1-5","Estimado automaticamente","Estimativa baseada na clareza das regras de producao e dos simbolos materializados.","A derivacao por regras facilita explicar por que cada sala existe.","A gramatica e facil de documentar porque cada resultado pode ser explicado por uma sequencia de regras."
22,2021,"8818AC49","Qualitativo","Flow","5/5","Likert 1-5","Estimado automaticamente","Estimativa baseada em conectividade, caminho critico e ramificacao.","Indica fluidez de navegacao esperada.","O controle de fluxo e uma vantagem forte, pois caminho principal, ramificacoes e loops sao regras explicitas."
22,2021,"8818AC49","Qualitativo","Legibility","4/5","Likert 1-5","Estimado automaticamente","Estimativa baseada em conectividade, densidade e legibilidade da derivacao espacial.","Indica se o layout tende a ser compreensivel.","A legibilidade depende da interpretacao espacial: regras claras podem gerar mapas confusos se o embedding ficar apertado."
22,2021,"8818AC49","Qualitativo","StructuralVariety","5/5","Likert 1-5","Estimado automaticamente","Estimativa baseada em quantidade de salas, modulos e loops.","Indica variedade estrutural dentro desta execucao.","A variedade estrutural depende do repertorio de producoes; aumentar a gramatica aumenta expressividade."
22,2021,"8818AC49","Performance","layoutGenerationMilliseconds","0.693","ms","Medido","Tempo para expandir regras, interpretar simbolos no grid e conectar derivacoes.","Representa o custo da expansao e interpretacao da gramatica.","Mede custo de expandir regras, posicionar simbolos e abrir corredores; compare separado da instanciacao Unity."
22,2021,"8818AC49","Performance","geometryInstantiationMilliseconds","57.942","ms","Medido","Tempo gasto instanciando prefabs/objetos visuais quando habilitado.","A execucao incluiu custo visual.","Custo visual depende dos prefabs/Unity, nao do Grammar-Based Generation puro."
22,2021,"8818AC49","Performance","metricsCalculationMilliseconds","2.232","ms","Medido","Tempo para calcular e consolidar metricas apos a geracao.","Ajuda a quantificar custo da instrumentacao.","Custo da instrumentacao, nao do algoritmo."
22,2021,"8818AC49","Performance","totalGenerationMilliseconds","60.87","ms","Medido","Tempo total medido da execucao.","Inclui layout, instanciacao visual habilitada e calculo de metricas.","Inclui layout, instanciacao visual e metricas; use junto com o tempo logico."
22,2021,"8818AC49","Performance","generatedGameObjectCount","5146","contagem","Medido","Quantidade de GameObjects criados durante a montagem visual.","Indica peso potencial de instanciacao no Unity.","Reflete peso da montagem visual da cena derivada."
22,2021,"8818AC49","Performance","occupiedCellCount","3866","contagem","Medido","Quantidade de celulas ocupadas no grid logico.","Proxy de escala espacial da dungeon.","Proxy de escala espacial resultante dos simbolos e corredores materializados."
22,2021,"8818AC49","Performance","connectionCount","29","contagem","Medido","Quantidade de conexoes criadas por regras sequenciais, laterais, loops e verticalidade.","Reflete a complexidade topologica resultante das regras de producao.","Metrica natural para a gramatica, pois corresponde ao numero de relacoes materializadas entre simbolos."
22,2021,"8818AC49","Performance","managedMemoryDeltaKB","3776","KB","Estimado","Variacao aproximada de memoria gerenciada durante a execucao.","Valor aproximado, sensivel a GC e ao estado do Editor.","Estimativa sujeita ao GC da Unity; use como indicio comparativo."
23,2022,"48C9E73F","Quantitativo","numRoomsTarget","29","contagem","Medido","Contagem de simbolos terminais da gramatica materializados como salas.","Indica quantos simbolos terminais da gramatica viraram salas no grid.","A gramatica controla quantidade por regras de caminho principal, ramificacoes e terminais; a interpretacao espacial pode descartar simbolos se nao houver espaco."
23,2022,"48C9E73F","Quantitativo","connectivityRatio","93.1%","%","Medido","Busca sobre as conexoes derivadas pelas regras sequenciais, de ramificacao, loop e verticalidade.","Mostra se a derivacao sequencial e suas ramificacoes permaneceram conectadas.","A sequencia derivada tende a ser conectada porque cada simbolo nasce de um simbolo anterior; falhas indicam limitacao de embedding espacial."
23,2022,"48C9E73F","Quantitativo","verticalVariance","1.999","metros","Medido","Desvio padrao das alturas dos nos/salas entre pavimentos.","Valor acima de 0 indica que regras verticais geraram pavimentos conectados.","Verticalidade e suportada quando a gramatica inclui regras entre pavimentos."
23,2022,"48C9E73F","Quantitativo","fillPercentage","46.84%","%","Medido","Celulas ocupadas por salas e corredores divididas pelo total do grid.","Indica densidade espacial da dungeon.","A densidade depende do numero de simbolos terminais, tamanhos das salas e comprimento dos corredores."
23,2022,"48C9E73F","Quantitativo","branchFactor","1.931","media","Medido","Media de conexoes entre simbolos terminais derivados.","Valores maiores indicam mais derivacoes laterais, atalhos e variacao de fluxo.","Ramificacao e controlada por regras laterais e por regras de loop."
23,2022,"48C9E73F","Quantitativo","avgPathLength","269.077","metros","Medido","Distancias calculadas sobre a estrutura terminal gerada pela gramatica.","Distancia media a partir da sala inicial.","Caminhos sao consequencia da ordem de derivacao, nao de busca posterior ou reparo."
23,2022,"48C9E73F","Quantitativo","uniqueModules","45","contagem","Medido","Contagem de simbolos, regras logicas e prefabs usados pela montagem visual.","Indica variedade basica de composicao.","A variedade vem dos simbolos de entrada, sala, ramificacao, tesouro, armadilha, arena, saida e dos assets configurados."
23,2022,"48C9E73F","Quantitativo","navigableVolumeRatio","100%","%","Estimado sem NavMesh","Estimativa logica de celulas navegaveis antes de NavMesh.","Use como estimativa inicial, nao como validacao fisica final.","A navegabilidade e estimada no grid logico; validacao fisica final ainda exige NavMesh."
23,2022,"48C9E73F","Quantitativo","criticalPathLength","490","metros","Medido","Maior distancia encontrada a partir do simbolo inicial materializado.","Aproxima o percurso entre o simbolo inicial e o terminal mais distante.","A gramatica pode controlar um caminho principal longo por regras sequenciais."
23,2022,"48C9E73F","Quantitativo","avgAlternativePathLength","36","metros","Medido","Media das regras de loop/atalho materializadas.","Ha caminhos alternativos mensuraveis.","Loops sao suportados apenas quando a gramatica inclui regras de retorno/atalho."
23,2022,"48C9E73F","Booleano","SupportsRandomEnemySpawns","Sim, testado","sim/nao","Suportado","Verifica se o sistema de spawn usa salas/celulas geradas por simbolos terminais.","Sistema configurado e com orcamento ativo.","Spawns usam salas/celulas derivadas; balanceamento de combate ainda e camada de gameplay."
23,2022,"48C9E73F","Booleano","SupportsLootDistribution","Sim, testado","sim/nao","Suportado","Verifica se loot pode ser distribuido sobre salas/celulas derivadas.","Sistema configurado e com orcamento ativo.","Loot pode usar simbolos Treasure ou salas derivadas, mas progressao economica exige regra complementar."
23,2022,"48C9E73F","Booleano","SupportsTraps","Sim, testado","sim/nao","Suportado","Verifica se armadilhas podem ser marcadas em areas navegaveis.","Sistema configurado e com orcamento ativo.","Armadilhas podem usar simbolos Trap ou gargalos, mas pacing de desafio exige camada semantica."
23,2022,"48C9E73F","Booleano","SupportsBacktrackingLoops","Nao","sim/nao","Medido","Conta execucoes em que regras de loop produziram ciclos navegaveis.","A dungeon ficou mais linear nesta execucao.","Suporte nativo quando a gramatica inclui producoes de loop; nao precisa misturar outro algoritmo."
23,2022,"48C9E73F","Booleano","SupportsVerticalConnectors","Sim","sim/nao","Medido","Conta execucoes com regras verticais materializadas entre pavimentos.","Parametro atendido quando regras verticais da propria gramatica foram materializadas.","Implementado por regras verticais da propria gramatica, sem BSP, Room Graph, WFC ou outro metodo."
23,2022,"48C9E73F","Booleano","SupportsMultiFloor","Sim","sim/nao","Medido","Conta execucoes com mais de um pavimento conectado por regras verticais.","Parametro atendido quando a gramatica derivou pavimentos conectados.","Implementado por simbolos em pavimentos diferentes e producoes verticais entre eles."
23,2022,"48C9E73F","Booleano","SupportsBossArena","Sim","sim/nao","Medido","Conta execucoes com regra de arena ou sala ampla acima da area minima configurada.","Existe ao menos uma sala grande o suficiente.","Suportado por uma regra terminal especifica de BossArena, com tamanho configuravel."
23,2022,"48C9E73F","Booleano","SeedReproducible","Sim","sim/nao","Medido","Gera a mesma seed duas vezes e compara o hash topologico.","A seed reproduziu a mesma topologia.","O Grammar-Based Generation e deterministico quando todas as escolhas usam a mesma seed."
23,2022,"48C9E73F","Booleano","RuntimeRegeneration","Sim","sim/nao","Medido","Conta execucoes abaixo do limite de tempo configurado.","Tempo registrado: 63.839 ms.","O custo cresce com quantidade de simbolos, tentativas de embedding e numero de pavimentos."
23,2022,"48C9E73F","Booleano","BudgetAwareSpawns","Sim","sim/nao","Suportado","Verifica se os orcamentos de inimigos, loot e armadilhas cabem nas celulas livres.","Orcamentos registrados: inimigos 10, loot 6, armadilhas 4.","Orcamentos sao aplicados apos a derivacao, sobre celulas livres."
23,2022,"48C9E73F","Qualitativo","Replayability","5/5","Likert 1-5","Estimado automaticamente","Estimativa baseada na diversidade de hashes topologicos entre seeds.","Diversidade topologica: 100%.","A variacao entre seeds depende da escolha das producoes e da interpretacao espacial."
23,2022,"48C9E73F","Qualitativo","Debuggability","5/5","Likert 1-5","Estimado automaticamente","Estimativa baseada na clareza das regras de producao e dos simbolos materializados.","A derivacao por regras facilita explicar por que cada sala existe.","A gramatica e facil de documentar porque cada resultado pode ser explicado por uma sequencia de regras."
23,2022,"48C9E73F","Qualitativo","Flow","3/5","Likert 1-5","Estimado automaticamente","Estimativa baseada em conectividade, caminho critico e ramificacao.","Indica fluidez de navegacao esperada.","O controle de fluxo e uma vantagem forte, pois caminho principal, ramificacoes e loops sao regras explicitas."
23,2022,"48C9E73F","Qualitativo","Legibility","3/5","Likert 1-5","Estimado automaticamente","Estimativa baseada em conectividade, densidade e legibilidade da derivacao espacial.","Indica se o layout tende a ser compreensivel.","A legibilidade depende da interpretacao espacial: regras claras podem gerar mapas confusos se o embedding ficar apertado."
23,2022,"48C9E73F","Qualitativo","StructuralVariety","4/5","Likert 1-5","Estimado automaticamente","Estimativa baseada em quantidade de salas, modulos e loops.","Indica variedade estrutural dentro desta execucao.","A variedade estrutural depende do repertorio de producoes; aumentar a gramatica aumenta expressividade."
23,2022,"48C9E73F","Performance","layoutGenerationMilliseconds","0.763","ms","Medido","Tempo para expandir regras, interpretar simbolos no grid e conectar derivacoes.","Representa o custo da expansao e interpretacao da gramatica.","Mede custo de expandir regras, posicionar simbolos e abrir corredores; compare separado da instanciacao Unity."
23,2022,"48C9E73F","Performance","geometryInstantiationMilliseconds","61.237","ms","Medido","Tempo gasto instanciando prefabs/objetos visuais quando habilitado.","A execucao incluiu custo visual.","Custo visual depende dos prefabs/Unity, nao do Grammar-Based Generation puro."
23,2022,"48C9E73F","Performance","metricsCalculationMilliseconds","1.837","ms","Medido","Tempo para calcular e consolidar metricas apos a geracao.","Ajuda a quantificar custo da instrumentacao.","Custo da instrumentacao, nao do algoritmo."
23,2022,"48C9E73F","Performance","totalGenerationMilliseconds","63.839","ms","Medido","Tempo total medido da execucao.","Inclui layout, instanciacao visual habilitada e calculo de metricas.","Inclui layout, instanciacao visual e metricas; use junto com o tempo logico."
23,2022,"48C9E73F","Performance","generatedGameObjectCount","5179","contagem","Medido","Quantidade de GameObjects criados durante a montagem visual.","Indica peso potencial de instanciacao no Unity.","Reflete peso da montagem visual da cena derivada."
23,2022,"48C9E73F","Performance","occupiedCellCount","3837","contagem","Medido","Quantidade de celulas ocupadas no grid logico.","Proxy de escala espacial da dungeon.","Proxy de escala espacial resultante dos simbolos e corredores materializados."
23,2022,"48C9E73F","Performance","connectionCount","28","contagem","Medido","Quantidade de conexoes criadas por regras sequenciais, laterais, loops e verticalidade.","Reflete a complexidade topologica resultante das regras de producao.","Metrica natural para a gramatica, pois corresponde ao numero de relacoes materializadas entre simbolos."
23,2022,"48C9E73F","Performance","managedMemoryDeltaKB","3732","KB","Estimado","Variacao aproximada de memoria gerenciada durante a execucao.","Valor aproximado, sensivel a GC e ao estado do Editor.","Estimativa sujeita ao GC da Unity; use como indicio comparativo."
24,2023,"DF9DE621","Quantitativo","numRoomsTarget","28","contagem","Medido","Contagem de simbolos terminais da gramatica materializados como salas.","Indica quantos simbolos terminais da gramatica viraram salas no grid.","A gramatica controla quantidade por regras de caminho principal, ramificacoes e terminais; a interpretacao espacial pode descartar simbolos se nao houver espaco."
24,2023,"DF9DE621","Quantitativo","connectivityRatio","96.43%","%","Medido","Busca sobre as conexoes derivadas pelas regras sequenciais, de ramificacao, loop e verticalidade.","Mostra se a derivacao sequencial e suas ramificacoes permaneceram conectadas.","A sequencia derivada tende a ser conectada porque cada simbolo nasce de um simbolo anterior; falhas indicam limitacao de embedding espacial."
24,2023,"DF9DE621","Quantitativo","verticalVariance","1.995","metros","Medido","Desvio padrao das alturas dos nos/salas entre pavimentos.","Valor acima de 0 indica que regras verticais geraram pavimentos conectados.","Verticalidade e suportada quando a gramatica inclui regras entre pavimentos."
24,2023,"DF9DE621","Quantitativo","fillPercentage","48.63%","%","Medido","Celulas ocupadas por salas e corredores divididas pelo total do grid.","Indica densidade espacial da dungeon.","A densidade depende do numero de simbolos terminais, tamanhos das salas e comprimento dos corredores."
24,2023,"DF9DE621","Quantitativo","branchFactor","1.857","media","Medido","Media de conexoes entre simbolos terminais derivados.","Valores maiores indicam mais derivacoes laterais, atalhos e variacao de fluxo.","Ramificacao e controlada por regras laterais e por regras de loop."
24,2023,"DF9DE621","Quantitativo","avgPathLength","295.769","metros","Medido","Distancias calculadas sobre a estrutura terminal gerada pela gramatica.","Distancia media a partir da sala inicial.","Caminhos sao consequencia da ordem de derivacao, nao de busca posterior ou reparo."
24,2023,"DF9DE621","Quantitativo","uniqueModules","42","contagem","Medido","Contagem de simbolos, regras logicas e prefabs usados pela montagem visual.","Indica variedade basica de composicao.","A variedade vem dos simbolos de entrada, sala, ramificacao, tesouro, armadilha, arena, saida e dos assets configurados."
24,2023,"DF9DE621","Quantitativo","navigableVolumeRatio","100%","%","Estimado sem NavMesh","Estimativa logica de celulas navegaveis antes de NavMesh.","Use como estimativa inicial, nao como validacao fisica final.","A navegabilidade e estimada no grid logico; validacao fisica final ainda exige NavMesh."
24,2023,"DF9DE621","Quantitativo","criticalPathLength","536","metros","Medido","Maior distancia encontrada a partir do simbolo inicial materializado.","Aproxima o percurso entre o simbolo inicial e o terminal mais distante.","A gramatica pode controlar um caminho principal longo por regras sequenciais."
24,2023,"DF9DE621","Quantitativo","avgAlternativePathLength","0","metros","Medido","Media das regras de loop/atalho materializadas.","Nao houve caminho alternativo nesta execucao.","Loops sao suportados apenas quando a gramatica inclui regras de retorno/atalho."
24,2023,"DF9DE621","Booleano","SupportsRandomEnemySpawns","Sim, testado","sim/nao","Suportado","Verifica se o sistema de spawn usa salas/celulas geradas por simbolos terminais.","Sistema configurado e com orcamento ativo.","Spawns usam salas/celulas derivadas; balanceamento de combate ainda e camada de gameplay."
24,2023,"DF9DE621","Booleano","SupportsLootDistribution","Sim, testado","sim/nao","Suportado","Verifica se loot pode ser distribuido sobre salas/celulas derivadas.","Sistema configurado e com orcamento ativo.","Loot pode usar simbolos Treasure ou salas derivadas, mas progressao economica exige regra complementar."
24,2023,"DF9DE621","Booleano","SupportsTraps","Sim, testado","sim/nao","Suportado","Verifica se armadilhas podem ser marcadas em areas navegaveis.","Sistema configurado e com orcamento ativo.","Armadilhas podem usar simbolos Trap ou gargalos, mas pacing de desafio exige camada semantica."
24,2023,"DF9DE621","Booleano","SupportsBacktrackingLoops","Nao","sim/nao","Medido","Conta execucoes em que regras de loop produziram ciclos navegaveis.","A dungeon ficou mais linear nesta execucao.","Suporte nativo quando a gramatica inclui producoes de loop; nao precisa misturar outro algoritmo."
24,2023,"DF9DE621","Booleano","SupportsVerticalConnectors","Sim","sim/nao","Medido","Conta execucoes com regras verticais materializadas entre pavimentos.","Parametro atendido quando regras verticais da propria gramatica foram materializadas.","Implementado por regras verticais da propria gramatica, sem BSP, Room Graph, WFC ou outro metodo."
24,2023,"DF9DE621","Booleano","SupportsMultiFloor","Sim","sim/nao","Medido","Conta execucoes com mais de um pavimento conectado por regras verticais.","Parametro atendido quando a gramatica derivou pavimentos conectados.","Implementado por simbolos em pavimentos diferentes e producoes verticais entre eles."
24,2023,"DF9DE621","Booleano","SupportsBossArena","Sim","sim/nao","Medido","Conta execucoes com regra de arena ou sala ampla acima da area minima configurada.","Existe ao menos uma sala grande o suficiente.","Suportado por uma regra terminal especifica de BossArena, com tamanho configuravel."
24,2023,"DF9DE621","Booleano","SeedReproducible","Sim","sim/nao","Medido","Gera a mesma seed duas vezes e compara o hash topologico.","A seed reproduziu a mesma topologia.","O Grammar-Based Generation e deterministico quando todas as escolhas usam a mesma seed."
24,2023,"DF9DE621","Booleano","RuntimeRegeneration","Sim","sim/nao","Medido","Conta execucoes abaixo do limite de tempo configurado.","Tempo registrado: 64.736 ms.","O custo cresce com quantidade de simbolos, tentativas de embedding e numero de pavimentos."
24,2023,"DF9DE621","Booleano","BudgetAwareSpawns","Sim","sim/nao","Suportado","Verifica se os orcamentos de inimigos, loot e armadilhas cabem nas celulas livres.","Orcamentos registrados: inimigos 10, loot 6, armadilhas 4.","Orcamentos sao aplicados apos a derivacao, sobre celulas livres."
24,2023,"DF9DE621","Qualitativo","Replayability","5/5","Likert 1-5","Estimado automaticamente","Estimativa baseada na diversidade de hashes topologicos entre seeds.","Diversidade topologica: 100%.","A variacao entre seeds depende da escolha das producoes e da interpretacao espacial."
24,2023,"DF9DE621","Qualitativo","Debuggability","5/5","Likert 1-5","Estimado automaticamente","Estimativa baseada na clareza das regras de producao e dos simbolos materializados.","A derivacao por regras facilita explicar por que cada sala existe.","A gramatica e facil de documentar porque cada resultado pode ser explicado por uma sequencia de regras."
24,2023,"DF9DE621","Qualitativo","Flow","3/5","Likert 1-5","Estimado automaticamente","Estimativa baseada em conectividade, caminho critico e ramificacao.","Indica fluidez de navegacao esperada.","O controle de fluxo e uma vantagem forte, pois caminho principal, ramificacoes e loops sao regras explicitas."
24,2023,"DF9DE621","Qualitativo","Legibility","3/5","Likert 1-5","Estimado automaticamente","Estimativa baseada em conectividade, densidade e legibilidade da derivacao espacial.","Indica se o layout tende a ser compreensivel.","A legibilidade depende da interpretacao espacial: regras claras podem gerar mapas confusos se o embedding ficar apertado."
24,2023,"DF9DE621","Qualitativo","StructuralVariety","4/5","Likert 1-5","Estimado automaticamente","Estimativa baseada em quantidade de salas, modulos e loops.","Indica variedade estrutural dentro desta execucao.","A variedade estrutural depende do repertorio de producoes; aumentar a gramatica aumenta expressividade."
24,2023,"DF9DE621","Performance","layoutGenerationMilliseconds","0.746","ms","Medido","Tempo para expandir regras, interpretar simbolos no grid e conectar derivacoes.","Representa o custo da expansao e interpretacao da gramatica.","Mede custo de expandir regras, posicionar simbolos e abrir corredores; compare separado da instanciacao Unity."
24,2023,"DF9DE621","Performance","geometryInstantiationMilliseconds","61.932","ms","Medido","Tempo gasto instanciando prefabs/objetos visuais quando habilitado.","A execucao incluiu custo visual.","Custo visual depende dos prefabs/Unity, nao do Grammar-Based Generation puro."
24,2023,"DF9DE621","Performance","metricsCalculationMilliseconds","2.056","ms","Medido","Tempo para calcular e consolidar metricas apos a geracao.","Ajuda a quantificar custo da instrumentacao.","Custo da instrumentacao, nao do algoritmo."
24,2023,"DF9DE621","Performance","totalGenerationMilliseconds","64.736","ms","Medido","Tempo total medido da execucao.","Inclui layout, instanciacao visual habilitada e calculo de metricas.","Inclui layout, instanciacao visual e metricas; use junto com o tempo logico."
24,2023,"DF9DE621","Performance","generatedGameObjectCount","5338","contagem","Medido","Quantidade de GameObjects criados durante a montagem visual.","Indica peso potencial de instanciacao no Unity.","Reflete peso da montagem visual da cena derivada."
24,2023,"DF9DE621","Performance","occupiedCellCount","3984","contagem","Medido","Quantidade de celulas ocupadas no grid logico.","Proxy de escala espacial da dungeon.","Proxy de escala espacial resultante dos simbolos e corredores materializados."
24,2023,"DF9DE621","Performance","connectionCount","26","contagem","Medido","Quantidade de conexoes criadas por regras sequenciais, laterais, loops e verticalidade.","Reflete a complexidade topologica resultante das regras de producao.","Metrica natural para a gramatica, pois corresponde ao numero de relacoes materializadas entre simbolos."
24,2023,"DF9DE621","Performance","managedMemoryDeltaKB","3872","KB","Estimado","Variacao aproximada de memoria gerenciada durante a execucao.","Valor aproximado, sensivel a GC e ao estado do Editor.","Estimativa sujeita ao GC da Unity; use como indicio comparativo."
25,2024,"FC2B611E","Quantitativo","numRoomsTarget","29","contagem","Medido","Contagem de simbolos terminais da gramatica materializados como salas.","Indica quantos simbolos terminais da gramatica viraram salas no grid.","A gramatica controla quantidade por regras de caminho principal, ramificacoes e terminais; a interpretacao espacial pode descartar simbolos se nao houver espaco."
25,2024,"FC2B611E","Quantitativo","connectivityRatio","100%","%","Medido","Busca sobre as conexoes derivadas pelas regras sequenciais, de ramificacao, loop e verticalidade.","Mostra se a derivacao sequencial e suas ramificacoes permaneceram conectadas.","A sequencia derivada tende a ser conectada porque cada simbolo nasce de um simbolo anterior; falhas indicam limitacao de embedding espacial."
25,2024,"FC2B611E","Quantitativo","verticalVariance","1.901","metros","Medido","Desvio padrao das alturas dos nos/salas entre pavimentos.","Valor acima de 0 indica que regras verticais geraram pavimentos conectados.","Verticalidade e suportada quando a gramatica inclui regras entre pavimentos."
25,2024,"FC2B611E","Quantitativo","fillPercentage","41.78%","%","Medido","Celulas ocupadas por salas e corredores divididas pelo total do grid.","Indica densidade espacial da dungeon.","A densidade depende do numero de simbolos terminais, tamanhos das salas e comprimento dos corredores."
25,2024,"FC2B611E","Quantitativo","branchFactor","2.138","media","Medido","Media de conexoes entre simbolos terminais derivados.","Valores maiores indicam mais derivacoes laterais, atalhos e variacao de fluxo.","Ramificacao e controlada por regras laterais e por regras de loop."
25,2024,"FC2B611E","Quantitativo","avgPathLength","161.786","metros","Medido","Distancias calculadas sobre a estrutura terminal gerada pela gramatica.","Distancia media a partir da sala inicial.","Caminhos sao consequencia da ordem de derivacao, nao de busca posterior ou reparo."
25,2024,"FC2B611E","Quantitativo","uniqueModules","45","contagem","Medido","Contagem de simbolos, regras logicas e prefabs usados pela montagem visual.","Indica variedade basica de composicao.","A variedade vem dos simbolos de entrada, sala, ramificacao, tesouro, armadilha, arena, saida e dos assets configurados."
25,2024,"FC2B611E","Quantitativo","navigableVolumeRatio","100%","%","Estimado sem NavMesh","Estimativa logica de celulas navegaveis antes de NavMesh.","Use como estimativa inicial, nao como validacao fisica final.","A navegabilidade e estimada no grid logico; validacao fisica final ainda exige NavMesh."
25,2024,"FC2B611E","Quantitativo","criticalPathLength","346","metros","Medido","Maior distancia encontrada a partir do simbolo inicial materializado.","Aproxima o percurso entre o simbolo inicial e o terminal mais distante.","A gramatica pode controlar um caminho principal longo por regras sequenciais."
25,2024,"FC2B611E","Quantitativo","avgAlternativePathLength","28","metros","Medido","Media das regras de loop/atalho materializadas.","Ha caminhos alternativos mensuraveis.","Loops sao suportados apenas quando a gramatica inclui regras de retorno/atalho."
25,2024,"FC2B611E","Booleano","SupportsRandomEnemySpawns","Sim, testado","sim/nao","Suportado","Verifica se o sistema de spawn usa salas/celulas geradas por simbolos terminais.","Sistema configurado e com orcamento ativo.","Spawns usam salas/celulas derivadas; balanceamento de combate ainda e camada de gameplay."
25,2024,"FC2B611E","Booleano","SupportsLootDistribution","Sim, testado","sim/nao","Suportado","Verifica se loot pode ser distribuido sobre salas/celulas derivadas.","Sistema configurado e com orcamento ativo.","Loot pode usar simbolos Treasure ou salas derivadas, mas progressao economica exige regra complementar."
25,2024,"FC2B611E","Booleano","SupportsTraps","Sim, testado","sim/nao","Suportado","Verifica se armadilhas podem ser marcadas em areas navegaveis.","Sistema configurado e com orcamento ativo.","Armadilhas podem usar simbolos Trap ou gargalos, mas pacing de desafio exige camada semantica."
25,2024,"FC2B611E","Booleano","SupportsBacktrackingLoops","Sim","sim/nao","Medido","Conta execucoes em que regras de loop produziram ciclos navegaveis.","A dungeon possui loop para retorno/caminho alternativo.","Suporte nativo quando a gramatica inclui producoes de loop; nao precisa misturar outro algoritmo."
25,2024,"FC2B611E","Booleano","SupportsVerticalConnectors","Sim","sim/nao","Medido","Conta execucoes com regras verticais materializadas entre pavimentos.","Parametro atendido quando regras verticais da propria gramatica foram materializadas.","Implementado por regras verticais da propria gramatica, sem BSP, Room Graph, WFC ou outro metodo."
25,2024,"FC2B611E","Booleano","SupportsMultiFloor","Sim","sim/nao","Medido","Conta execucoes com mais de um pavimento conectado por regras verticais.","Parametro atendido quando a gramatica derivou pavimentos conectados.","Implementado por simbolos em pavimentos diferentes e producoes verticais entre eles."
25,2024,"FC2B611E","Booleano","SupportsBossArena","Sim","sim/nao","Medido","Conta execucoes com regra de arena ou sala ampla acima da area minima configurada.","Existe ao menos uma sala grande o suficiente.","Suportado por uma regra terminal especifica de BossArena, com tamanho configuravel."
25,2024,"FC2B611E","Booleano","SeedReproducible","Sim","sim/nao","Medido","Gera a mesma seed duas vezes e compara o hash topologico.","A seed reproduziu a mesma topologia.","O Grammar-Based Generation e deterministico quando todas as escolhas usam a mesma seed."
25,2024,"FC2B611E","Booleano","RuntimeRegeneration","Sim","sim/nao","Medido","Conta execucoes abaixo do limite de tempo configurado.","Tempo registrado: 59.522 ms.","O custo cresce com quantidade de simbolos, tentativas de embedding e numero de pavimentos."
25,2024,"FC2B611E","Booleano","BudgetAwareSpawns","Sim","sim/nao","Suportado","Verifica se os orcamentos de inimigos, loot e armadilhas cabem nas celulas livres.","Orcamentos registrados: inimigos 10, loot 6, armadilhas 4.","Orcamentos sao aplicados apos a derivacao, sobre celulas livres."
25,2024,"FC2B611E","Qualitativo","Replayability","5/5","Likert 1-5","Estimado automaticamente","Estimativa baseada na diversidade de hashes topologicos entre seeds.","Diversidade topologica: 100%.","A variacao entre seeds depende da escolha das producoes e da interpretacao espacial."
25,2024,"FC2B611E","Qualitativo","Debuggability","5/5","Likert 1-5","Estimado automaticamente","Estimativa baseada na clareza das regras de producao e dos simbolos materializados.","A derivacao por regras facilita explicar por que cada sala existe.","A gramatica e facil de documentar porque cada resultado pode ser explicado por uma sequencia de regras."
25,2024,"FC2B611E","Qualitativo","Flow","5/5","Likert 1-5","Estimado automaticamente","Estimativa baseada em conectividade, caminho critico e ramificacao.","Indica fluidez de navegacao esperada.","O controle de fluxo e uma vantagem forte, pois caminho principal, ramificacoes e loops sao regras explicitas."
25,2024,"FC2B611E","Qualitativo","Legibility","5/5","Likert 1-5","Estimado automaticamente","Estimativa baseada em conectividade, densidade e legibilidade da derivacao espacial.","Indica se o layout tende a ser compreensivel.","A legibilidade depende da interpretacao espacial: regras claras podem gerar mapas confusos se o embedding ficar apertado."
25,2024,"FC2B611E","Qualitativo","StructuralVariety","5/5","Likert 1-5","Estimado automaticamente","Estimativa baseada em quantidade de salas, modulos e loops.","Indica variedade estrutural dentro desta execucao.","A variedade estrutural depende do repertorio de producoes; aumentar a gramatica aumenta expressividade."
25,2024,"FC2B611E","Performance","layoutGenerationMilliseconds","0.814","ms","Medido","Tempo para expandir regras, interpretar simbolos no grid e conectar derivacoes.","Representa o custo da expansao e interpretacao da gramatica.","Mede custo de expandir regras, posicionar simbolos e abrir corredores; compare separado da instanciacao Unity."
25,2024,"FC2B611E","Performance","geometryInstantiationMilliseconds","57.042","ms","Medido","Tempo gasto instanciando prefabs/objetos visuais quando habilitado.","A execucao incluiu custo visual.","Custo visual depende dos prefabs/Unity, nao do Grammar-Based Generation puro."
25,2024,"FC2B611E","Performance","metricsCalculationMilliseconds","1.663","ms","Medido","Tempo para calcular e consolidar metricas apos a geracao.","Ajuda a quantificar custo da instrumentacao.","Custo da instrumentacao, nao do algoritmo."
25,2024,"FC2B611E","Performance","totalGenerationMilliseconds","59.522","ms","Medido","Tempo total medido da execucao.","Inclui layout, instanciacao visual habilitada e calculo de metricas.","Inclui layout, instanciacao visual e metricas; use junto com o tempo logico."
25,2024,"FC2B611E","Performance","generatedGameObjectCount","4653","contagem","Medido","Quantidade de GameObjects criados durante a montagem visual.","Indica peso potencial de instanciacao no Unity.","Reflete peso da montagem visual da cena derivada."
25,2024,"FC2B611E","Performance","occupiedCellCount","3423","contagem","Medido","Quantidade de celulas ocupadas no grid logico.","Proxy de escala espacial da dungeon.","Proxy de escala espacial resultante dos simbolos e corredores materializados."
25,2024,"FC2B611E","Performance","connectionCount","31","contagem","Medido","Quantidade de conexoes criadas por regras sequenciais, laterais, loops e verticalidade.","Reflete a complexidade topologica resultante das regras de producao.","Metrica natural para a gramatica, pois corresponde ao numero de relacoes materializadas entre simbolos."
25,2024,"FC2B611E","Performance","managedMemoryDeltaKB","3380","KB","Estimado","Variacao aproximada de memoria gerenciada durante a execucao.","Valor aproximado, sensivel a GC e ao estado do Editor.","Estimativa sujeita ao GC da Unity; use como indicio comparativo."
26,2025,"346189DF","Quantitativo","numRoomsTarget","29","contagem","Medido","Contagem de simbolos terminais da gramatica materializados como salas.","Indica quantos simbolos terminais da gramatica viraram salas no grid.","A gramatica controla quantidade por regras de caminho principal, ramificacoes e terminais; a interpretacao espacial pode descartar simbolos se nao houver espaco."
26,2025,"346189DF","Quantitativo","connectivityRatio","96.55%","%","Medido","Busca sobre as conexoes derivadas pelas regras sequenciais, de ramificacao, loop e verticalidade.","Mostra se a derivacao sequencial e suas ramificacoes permaneceram conectadas.","A sequencia derivada tende a ser conectada porque cada simbolo nasce de um simbolo anterior; falhas indicam limitacao de embedding espacial."
26,2025,"346189DF","Quantitativo","verticalVariance","1.999","metros","Medido","Desvio padrao das alturas dos nos/salas entre pavimentos.","Valor acima de 0 indica que regras verticais geraram pavimentos conectados.","Verticalidade e suportada quando a gramatica inclui regras entre pavimentos."
26,2025,"346189DF","Quantitativo","fillPercentage","46.68%","%","Medido","Celulas ocupadas por salas e corredores divididas pelo total do grid.","Indica densidade espacial da dungeon.","A densidade depende do numero de simbolos terminais, tamanhos das salas e comprimento dos corredores."
26,2025,"346189DF","Quantitativo","branchFactor","2","media","Medido","Media de conexoes entre simbolos terminais derivados.","Valores maiores indicam mais derivacoes laterais, atalhos e variacao de fluxo.","Ramificacao e controlada por regras laterais e por regras de loop."
26,2025,"346189DF","Quantitativo","avgPathLength","161.556","metros","Medido","Distancias calculadas sobre a estrutura terminal gerada pela gramatica.","Distancia media a partir da sala inicial.","Caminhos sao consequencia da ordem de derivacao, nao de busca posterior ou reparo."
26,2025,"346189DF","Quantitativo","uniqueModules","44","contagem","Medido","Contagem de simbolos, regras logicas e prefabs usados pela montagem visual.","Indica variedade basica de composicao.","A variedade vem dos simbolos de entrada, sala, ramificacao, tesouro, armadilha, arena, saida e dos assets configurados."
26,2025,"346189DF","Quantitativo","navigableVolumeRatio","100%","%","Estimado sem NavMesh","Estimativa logica de celulas navegaveis antes de NavMesh.","Use como estimativa inicial, nao como validacao fisica final.","A navegabilidade e estimada no grid logico; validacao fisica final ainda exige NavMesh."
26,2025,"346189DF","Quantitativo","criticalPathLength","378","metros","Medido","Maior distancia encontrada a partir do simbolo inicial materializado.","Aproxima o percurso entre o simbolo inicial e o terminal mais distante.","A gramatica pode controlar um caminho principal longo por regras sequenciais."
26,2025,"346189DF","Quantitativo","avgAlternativePathLength","43","metros","Medido","Media das regras de loop/atalho materializadas.","Ha caminhos alternativos mensuraveis.","Loops sao suportados apenas quando a gramatica inclui regras de retorno/atalho."
26,2025,"346189DF","Booleano","SupportsRandomEnemySpawns","Sim, testado","sim/nao","Suportado","Verifica se o sistema de spawn usa salas/celulas geradas por simbolos terminais.","Sistema configurado e com orcamento ativo.","Spawns usam salas/celulas derivadas; balanceamento de combate ainda e camada de gameplay."
26,2025,"346189DF","Booleano","SupportsLootDistribution","Sim, testado","sim/nao","Suportado","Verifica se loot pode ser distribuido sobre salas/celulas derivadas.","Sistema configurado e com orcamento ativo.","Loot pode usar simbolos Treasure ou salas derivadas, mas progressao economica exige regra complementar."
26,2025,"346189DF","Booleano","SupportsTraps","Sim, testado","sim/nao","Suportado","Verifica se armadilhas podem ser marcadas em areas navegaveis.","Sistema configurado e com orcamento ativo.","Armadilhas podem usar simbolos Trap ou gargalos, mas pacing de desafio exige camada semantica."
26,2025,"346189DF","Booleano","SupportsBacktrackingLoops","Sim","sim/nao","Medido","Conta execucoes em que regras de loop produziram ciclos navegaveis.","A dungeon possui loop para retorno/caminho alternativo.","Suporte nativo quando a gramatica inclui producoes de loop; nao precisa misturar outro algoritmo."
26,2025,"346189DF","Booleano","SupportsVerticalConnectors","Sim","sim/nao","Medido","Conta execucoes com regras verticais materializadas entre pavimentos.","Parametro atendido quando regras verticais da propria gramatica foram materializadas.","Implementado por regras verticais da propria gramatica, sem BSP, Room Graph, WFC ou outro metodo."
26,2025,"346189DF","Booleano","SupportsMultiFloor","Sim","sim/nao","Medido","Conta execucoes com mais de um pavimento conectado por regras verticais.","Parametro atendido quando a gramatica derivou pavimentos conectados.","Implementado por simbolos em pavimentos diferentes e producoes verticais entre eles."
26,2025,"346189DF","Booleano","SupportsBossArena","Sim","sim/nao","Medido","Conta execucoes com regra de arena ou sala ampla acima da area minima configurada.","Existe ao menos uma sala grande o suficiente.","Suportado por uma regra terminal especifica de BossArena, com tamanho configuravel."
26,2025,"346189DF","Booleano","SeedReproducible","Sim","sim/nao","Medido","Gera a mesma seed duas vezes e compara o hash topologico.","A seed reproduziu a mesma topologia.","O Grammar-Based Generation e deterministico quando todas as escolhas usam a mesma seed."
26,2025,"346189DF","Booleano","RuntimeRegeneration","Sim","sim/nao","Medido","Conta execucoes abaixo do limite de tempo configurado.","Tempo registrado: 69.501 ms.","O custo cresce com quantidade de simbolos, tentativas de embedding e numero de pavimentos."
26,2025,"346189DF","Booleano","BudgetAwareSpawns","Sim","sim/nao","Suportado","Verifica se os orcamentos de inimigos, loot e armadilhas cabem nas celulas livres.","Orcamentos registrados: inimigos 10, loot 6, armadilhas 4.","Orcamentos sao aplicados apos a derivacao, sobre celulas livres."
26,2025,"346189DF","Qualitativo","Replayability","5/5","Likert 1-5","Estimado automaticamente","Estimativa baseada na diversidade de hashes topologicos entre seeds.","Diversidade topologica: 100%.","A variacao entre seeds depende da escolha das producoes e da interpretacao espacial."
26,2025,"346189DF","Qualitativo","Debuggability","5/5","Likert 1-5","Estimado automaticamente","Estimativa baseada na clareza das regras de producao e dos simbolos materializados.","A derivacao por regras facilita explicar por que cada sala existe.","A gramatica e facil de documentar porque cada resultado pode ser explicado por uma sequencia de regras."
26,2025,"346189DF","Qualitativo","Flow","3/5","Likert 1-5","Estimado automaticamente","Estimativa baseada em conectividade, caminho critico e ramificacao.","Indica fluidez de navegacao esperada.","O controle de fluxo e uma vantagem forte, pois caminho principal, ramificacoes e loops sao regras explicitas."
26,2025,"346189DF","Qualitativo","Legibility","3/5","Likert 1-5","Estimado automaticamente","Estimativa baseada em conectividade, densidade e legibilidade da derivacao espacial.","Indica se o layout tende a ser compreensivel.","A legibilidade depende da interpretacao espacial: regras claras podem gerar mapas confusos se o embedding ficar apertado."
26,2025,"346189DF","Qualitativo","StructuralVariety","5/5","Likert 1-5","Estimado automaticamente","Estimativa baseada em quantidade de salas, modulos e loops.","Indica variedade estrutural dentro desta execucao.","A variedade estrutural depende do repertorio de producoes; aumentar a gramatica aumenta expressividade."
26,2025,"346189DF","Performance","layoutGenerationMilliseconds","0.786","ms","Medido","Tempo para expandir regras, interpretar simbolos no grid e conectar derivacoes.","Representa o custo da expansao e interpretacao da gramatica.","Mede custo de expandir regras, posicionar simbolos e abrir corredores; compare separado da instanciacao Unity."
26,2025,"346189DF","Performance","geometryInstantiationMilliseconds","66.413","ms","Medido","Tempo gasto instanciando prefabs/objetos visuais quando habilitado.","A execucao incluiu custo visual.","Custo visual depende dos prefabs/Unity, nao do Grammar-Based Generation puro."
26,2025,"346189DF","Performance","metricsCalculationMilliseconds","2.298","ms","Medido","Tempo para calcular e consolidar metricas apos a geracao.","Ajuda a quantificar custo da instrumentacao.","Custo da instrumentacao, nao do algoritmo."
26,2025,"346189DF","Performance","totalGenerationMilliseconds","69.501","ms","Medido","Tempo total medido da execucao.","Inclui layout, instanciacao visual habilitada e calculo de metricas.","Inclui layout, instanciacao visual e metricas; use junto com o tempo logico."
26,2025,"346189DF","Performance","generatedGameObjectCount","5171","contagem","Medido","Quantidade de GameObjects criados durante a montagem visual.","Indica peso potencial de instanciacao no Unity.","Reflete peso da montagem visual da cena derivada."
26,2025,"346189DF","Performance","occupiedCellCount","3824","contagem","Medido","Quantidade de celulas ocupadas no grid logico.","Proxy de escala espacial da dungeon.","Proxy de escala espacial resultante dos simbolos e corredores materializados."
26,2025,"346189DF","Performance","connectionCount","29","contagem","Medido","Quantidade de conexoes criadas por regras sequenciais, laterais, loops e verticalidade.","Reflete a complexidade topologica resultante das regras de producao.","Metrica natural para a gramatica, pois corresponde ao numero de relacoes materializadas entre simbolos."
26,2025,"346189DF","Performance","managedMemoryDeltaKB","3804","KB","Estimado","Variacao aproximada de memoria gerenciada durante a execucao.","Valor aproximado, sensivel a GC e ao estado do Editor.","Estimativa sujeita ao GC da Unity; use como indicio comparativo."
27,2026,"BE3921AB","Quantitativo","numRoomsTarget","31","contagem","Medido","Contagem de simbolos terminais da gramatica materializados como salas.","Indica quantos simbolos terminais da gramatica viraram salas no grid.","A gramatica controla quantidade por regras de caminho principal, ramificacoes e terminais; a interpretacao espacial pode descartar simbolos se nao houver espaco."
27,2026,"BE3921AB","Quantitativo","connectivityRatio","90.32%","%","Medido","Busca sobre as conexoes derivadas pelas regras sequenciais, de ramificacao, loop e verticalidade.","Mostra se a derivacao sequencial e suas ramificacoes permaneceram conectadas.","A sequencia derivada tende a ser conectada porque cada simbolo nasce de um simbolo anterior; falhas indicam limitacao de embedding espacial."
27,2026,"BE3921AB","Quantitativo","verticalVariance","1.999","metros","Medido","Desvio padrao das alturas dos nos/salas entre pavimentos.","Valor acima de 0 indica que regras verticais geraram pavimentos conectados.","Verticalidade e suportada quando a gramatica inclui regras entre pavimentos."
27,2026,"BE3921AB","Quantitativo","fillPercentage","46.37%","%","Medido","Celulas ocupadas por salas e corredores divididas pelo total do grid.","Indica densidade espacial da dungeon.","A densidade depende do numero de simbolos terminais, tamanhos das salas e comprimento dos corredores."
27,2026,"BE3921AB","Quantitativo","branchFactor","1.935","media","Medido","Media de conexoes entre simbolos terminais derivados.","Valores maiores indicam mais derivacoes laterais, atalhos e variacao de fluxo.","Ramificacao e controlada por regras laterais e por regras de loop."
27,2026,"BE3921AB","Quantitativo","avgPathLength","139.63","metros","Medido","Distancias calculadas sobre a estrutura terminal gerada pela gramatica.","Distancia media a partir da sala inicial.","Caminhos sao consequencia da ordem de derivacao, nao de busca posterior ou reparo."
27,2026,"BE3921AB","Quantitativo","uniqueModules","44","contagem","Medido","Contagem de simbolos, regras logicas e prefabs usados pela montagem visual.","Indica variedade basica de composicao.","A variedade vem dos simbolos de entrada, sala, ramificacao, tesouro, armadilha, arena, saida e dos assets configurados."
27,2026,"BE3921AB","Quantitativo","navigableVolumeRatio","100%","%","Estimado sem NavMesh","Estimativa logica de celulas navegaveis antes de NavMesh.","Use como estimativa inicial, nao como validacao fisica final.","A navegabilidade e estimada no grid logico; validacao fisica final ainda exige NavMesh."
27,2026,"BE3921AB","Quantitativo","criticalPathLength","390","metros","Medido","Maior distancia encontrada a partir do simbolo inicial materializado.","Aproxima o percurso entre o simbolo inicial e o terminal mais distante.","A gramatica pode controlar um caminho principal longo por regras sequenciais."
27,2026,"BE3921AB","Quantitativo","avgAlternativePathLength","37","metros","Medido","Media das regras de loop/atalho materializadas.","Ha caminhos alternativos mensuraveis.","Loops sao suportados apenas quando a gramatica inclui regras de retorno/atalho."
27,2026,"BE3921AB","Booleano","SupportsRandomEnemySpawns","Sim, testado","sim/nao","Suportado","Verifica se o sistema de spawn usa salas/celulas geradas por simbolos terminais.","Sistema configurado e com orcamento ativo.","Spawns usam salas/celulas derivadas; balanceamento de combate ainda e camada de gameplay."
27,2026,"BE3921AB","Booleano","SupportsLootDistribution","Sim, testado","sim/nao","Suportado","Verifica se loot pode ser distribuido sobre salas/celulas derivadas.","Sistema configurado e com orcamento ativo.","Loot pode usar simbolos Treasure ou salas derivadas, mas progressao economica exige regra complementar."
27,2026,"BE3921AB","Booleano","SupportsTraps","Sim, testado","sim/nao","Suportado","Verifica se armadilhas podem ser marcadas em areas navegaveis.","Sistema configurado e com orcamento ativo.","Armadilhas podem usar simbolos Trap ou gargalos, mas pacing de desafio exige camada semantica."
27,2026,"BE3921AB","Booleano","SupportsBacktrackingLoops","Nao","sim/nao","Medido","Conta execucoes em que regras de loop produziram ciclos navegaveis.","A dungeon ficou mais linear nesta execucao.","Suporte nativo quando a gramatica inclui producoes de loop; nao precisa misturar outro algoritmo."
27,2026,"BE3921AB","Booleano","SupportsVerticalConnectors","Sim","sim/nao","Medido","Conta execucoes com regras verticais materializadas entre pavimentos.","Parametro atendido quando regras verticais da propria gramatica foram materializadas.","Implementado por regras verticais da propria gramatica, sem BSP, Room Graph, WFC ou outro metodo."
27,2026,"BE3921AB","Booleano","SupportsMultiFloor","Sim","sim/nao","Medido","Conta execucoes com mais de um pavimento conectado por regras verticais.","Parametro atendido quando a gramatica derivou pavimentos conectados.","Implementado por simbolos em pavimentos diferentes e producoes verticais entre eles."
27,2026,"BE3921AB","Booleano","SupportsBossArena","Sim","sim/nao","Medido","Conta execucoes com regra de arena ou sala ampla acima da area minima configurada.","Existe ao menos uma sala grande o suficiente.","Suportado por uma regra terminal especifica de BossArena, com tamanho configuravel."
27,2026,"BE3921AB","Booleano","SeedReproducible","Sim","sim/nao","Medido","Gera a mesma seed duas vezes e compara o hash topologico.","A seed reproduziu a mesma topologia.","O Grammar-Based Generation e deterministico quando todas as escolhas usam a mesma seed."
27,2026,"BE3921AB","Booleano","RuntimeRegeneration","Sim","sim/nao","Medido","Conta execucoes abaixo do limite de tempo configurado.","Tempo registrado: 76.951 ms.","O custo cresce com quantidade de simbolos, tentativas de embedding e numero de pavimentos."
27,2026,"BE3921AB","Booleano","BudgetAwareSpawns","Sim","sim/nao","Suportado","Verifica se os orcamentos de inimigos, loot e armadilhas cabem nas celulas livres.","Orcamentos registrados: inimigos 10, loot 6, armadilhas 4.","Orcamentos sao aplicados apos a derivacao, sobre celulas livres."
27,2026,"BE3921AB","Qualitativo","Replayability","5/5","Likert 1-5","Estimado automaticamente","Estimativa baseada na diversidade de hashes topologicos entre seeds.","Diversidade topologica: 100%.","A variacao entre seeds depende da escolha das producoes e da interpretacao espacial."
27,2026,"BE3921AB","Qualitativo","Debuggability","5/5","Likert 1-5","Estimado automaticamente","Estimativa baseada na clareza das regras de producao e dos simbolos materializados.","A derivacao por regras facilita explicar por que cada sala existe.","A gramatica e facil de documentar porque cada resultado pode ser explicado por uma sequencia de regras."
27,2026,"BE3921AB","Qualitativo","Flow","3/5","Likert 1-5","Estimado automaticamente","Estimativa baseada em conectividade, caminho critico e ramificacao.","Indica fluidez de navegacao esperada.","O controle de fluxo e uma vantagem forte, pois caminho principal, ramificacoes e loops sao regras explicitas."
27,2026,"BE3921AB","Qualitativo","Legibility","3/5","Likert 1-5","Estimado automaticamente","Estimativa baseada em conectividade, densidade e legibilidade da derivacao espacial.","Indica se o layout tende a ser compreensivel.","A legibilidade depende da interpretacao espacial: regras claras podem gerar mapas confusos se o embedding ficar apertado."
27,2026,"BE3921AB","Qualitativo","StructuralVariety","4/5","Likert 1-5","Estimado automaticamente","Estimativa baseada em quantidade de salas, modulos e loops.","Indica variedade estrutural dentro desta execucao.","A variedade estrutural depende do repertorio de producoes; aumentar a gramatica aumenta expressividade."
27,2026,"BE3921AB","Performance","layoutGenerationMilliseconds","0.967","ms","Medido","Tempo para expandir regras, interpretar simbolos no grid e conectar derivacoes.","Representa o custo da expansao e interpretacao da gramatica.","Mede custo de expandir regras, posicionar simbolos e abrir corredores; compare separado da instanciacao Unity."
27,2026,"BE3921AB","Performance","geometryInstantiationMilliseconds","74.118","ms","Medido","Tempo gasto instanciando prefabs/objetos visuais quando habilitado.","A execucao incluiu custo visual.","Custo visual depende dos prefabs/Unity, nao do Grammar-Based Generation puro."
27,2026,"BE3921AB","Performance","metricsCalculationMilliseconds","1.863","ms","Medido","Tempo para calcular e consolidar metricas apos a geracao.","Ajuda a quantificar custo da instrumentacao.","Custo da instrumentacao, nao do algoritmo."
27,2026,"BE3921AB","Performance","totalGenerationMilliseconds","76.951","ms","Medido","Tempo total medido da execucao.","Inclui layout, instanciacao visual habilitada e calculo de metricas.","Inclui layout, instanciacao visual e metricas; use junto com o tempo logico."
27,2026,"BE3921AB","Performance","generatedGameObjectCount","5195","contagem","Medido","Quantidade de GameObjects criados durante a montagem visual.","Indica peso potencial de instanciacao no Unity.","Reflete peso da montagem visual da cena derivada."
27,2026,"BE3921AB","Performance","occupiedCellCount","3799","contagem","Medido","Quantidade de celulas ocupadas no grid logico.","Proxy de escala espacial da dungeon.","Proxy de escala espacial resultante dos simbolos e corredores materializados."
27,2026,"BE3921AB","Performance","connectionCount","30","contagem","Medido","Quantidade de conexoes criadas por regras sequenciais, laterais, loops e verticalidade.","Reflete a complexidade topologica resultante das regras de producao.","Metrica natural para a gramatica, pois corresponde ao numero de relacoes materializadas entre simbolos."
27,2026,"BE3921AB","Performance","managedMemoryDeltaKB","3748","KB","Estimado","Variacao aproximada de memoria gerenciada durante a execucao.","Valor aproximado, sensivel a GC e ao estado do Editor.","Estimativa sujeita ao GC da Unity; use como indicio comparativo."
28,2027,"D43E90D0","Quantitativo","numRoomsTarget","23","contagem","Medido","Contagem de simbolos terminais da gramatica materializados como salas.","Indica quantos simbolos terminais da gramatica viraram salas no grid.","A gramatica controla quantidade por regras de caminho principal, ramificacoes e terminais; a interpretacao espacial pode descartar simbolos se nao houver espaco."
28,2027,"D43E90D0","Quantitativo","connectivityRatio","95.65%","%","Medido","Busca sobre as conexoes derivadas pelas regras sequenciais, de ramificacao, loop e verticalidade.","Mostra se a derivacao sequencial e suas ramificacoes permaneceram conectadas.","A sequencia derivada tende a ser conectada porque cada simbolo nasce de um simbolo anterior; falhas indicam limitacao de embedding espacial."
28,2027,"D43E90D0","Quantitativo","verticalVariance","1.998","metros","Medido","Desvio padrao das alturas dos nos/salas entre pavimentos.","Valor acima de 0 indica que regras verticais geraram pavimentos conectados.","Verticalidade e suportada quando a gramatica inclui regras entre pavimentos."
28,2027,"D43E90D0","Quantitativo","fillPercentage","37.15%","%","Medido","Celulas ocupadas por salas e corredores divididas pelo total do grid.","Indica densidade espacial da dungeon.","A densidade depende do numero de simbolos terminais, tamanhos das salas e comprimento dos corredores."
28,2027,"D43E90D0","Quantitativo","branchFactor","1.826","media","Medido","Media de conexoes entre simbolos terminais derivados.","Valores maiores indicam mais derivacoes laterais, atalhos e variacao de fluxo.","Ramificacao e controlada por regras laterais e por regras de loop."
28,2027,"D43E90D0","Quantitativo","avgPathLength","202","metros","Medido","Distancias calculadas sobre a estrutura terminal gerada pela gramatica.","Distancia media a partir da sala inicial.","Caminhos sao consequencia da ordem de derivacao, nao de busca posterior ou reparo."
28,2027,"D43E90D0","Quantitativo","uniqueModules","43","contagem","Medido","Contagem de simbolos, regras logicas e prefabs usados pela montagem visual.","Indica variedade basica de composicao.","A variedade vem dos simbolos de entrada, sala, ramificacao, tesouro, armadilha, arena, saida e dos assets configurados."
28,2027,"D43E90D0","Quantitativo","navigableVolumeRatio","100%","%","Estimado sem NavMesh","Estimativa logica de celulas navegaveis antes de NavMesh.","Use como estimativa inicial, nao como validacao fisica final.","A navegabilidade e estimada no grid logico; validacao fisica final ainda exige NavMesh."
28,2027,"D43E90D0","Quantitativo","criticalPathLength","400","metros","Medido","Maior distancia encontrada a partir do simbolo inicial materializado.","Aproxima o percurso entre o simbolo inicial e o terminal mais distante.","A gramatica pode controlar um caminho principal longo por regras sequenciais."
28,2027,"D43E90D0","Quantitativo","avgAlternativePathLength","0","metros","Medido","Media das regras de loop/atalho materializadas.","Nao houve caminho alternativo nesta execucao.","Loops sao suportados apenas quando a gramatica inclui regras de retorno/atalho."
28,2027,"D43E90D0","Booleano","SupportsRandomEnemySpawns","Sim, testado","sim/nao","Suportado","Verifica se o sistema de spawn usa salas/celulas geradas por simbolos terminais.","Sistema configurado e com orcamento ativo.","Spawns usam salas/celulas derivadas; balanceamento de combate ainda e camada de gameplay."
28,2027,"D43E90D0","Booleano","SupportsLootDistribution","Sim, testado","sim/nao","Suportado","Verifica se loot pode ser distribuido sobre salas/celulas derivadas.","Sistema configurado e com orcamento ativo.","Loot pode usar simbolos Treasure ou salas derivadas, mas progressao economica exige regra complementar."
28,2027,"D43E90D0","Booleano","SupportsTraps","Sim, testado","sim/nao","Suportado","Verifica se armadilhas podem ser marcadas em areas navegaveis.","Sistema configurado e com orcamento ativo.","Armadilhas podem usar simbolos Trap ou gargalos, mas pacing de desafio exige camada semantica."
28,2027,"D43E90D0","Booleano","SupportsBacktrackingLoops","Nao","sim/nao","Medido","Conta execucoes em que regras de loop produziram ciclos navegaveis.","A dungeon ficou mais linear nesta execucao.","Suporte nativo quando a gramatica inclui producoes de loop; nao precisa misturar outro algoritmo."
28,2027,"D43E90D0","Booleano","SupportsVerticalConnectors","Sim","sim/nao","Medido","Conta execucoes com regras verticais materializadas entre pavimentos.","Parametro atendido quando regras verticais da propria gramatica foram materializadas.","Implementado por regras verticais da propria gramatica, sem BSP, Room Graph, WFC ou outro metodo."
28,2027,"D43E90D0","Booleano","SupportsMultiFloor","Sim","sim/nao","Medido","Conta execucoes com mais de um pavimento conectado por regras verticais.","Parametro atendido quando a gramatica derivou pavimentos conectados.","Implementado por simbolos em pavimentos diferentes e producoes verticais entre eles."
28,2027,"D43E90D0","Booleano","SupportsBossArena","Sim","sim/nao","Medido","Conta execucoes com regra de arena ou sala ampla acima da area minima configurada.","Existe ao menos uma sala grande o suficiente.","Suportado por uma regra terminal especifica de BossArena, com tamanho configuravel."
28,2027,"D43E90D0","Booleano","SeedReproducible","Sim","sim/nao","Medido","Gera a mesma seed duas vezes e compara o hash topologico.","A seed reproduziu a mesma topologia.","O Grammar-Based Generation e deterministico quando todas as escolhas usam a mesma seed."
28,2027,"D43E90D0","Booleano","RuntimeRegeneration","Sim","sim/nao","Medido","Conta execucoes abaixo do limite de tempo configurado.","Tempo registrado: 62.322 ms.","O custo cresce com quantidade de simbolos, tentativas de embedding e numero de pavimentos."
28,2027,"D43E90D0","Booleano","BudgetAwareSpawns","Sim","sim/nao","Suportado","Verifica se os orcamentos de inimigos, loot e armadilhas cabem nas celulas livres.","Orcamentos registrados: inimigos 10, loot 6, armadilhas 4.","Orcamentos sao aplicados apos a derivacao, sobre celulas livres."
28,2027,"D43E90D0","Qualitativo","Replayability","5/5","Likert 1-5","Estimado automaticamente","Estimativa baseada na diversidade de hashes topologicos entre seeds.","Diversidade topologica: 100%.","A variacao entre seeds depende da escolha das producoes e da interpretacao espacial."
28,2027,"D43E90D0","Qualitativo","Debuggability","5/5","Likert 1-5","Estimado automaticamente","Estimativa baseada na clareza das regras de producao e dos simbolos materializados.","A derivacao por regras facilita explicar por que cada sala existe.","A gramatica e facil de documentar porque cada resultado pode ser explicado por uma sequencia de regras."
28,2027,"D43E90D0","Qualitativo","Flow","3/5","Likert 1-5","Estimado automaticamente","Estimativa baseada em conectividade, caminho critico e ramificacao.","Indica fluidez de navegacao esperada.","O controle de fluxo e uma vantagem forte, pois caminho principal, ramificacoes e loops sao regras explicitas."
28,2027,"D43E90D0","Qualitativo","Legibility","4/5","Likert 1-5","Estimado automaticamente","Estimativa baseada em conectividade, densidade e legibilidade da derivacao espacial.","Indica se o layout tende a ser compreensivel.","A legibilidade depende da interpretacao espacial: regras claras podem gerar mapas confusos se o embedding ficar apertado."
28,2027,"D43E90D0","Qualitativo","StructuralVariety","4/5","Likert 1-5","Estimado automaticamente","Estimativa baseada em quantidade de salas, modulos e loops.","Indica variedade estrutural dentro desta execucao.","A variedade estrutural depende do repertorio de producoes; aumentar a gramatica aumenta expressividade."
28,2027,"D43E90D0","Performance","layoutGenerationMilliseconds","0.872","ms","Medido","Tempo para expandir regras, interpretar simbolos no grid e conectar derivacoes.","Representa o custo da expansao e interpretacao da gramatica.","Mede custo de expandir regras, posicionar simbolos e abrir corredores; compare separado da instanciacao Unity."
28,2027,"D43E90D0","Performance","geometryInstantiationMilliseconds","59.297","ms","Medido","Tempo gasto instanciando prefabs/objetos visuais quando habilitado.","A execucao incluiu custo visual.","Custo visual depende dos prefabs/Unity, nao do Grammar-Based Generation puro."
28,2027,"D43E90D0","Performance","metricsCalculationMilliseconds","2.15","ms","Medido","Tempo para calcular e consolidar metricas apos a geracao.","Ajuda a quantificar custo da instrumentacao.","Custo da instrumentacao, nao do algoritmo."
28,2027,"D43E90D0","Performance","totalGenerationMilliseconds","62.322","ms","Medido","Tempo total medido da execucao.","Inclui layout, instanciacao visual habilitada e calculo de metricas.","Inclui layout, instanciacao visual e metricas; use junto com o tempo logico."
28,2027,"D43E90D0","Performance","generatedGameObjectCount","4105","contagem","Medido","Quantidade de GameObjects criados durante a montagem visual.","Indica peso potencial de instanciacao no Unity.","Reflete peso da montagem visual da cena derivada."
28,2027,"D43E90D0","Performance","occupiedCellCount","3043","contagem","Medido","Quantidade de celulas ocupadas no grid logico.","Proxy de escala espacial da dungeon.","Proxy de escala espacial resultante dos simbolos e corredores materializados."
28,2027,"D43E90D0","Performance","connectionCount","21","contagem","Medido","Quantidade de conexoes criadas por regras sequenciais, laterais, loops e verticalidade.","Reflete a complexidade topologica resultante das regras de producao.","Metrica natural para a gramatica, pois corresponde ao numero de relacoes materializadas entre simbolos."
28,2027,"D43E90D0","Performance","managedMemoryDeltaKB","3012","KB","Estimado","Variacao aproximada de memoria gerenciada durante a execucao.","Valor aproximado, sensivel a GC e ao estado do Editor.","Estimativa sujeita ao GC da Unity; use como indicio comparativo."
29,2028,"CE954DE7","Quantitativo","numRoomsTarget","23","contagem","Medido","Contagem de simbolos terminais da gramatica materializados como salas.","Indica quantos simbolos terminais da gramatica viraram salas no grid.","A gramatica controla quantidade por regras de caminho principal, ramificacoes e terminais; a interpretacao espacial pode descartar simbolos se nao houver espaco."
29,2028,"CE954DE7","Quantitativo","connectivityRatio","95.65%","%","Medido","Busca sobre as conexoes derivadas pelas regras sequenciais, de ramificacao, loop e verticalidade.","Mostra se a derivacao sequencial e suas ramificacoes permaneceram conectadas.","A sequencia derivada tende a ser conectada porque cada simbolo nasce de um simbolo anterior; falhas indicam limitacao de embedding espacial."
29,2028,"CE954DE7","Quantitativo","verticalVariance","1.905","metros","Medido","Desvio padrao das alturas dos nos/salas entre pavimentos.","Valor acima de 0 indica que regras verticais geraram pavimentos conectados.","Verticalidade e suportada quando a gramatica inclui regras entre pavimentos."
29,2028,"CE954DE7","Quantitativo","fillPercentage","40.93%","%","Medido","Celulas ocupadas por salas e corredores divididas pelo total do grid.","Indica densidade espacial da dungeon.","A densidade depende do numero de simbolos terminais, tamanhos das salas e comprimento dos corredores."
29,2028,"CE954DE7","Quantitativo","branchFactor","1.826","media","Medido","Media de conexoes entre simbolos terminais derivados.","Valores maiores indicam mais derivacoes laterais, atalhos e variacao de fluxo.","Ramificacao e controlada por regras laterais e por regras de loop."
29,2028,"CE954DE7","Quantitativo","avgPathLength","151.048","metros","Medido","Distancias calculadas sobre a estrutura terminal gerada pela gramatica.","Distancia media a partir da sala inicial.","Caminhos sao consequencia da ordem de derivacao, nao de busca posterior ou reparo."
29,2028,"CE954DE7","Quantitativo","uniqueModules","41","contagem","Medido","Contagem de simbolos, regras logicas e prefabs usados pela montagem visual.","Indica variedade basica de composicao.","A variedade vem dos simbolos de entrada, sala, ramificacao, tesouro, armadilha, arena, saida e dos assets configurados."
29,2028,"CE954DE7","Quantitativo","navigableVolumeRatio","100%","%","Estimado sem NavMesh","Estimativa logica de celulas navegaveis antes de NavMesh.","Use como estimativa inicial, nao como validacao fisica final.","A navegabilidade e estimada no grid logico; validacao fisica final ainda exige NavMesh."
29,2028,"CE954DE7","Quantitativo","criticalPathLength","348","metros","Medido","Maior distancia encontrada a partir do simbolo inicial materializado.","Aproxima o percurso entre o simbolo inicial e o terminal mais distante.","A gramatica pode controlar um caminho principal longo por regras sequenciais."
29,2028,"CE954DE7","Quantitativo","avgAlternativePathLength","0","metros","Medido","Media das regras de loop/atalho materializadas.","Nao houve caminho alternativo nesta execucao.","Loops sao suportados apenas quando a gramatica inclui regras de retorno/atalho."
29,2028,"CE954DE7","Booleano","SupportsRandomEnemySpawns","Sim, testado","sim/nao","Suportado","Verifica se o sistema de spawn usa salas/celulas geradas por simbolos terminais.","Sistema configurado e com orcamento ativo.","Spawns usam salas/celulas derivadas; balanceamento de combate ainda e camada de gameplay."
29,2028,"CE954DE7","Booleano","SupportsLootDistribution","Sim, testado","sim/nao","Suportado","Verifica se loot pode ser distribuido sobre salas/celulas derivadas.","Sistema configurado e com orcamento ativo.","Loot pode usar simbolos Treasure ou salas derivadas, mas progressao economica exige regra complementar."
29,2028,"CE954DE7","Booleano","SupportsTraps","Sim, testado","sim/nao","Suportado","Verifica se armadilhas podem ser marcadas em areas navegaveis.","Sistema configurado e com orcamento ativo.","Armadilhas podem usar simbolos Trap ou gargalos, mas pacing de desafio exige camada semantica."
29,2028,"CE954DE7","Booleano","SupportsBacktrackingLoops","Nao","sim/nao","Medido","Conta execucoes em que regras de loop produziram ciclos navegaveis.","A dungeon ficou mais linear nesta execucao.","Suporte nativo quando a gramatica inclui producoes de loop; nao precisa misturar outro algoritmo."
29,2028,"CE954DE7","Booleano","SupportsVerticalConnectors","Sim","sim/nao","Medido","Conta execucoes com regras verticais materializadas entre pavimentos.","Parametro atendido quando regras verticais da propria gramatica foram materializadas.","Implementado por regras verticais da propria gramatica, sem BSP, Room Graph, WFC ou outro metodo."
29,2028,"CE954DE7","Booleano","SupportsMultiFloor","Sim","sim/nao","Medido","Conta execucoes com mais de um pavimento conectado por regras verticais.","Parametro atendido quando a gramatica derivou pavimentos conectados.","Implementado por simbolos em pavimentos diferentes e producoes verticais entre eles."
29,2028,"CE954DE7","Booleano","SupportsBossArena","Sim","sim/nao","Medido","Conta execucoes com regra de arena ou sala ampla acima da area minima configurada.","Existe ao menos uma sala grande o suficiente.","Suportado por uma regra terminal especifica de BossArena, com tamanho configuravel."
29,2028,"CE954DE7","Booleano","SeedReproducible","Sim","sim/nao","Medido","Gera a mesma seed duas vezes e compara o hash topologico.","A seed reproduziu a mesma topologia.","O Grammar-Based Generation e deterministico quando todas as escolhas usam a mesma seed."
29,2028,"CE954DE7","Booleano","RuntimeRegeneration","Sim","sim/nao","Medido","Conta execucoes abaixo do limite de tempo configurado.","Tempo registrado: 69.563 ms.","O custo cresce com quantidade de simbolos, tentativas de embedding e numero de pavimentos."
29,2028,"CE954DE7","Booleano","BudgetAwareSpawns","Sim","sim/nao","Suportado","Verifica se os orcamentos de inimigos, loot e armadilhas cabem nas celulas livres.","Orcamentos registrados: inimigos 10, loot 6, armadilhas 4.","Orcamentos sao aplicados apos a derivacao, sobre celulas livres."
29,2028,"CE954DE7","Qualitativo","Replayability","5/5","Likert 1-5","Estimado automaticamente","Estimativa baseada na diversidade de hashes topologicos entre seeds.","Diversidade topologica: 100%.","A variacao entre seeds depende da escolha das producoes e da interpretacao espacial."
29,2028,"CE954DE7","Qualitativo","Debuggability","5/5","Likert 1-5","Estimado automaticamente","Estimativa baseada na clareza das regras de producao e dos simbolos materializados.","A derivacao por regras facilita explicar por que cada sala existe.","A gramatica e facil de documentar porque cada resultado pode ser explicado por uma sequencia de regras."
29,2028,"CE954DE7","Qualitativo","Flow","3/5","Likert 1-5","Estimado automaticamente","Estimativa baseada em conectividade, caminho critico e ramificacao.","Indica fluidez de navegacao esperada.","O controle de fluxo e uma vantagem forte, pois caminho principal, ramificacoes e loops sao regras explicitas."
29,2028,"CE954DE7","Qualitativo","Legibility","4/5","Likert 1-5","Estimado automaticamente","Estimativa baseada em conectividade, densidade e legibilidade da derivacao espacial.","Indica se o layout tende a ser compreensivel.","A legibilidade depende da interpretacao espacial: regras claras podem gerar mapas confusos se o embedding ficar apertado."
29,2028,"CE954DE7","Qualitativo","StructuralVariety","4/5","Likert 1-5","Estimado automaticamente","Estimativa baseada em quantidade de salas, modulos e loops.","Indica variedade estrutural dentro desta execucao.","A variedade estrutural depende do repertorio de producoes; aumentar a gramatica aumenta expressividade."
29,2028,"CE954DE7","Performance","layoutGenerationMilliseconds","0.605","ms","Medido","Tempo para expandir regras, interpretar simbolos no grid e conectar derivacoes.","Representa o custo da expansao e interpretacao da gramatica.","Mede custo de expandir regras, posicionar simbolos e abrir corredores; compare separado da instanciacao Unity."
29,2028,"CE954DE7","Performance","geometryInstantiationMilliseconds","67.219","ms","Medido","Tempo gasto instanciando prefabs/objetos visuais quando habilitado.","A execucao incluiu custo visual.","Custo visual depende dos prefabs/Unity, nao do Grammar-Based Generation puro."
29,2028,"CE954DE7","Performance","metricsCalculationMilliseconds","1.736","ms","Medido","Tempo para calcular e consolidar metricas apos a geracao.","Ajuda a quantificar custo da instrumentacao.","Custo da instrumentacao, nao do algoritmo."
29,2028,"CE954DE7","Performance","totalGenerationMilliseconds","69.563","ms","Medido","Tempo total medido da execucao.","Inclui layout, instanciacao visual habilitada e calculo de metricas.","Inclui layout, instanciacao visual e metricas; use junto com o tempo logico."
29,2028,"CE954DE7","Performance","generatedGameObjectCount","4508","contagem","Medido","Quantidade de GameObjects criados durante a montagem visual.","Indica peso potencial de instanciacao no Unity.","Reflete peso da montagem visual da cena derivada."
29,2028,"CE954DE7","Performance","occupiedCellCount","3353","contagem","Medido","Quantidade de celulas ocupadas no grid logico.","Proxy de escala espacial da dungeon.","Proxy de escala espacial resultante dos simbolos e corredores materializados."
29,2028,"CE954DE7","Performance","connectionCount","21","contagem","Medido","Quantidade de conexoes criadas por regras sequenciais, laterais, loops e verticalidade.","Reflete a complexidade topologica resultante das regras de producao.","Metrica natural para a gramatica, pois corresponde ao numero de relacoes materializadas entre simbolos."
29,2028,"CE954DE7","Performance","managedMemoryDeltaKB","3280","KB","Estimado","Variacao aproximada de memoria gerenciada durante a execucao.","Valor aproximado, sensivel a GC e ao estado do Editor.","Estimativa sujeita ao GC da Unity; use como indicio comparativo."
30,2029,"ED361641","Quantitativo","numRoomsTarget","32","contagem","Medido","Contagem de simbolos terminais da gramatica materializados como salas.","Indica quantos simbolos terminais da gramatica viraram salas no grid.","A gramatica controla quantidade por regras de caminho principal, ramificacoes e terminais; a interpretacao espacial pode descartar simbolos se nao houver espaco."
30,2029,"ED361641","Quantitativo","connectivityRatio","96.88%","%","Medido","Busca sobre as conexoes derivadas pelas regras sequenciais, de ramificacao, loop e verticalidade.","Mostra se a derivacao sequencial e suas ramificacoes permaneceram conectadas.","A sequencia derivada tende a ser conectada porque cada simbolo nasce de um simbolo anterior; falhas indicam limitacao de embedding espacial."
30,2029,"ED361641","Quantitativo","verticalVariance","1.996","metros","Medido","Desvio padrao das alturas dos nos/salas entre pavimentos.","Valor acima de 0 indica que regras verticais geraram pavimentos conectados.","Verticalidade e suportada quando a gramatica inclui regras entre pavimentos."
30,2029,"ED361641","Quantitativo","fillPercentage","49.11%","%","Medido","Celulas ocupadas por salas e corredores divididas pelo total do grid.","Indica densidade espacial da dungeon.","A densidade depende do numero de simbolos terminais, tamanhos das salas e comprimento dos corredores."
30,2029,"ED361641","Quantitativo","branchFactor","1.938","media","Medido","Media de conexoes entre simbolos terminais derivados.","Valores maiores indicam mais derivacoes laterais, atalhos e variacao de fluxo.","Ramificacao e controlada por regras laterais e por regras de loop."
30,2029,"ED361641","Quantitativo","avgPathLength","250.933","metros","Medido","Distancias calculadas sobre a estrutura terminal gerada pela gramatica.","Distancia media a partir da sala inicial.","Caminhos sao consequencia da ordem de derivacao, nao de busca posterior ou reparo."
30,2029,"ED361641","Quantitativo","uniqueModules","43","contagem","Medido","Contagem de simbolos, regras logicas e prefabs usados pela montagem visual.","Indica variedade basica de composicao.","A variedade vem dos simbolos de entrada, sala, ramificacao, tesouro, armadilha, arena, saida e dos assets configurados."
30,2029,"ED361641","Quantitativo","navigableVolumeRatio","100%","%","Estimado sem NavMesh","Estimativa logica de celulas navegaveis antes de NavMesh.","Use como estimativa inicial, nao como validacao fisica final.","A navegabilidade e estimada no grid logico; validacao fisica final ainda exige NavMesh."
30,2029,"ED361641","Quantitativo","criticalPathLength","426","metros","Medido","Maior distancia encontrada a partir do simbolo inicial materializado.","Aproxima o percurso entre o simbolo inicial e o terminal mais distante.","A gramatica pode controlar um caminho principal longo por regras sequenciais."
30,2029,"ED361641","Quantitativo","avgAlternativePathLength","31","metros","Medido","Media das regras de loop/atalho materializadas.","Ha caminhos alternativos mensuraveis.","Loops sao suportados apenas quando a gramatica inclui regras de retorno/atalho."
30,2029,"ED361641","Booleano","SupportsRandomEnemySpawns","Sim, testado","sim/nao","Suportado","Verifica se o sistema de spawn usa salas/celulas geradas por simbolos terminais.","Sistema configurado e com orcamento ativo.","Spawns usam salas/celulas derivadas; balanceamento de combate ainda e camada de gameplay."
30,2029,"ED361641","Booleano","SupportsLootDistribution","Sim, testado","sim/nao","Suportado","Verifica se loot pode ser distribuido sobre salas/celulas derivadas.","Sistema configurado e com orcamento ativo.","Loot pode usar simbolos Treasure ou salas derivadas, mas progressao economica exige regra complementar."
30,2029,"ED361641","Booleano","SupportsTraps","Sim, testado","sim/nao","Suportado","Verifica se armadilhas podem ser marcadas em areas navegaveis.","Sistema configurado e com orcamento ativo.","Armadilhas podem usar simbolos Trap ou gargalos, mas pacing de desafio exige camada semantica."
30,2029,"ED361641","Booleano","SupportsBacktrackingLoops","Nao","sim/nao","Medido","Conta execucoes em que regras de loop produziram ciclos navegaveis.","A dungeon ficou mais linear nesta execucao.","Suporte nativo quando a gramatica inclui producoes de loop; nao precisa misturar outro algoritmo."
30,2029,"ED361641","Booleano","SupportsVerticalConnectors","Sim","sim/nao","Medido","Conta execucoes com regras verticais materializadas entre pavimentos.","Parametro atendido quando regras verticais da propria gramatica foram materializadas.","Implementado por regras verticais da propria gramatica, sem BSP, Room Graph, WFC ou outro metodo."
30,2029,"ED361641","Booleano","SupportsMultiFloor","Sim","sim/nao","Medido","Conta execucoes com mais de um pavimento conectado por regras verticais.","Parametro atendido quando a gramatica derivou pavimentos conectados.","Implementado por simbolos em pavimentos diferentes e producoes verticais entre eles."
30,2029,"ED361641","Booleano","SupportsBossArena","Sim","sim/nao","Medido","Conta execucoes com regra de arena ou sala ampla acima da area minima configurada.","Existe ao menos uma sala grande o suficiente.","Suportado por uma regra terminal especifica de BossArena, com tamanho configuravel."
30,2029,"ED361641","Booleano","SeedReproducible","Sim","sim/nao","Medido","Gera a mesma seed duas vezes e compara o hash topologico.","A seed reproduziu a mesma topologia.","O Grammar-Based Generation e deterministico quando todas as escolhas usam a mesma seed."
30,2029,"ED361641","Booleano","RuntimeRegeneration","Sim","sim/nao","Medido","Conta execucoes abaixo do limite de tempo configurado.","Tempo registrado: 80.674 ms.","O custo cresce com quantidade de simbolos, tentativas de embedding e numero de pavimentos."
30,2029,"ED361641","Booleano","BudgetAwareSpawns","Sim","sim/nao","Suportado","Verifica se os orcamentos de inimigos, loot e armadilhas cabem nas celulas livres.","Orcamentos registrados: inimigos 10, loot 6, armadilhas 4.","Orcamentos sao aplicados apos a derivacao, sobre celulas livres."
30,2029,"ED361641","Qualitativo","Replayability","5/5","Likert 1-5","Estimado automaticamente","Estimativa baseada na diversidade de hashes topologicos entre seeds.","Diversidade topologica: 100%.","A variacao entre seeds depende da escolha das producoes e da interpretacao espacial."
30,2029,"ED361641","Qualitativo","Debuggability","5/5","Likert 1-5","Estimado automaticamente","Estimativa baseada na clareza das regras de producao e dos simbolos materializados.","A derivacao por regras facilita explicar por que cada sala existe.","A gramatica e facil de documentar porque cada resultado pode ser explicado por uma sequencia de regras."
30,2029,"ED361641","Qualitativo","Flow","3/5","Likert 1-5","Estimado automaticamente","Estimativa baseada em conectividade, caminho critico e ramificacao.","Indica fluidez de navegacao esperada.","O controle de fluxo e uma vantagem forte, pois caminho principal, ramificacoes e loops sao regras explicitas."
30,2029,"ED361641","Qualitativo","Legibility","3/5","Likert 1-5","Estimado automaticamente","Estimativa baseada em conectividade, densidade e legibilidade da derivacao espacial.","Indica se o layout tende a ser compreensivel.","A legibilidade depende da interpretacao espacial: regras claras podem gerar mapas confusos se o embedding ficar apertado."
30,2029,"ED361641","Qualitativo","StructuralVariety","4/5","Likert 1-5","Estimado automaticamente","Estimativa baseada em quantidade de salas, modulos e loops.","Indica variedade estrutural dentro desta execucao.","A variedade estrutural depende do repertorio de producoes; aumentar a gramatica aumenta expressividade."
30,2029,"ED361641","Performance","layoutGenerationMilliseconds","1.323","ms","Medido","Tempo para expandir regras, interpretar simbolos no grid e conectar derivacoes.","Representa o custo da expansao e interpretacao da gramatica.","Mede custo de expandir regras, posicionar simbolos e abrir corredores; compare separado da instanciacao Unity."
30,2029,"ED361641","Performance","geometryInstantiationMilliseconds","77.303","ms","Medido","Tempo gasto instanciando prefabs/objetos visuais quando habilitado.","A execucao incluiu custo visual.","Custo visual depende dos prefabs/Unity, nao do Grammar-Based Generation puro."
30,2029,"ED361641","Performance","metricsCalculationMilliseconds","2.046","ms","Medido","Tempo para calcular e consolidar metricas apos a geracao.","Ajuda a quantificar custo da instrumentacao.","Custo da instrumentacao, nao do algoritmo."
30,2029,"ED361641","Performance","totalGenerationMilliseconds","80.674","ms","Medido","Tempo total medido da execucao.","Inclui layout, instanciacao visual habilitada e calculo de metricas.","Inclui layout, instanciacao visual e metricas; use junto com o tempo logico."
30,2029,"ED361641","Performance","generatedGameObjectCount","5501","contagem","Medido","Quantidade de GameObjects criados durante a montagem visual.","Indica peso potencial de instanciacao no Unity.","Reflete peso da montagem visual da cena derivada."
30,2029,"ED361641","Performance","occupiedCellCount","4023","contagem","Medido","Quantidade de celulas ocupadas no grid logico.","Proxy de escala espacial da dungeon.","Proxy de escala espacial resultante dos simbolos e corredores materializados."
30,2029,"ED361641","Performance","connectionCount","31","contagem","Medido","Quantidade de conexoes criadas por regras sequenciais, laterais, loops e verticalidade.","Reflete a complexidade topologica resultante das regras de producao.","Metrica natural para a gramatica, pois corresponde ao numero de relacoes materializadas entre simbolos."
30,2029,"ED361641","Performance","managedMemoryDeltaKB","3960","KB","Estimado","Variacao aproximada de memoria gerenciada durante a execucao.","Valor aproximado, sensivel a GC e ao estado do Editor.","Estimativa sujeita ao GC da Unity; use como indicio comparativo."
