runIndex,seed,topologyHash,category,parameterName,value,unit,status,collectionMethod,interpretation,bspApplicability
1,2000,"A1717E5F","Quantitativo","numRoomsTarget","48","contagem","Medido","Contagem de salas no layout logico gerado.","Tamanho estrutural da dungeon nesta execucao.","BSP controla salas por particoes e pelo limite Max Rooms."
1,2000,"A1717E5F","Quantitativo","connectivityRatio","100%","%","Medido","Busca no grafo a partir da sala inicial.","Todas as salas ficaram conectadas.","BSP deve gerar conectividade alta porque conecta particoes durante a recursao."
1,2000,"A1717E5F","Quantitativo","verticalVariance","2","metros","Medido","Calcula o desvio padrao das alturas dos pavimentos das salas.","Ha variacao vertical mensuravel entre salas.","BSP puro suporta verticalidade ao particionar multiplos pavimentos e conectar salas por escadas."
1,2000,"A1717E5F","Quantitativo","fillPercentage","46.96%","%","Medido","Celulas ocupadas divididas pelo total do grid.","Indica densidade espacial da dungeon.","Bom para comparar controle de densidade entre algoritmos."
1,2000,"A1717E5F","Quantitativo","branchFactor","2.125","media","Medido","Media de conexoes por sala no grafo.","Ramificacao moderada, geralmente boa para exploracao.","Loops extras aumentam este valor e reduzem linearidade."
1,2000,"A1717E5F","Quantitativo","avgPathLength","116.468","metros","Medido","Dijkstra simples sobre o grafo logico de salas.","Distancia media a partir da sala inicial.","Aproximacao logica; NavMesh pode refinar a distancia fisica."
1,2000,"A1717E5F","Quantitativo","uniqueModules","27","contagem","Medido","Contagem de modulos logicos e prefabs efetivamente usados.","Indica variedade basica de composicao.","A variedade aumenta com loops, conectores verticais e prefabs KayKit configurados."
1,2000,"A1717E5F","Quantitativo","navigableVolumeRatio","100%","%","Estimado sem NavMesh","Proporcao de celulas logicas ocupadas consideradas navegaveis antes de colisao/obstaculos.","Use como estimativa inicial, nao como validacao fisica final.","Para a dissertacao final, pode ser refinado com NavMeshSurface."
1,2000,"A1717E5F","Quantitativo","criticalPathLength","246","metros","Medido","Maior distancia encontrada a partir da sala inicial no grafo.","Aproxima o percurso principal inicio-objetivo.","Funciona bem em BSP porque o grafo de salas e explicito."
1,2000,"A1717E5F","Quantitativo","avgAlternativePathLength","33","metros","Medido","Media das conexoes extras marcadas como loops.","Ha caminhos alternativos mensuraveis.","Depende de Extra Loop Connections e Max Extra Loop Distance."
1,2000,"A1717E5F","Booleano","SupportsRandomEnemySpawns","Sim, testado","sim/nao","Suportado","Verifica se ha sistema de spawn por orcamento e lista de prefabs.","Sistema configurado e com orcamento ativo.","BSP permite spawns aleatorios dentro das salas."
1,2000,"A1717E5F","Booleano","SupportsLootDistribution","Sim, testado","sim/nao","Suportado","Verifica se ha sistema de loot por orcamento e lista de prefabs.","Sistema configurado e com orcamento ativo.","BSP permite distribuir recompensas por salas/celulas."
1,2000,"A1717E5F","Booleano","SupportsTraps","Sim, testado","sim/nao","Suportado","Verifica se ha sistema de armadilhas por orcamento e lista de prefabs.","Sistema configurado e com orcamento ativo.","BSP permite marcar armadilhas em salas ou corredores."
1,2000,"A1717E5F","Booleano","SupportsBacktrackingLoops","Sim","sim/nao","Medido","Detecta ciclos pelo numero de arestas em relacao ao numero de salas.","A dungeon possui loop para retorno/caminho alternativo.","Ative/aumente Extra Loop Connections para favorecer loops."
1,2000,"A1717E5F","Booleano","SupportsVerticalConnectors","Sim","sim/nao","Medido","Detecta conexoes verticais no grafo BSP entre salas de pavimentos adjacentes.","A execucao gerou 1 conector(es) vertical(is).","Implementado com BSP puro, sem misturar outro algoritmo."
1,2000,"A1717E5F","Booleano","SupportsMultiFloor","Sim","sim/nao","Medido","Verifica salas em diferentes floorIndex conectadas por conexoes verticais.","A execucao gerou 2 pavimento(s) com conexao vertical.","Implementado como variante BSP multiandar."
1,2000,"A1717E5F","Booleano","SupportsBossArena","Sim","sim/nao","Medido","Procura sala com area minima configurada para arena.","Existe ao menos uma sala grande o suficiente.","Aumente Max Room Size ou reduza Boss Arena Min Area Cells para testar arenas."
1,2000,"A1717E5F","Booleano","SeedReproducible","Sim","sim/nao","Medido","Gera a mesma seed duas vezes e compara o hash topologico.","A seed reproduziu a mesma topologia.","BSP deterministico deve passar neste teste."
1,2000,"A1717E5F","Booleano","RuntimeRegeneration","Sim","sim/nao","Medido","Compara tempo de geracao com o limite configurado.","Tempo registrado: 65.974 ms.","Mede o layout logico; instanciacao visual pode exigir teste de performance separado."
1,2000,"A1717E5F","Booleano","BudgetAwareSpawns","Sim","sim/nao","Suportado","Compara os orcamentos configurados com a capacidade logica de celulas das salas.","Orcamentos registrados: inimigos 10, loot 6, armadilhas 4.","O sistema tenta respeitar limites de spawn definidos pelo designer."
1,2000,"A1717E5F","Qualitativo","Replayability","5/5","Likert 1-5","Estimado automaticamente","Usa diversidade de hashes topologicos entre execucoes.","Diversidade topologica: 100%.","BSP costuma variar bem com seeds diferentes, mas pode repetir padroes retangulares."
1,2000,"A1717E5F","Qualitativo","Debuggability","5/5","Likert 1-5","Estimado automaticamente","Heuristica baseada na previsibilidade e rastreabilidade do algoritmo.","BSP e altamente depuravel por usar arvore de particoes.","Ponto forte do BSP."
1,2000,"A1717E5F","Qualitativo","Flow","5/5","Likert 1-5","Estimado automaticamente","Heuristica baseada em conectividade, caminho critico e ramificacao.","Indica fluidez de navegacao esperada.","BSP tende a ter fluxo claro quando todos os corredores abrem passagem."
1,2000,"A1717E5F","Qualitativo","Legibility","4/5","Likert 1-5","Estimado automaticamente","Heuristica baseada em densidade e ramificacao.","Indica se o layout tende a ser compreensivel.","Salas retangulares e corredores ortogonais favorecem legibilidade."
1,2000,"A1717E5F","Qualitativo","StructuralVariety","5/5","Likert 1-5","Estimado automaticamente","Heuristica baseada em salas, modulos e loops.","Indica variedade estrutural dentro desta execucao.","BSP tem variedade macroestrutural boa, mas a variedade visual depende muito dos prefabs KayKit configurados."
1,2000,"A1717E5F","Performance","layoutGenerationMilliseconds","0.665","ms","Medido","Tempo para gerar BSP, salas, corredores, loops e conectores verticais.","Representa o custo algoritmico principal.","BSP tende a ser rapido porque trabalha com particoes retangulares e grafo simples."
1,2000,"A1717E5F","Performance","geometryInstantiationMilliseconds","65.123","ms","Medido","Tempo gasto instanciando prefabs/objetos visuais quando a medicao visual esta ativa.","A execucao incluiu custo visual.","Deve ser comparado separadamente, pois depende dos assets e nao apenas do BSP."
1,2000,"A1717E5F","Performance","metricsCalculationMilliseconds","0.179","ms","Medido","Tempo para calcular metricas e montar resultados.","Ajuda a quantificar custo da instrumentacao.","Nao e custo do algoritmo em si."
1,2000,"A1717E5F","Performance","totalGenerationMilliseconds","65.974","ms","Medido","Tempo total medido para a execucao.","Inclui layout, instanciacao visual habilitada e calculo de metricas.","Use junto com layoutGenerationMilliseconds para separar algoritmo e runtime Unity."
1,2000,"A1717E5F","Performance","generatedGameObjectCount","5579","contagem","Medido","Quantidade de GameObjects criados pelo gerador.","Indica peso potencial de instanciacao no Unity.","Pode crescer bastante em algoritmos que geram muitos modulos pequenos."
1,2000,"A1717E5F","Performance","occupiedCellCount","3847","contagem","Medido","Quantidade de celulas ocupadas no grid logico.","Proxy de escala espacial da dungeon.","Permite comparar custo por celula entre algoritmos."
1,2000,"A1717E5F","Performance","connectionCount","51","contagem","Medido","Quantidade de conexoes no grafo logico.","Proxy de complexidade topologica.","BSP tende a manter esse valor previsivel."
1,2000,"A1717E5F","Performance","managedMemoryDeltaKB","1312","KB","Estimado","Diferenca de memoria gerenciada antes/depois da geracao.","Valor aproximado, sensivel a GC e ao estado do Editor.","Use como indicio comparativo, nao como medicao absoluta de memoria."
2,2001,"D3B1144D","Quantitativo","numRoomsTarget","42","contagem","Medido","Contagem de salas no layout logico gerado.","Tamanho estrutural da dungeon nesta execucao.","BSP controla salas por particoes e pelo limite Max Rooms."
2,2001,"D3B1144D","Quantitativo","connectivityRatio","100%","%","Medido","Busca no grafo a partir da sala inicial.","Todas as salas ficaram conectadas.","BSP deve gerar conectividade alta porque conecta particoes durante a recursao."
2,2001,"D3B1144D","Quantitativo","verticalVariance","1.998","metros","Medido","Calcula o desvio padrao das alturas dos pavimentos das salas.","Ha variacao vertical mensuravel entre salas.","BSP puro suporta verticalidade ao particionar multiplos pavimentos e conectar salas por escadas."
2,2001,"D3B1144D","Quantitativo","fillPercentage","45.97%","%","Medido","Celulas ocupadas divididas pelo total do grid.","Indica densidade espacial da dungeon.","Bom para comparar controle de densidade entre algoritmos."
2,2001,"D3B1144D","Quantitativo","branchFactor","2.143","media","Medido","Media de conexoes por sala no grafo.","Ramificacao moderada, geralmente boa para exploracao.","Loops extras aumentam este valor e reduzem linearidade."
2,2001,"D3B1144D","Quantitativo","avgPathLength","273.415","metros","Medido","Dijkstra simples sobre o grafo logico de salas.","Distancia media a partir da sala inicial.","Aproximacao logica; NavMesh pode refinar a distancia fisica."
2,2001,"D3B1144D","Quantitativo","uniqueModules","27","contagem","Medido","Contagem de modulos logicos e prefabs efetivamente usados.","Indica variedade basica de composicao.","A variedade aumenta com loops, conectores verticais e prefabs KayKit configurados."
2,2001,"D3B1144D","Quantitativo","navigableVolumeRatio","100%","%","Estimado sem NavMesh","Proporcao de celulas logicas ocupadas consideradas navegaveis antes de colisao/obstaculos.","Use como estimativa inicial, nao como validacao fisica final.","Para a dissertacao final, pode ser refinado com NavMeshSurface."
2,2001,"D3B1144D","Quantitativo","criticalPathLength","576","metros","Medido","Maior distancia encontrada a partir da sala inicial no grafo.","Aproxima o percurso principal inicio-objetivo.","Funciona bem em BSP porque o grafo de salas e explicito."
2,2001,"D3B1144D","Quantitativo","avgAlternativePathLength","37.5","metros","Medido","Media das conexoes extras marcadas como loops.","Ha caminhos alternativos mensuraveis.","Depende de Extra Loop Connections e Max Extra Loop Distance."
2,2001,"D3B1144D","Booleano","SupportsRandomEnemySpawns","Sim, testado","sim/nao","Suportado","Verifica se ha sistema de spawn por orcamento e lista de prefabs.","Sistema configurado e com orcamento ativo.","BSP permite spawns aleatorios dentro das salas."
2,2001,"D3B1144D","Booleano","SupportsLootDistribution","Sim, testado","sim/nao","Suportado","Verifica se ha sistema de loot por orcamento e lista de prefabs.","Sistema configurado e com orcamento ativo.","BSP permite distribuir recompensas por salas/celulas."
2,2001,"D3B1144D","Booleano","SupportsTraps","Sim, testado","sim/nao","Suportado","Verifica se ha sistema de armadilhas por orcamento e lista de prefabs.","Sistema configurado e com orcamento ativo.","BSP permite marcar armadilhas em salas ou corredores."
2,2001,"D3B1144D","Booleano","SupportsBacktrackingLoops","Sim","sim/nao","Medido","Detecta ciclos pelo numero de arestas em relacao ao numero de salas.","A dungeon possui loop para retorno/caminho alternativo.","Ative/aumente Extra Loop Connections para favorecer loops."
2,2001,"D3B1144D","Booleano","SupportsVerticalConnectors","Sim","sim/nao","Medido","Detecta conexoes verticais no grafo BSP entre salas de pavimentos adjacentes.","A execucao gerou 1 conector(es) vertical(is).","Implementado com BSP puro, sem misturar outro algoritmo."
2,2001,"D3B1144D","Booleano","SupportsMultiFloor","Sim","sim/nao","Medido","Verifica salas em diferentes floorIndex conectadas por conexoes verticais.","A execucao gerou 2 pavimento(s) com conexao vertical.","Implementado como variante BSP multiandar."
2,2001,"D3B1144D","Booleano","SupportsBossArena","Sim","sim/nao","Medido","Procura sala com area minima configurada para arena.","Existe ao menos uma sala grande o suficiente.","Aumente Max Room Size ou reduza Boss Arena Min Area Cells para testar arenas."
2,2001,"D3B1144D","Booleano","SeedReproducible","Sim","sim/nao","Medido","Gera a mesma seed duas vezes e compara o hash topologico.","A seed reproduziu a mesma topologia.","BSP deterministico deve passar neste teste."
2,2001,"D3B1144D","Booleano","RuntimeRegeneration","Sim","sim/nao","Medido","Compara tempo de geracao com o limite configurado.","Tempo registrado: 58.361 ms.","Mede o layout logico; instanciacao visual pode exigir teste de performance separado."
2,2001,"D3B1144D","Booleano","BudgetAwareSpawns","Sim","sim/nao","Suportado","Compara os orcamentos configurados com a capacidade logica de celulas das salas.","Orcamentos registrados: inimigos 10, loot 6, armadilhas 4.","O sistema tenta respeitar limites de spawn definidos pelo designer."
2,2001,"D3B1144D","Qualitativo","Replayability","5/5","Likert 1-5","Estimado automaticamente","Usa diversidade de hashes topologicos entre execucoes.","Diversidade topologica: 100%.","BSP costuma variar bem com seeds diferentes, mas pode repetir padroes retangulares."
2,2001,"D3B1144D","Qualitativo","Debuggability","5/5","Likert 1-5","Estimado automaticamente","Heuristica baseada na previsibilidade e rastreabilidade do algoritmo.","BSP e altamente depuravel por usar arvore de particoes.","Ponto forte do BSP."
2,2001,"D3B1144D","Qualitativo","Flow","5/5","Likert 1-5","Estimado automaticamente","Heuristica baseada em conectividade, caminho critico e ramificacao.","Indica fluidez de navegacao esperada.","BSP tende a ter fluxo claro quando todos os corredores abrem passagem."
2,2001,"D3B1144D","Qualitativo","Legibility","4/5","Likert 1-5","Estimado automaticamente","Heuristica baseada em densidade e ramificacao.","Indica se o layout tende a ser compreensivel.","Salas retangulares e corredores ortogonais favorecem legibilidade."
2,2001,"D3B1144D","Qualitativo","StructuralVariety","5/5","Likert 1-5","Estimado automaticamente","Heuristica baseada em salas, modulos e loops.","Indica variedade estrutural dentro desta execucao.","BSP tem variedade macroestrutural boa, mas a variedade visual depende muito dos prefabs KayKit configurados."
2,2001,"D3B1144D","Performance","layoutGenerationMilliseconds","0.878","ms","Medido","Tempo para gerar BSP, salas, corredores, loops e conectores verticais.","Representa o custo algoritmico principal.","BSP tende a ser rapido porque trabalha com particoes retangulares e grafo simples."
2,2001,"D3B1144D","Performance","geometryInstantiationMilliseconds","57.335","ms","Medido","Tempo gasto instanciando prefabs/objetos visuais quando a medicao visual esta ativa.","A execucao incluiu custo visual.","Deve ser comparado separadamente, pois depende dos assets e nao apenas do BSP."
2,2001,"D3B1144D","Performance","metricsCalculationMilliseconds","0.146","ms","Medido","Tempo para calcular metricas e montar resultados.","Ajuda a quantificar custo da instrumentacao.","Nao e custo do algoritmo em si."
2,2001,"D3B1144D","Performance","totalGenerationMilliseconds","58.361","ms","Medido","Tempo total medido para a execucao.","Inclui layout, instanciacao visual habilitada e calculo de metricas.","Use junto com layoutGenerationMilliseconds para separar algoritmo e runtime Unity."
2,2001,"D3B1144D","Performance","generatedGameObjectCount","5401","contagem","Medido","Quantidade de GameObjects criados pelo gerador.","Indica peso potencial de instanciacao no Unity.","Pode crescer bastante em algoritmos que geram muitos modulos pequenos."
2,2001,"D3B1144D","Performance","occupiedCellCount","3766","contagem","Medido","Quantidade de celulas ocupadas no grid logico.","Proxy de escala espacial da dungeon.","Permite comparar custo por celula entre algoritmos."
2,2001,"D3B1144D","Performance","connectionCount","45","contagem","Medido","Quantidade de conexoes no grafo logico.","Proxy de complexidade topologica.","BSP tende a manter esse valor previsivel."
2,2001,"D3B1144D","Performance","managedMemoryDeltaKB","1252","KB","Estimado","Diferenca de memoria gerenciada antes/depois da geracao.","Valor aproximado, sensivel a GC e ao estado do Editor.","Use como indicio comparativo, nao como medicao absoluta de memoria."
3,2002,"7611272D","Quantitativo","numRoomsTarget","45","contagem","Medido","Contagem de salas no layout logico gerado.","Tamanho estrutural da dungeon nesta execucao.","BSP controla salas por particoes e pelo limite Max Rooms."
3,2002,"7611272D","Quantitativo","connectivityRatio","100%","%","Medido","Busca no grafo a partir da sala inicial.","Todas as salas ficaram conectadas.","BSP deve gerar conectividade alta porque conecta particoes durante a recursao."
3,2002,"7611272D","Quantitativo","verticalVariance","1.996","metros","Medido","Calcula o desvio padrao das alturas dos pavimentos das salas.","Ha variacao vertical mensuravel entre salas.","BSP puro suporta verticalidade ao particionar multiplos pavimentos e conectar salas por escadas."
3,2002,"7611272D","Quantitativo","fillPercentage","44.59%","%","Medido","Celulas ocupadas divididas pelo total do grid.","Indica densidade espacial da dungeon.","Bom para comparar controle de densidade entre algoritmos."
3,2002,"7611272D","Quantitativo","branchFactor","2.133","media","Medido","Media de conexoes por sala no grafo.","Ramificacao moderada, geralmente boa para exploracao.","Loops extras aumentam este valor e reduzem linearidade."
3,2002,"7611272D","Quantitativo","avgPathLength","150.955","metros","Medido","Dijkstra simples sobre o grafo logico de salas.","Distancia media a partir da sala inicial.","Aproximacao logica; NavMesh pode refinar a distancia fisica."
3,2002,"7611272D","Quantitativo","uniqueModules","26","contagem","Medido","Contagem de modulos logicos e prefabs efetivamente usados.","Indica variedade basica de composicao.","A variedade aumenta com loops, conectores verticais e prefabs KayKit configurados."
3,2002,"7611272D","Quantitativo","navigableVolumeRatio","100%","%","Estimado sem NavMesh","Proporcao de celulas logicas ocupadas consideradas navegaveis antes de colisao/obstaculos.","Use como estimativa inicial, nao como validacao fisica final.","Para a dissertacao final, pode ser refinado com NavMeshSurface."
3,2002,"7611272D","Quantitativo","criticalPathLength","276","metros","Medido","Maior distancia encontrada a partir da sala inicial no grafo.","Aproxima o percurso principal inicio-objetivo.","Funciona bem em BSP porque o grafo de salas e explicito."
3,2002,"7611272D","Quantitativo","avgAlternativePathLength","29.5","metros","Medido","Media das conexoes extras marcadas como loops.","Ha caminhos alternativos mensuraveis.","Depende de Extra Loop Connections e Max Extra Loop Distance."
3,2002,"7611272D","Booleano","SupportsRandomEnemySpawns","Sim, testado","sim/nao","Suportado","Verifica se ha sistema de spawn por orcamento e lista de prefabs.","Sistema configurado e com orcamento ativo.","BSP permite spawns aleatorios dentro das salas."
3,2002,"7611272D","Booleano","SupportsLootDistribution","Sim, testado","sim/nao","Suportado","Verifica se ha sistema de loot por orcamento e lista de prefabs.","Sistema configurado e com orcamento ativo.","BSP permite distribuir recompensas por salas/celulas."
3,2002,"7611272D","Booleano","SupportsTraps","Sim, testado","sim/nao","Suportado","Verifica se ha sistema de armadilhas por orcamento e lista de prefabs.","Sistema configurado e com orcamento ativo.","BSP permite marcar armadilhas em salas ou corredores."
3,2002,"7611272D","Booleano","SupportsBacktrackingLoops","Sim","sim/nao","Medido","Detecta ciclos pelo numero de arestas em relacao ao numero de salas.","A dungeon possui loop para retorno/caminho alternativo.","Ative/aumente Extra Loop Connections para favorecer loops."
3,2002,"7611272D","Booleano","SupportsVerticalConnectors","Sim","sim/nao","Medido","Detecta conexoes verticais no grafo BSP entre salas de pavimentos adjacentes.","A execucao gerou 1 conector(es) vertical(is).","Implementado com BSP puro, sem misturar outro algoritmo."
3,2002,"7611272D","Booleano","SupportsMultiFloor","Sim","sim/nao","Medido","Verifica salas em diferentes floorIndex conectadas por conexoes verticais.","A execucao gerou 2 pavimento(s) com conexao vertical.","Implementado como variante BSP multiandar."
3,2002,"7611272D","Booleano","SupportsBossArena","Sim","sim/nao","Medido","Procura sala com area minima configurada para arena.","Existe ao menos uma sala grande o suficiente.","Aumente Max Room Size ou reduza Boss Arena Min Area Cells para testar arenas."
3,2002,"7611272D","Booleano","SeedReproducible","Sim","sim/nao","Medido","Gera a mesma seed duas vezes e compara o hash topologico.","A seed reproduziu a mesma topologia.","BSP deterministico deve passar neste teste."
3,2002,"7611272D","Booleano","RuntimeRegeneration","Sim","sim/nao","Medido","Compara tempo de geracao com o limite configurado.","Tempo registrado: 45.243 ms.","Mede o layout logico; instanciacao visual pode exigir teste de performance separado."
3,2002,"7611272D","Booleano","BudgetAwareSpawns","Sim","sim/nao","Suportado","Compara os orcamentos configurados com a capacidade logica de celulas das salas.","Orcamentos registrados: inimigos 10, loot 6, armadilhas 4.","O sistema tenta respeitar limites de spawn definidos pelo designer."
3,2002,"7611272D","Qualitativo","Replayability","5/5","Likert 1-5","Estimado automaticamente","Usa diversidade de hashes topologicos entre execucoes.","Diversidade topologica: 100%.","BSP costuma variar bem com seeds diferentes, mas pode repetir padroes retangulares."
3,2002,"7611272D","Qualitativo","Debuggability","5/5","Likert 1-5","Estimado automaticamente","Heuristica baseada na previsibilidade e rastreabilidade do algoritmo.","BSP e altamente depuravel por usar arvore de particoes.","Ponto forte do BSP."
3,2002,"7611272D","Qualitativo","Flow","5/5","Likert 1-5","Estimado automaticamente","Heuristica baseada em conectividade, caminho critico e ramificacao.","Indica fluidez de navegacao esperada.","BSP tende a ter fluxo claro quando todos os corredores abrem passagem."
3,2002,"7611272D","Qualitativo","Legibility","5/5","Likert 1-5","Estimado automaticamente","Heuristica baseada em densidade e ramificacao.","Indica se o layout tende a ser compreensivel.","Salas retangulares e corredores ortogonais favorecem legibilidade."
3,2002,"7611272D","Qualitativo","StructuralVariety","5/5","Likert 1-5","Estimado automaticamente","Heuristica baseada em salas, modulos e loops.","Indica variedade estrutural dentro desta execucao.","BSP tem variedade macroestrutural boa, mas a variedade visual depende muito dos prefabs KayKit configurados."
3,2002,"7611272D","Performance","layoutGenerationMilliseconds","0.681","ms","Medido","Tempo para gerar BSP, salas, corredores, loops e conectores verticais.","Representa o custo algoritmico principal.","BSP tende a ser rapido porque trabalha com particoes retangulares e grafo simples."
3,2002,"7611272D","Performance","geometryInstantiationMilliseconds","44.38","ms","Medido","Tempo gasto instanciando prefabs/objetos visuais quando a medicao visual esta ativa.","A execucao incluiu custo visual.","Deve ser comparado separadamente, pois depende dos assets e nao apenas do BSP."
3,2002,"7611272D","Performance","metricsCalculationMilliseconds","0.18","ms","Medido","Tempo para calcular metricas e montar resultados.","Ajuda a quantificar custo da instrumentacao.","Nao e custo do algoritmo em si."
3,2002,"7611272D","Performance","totalGenerationMilliseconds","45.243","ms","Medido","Tempo total medido para a execucao.","Inclui layout, instanciacao visual habilitada e calculo de metricas.","Use junto com layoutGenerationMilliseconds para separar algoritmo e runtime Unity."
3,2002,"7611272D","Performance","generatedGameObjectCount","5303","contagem","Medido","Quantidade de GameObjects criados pelo gerador.","Indica peso potencial de instanciacao no Unity.","Pode crescer bastante em algoritmos que geram muitos modulos pequenos."
3,2002,"7611272D","Performance","occupiedCellCount","3653","contagem","Medido","Quantidade de celulas ocupadas no grid logico.","Proxy de escala espacial da dungeon.","Permite comparar custo por celula entre algoritmos."
3,2002,"7611272D","Performance","connectionCount","48","contagem","Medido","Quantidade de conexoes no grafo logico.","Proxy de complexidade topologica.","BSP tende a manter esse valor previsivel."
3,2002,"7611272D","Performance","managedMemoryDeltaKB","1252","KB","Estimado","Diferenca de memoria gerenciada antes/depois da geracao.","Valor aproximado, sensivel a GC e ao estado do Editor.","Use como indicio comparativo, nao como medicao absoluta de memoria."
4,2003,"A5228F41","Quantitativo","numRoomsTarget","45","contagem","Medido","Contagem de salas no layout logico gerado.","Tamanho estrutural da dungeon nesta execucao.","BSP controla salas por particoes e pelo limite Max Rooms."
4,2003,"A5228F41","Quantitativo","connectivityRatio","100%","%","Medido","Busca no grafo a partir da sala inicial.","Todas as salas ficaram conectadas.","BSP deve gerar conectividade alta porque conecta particoes durante a recursao."
4,2003,"A5228F41","Quantitativo","verticalVariance","1.996","metros","Medido","Calcula o desvio padrao das alturas dos pavimentos das salas.","Ha variacao vertical mensuravel entre salas.","BSP puro suporta verticalidade ao particionar multiplos pavimentos e conectar salas por escadas."
4,2003,"A5228F41","Quantitativo","fillPercentage","48.34%","%","Medido","Celulas ocupadas divididas pelo total do grid.","Indica densidade espacial da dungeon.","Bom para comparar controle de densidade entre algoritmos."
4,2003,"A5228F41","Quantitativo","branchFactor","2.133","media","Medido","Media de conexoes por sala no grafo.","Ramificacao moderada, geralmente boa para exploracao.","Loops extras aumentam este valor e reduzem linearidade."
4,2003,"A5228F41","Quantitativo","avgPathLength","149.273","metros","Medido","Dijkstra simples sobre o grafo logico de salas.","Distancia media a partir da sala inicial.","Aproximacao logica; NavMesh pode refinar a distancia fisica."
4,2003,"A5228F41","Quantitativo","uniqueModules","26","contagem","Medido","Contagem de modulos logicos e prefabs efetivamente usados.","Indica variedade basica de composicao.","A variedade aumenta com loops, conectores verticais e prefabs KayKit configurados."
4,2003,"A5228F41","Quantitativo","navigableVolumeRatio","100%","%","Estimado sem NavMesh","Proporcao de celulas logicas ocupadas consideradas navegaveis antes de colisao/obstaculos.","Use como estimativa inicial, nao como validacao fisica final.","Para a dissertacao final, pode ser refinado com NavMeshSurface."
4,2003,"A5228F41","Quantitativo","criticalPathLength","270","metros","Medido","Maior distancia encontrada a partir da sala inicial no grafo.","Aproxima o percurso principal inicio-objetivo.","Funciona bem em BSP porque o grafo de salas e explicito."
4,2003,"A5228F41","Quantitativo","avgAlternativePathLength","42","metros","Medido","Media das conexoes extras marcadas como loops.","Ha caminhos alternativos mensuraveis.","Depende de Extra Loop Connections e Max Extra Loop Distance."
4,2003,"A5228F41","Booleano","SupportsRandomEnemySpawns","Sim, testado","sim/nao","Suportado","Verifica se ha sistema de spawn por orcamento e lista de prefabs.","Sistema configurado e com orcamento ativo.","BSP permite spawns aleatorios dentro das salas."
4,2003,"A5228F41","Booleano","SupportsLootDistribution","Sim, testado","sim/nao","Suportado","Verifica se ha sistema de loot por orcamento e lista de prefabs.","Sistema configurado e com orcamento ativo.","BSP permite distribuir recompensas por salas/celulas."
4,2003,"A5228F41","Booleano","SupportsTraps","Sim, testado","sim/nao","Suportado","Verifica se ha sistema de armadilhas por orcamento e lista de prefabs.","Sistema configurado e com orcamento ativo.","BSP permite marcar armadilhas em salas ou corredores."
4,2003,"A5228F41","Booleano","SupportsBacktrackingLoops","Sim","sim/nao","Medido","Detecta ciclos pelo numero de arestas em relacao ao numero de salas.","A dungeon possui loop para retorno/caminho alternativo.","Ative/aumente Extra Loop Connections para favorecer loops."
4,2003,"A5228F41","Booleano","SupportsVerticalConnectors","Sim","sim/nao","Medido","Detecta conexoes verticais no grafo BSP entre salas de pavimentos adjacentes.","A execucao gerou 1 conector(es) vertical(is).","Implementado com BSP puro, sem misturar outro algoritmo."
4,2003,"A5228F41","Booleano","SupportsMultiFloor","Sim","sim/nao","Medido","Verifica salas em diferentes floorIndex conectadas por conexoes verticais.","A execucao gerou 2 pavimento(s) com conexao vertical.","Implementado como variante BSP multiandar."
4,2003,"A5228F41","Booleano","SupportsBossArena","Sim","sim/nao","Medido","Procura sala com area minima configurada para arena.","Existe ao menos uma sala grande o suficiente.","Aumente Max Room Size ou reduza Boss Arena Min Area Cells para testar arenas."
4,2003,"A5228F41","Booleano","SeedReproducible","Sim","sim/nao","Medido","Gera a mesma seed duas vezes e compara o hash topologico.","A seed reproduziu a mesma topologia.","BSP deterministico deve passar neste teste."
4,2003,"A5228F41","Booleano","RuntimeRegeneration","Sim","sim/nao","Medido","Compara tempo de geracao com o limite configurado.","Tempo registrado: 52.826 ms.","Mede o layout logico; instanciacao visual pode exigir teste de performance separado."
4,2003,"A5228F41","Booleano","BudgetAwareSpawns","Sim","sim/nao","Suportado","Compara os orcamentos configurados com a capacidade logica de celulas das salas.","Orcamentos registrados: inimigos 10, loot 6, armadilhas 4.","O sistema tenta respeitar limites de spawn definidos pelo designer."
4,2003,"A5228F41","Qualitativo","Replayability","5/5","Likert 1-5","Estimado automaticamente","Usa diversidade de hashes topologicos entre execucoes.","Diversidade topologica: 100%.","BSP costuma variar bem com seeds diferentes, mas pode repetir padroes retangulares."
4,2003,"A5228F41","Qualitativo","Debuggability","5/5","Likert 1-5","Estimado automaticamente","Heuristica baseada na previsibilidade e rastreabilidade do algoritmo.","BSP e altamente depuravel por usar arvore de particoes.","Ponto forte do BSP."
4,2003,"A5228F41","Qualitativo","Flow","5/5","Likert 1-5","Estimado automaticamente","Heuristica baseada em conectividade, caminho critico e ramificacao.","Indica fluidez de navegacao esperada.","BSP tende a ter fluxo claro quando todos os corredores abrem passagem."
4,2003,"A5228F41","Qualitativo","Legibility","4/5","Likert 1-5","Estimado automaticamente","Heuristica baseada em densidade e ramificacao.","Indica se o layout tende a ser compreensivel.","Salas retangulares e corredores ortogonais favorecem legibilidade."
4,2003,"A5228F41","Qualitativo","StructuralVariety","5/5","Likert 1-5","Estimado automaticamente","Heuristica baseada em salas, modulos e loops.","Indica variedade estrutural dentro desta execucao.","BSP tem variedade macroestrutural boa, mas a variedade visual depende muito dos prefabs KayKit configurados."
4,2003,"A5228F41","Performance","layoutGenerationMilliseconds","0.646","ms","Medido","Tempo para gerar BSP, salas, corredores, loops e conectores verticais.","Representa o custo algoritmico principal.","BSP tende a ser rapido porque trabalha com particoes retangulares e grafo simples."
4,2003,"A5228F41","Performance","geometryInstantiationMilliseconds","52.007","ms","Medido","Tempo gasto instanciando prefabs/objetos visuais quando a medicao visual esta ativa.","A execucao incluiu custo visual.","Deve ser comparado separadamente, pois depende dos assets e nao apenas do BSP."
4,2003,"A5228F41","Performance","metricsCalculationMilliseconds","0.172","ms","Medido","Tempo para calcular metricas e montar resultados.","Ajuda a quantificar custo da instrumentacao.","Nao e custo do algoritmo em si."
4,2003,"A5228F41","Performance","totalGenerationMilliseconds","52.826","ms","Medido","Tempo total medido para a execucao.","Inclui layout, instanciacao visual habilitada e calculo de metricas.","Use junto com layoutGenerationMilliseconds para separar algoritmo e runtime Unity."
4,2003,"A5228F41","Performance","generatedGameObjectCount","5563","contagem","Medido","Quantidade de GameObjects criados pelo gerador.","Indica peso potencial de instanciacao no Unity.","Pode crescer bastante em algoritmos que geram muitos modulos pequenos."
4,2003,"A5228F41","Performance","occupiedCellCount","3960","contagem","Medido","Quantidade de celulas ocupadas no grid logico.","Proxy de escala espacial da dungeon.","Permite comparar custo por celula entre algoritmos."
4,2003,"A5228F41","Performance","connectionCount","48","contagem","Medido","Quantidade de conexoes no grafo logico.","Proxy de complexidade topologica.","BSP tende a manter esse valor previsivel."
4,2003,"A5228F41","Performance","managedMemoryDeltaKB","1284","KB","Estimado","Diferenca de memoria gerenciada antes/depois da geracao.","Valor aproximado, sensivel a GC e ao estado do Editor.","Use como indicio comparativo, nao como medicao absoluta de memoria."
5,2004,"9C10FF72","Quantitativo","numRoomsTarget","48","contagem","Medido","Contagem de salas no layout logico gerado.","Tamanho estrutural da dungeon nesta execucao.","BSP controla salas por particoes e pelo limite Max Rooms."
5,2004,"9C10FF72","Quantitativo","connectivityRatio","100%","%","Medido","Busca no grafo a partir da sala inicial.","Todas as salas ficaram conectadas.","BSP deve gerar conectividade alta porque conecta particoes durante a recursao."
5,2004,"9C10FF72","Quantitativo","verticalVariance","2","metros","Medido","Calcula o desvio padrao das alturas dos pavimentos das salas.","Ha variacao vertical mensuravel entre salas.","BSP puro suporta verticalidade ao particionar multiplos pavimentos e conectar salas por escadas."
5,2004,"9C10FF72","Quantitativo","fillPercentage","44.98%","%","Medido","Celulas ocupadas divididas pelo total do grid.","Indica densidade espacial da dungeon.","Bom para comparar controle de densidade entre algoritmos."
5,2004,"9C10FF72","Quantitativo","branchFactor","2.125","media","Medido","Media de conexoes por sala no grafo.","Ramificacao moderada, geralmente boa para exploracao.","Loops extras aumentam este valor e reduzem linearidade."
5,2004,"9C10FF72","Quantitativo","avgPathLength","164.766","metros","Medido","Dijkstra simples sobre o grafo logico de salas.","Distancia media a partir da sala inicial.","Aproximacao logica; NavMesh pode refinar a distancia fisica."
5,2004,"9C10FF72","Quantitativo","uniqueModules","27","contagem","Medido","Contagem de modulos logicos e prefabs efetivamente usados.","Indica variedade basica de composicao.","A variedade aumenta com loops, conectores verticais e prefabs KayKit configurados."
5,2004,"9C10FF72","Quantitativo","navigableVolumeRatio","100%","%","Estimado sem NavMesh","Proporcao de celulas logicas ocupadas consideradas navegaveis antes de colisao/obstaculos.","Use como estimativa inicial, nao como validacao fisica final.","Para a dissertacao final, pode ser refinado com NavMeshSurface."
5,2004,"9C10FF72","Quantitativo","criticalPathLength","352","metros","Medido","Maior distancia encontrada a partir da sala inicial no grafo.","Aproxima o percurso principal inicio-objetivo.","Funciona bem em BSP porque o grafo de salas e explicito."
5,2004,"9C10FF72","Quantitativo","avgAlternativePathLength","23","metros","Medido","Media das conexoes extras marcadas como loops.","Ha caminhos alternativos mensuraveis.","Depende de Extra Loop Connections e Max Extra Loop Distance."
5,2004,"9C10FF72","Booleano","SupportsRandomEnemySpawns","Sim, testado","sim/nao","Suportado","Verifica se ha sistema de spawn por orcamento e lista de prefabs.","Sistema configurado e com orcamento ativo.","BSP permite spawns aleatorios dentro das salas."
5,2004,"9C10FF72","Booleano","SupportsLootDistribution","Sim, testado","sim/nao","Suportado","Verifica se ha sistema de loot por orcamento e lista de prefabs.","Sistema configurado e com orcamento ativo.","BSP permite distribuir recompensas por salas/celulas."
5,2004,"9C10FF72","Booleano","SupportsTraps","Sim, testado","sim/nao","Suportado","Verifica se ha sistema de armadilhas por orcamento e lista de prefabs.","Sistema configurado e com orcamento ativo.","BSP permite marcar armadilhas em salas ou corredores."
5,2004,"9C10FF72","Booleano","SupportsBacktrackingLoops","Sim","sim/nao","Medido","Detecta ciclos pelo numero de arestas em relacao ao numero de salas.","A dungeon possui loop para retorno/caminho alternativo.","Ative/aumente Extra Loop Connections para favorecer loops."
5,2004,"9C10FF72","Booleano","SupportsVerticalConnectors","Sim","sim/nao","Medido","Detecta conexoes verticais no grafo BSP entre salas de pavimentos adjacentes.","A execucao gerou 1 conector(es) vertical(is).","Implementado com BSP puro, sem misturar outro algoritmo."
5,2004,"9C10FF72","Booleano","SupportsMultiFloor","Sim","sim/nao","Medido","Verifica salas em diferentes floorIndex conectadas por conexoes verticais.","A execucao gerou 2 pavimento(s) com conexao vertical.","Implementado como variante BSP multiandar."
5,2004,"9C10FF72","Booleano","SupportsBossArena","Sim","sim/nao","Medido","Procura sala com area minima configurada para arena.","Existe ao menos uma sala grande o suficiente.","Aumente Max Room Size ou reduza Boss Arena Min Area Cells para testar arenas."
5,2004,"9C10FF72","Booleano","SeedReproducible","Sim","sim/nao","Medido","Gera a mesma seed duas vezes e compara o hash topologico.","A seed reproduziu a mesma topologia.","BSP deterministico deve passar neste teste."
5,2004,"9C10FF72","Booleano","RuntimeRegeneration","Sim","sim/nao","Medido","Compara tempo de geracao com o limite configurado.","Tempo registrado: 45.459 ms.","Mede o layout logico; instanciacao visual pode exigir teste de performance separado."
5,2004,"9C10FF72","Booleano","BudgetAwareSpawns","Sim","sim/nao","Suportado","Compara os orcamentos configurados com a capacidade logica de celulas das salas.","Orcamentos registrados: inimigos 10, loot 6, armadilhas 4.","O sistema tenta respeitar limites de spawn definidos pelo designer."
5,2004,"9C10FF72","Qualitativo","Replayability","5/5","Likert 1-5","Estimado automaticamente","Usa diversidade de hashes topologicos entre execucoes.","Diversidade topologica: 100%.","BSP costuma variar bem com seeds diferentes, mas pode repetir padroes retangulares."
5,2004,"9C10FF72","Qualitativo","Debuggability","5/5","Likert 1-5","Estimado automaticamente","Heuristica baseada na previsibilidade e rastreabilidade do algoritmo.","BSP e altamente depuravel por usar arvore de particoes.","Ponto forte do BSP."
5,2004,"9C10FF72","Qualitativo","Flow","5/5","Likert 1-5","Estimado automaticamente","Heuristica baseada em conectividade, caminho critico e ramificacao.","Indica fluidez de navegacao esperada.","BSP tende a ter fluxo claro quando todos os corredores abrem passagem."
5,2004,"9C10FF72","Qualitativo","Legibility","5/5","Likert 1-5","Estimado automaticamente","Heuristica baseada em densidade e ramificacao.","Indica se o layout tende a ser compreensivel.","Salas retangulares e corredores ortogonais favorecem legibilidade."
5,2004,"9C10FF72","Qualitativo","StructuralVariety","5/5","Likert 1-5","Estimado automaticamente","Heuristica baseada em salas, modulos e loops.","Indica variedade estrutural dentro desta execucao.","BSP tem variedade macroestrutural boa, mas a variedade visual depende muito dos prefabs KayKit configurados."
5,2004,"9C10FF72","Performance","layoutGenerationMilliseconds","0.629","ms","Medido","Tempo para gerar BSP, salas, corredores, loops e conectores verticais.","Representa o custo algoritmico principal.","BSP tende a ser rapido porque trabalha com particoes retangulares e grafo simples."
5,2004,"9C10FF72","Performance","geometryInstantiationMilliseconds","44.653","ms","Medido","Tempo gasto instanciando prefabs/objetos visuais quando a medicao visual esta ativa.","A execucao incluiu custo visual.","Deve ser comparado separadamente, pois depende dos assets e nao apenas do BSP."
5,2004,"9C10FF72","Performance","metricsCalculationMilliseconds","0.175","ms","Medido","Tempo para calcular metricas e montar resultados.","Ajuda a quantificar custo da instrumentacao.","Nao e custo do algoritmo em si."
5,2004,"9C10FF72","Performance","totalGenerationMilliseconds","45.459","ms","Medido","Tempo total medido para a execucao.","Inclui layout, instanciacao visual habilitada e calculo de metricas.","Use junto com layoutGenerationMilliseconds para separar algoritmo e runtime Unity."
5,2004,"9C10FF72","Performance","generatedGameObjectCount","5462","contagem","Medido","Quantidade de GameObjects criados pelo gerador.","Indica peso potencial de instanciacao no Unity.","Pode crescer bastante em algoritmos que geram muitos modulos pequenos."
5,2004,"9C10FF72","Performance","occupiedCellCount","3685","contagem","Medido","Quantidade de celulas ocupadas no grid logico.","Proxy de escala espacial da dungeon.","Permite comparar custo por celula entre algoritmos."
5,2004,"9C10FF72","Performance","connectionCount","51","contagem","Medido","Quantidade de conexoes no grafo logico.","Proxy de complexidade topologica.","BSP tende a manter esse valor previsivel."
5,2004,"9C10FF72","Performance","managedMemoryDeltaKB","1324","KB","Estimado","Diferenca de memoria gerenciada antes/depois da geracao.","Valor aproximado, sensivel a GC e ao estado do Editor.","Use como indicio comparativo, nao como medicao absoluta de memoria."
6,2005,"BDB44203","Quantitativo","numRoomsTarget","44","contagem","Medido","Contagem de salas no layout logico gerado.","Tamanho estrutural da dungeon nesta execucao.","BSP controla salas por particoes e pelo limite Max Rooms."
6,2005,"BDB44203","Quantitativo","connectivityRatio","100%","%","Medido","Busca no grafo a partir da sala inicial.","Todas as salas ficaram conectadas.","BSP deve gerar conectividade alta porque conecta particoes durante a recursao."
6,2005,"BDB44203","Quantitativo","verticalVariance","1.992","metros","Medido","Calcula o desvio padrao das alturas dos pavimentos das salas.","Ha variacao vertical mensuravel entre salas.","BSP puro suporta verticalidade ao particionar multiplos pavimentos e conectar salas por escadas."
6,2005,"BDB44203","Quantitativo","fillPercentage","44.79%","%","Medido","Celulas ocupadas divididas pelo total do grid.","Indica densidade espacial da dungeon.","Bom para comparar controle de densidade entre algoritmos."
6,2005,"BDB44203","Quantitativo","branchFactor","2.136","media","Medido","Media de conexoes por sala no grafo.","Ramificacao moderada, geralmente boa para exploracao.","Loops extras aumentam este valor e reduzem linearidade."
6,2005,"BDB44203","Quantitativo","avgPathLength","226.372","metros","Medido","Dijkstra simples sobre o grafo logico de salas.","Distancia media a partir da sala inicial.","Aproximacao logica; NavMesh pode refinar a distancia fisica."
6,2005,"BDB44203","Quantitativo","uniqueModules","27","contagem","Medido","Contagem de modulos logicos e prefabs efetivamente usados.","Indica variedade basica de composicao.","A variedade aumenta com loops, conectores verticais e prefabs KayKit configurados."
6,2005,"BDB44203","Quantitativo","navigableVolumeRatio","100%","%","Estimado sem NavMesh","Proporcao de celulas logicas ocupadas consideradas navegaveis antes de colisao/obstaculos.","Use como estimativa inicial, nao como validacao fisica final.","Para a dissertacao final, pode ser refinado com NavMeshSurface."
6,2005,"BDB44203","Quantitativo","criticalPathLength","370","metros","Medido","Maior distancia encontrada a partir da sala inicial no grafo.","Aproxima o percurso principal inicio-objetivo.","Funciona bem em BSP porque o grafo de salas e explicito."
6,2005,"BDB44203","Quantitativo","avgAlternativePathLength","33.5","metros","Medido","Media das conexoes extras marcadas como loops.","Ha caminhos alternativos mensuraveis.","Depende de Extra Loop Connections e Max Extra Loop Distance."
6,2005,"BDB44203","Booleano","SupportsRandomEnemySpawns","Sim, testado","sim/nao","Suportado","Verifica se ha sistema de spawn por orcamento e lista de prefabs.","Sistema configurado e com orcamento ativo.","BSP permite spawns aleatorios dentro das salas."
6,2005,"BDB44203","Booleano","SupportsLootDistribution","Sim, testado","sim/nao","Suportado","Verifica se ha sistema de loot por orcamento e lista de prefabs.","Sistema configurado e com orcamento ativo.","BSP permite distribuir recompensas por salas/celulas."
6,2005,"BDB44203","Booleano","SupportsTraps","Sim, testado","sim/nao","Suportado","Verifica se ha sistema de armadilhas por orcamento e lista de prefabs.","Sistema configurado e com orcamento ativo.","BSP permite marcar armadilhas em salas ou corredores."
6,2005,"BDB44203","Booleano","SupportsBacktrackingLoops","Sim","sim/nao","Medido","Detecta ciclos pelo numero de arestas em relacao ao numero de salas.","A dungeon possui loop para retorno/caminho alternativo.","Ative/aumente Extra Loop Connections para favorecer loops."
6,2005,"BDB44203","Booleano","SupportsVerticalConnectors","Sim","sim/nao","Medido","Detecta conexoes verticais no grafo BSP entre salas de pavimentos adjacentes.","A execucao gerou 1 conector(es) vertical(is).","Implementado com BSP puro, sem misturar outro algoritmo."
6,2005,"BDB44203","Booleano","SupportsMultiFloor","Sim","sim/nao","Medido","Verifica salas em diferentes floorIndex conectadas por conexoes verticais.","A execucao gerou 2 pavimento(s) com conexao vertical.","Implementado como variante BSP multiandar."
6,2005,"BDB44203","Booleano","SupportsBossArena","Sim","sim/nao","Medido","Procura sala com area minima configurada para arena.","Existe ao menos uma sala grande o suficiente.","Aumente Max Room Size ou reduza Boss Arena Min Area Cells para testar arenas."
6,2005,"BDB44203","Booleano","SeedReproducible","Sim","sim/nao","Medido","Gera a mesma seed duas vezes e compara o hash topologico.","A seed reproduziu a mesma topologia.","BSP deterministico deve passar neste teste."
6,2005,"BDB44203","Booleano","RuntimeRegeneration","Sim","sim/nao","Medido","Compara tempo de geracao com o limite configurado.","Tempo registrado: 43.149 ms.","Mede o layout logico; instanciacao visual pode exigir teste de performance separado."
6,2005,"BDB44203","Booleano","BudgetAwareSpawns","Sim","sim/nao","Suportado","Compara os orcamentos configurados com a capacidade logica de celulas das salas.","Orcamentos registrados: inimigos 10, loot 6, armadilhas 4.","O sistema tenta respeitar limites de spawn definidos pelo designer."
6,2005,"BDB44203","Qualitativo","Replayability","5/5","Likert 1-5","Estimado automaticamente","Usa diversidade de hashes topologicos entre execucoes.","Diversidade topologica: 100%.","BSP costuma variar bem com seeds diferentes, mas pode repetir padroes retangulares."
6,2005,"BDB44203","Qualitativo","Debuggability","5/5","Likert 1-5","Estimado automaticamente","Heuristica baseada na previsibilidade e rastreabilidade do algoritmo.","BSP e altamente depuravel por usar arvore de particoes.","Ponto forte do BSP."
6,2005,"BDB44203","Qualitativo","Flow","5/5","Likert 1-5","Estimado automaticamente","Heuristica baseada em conectividade, caminho critico e ramificacao.","Indica fluidez de navegacao esperada.","BSP tende a ter fluxo claro quando todos os corredores abrem passagem."
6,2005,"BDB44203","Qualitativo","Legibility","5/5","Likert 1-5","Estimado automaticamente","Heuristica baseada em densidade e ramificacao.","Indica se o layout tende a ser compreensivel.","Salas retangulares e corredores ortogonais favorecem legibilidade."
6,2005,"BDB44203","Qualitativo","StructuralVariety","5/5","Likert 1-5","Estimado automaticamente","Heuristica baseada em salas, modulos e loops.","Indica variedade estrutural dentro desta execucao.","BSP tem variedade macroestrutural boa, mas a variedade visual depende muito dos prefabs KayKit configurados."
6,2005,"BDB44203","Performance","layoutGenerationMilliseconds","0.601","ms","Medido","Tempo para gerar BSP, salas, corredores, loops e conectores verticais.","Representa o custo algoritmico principal.","BSP tende a ser rapido porque trabalha com particoes retangulares e grafo simples."
6,2005,"BDB44203","Performance","geometryInstantiationMilliseconds","42.392","ms","Medido","Tempo gasto instanciando prefabs/objetos visuais quando a medicao visual esta ativa.","A execucao incluiu custo visual.","Deve ser comparado separadamente, pois depende dos assets e nao apenas do BSP."
6,2005,"BDB44203","Performance","metricsCalculationMilliseconds","0.155","ms","Medido","Tempo para calcular metricas e montar resultados.","Ajuda a quantificar custo da instrumentacao.","Nao e custo do algoritmo em si."
6,2005,"BDB44203","Performance","totalGenerationMilliseconds","43.149","ms","Medido","Tempo total medido para a execucao.","Inclui layout, instanciacao visual habilitada e calculo de metricas.","Use junto com layoutGenerationMilliseconds para separar algoritmo e runtime Unity."
6,2005,"BDB44203","Performance","generatedGameObjectCount","5250","contagem","Medido","Quantidade de GameObjects criados pelo gerador.","Indica peso potencial de instanciacao no Unity.","Pode crescer bastante em algoritmos que geram muitos modulos pequenos."
6,2005,"BDB44203","Performance","occupiedCellCount","3669","contagem","Medido","Quantidade de celulas ocupadas no grid logico.","Proxy de escala espacial da dungeon.","Permite comparar custo por celula entre algoritmos."
6,2005,"BDB44203","Performance","connectionCount","47","contagem","Medido","Quantidade de conexoes no grafo logico.","Proxy de complexidade topologica.","BSP tende a manter esse valor previsivel."
6,2005,"BDB44203","Performance","managedMemoryDeltaKB","1460","KB","Estimado","Diferenca de memoria gerenciada antes/depois da geracao.","Valor aproximado, sensivel a GC e ao estado do Editor.","Use como indicio comparativo, nao como medicao absoluta de memoria."
7,2006,"09F4B3F4","Quantitativo","numRoomsTarget","45","contagem","Medido","Contagem de salas no layout logico gerado.","Tamanho estrutural da dungeon nesta execucao.","BSP controla salas por particoes e pelo limite Max Rooms."
7,2006,"09F4B3F4","Quantitativo","connectivityRatio","100%","%","Medido","Busca no grafo a partir da sala inicial.","Todas as salas ficaram conectadas.","BSP deve gerar conectividade alta porque conecta particoes durante a recursao."
7,2006,"09F4B3F4","Quantitativo","verticalVariance","2","metros","Medido","Calcula o desvio padrao das alturas dos pavimentos das salas.","Ha variacao vertical mensuravel entre salas.","BSP puro suporta verticalidade ao particionar multiplos pavimentos e conectar salas por escadas."
7,2006,"09F4B3F4","Quantitativo","fillPercentage","44.06%","%","Medido","Celulas ocupadas divididas pelo total do grid.","Indica densidade espacial da dungeon.","Bom para comparar controle de densidade entre algoritmos."
7,2006,"09F4B3F4","Quantitativo","branchFactor","2.133","media","Medido","Media de conexoes por sala no grafo.","Ramificacao moderada, geralmente boa para exploracao.","Loops extras aumentam este valor e reduzem linearidade."
7,2006,"09F4B3F4","Quantitativo","avgPathLength","218.682","metros","Medido","Dijkstra simples sobre o grafo logico de salas.","Distancia media a partir da sala inicial.","Aproximacao logica; NavMesh pode refinar a distancia fisica."
7,2006,"09F4B3F4","Quantitativo","uniqueModules","27","contagem","Medido","Contagem de modulos logicos e prefabs efetivamente usados.","Indica variedade basica de composicao.","A variedade aumenta com loops, conectores verticais e prefabs KayKit configurados."
7,2006,"09F4B3F4","Quantitativo","navigableVolumeRatio","100%","%","Estimado sem NavMesh","Proporcao de celulas logicas ocupadas consideradas navegaveis antes de colisao/obstaculos.","Use como estimativa inicial, nao como validacao fisica final.","Para a dissertacao final, pode ser refinado com NavMeshSurface."
7,2006,"09F4B3F4","Quantitativo","criticalPathLength","368","metros","Medido","Maior distancia encontrada a partir da sala inicial no grafo.","Aproxima o percurso principal inicio-objetivo.","Funciona bem em BSP porque o grafo de salas e explicito."
7,2006,"09F4B3F4","Quantitativo","avgAlternativePathLength","26","metros","Medido","Media das conexoes extras marcadas como loops.","Ha caminhos alternativos mensuraveis.","Depende de Extra Loop Connections e Max Extra Loop Distance."
7,2006,"09F4B3F4","Booleano","SupportsRandomEnemySpawns","Sim, testado","sim/nao","Suportado","Verifica se ha sistema de spawn por orcamento e lista de prefabs.","Sistema configurado e com orcamento ativo.","BSP permite spawns aleatorios dentro das salas."
7,2006,"09F4B3F4","Booleano","SupportsLootDistribution","Sim, testado","sim/nao","Suportado","Verifica se ha sistema de loot por orcamento e lista de prefabs.","Sistema configurado e com orcamento ativo.","BSP permite distribuir recompensas por salas/celulas."
7,2006,"09F4B3F4","Booleano","SupportsTraps","Sim, testado","sim/nao","Suportado","Verifica se ha sistema de armadilhas por orcamento e lista de prefabs.","Sistema configurado e com orcamento ativo.","BSP permite marcar armadilhas em salas ou corredores."
7,2006,"09F4B3F4","Booleano","SupportsBacktrackingLoops","Sim","sim/nao","Medido","Detecta ciclos pelo numero de arestas em relacao ao numero de salas.","A dungeon possui loop para retorno/caminho alternativo.","Ative/aumente Extra Loop Connections para favorecer loops."
7,2006,"09F4B3F4","Booleano","SupportsVerticalConnectors","Sim","sim/nao","Medido","Detecta conexoes verticais no grafo BSP entre salas de pavimentos adjacentes.","A execucao gerou 1 conector(es) vertical(is).","Implementado com BSP puro, sem misturar outro algoritmo."
7,2006,"09F4B3F4","Booleano","SupportsMultiFloor","Sim","sim/nao","Medido","Verifica salas em diferentes floorIndex conectadas por conexoes verticais.","A execucao gerou 2 pavimento(s) com conexao vertical.","Implementado como variante BSP multiandar."
7,2006,"09F4B3F4","Booleano","SupportsBossArena","Sim","sim/nao","Medido","Procura sala com area minima configurada para arena.","Existe ao menos uma sala grande o suficiente.","Aumente Max Room Size ou reduza Boss Arena Min Area Cells para testar arenas."
7,2006,"09F4B3F4","Booleano","SeedReproducible","Sim","sim/nao","Medido","Gera a mesma seed duas vezes e compara o hash topologico.","A seed reproduziu a mesma topologia.","BSP deterministico deve passar neste teste."
7,2006,"09F4B3F4","Booleano","RuntimeRegeneration","Sim","sim/nao","Medido","Compara tempo de geracao com o limite configurado.","Tempo registrado: 45.107 ms.","Mede o layout logico; instanciacao visual pode exigir teste de performance separado."
7,2006,"09F4B3F4","Booleano","BudgetAwareSpawns","Sim","sim/nao","Suportado","Compara os orcamentos configurados com a capacidade logica de celulas das salas.","Orcamentos registrados: inimigos 10, loot 6, armadilhas 4.","O sistema tenta respeitar limites de spawn definidos pelo designer."
7,2006,"09F4B3F4","Qualitativo","Replayability","5/5","Likert 1-5","Estimado automaticamente","Usa diversidade de hashes topologicos entre execucoes.","Diversidade topologica: 100%.","BSP costuma variar bem com seeds diferentes, mas pode repetir padroes retangulares."
7,2006,"09F4B3F4","Qualitativo","Debuggability","5/5","Likert 1-5","Estimado automaticamente","Heuristica baseada na previsibilidade e rastreabilidade do algoritmo.","BSP e altamente depuravel por usar arvore de particoes.","Ponto forte do BSP."
7,2006,"09F4B3F4","Qualitativo","Flow","5/5","Likert 1-5","Estimado automaticamente","Heuristica baseada em conectividade, caminho critico e ramificacao.","Indica fluidez de navegacao esperada.","BSP tende a ter fluxo claro quando todos os corredores abrem passagem."
7,2006,"09F4B3F4","Qualitativo","Legibility","5/5","Likert 1-5","Estimado automaticamente","Heuristica baseada em densidade e ramificacao.","Indica se o layout tende a ser compreensivel.","Salas retangulares e corredores ortogonais favorecem legibilidade."
7,2006,"09F4B3F4","Qualitativo","StructuralVariety","5/5","Likert 1-5","Estimado automaticamente","Heuristica baseada em salas, modulos e loops.","Indica variedade estrutural dentro desta execucao.","BSP tem variedade macroestrutural boa, mas a variedade visual depende muito dos prefabs KayKit configurados."
7,2006,"09F4B3F4","Performance","layoutGenerationMilliseconds","0.598","ms","Medido","Tempo para gerar BSP, salas, corredores, loops e conectores verticais.","Representa o custo algoritmico principal.","BSP tende a ser rapido porque trabalha com particoes retangulares e grafo simples."
7,2006,"09F4B3F4","Performance","geometryInstantiationMilliseconds","44.348","ms","Medido","Tempo gasto instanciando prefabs/objetos visuais quando a medicao visual esta ativa.","A execucao incluiu custo visual.","Deve ser comparado separadamente, pois depende dos assets e nao apenas do BSP."
7,2006,"09F4B3F4","Performance","metricsCalculationMilliseconds","0.16","ms","Medido","Tempo para calcular metricas e montar resultados.","Ajuda a quantificar custo da instrumentacao.","Nao e custo do algoritmo em si."
7,2006,"09F4B3F4","Performance","totalGenerationMilliseconds","45.107","ms","Medido","Tempo total medido para a execucao.","Inclui layout, instanciacao visual habilitada e calculo de metricas.","Use junto com layoutGenerationMilliseconds para separar algoritmo e runtime Unity."
7,2006,"09F4B3F4","Performance","generatedGameObjectCount","5361","contagem","Medido","Quantidade de GameObjects criados pelo gerador.","Indica peso potencial de instanciacao no Unity.","Pode crescer bastante em algoritmos que geram muitos modulos pequenos."
7,2006,"09F4B3F4","Performance","occupiedCellCount","3609","contagem","Medido","Quantidade de celulas ocupadas no grid logico.","Proxy de escala espacial da dungeon.","Permite comparar custo por celula entre algoritmos."
7,2006,"09F4B3F4","Performance","connectionCount","48","contagem","Medido","Quantidade de conexoes no grafo logico.","Proxy de complexidade topologica.","BSP tende a manter esse valor previsivel."
7,2006,"09F4B3F4","Performance","managedMemoryDeltaKB","1564","KB","Estimado","Diferenca de memoria gerenciada antes/depois da geracao.","Valor aproximado, sensivel a GC e ao estado do Editor.","Use como indicio comparativo, nao como medicao absoluta de memoria."
8,2007,"5E1594CF","Quantitativo","numRoomsTarget","48","contagem","Medido","Contagem de salas no layout logico gerado.","Tamanho estrutural da dungeon nesta execucao.","BSP controla salas por particoes e pelo limite Max Rooms."
8,2007,"5E1594CF","Quantitativo","connectivityRatio","100%","%","Medido","Busca no grafo a partir da sala inicial.","Todas as salas ficaram conectadas.","BSP deve gerar conectividade alta porque conecta particoes durante a recursao."
8,2007,"5E1594CF","Quantitativo","verticalVariance","2","metros","Medido","Calcula o desvio padrao das alturas dos pavimentos das salas.","Ha variacao vertical mensuravel entre salas.","BSP puro suporta verticalidade ao particionar multiplos pavimentos e conectar salas por escadas."
8,2007,"5E1594CF","Quantitativo","fillPercentage","42.13%","%","Medido","Celulas ocupadas divididas pelo total do grid.","Indica densidade espacial da dungeon.","Bom para comparar controle de densidade entre algoritmos."
8,2007,"5E1594CF","Quantitativo","branchFactor","2.125","media","Medido","Media de conexoes por sala no grafo.","Ramificacao moderada, geralmente boa para exploracao.","Loops extras aumentam este valor e reduzem linearidade."
8,2007,"5E1594CF","Quantitativo","avgPathLength","187.106","metros","Medido","Dijkstra simples sobre o grafo logico de salas.","Distancia media a partir da sala inicial.","Aproximacao logica; NavMesh pode refinar a distancia fisica."
8,2007,"5E1594CF","Quantitativo","uniqueModules","26","contagem","Medido","Contagem de modulos logicos e prefabs efetivamente usados.","Indica variedade basica de composicao.","A variedade aumenta com loops, conectores verticais e prefabs KayKit configurados."
8,2007,"5E1594CF","Quantitativo","navigableVolumeRatio","100%","%","Estimado sem NavMesh","Proporcao de celulas logicas ocupadas consideradas navegaveis antes de colisao/obstaculos.","Use como estimativa inicial, nao como validacao fisica final.","Para a dissertacao final, pode ser refinado com NavMeshSurface."
8,2007,"5E1594CF","Quantitativo","criticalPathLength","348","metros","Medido","Maior distancia encontrada a partir da sala inicial no grafo.","Aproxima o percurso principal inicio-objetivo.","Funciona bem em BSP porque o grafo de salas e explicito."
8,2007,"5E1594CF","Quantitativo","avgAlternativePathLength","34","metros","Medido","Media das conexoes extras marcadas como loops.","Ha caminhos alternativos mensuraveis.","Depende de Extra Loop Connections e Max Extra Loop Distance."
8,2007,"5E1594CF","Booleano","SupportsRandomEnemySpawns","Sim, testado","sim/nao","Suportado","Verifica se ha sistema de spawn por orcamento e lista de prefabs.","Sistema configurado e com orcamento ativo.","BSP permite spawns aleatorios dentro das salas."
8,2007,"5E1594CF","Booleano","SupportsLootDistribution","Sim, testado","sim/nao","Suportado","Verifica se ha sistema de loot por orcamento e lista de prefabs.","Sistema configurado e com orcamento ativo.","BSP permite distribuir recompensas por salas/celulas."
8,2007,"5E1594CF","Booleano","SupportsTraps","Sim, testado","sim/nao","Suportado","Verifica se ha sistema de armadilhas por orcamento e lista de prefabs.","Sistema configurado e com orcamento ativo.","BSP permite marcar armadilhas em salas ou corredores."
8,2007,"5E1594CF","Booleano","SupportsBacktrackingLoops","Sim","sim/nao","Medido","Detecta ciclos pelo numero de arestas em relacao ao numero de salas.","A dungeon possui loop para retorno/caminho alternativo.","Ative/aumente Extra Loop Connections para favorecer loops."
8,2007,"5E1594CF","Booleano","SupportsVerticalConnectors","Sim","sim/nao","Medido","Detecta conexoes verticais no grafo BSP entre salas de pavimentos adjacentes.","A execucao gerou 1 conector(es) vertical(is).","Implementado com BSP puro, sem misturar outro algoritmo."
8,2007,"5E1594CF","Booleano","SupportsMultiFloor","Sim","sim/nao","Medido","Verifica salas em diferentes floorIndex conectadas por conexoes verticais.","A execucao gerou 2 pavimento(s) com conexao vertical.","Implementado como variante BSP multiandar."
8,2007,"5E1594CF","Booleano","SupportsBossArena","Sim","sim/nao","Medido","Procura sala com area minima configurada para arena.","Existe ao menos uma sala grande o suficiente.","Aumente Max Room Size ou reduza Boss Arena Min Area Cells para testar arenas."
8,2007,"5E1594CF","Booleano","SeedReproducible","Sim","sim/nao","Medido","Gera a mesma seed duas vezes e compara o hash topologico.","A seed reproduziu a mesma topologia.","BSP deterministico deve passar neste teste."
8,2007,"5E1594CF","Booleano","RuntimeRegeneration","Sim","sim/nao","Medido","Compara tempo de geracao com o limite configurado.","Tempo registrado: 44.352 ms.","Mede o layout logico; instanciacao visual pode exigir teste de performance separado."
8,2007,"5E1594CF","Booleano","BudgetAwareSpawns","Sim","sim/nao","Suportado","Compara os orcamentos configurados com a capacidade logica de celulas das salas.","Orcamentos registrados: inimigos 10, loot 6, armadilhas 4.","O sistema tenta respeitar limites de spawn definidos pelo designer."
8,2007,"5E1594CF","Qualitativo","Replayability","5/5","Likert 1-5","Estimado automaticamente","Usa diversidade de hashes topologicos entre execucoes.","Diversidade topologica: 100%.","BSP costuma variar bem com seeds diferentes, mas pode repetir padroes retangulares."
8,2007,"5E1594CF","Qualitativo","Debuggability","5/5","Likert 1-5","Estimado automaticamente","Heuristica baseada na previsibilidade e rastreabilidade do algoritmo.","BSP e altamente depuravel por usar arvore de particoes.","Ponto forte do BSP."
8,2007,"5E1594CF","Qualitativo","Flow","5/5","Likert 1-5","Estimado automaticamente","Heuristica baseada em conectividade, caminho critico e ramificacao.","Indica fluidez de navegacao esperada.","BSP tende a ter fluxo claro quando todos os corredores abrem passagem."
8,2007,"5E1594CF","Qualitativo","Legibility","5/5","Likert 1-5","Estimado automaticamente","Heuristica baseada em densidade e ramificacao.","Indica se o layout tende a ser compreensivel.","Salas retangulares e corredores ortogonais favorecem legibilidade."
8,2007,"5E1594CF","Qualitativo","StructuralVariety","5/5","Likert 1-5","Estimado automaticamente","Heuristica baseada em salas, modulos e loops.","Indica variedade estrutural dentro desta execucao.","BSP tem variedade macroestrutural boa, mas a variedade visual depende muito dos prefabs KayKit configurados."
8,2007,"5E1594CF","Performance","layoutGenerationMilliseconds","0.638","ms","Medido","Tempo para gerar BSP, salas, corredores, loops e conectores verticais.","Representa o custo algoritmico principal.","BSP tende a ser rapido porque trabalha com particoes retangulares e grafo simples."
8,2007,"5E1594CF","Performance","geometryInstantiationMilliseconds","43.538","ms","Medido","Tempo gasto instanciando prefabs/objetos visuais quando a medicao visual esta ativa.","A execucao incluiu custo visual.","Deve ser comparado separadamente, pois depende dos assets e nao apenas do BSP."
8,2007,"5E1594CF","Performance","metricsCalculationMilliseconds","0.175","ms","Medido","Tempo para calcular metricas e montar resultados.","Ajuda a quantificar custo da instrumentacao.","Nao e custo do algoritmo em si."
8,2007,"5E1594CF","Performance","totalGenerationMilliseconds","44.352","ms","Medido","Tempo total medido para a execucao.","Inclui layout, instanciacao visual habilitada e calculo de metricas.","Use junto com layoutGenerationMilliseconds para separar algoritmo e runtime Unity."
8,2007,"5E1594CF","Performance","generatedGameObjectCount","5050","contagem","Medido","Quantidade de GameObjects criados pelo gerador.","Indica peso potencial de instanciacao no Unity.","Pode crescer bastante em algoritmos que geram muitos modulos pequenos."
8,2007,"5E1594CF","Performance","occupiedCellCount","3451","contagem","Medido","Quantidade de celulas ocupadas no grid logico.","Proxy de escala espacial da dungeon.","Permite comparar custo por celula entre algoritmos."
8,2007,"5E1594CF","Performance","connectionCount","51","contagem","Medido","Quantidade de conexoes no grafo logico.","Proxy de complexidade topologica.","BSP tende a manter esse valor previsivel."
8,2007,"5E1594CF","Performance","managedMemoryDeltaKB","1488","KB","Estimado","Diferenca de memoria gerenciada antes/depois da geracao.","Valor aproximado, sensivel a GC e ao estado do Editor.","Use como indicio comparativo, nao como medicao absoluta de memoria."
9,2008,"5A099FEE","Quantitativo","numRoomsTarget","46","contagem","Medido","Contagem de salas no layout logico gerado.","Tamanho estrutural da dungeon nesta execucao.","BSP controla salas por particoes e pelo limite Max Rooms."
9,2008,"5A099FEE","Quantitativo","connectivityRatio","100%","%","Medido","Busca no grafo a partir da sala inicial.","Todas as salas ficaram conectadas.","BSP deve gerar conectividade alta porque conecta particoes durante a recursao."
9,2008,"5A099FEE","Quantitativo","verticalVariance","1.998","metros","Medido","Calcula o desvio padrao das alturas dos pavimentos das salas.","Ha variacao vertical mensuravel entre salas.","BSP puro suporta verticalidade ao particionar multiplos pavimentos e conectar salas por escadas."
9,2008,"5A099FEE","Quantitativo","fillPercentage","43.86%","%","Medido","Celulas ocupadas divididas pelo total do grid.","Indica densidade espacial da dungeon.","Bom para comparar controle de densidade entre algoritmos."
9,2008,"5A099FEE","Quantitativo","branchFactor","2.13","media","Medido","Media de conexoes por sala no grafo.","Ramificacao moderada, geralmente boa para exploracao.","Loops extras aumentam este valor e reduzem linearidade."
9,2008,"5A099FEE","Quantitativo","avgPathLength","128.978","metros","Medido","Dijkstra simples sobre o grafo logico de salas.","Distancia media a partir da sala inicial.","Aproximacao logica; NavMesh pode refinar a distancia fisica."
9,2008,"5A099FEE","Quantitativo","uniqueModules","27","contagem","Medido","Contagem de modulos logicos e prefabs efetivamente usados.","Indica variedade basica de composicao.","A variedade aumenta com loops, conectores verticais e prefabs KayKit configurados."
9,2008,"5A099FEE","Quantitativo","navigableVolumeRatio","100%","%","Estimado sem NavMesh","Proporcao de celulas logicas ocupadas consideradas navegaveis antes de colisao/obstaculos.","Use como estimativa inicial, nao como validacao fisica final.","Para a dissertacao final, pode ser refinado com NavMeshSurface."
9,2008,"5A099FEE","Quantitativo","criticalPathLength","312","metros","Medido","Maior distancia encontrada a partir da sala inicial no grafo.","Aproxima o percurso principal inicio-objetivo.","Funciona bem em BSP porque o grafo de salas e explicito."
9,2008,"5A099FEE","Quantitativo","avgAlternativePathLength","30","metros","Medido","Media das conexoes extras marcadas como loops.","Ha caminhos alternativos mensuraveis.","Depende de Extra Loop Connections e Max Extra Loop Distance."
9,2008,"5A099FEE","Booleano","SupportsRandomEnemySpawns","Sim, testado","sim/nao","Suportado","Verifica se ha sistema de spawn por orcamento e lista de prefabs.","Sistema configurado e com orcamento ativo.","BSP permite spawns aleatorios dentro das salas."
9,2008,"5A099FEE","Booleano","SupportsLootDistribution","Sim, testado","sim/nao","Suportado","Verifica se ha sistema de loot por orcamento e lista de prefabs.","Sistema configurado e com orcamento ativo.","BSP permite distribuir recompensas por salas/celulas."
9,2008,"5A099FEE","Booleano","SupportsTraps","Sim, testado","sim/nao","Suportado","Verifica se ha sistema de armadilhas por orcamento e lista de prefabs.","Sistema configurado e com orcamento ativo.","BSP permite marcar armadilhas em salas ou corredores."
9,2008,"5A099FEE","Booleano","SupportsBacktrackingLoops","Sim","sim/nao","Medido","Detecta ciclos pelo numero de arestas em relacao ao numero de salas.","A dungeon possui loop para retorno/caminho alternativo.","Ative/aumente Extra Loop Connections para favorecer loops."
9,2008,"5A099FEE","Booleano","SupportsVerticalConnectors","Sim","sim/nao","Medido","Detecta conexoes verticais no grafo BSP entre salas de pavimentos adjacentes.","A execucao gerou 1 conector(es) vertical(is).","Implementado com BSP puro, sem misturar outro algoritmo."
9,2008,"5A099FEE","Booleano","SupportsMultiFloor","Sim","sim/nao","Medido","Verifica salas em diferentes floorIndex conectadas por conexoes verticais.","A execucao gerou 2 pavimento(s) com conexao vertical.","Implementado como variante BSP multiandar."
9,2008,"5A099FEE","Booleano","SupportsBossArena","Sim","sim/nao","Medido","Procura sala com area minima configurada para arena.","Existe ao menos uma sala grande o suficiente.","Aumente Max Room Size ou reduza Boss Arena Min Area Cells para testar arenas."
9,2008,"5A099FEE","Booleano","SeedReproducible","Sim","sim/nao","Medido","Gera a mesma seed duas vezes e compara o hash topologico.","A seed reproduziu a mesma topologia.","BSP deterministico deve passar neste teste."
9,2008,"5A099FEE","Booleano","RuntimeRegeneration","Sim","sim/nao","Medido","Compara tempo de geracao com o limite configurado.","Tempo registrado: 44.46 ms.","Mede o layout logico; instanciacao visual pode exigir teste de performance separado."
9,2008,"5A099FEE","Booleano","BudgetAwareSpawns","Sim","sim/nao","Suportado","Compara os orcamentos configurados com a capacidade logica de celulas das salas.","Orcamentos registrados: inimigos 10, loot 6, armadilhas 4.","O sistema tenta respeitar limites de spawn definidos pelo designer."
9,2008,"5A099FEE","Qualitativo","Replayability","5/5","Likert 1-5","Estimado automaticamente","Usa diversidade de hashes topologicos entre execucoes.","Diversidade topologica: 100%.","BSP costuma variar bem com seeds diferentes, mas pode repetir padroes retangulares."
9,2008,"5A099FEE","Qualitativo","Debuggability","5/5","Likert 1-5","Estimado automaticamente","Heuristica baseada na previsibilidade e rastreabilidade do algoritmo.","BSP e altamente depuravel por usar arvore de particoes.","Ponto forte do BSP."
9,2008,"5A099FEE","Qualitativo","Flow","5/5","Likert 1-5","Estimado automaticamente","Heuristica baseada em conectividade, caminho critico e ramificacao.","Indica fluidez de navegacao esperada.","BSP tende a ter fluxo claro quando todos os corredores abrem passagem."
9,2008,"5A099FEE","Qualitativo","Legibility","5/5","Likert 1-5","Estimado automaticamente","Heuristica baseada em densidade e ramificacao.","Indica se o layout tende a ser compreensivel.","Salas retangulares e corredores ortogonais favorecem legibilidade."
9,2008,"5A099FEE","Qualitativo","StructuralVariety","5/5","Likert 1-5","Estimado automaticamente","Heuristica baseada em salas, modulos e loops.","Indica variedade estrutural dentro desta execucao.","BSP tem variedade macroestrutural boa, mas a variedade visual depende muito dos prefabs KayKit configurados."
9,2008,"5A099FEE","Performance","layoutGenerationMilliseconds","0.592","ms","Medido","Tempo para gerar BSP, salas, corredores, loops e conectores verticais.","Representa o custo algoritmico principal.","BSP tende a ser rapido porque trabalha com particoes retangulares e grafo simples."
9,2008,"5A099FEE","Performance","geometryInstantiationMilliseconds","43.704","ms","Medido","Tempo gasto instanciando prefabs/objetos visuais quando a medicao visual esta ativa.","A execucao incluiu custo visual.","Deve ser comparado separadamente, pois depende dos assets e nao apenas do BSP."
9,2008,"5A099FEE","Performance","metricsCalculationMilliseconds","0.162","ms","Medido","Tempo para calcular metricas e montar resultados.","Ajuda a quantificar custo da instrumentacao.","Nao e custo do algoritmo em si."
9,2008,"5A099FEE","Performance","totalGenerationMilliseconds","44.46","ms","Medido","Tempo total medido para a execucao.","Inclui layout, instanciacao visual habilitada e calculo de metricas.","Use junto com layoutGenerationMilliseconds para separar algoritmo e runtime Unity."
9,2008,"5A099FEE","Performance","generatedGameObjectCount","5308","contagem","Medido","Quantidade de GameObjects criados pelo gerador.","Indica peso potencial de instanciacao no Unity.","Pode crescer bastante em algoritmos que geram muitos modulos pequenos."
9,2008,"5A099FEE","Performance","occupiedCellCount","3593","contagem","Medido","Quantidade de celulas ocupadas no grid logico.","Proxy de escala espacial da dungeon.","Permite comparar custo por celula entre algoritmos."
9,2008,"5A099FEE","Performance","connectionCount","49","contagem","Medido","Quantidade de conexoes no grafo logico.","Proxy de complexidade topologica.","BSP tende a manter esse valor previsivel."
9,2008,"5A099FEE","Performance","managedMemoryDeltaKB","1536","KB","Estimado","Diferenca de memoria gerenciada antes/depois da geracao.","Valor aproximado, sensivel a GC e ao estado do Editor.","Use como indicio comparativo, nao como medicao absoluta de memoria."
10,2009,"CC79E927","Quantitativo","numRoomsTarget","45","contagem","Medido","Contagem de salas no layout logico gerado.","Tamanho estrutural da dungeon nesta execucao.","BSP controla salas por particoes e pelo limite Max Rooms."
10,2009,"CC79E927","Quantitativo","connectivityRatio","100%","%","Medido","Busca no grafo a partir da sala inicial.","Todas as salas ficaram conectadas.","BSP deve gerar conectividade alta porque conecta particoes durante a recursao."
10,2009,"CC79E927","Quantitativo","verticalVariance","1.996","metros","Medido","Calcula o desvio padrao das alturas dos pavimentos das salas.","Ha variacao vertical mensuravel entre salas.","BSP puro suporta verticalidade ao particionar multiplos pavimentos e conectar salas por escadas."
10,2009,"CC79E927","Quantitativo","fillPercentage","43.52%","%","Medido","Celulas ocupadas divididas pelo total do grid.","Indica densidade espacial da dungeon.","Bom para comparar controle de densidade entre algoritmos."
10,2009,"CC79E927","Quantitativo","branchFactor","2.133","media","Medido","Media de conexoes por sala no grafo.","Ramificacao moderada, geralmente boa para exploracao.","Loops extras aumentam este valor e reduzem linearidade."
10,2009,"CC79E927","Quantitativo","avgPathLength","161.864","metros","Medido","Dijkstra simples sobre o grafo logico de salas.","Distancia media a partir da sala inicial.","Aproximacao logica; NavMesh pode refinar a distancia fisica."
10,2009,"CC79E927","Quantitativo","uniqueModules","27","contagem","Medido","Contagem de modulos logicos e prefabs efetivamente usados.","Indica variedade basica de composicao.","A variedade aumenta com loops, conectores verticais e prefabs KayKit configurados."
10,2009,"CC79E927","Quantitativo","navigableVolumeRatio","100%","%","Estimado sem NavMesh","Proporcao de celulas logicas ocupadas consideradas navegaveis antes de colisao/obstaculos.","Use como estimativa inicial, nao como validacao fisica final.","Para a dissertacao final, pode ser refinado com NavMeshSurface."
10,2009,"CC79E927","Quantitativo","criticalPathLength","332","metros","Medido","Maior distancia encontrada a partir da sala inicial no grafo.","Aproxima o percurso principal inicio-objetivo.","Funciona bem em BSP porque o grafo de salas e explicito."
10,2009,"CC79E927","Quantitativo","avgAlternativePathLength","25.5","metros","Medido","Media das conexoes extras marcadas como loops.","Ha caminhos alternativos mensuraveis.","Depende de Extra Loop Connections e Max Extra Loop Distance."
10,2009,"CC79E927","Booleano","SupportsRandomEnemySpawns","Sim, testado","sim/nao","Suportado","Verifica se ha sistema de spawn por orcamento e lista de prefabs.","Sistema configurado e com orcamento ativo.","BSP permite spawns aleatorios dentro das salas."
10,2009,"CC79E927","Booleano","SupportsLootDistribution","Sim, testado","sim/nao","Suportado","Verifica se ha sistema de loot por orcamento e lista de prefabs.","Sistema configurado e com orcamento ativo.","BSP permite distribuir recompensas por salas/celulas."
10,2009,"CC79E927","Booleano","SupportsTraps","Sim, testado","sim/nao","Suportado","Verifica se ha sistema de armadilhas por orcamento e lista de prefabs.","Sistema configurado e com orcamento ativo.","BSP permite marcar armadilhas em salas ou corredores."
10,2009,"CC79E927","Booleano","SupportsBacktrackingLoops","Sim","sim/nao","Medido","Detecta ciclos pelo numero de arestas em relacao ao numero de salas.","A dungeon possui loop para retorno/caminho alternativo.","Ative/aumente Extra Loop Connections para favorecer loops."
10,2009,"CC79E927","Booleano","SupportsVerticalConnectors","Sim","sim/nao","Medido","Detecta conexoes verticais no grafo BSP entre salas de pavimentos adjacentes.","A execucao gerou 1 conector(es) vertical(is).","Implementado com BSP puro, sem misturar outro algoritmo."
10,2009,"CC79E927","Booleano","SupportsMultiFloor","Sim","sim/nao","Medido","Verifica salas em diferentes floorIndex conectadas por conexoes verticais.","A execucao gerou 2 pavimento(s) com conexao vertical.","Implementado como variante BSP multiandar."
10,2009,"CC79E927","Booleano","SupportsBossArena","Sim","sim/nao","Medido","Procura sala com area minima configurada para arena.","Existe ao menos uma sala grande o suficiente.","Aumente Max Room Size ou reduza Boss Arena Min Area Cells para testar arenas."
10,2009,"CC79E927","Booleano","SeedReproducible","Sim","sim/nao","Medido","Gera a mesma seed duas vezes e compara o hash topologico.","A seed reproduziu a mesma topologia.","BSP deterministico deve passar neste teste."
10,2009,"CC79E927","Booleano","RuntimeRegeneration","Sim","sim/nao","Medido","Compara tempo de geracao com o limite configurado.","Tempo registrado: 45.106 ms.","Mede o layout logico; instanciacao visual pode exigir teste de performance separado."
10,2009,"CC79E927","Booleano","BudgetAwareSpawns","Sim","sim/nao","Suportado","Compara os orcamentos configurados com a capacidade logica de celulas das salas.","Orcamentos registrados: inimigos 10, loot 6, armadilhas 4.","O sistema tenta respeitar limites de spawn definidos pelo designer."
10,2009,"CC79E927","Qualitativo","Replayability","5/5","Likert 1-5","Estimado automaticamente","Usa diversidade de hashes topologicos entre execucoes.","Diversidade topologica: 100%.","BSP costuma variar bem com seeds diferentes, mas pode repetir padroes retangulares."
10,2009,"CC79E927","Qualitativo","Debuggability","5/5","Likert 1-5","Estimado automaticamente","Heuristica baseada na previsibilidade e rastreabilidade do algoritmo.","BSP e altamente depuravel por usar arvore de particoes.","Ponto forte do BSP."
10,2009,"CC79E927","Qualitativo","Flow","5/5","Likert 1-5","Estimado automaticamente","Heuristica baseada em conectividade, caminho critico e ramificacao.","Indica fluidez de navegacao esperada.","BSP tende a ter fluxo claro quando todos os corredores abrem passagem."
10,2009,"CC79E927","Qualitativo","Legibility","5/5","Likert 1-5","Estimado automaticamente","Heuristica baseada em densidade e ramificacao.","Indica se o layout tende a ser compreensivel.","Salas retangulares e corredores ortogonais favorecem legibilidade."
10,2009,"CC79E927","Qualitativo","StructuralVariety","5/5","Likert 1-5","Estimado automaticamente","Heuristica baseada em salas, modulos e loops.","Indica variedade estrutural dentro desta execucao.","BSP tem variedade macroestrutural boa, mas a variedade visual depende muito dos prefabs KayKit configurados."
10,2009,"CC79E927","Performance","layoutGenerationMilliseconds","0.605","ms","Medido","Tempo para gerar BSP, salas, corredores, loops e conectores verticais.","Representa o custo algoritmico principal.","BSP tende a ser rapido porque trabalha com particoes retangulares e grafo simples."
10,2009,"CC79E927","Performance","geometryInstantiationMilliseconds","44.334","ms","Medido","Tempo gasto instanciando prefabs/objetos visuais quando a medicao visual esta ativa.","A execucao incluiu custo visual.","Deve ser comparado separadamente, pois depende dos assets e nao apenas do BSP."
10,2009,"CC79E927","Performance","metricsCalculationMilliseconds","0.166","ms","Medido","Tempo para calcular metricas e montar resultados.","Ajuda a quantificar custo da instrumentacao.","Nao e custo do algoritmo em si."
10,2009,"CC79E927","Performance","totalGenerationMilliseconds","45.106","ms","Medido","Tempo total medido para a execucao.","Inclui layout, instanciacao visual habilitada e calculo de metricas.","Use junto com layoutGenerationMilliseconds para separar algoritmo e runtime Unity."
10,2009,"CC79E927","Performance","generatedGameObjectCount","5145","contagem","Medido","Quantidade de GameObjects criados pelo gerador.","Indica peso potencial de instanciacao no Unity.","Pode crescer bastante em algoritmos que geram muitos modulos pequenos."
10,2009,"CC79E927","Performance","occupiedCellCount","3565","contagem","Medido","Quantidade de celulas ocupadas no grid logico.","Proxy de escala espacial da dungeon.","Permite comparar custo por celula entre algoritmos."
10,2009,"CC79E927","Performance","connectionCount","48","contagem","Medido","Quantidade de conexoes no grafo logico.","Proxy de complexidade topologica.","BSP tende a manter esse valor previsivel."
10,2009,"CC79E927","Performance","managedMemoryDeltaKB","1488","KB","Estimado","Diferenca de memoria gerenciada antes/depois da geracao.","Valor aproximado, sensivel a GC e ao estado do Editor.","Use como indicio comparativo, nao como medicao absoluta de memoria."
11,2010,"D808F03F","Quantitativo","numRoomsTarget","48","contagem","Medido","Contagem de salas no layout logico gerado.","Tamanho estrutural da dungeon nesta execucao.","BSP controla salas por particoes e pelo limite Max Rooms."
11,2010,"D808F03F","Quantitativo","connectivityRatio","100%","%","Medido","Busca no grafo a partir da sala inicial.","Todas as salas ficaram conectadas.","BSP deve gerar conectividade alta porque conecta particoes durante a recursao."
11,2010,"D808F03F","Quantitativo","verticalVariance","2","metros","Medido","Calcula o desvio padrao das alturas dos pavimentos das salas.","Ha variacao vertical mensuravel entre salas.","BSP puro suporta verticalidade ao particionar multiplos pavimentos e conectar salas por escadas."
11,2010,"D808F03F","Quantitativo","fillPercentage","46.33%","%","Medido","Celulas ocupadas divididas pelo total do grid.","Indica densidade espacial da dungeon.","Bom para comparar controle de densidade entre algoritmos."
11,2010,"D808F03F","Quantitativo","branchFactor","2.125","media","Medido","Media de conexoes por sala no grafo.","Ramificacao moderada, geralmente boa para exploracao.","Loops extras aumentam este valor e reduzem linearidade."
11,2010,"D808F03F","Quantitativo","avgPathLength","200.255","metros","Medido","Dijkstra simples sobre o grafo logico de salas.","Distancia media a partir da sala inicial.","Aproximacao logica; NavMesh pode refinar a distancia fisica."
11,2010,"D808F03F","Quantitativo","uniqueModules","27","contagem","Medido","Contagem de modulos logicos e prefabs efetivamente usados.","Indica variedade basica de composicao.","A variedade aumenta com loops, conectores verticais e prefabs KayKit configurados."
11,2010,"D808F03F","Quantitativo","navigableVolumeRatio","100%","%","Estimado sem NavMesh","Proporcao de celulas logicas ocupadas consideradas navegaveis antes de colisao/obstaculos.","Use como estimativa inicial, nao como validacao fisica final.","Para a dissertacao final, pode ser refinado com NavMeshSurface."
11,2010,"D808F03F","Quantitativo","criticalPathLength","340","metros","Medido","Maior distancia encontrada a partir da sala inicial no grafo.","Aproxima o percurso principal inicio-objetivo.","Funciona bem em BSP porque o grafo de salas e explicito."
11,2010,"D808F03F","Quantitativo","avgAlternativePathLength","23.5","metros","Medido","Media das conexoes extras marcadas como loops.","Ha caminhos alternativos mensuraveis.","Depende de Extra Loop Connections e Max Extra Loop Distance."
11,2010,"D808F03F","Booleano","SupportsRandomEnemySpawns","Sim, testado","sim/nao","Suportado","Verifica se ha sistema de spawn por orcamento e lista de prefabs.","Sistema configurado e com orcamento ativo.","BSP permite spawns aleatorios dentro das salas."
11,2010,"D808F03F","Booleano","SupportsLootDistribution","Sim, testado","sim/nao","Suportado","Verifica se ha sistema de loot por orcamento e lista de prefabs.","Sistema configurado e com orcamento ativo.","BSP permite distribuir recompensas por salas/celulas."
11,2010,"D808F03F","Booleano","SupportsTraps","Sim, testado","sim/nao","Suportado","Verifica se ha sistema de armadilhas por orcamento e lista de prefabs.","Sistema configurado e com orcamento ativo.","BSP permite marcar armadilhas em salas ou corredores."
11,2010,"D808F03F","Booleano","SupportsBacktrackingLoops","Sim","sim/nao","Medido","Detecta ciclos pelo numero de arestas em relacao ao numero de salas.","A dungeon possui loop para retorno/caminho alternativo.","Ative/aumente Extra Loop Connections para favorecer loops."
11,2010,"D808F03F","Booleano","SupportsVerticalConnectors","Sim","sim/nao","Medido","Detecta conexoes verticais no grafo BSP entre salas de pavimentos adjacentes.","A execucao gerou 1 conector(es) vertical(is).","Implementado com BSP puro, sem misturar outro algoritmo."
11,2010,"D808F03F","Booleano","SupportsMultiFloor","Sim","sim/nao","Medido","Verifica salas em diferentes floorIndex conectadas por conexoes verticais.","A execucao gerou 2 pavimento(s) com conexao vertical.","Implementado como variante BSP multiandar."
11,2010,"D808F03F","Booleano","SupportsBossArena","Sim","sim/nao","Medido","Procura sala com area minima configurada para arena.","Existe ao menos uma sala grande o suficiente.","Aumente Max Room Size ou reduza Boss Arena Min Area Cells para testar arenas."
11,2010,"D808F03F","Booleano","SeedReproducible","Sim","sim/nao","Medido","Gera a mesma seed duas vezes e compara o hash topologico.","A seed reproduziu a mesma topologia.","BSP deterministico deve passar neste teste."
11,2010,"D808F03F","Booleano","RuntimeRegeneration","Sim","sim/nao","Medido","Compara tempo de geracao com o limite configurado.","Tempo registrado: 47.225 ms.","Mede o layout logico; instanciacao visual pode exigir teste de performance separado."
11,2010,"D808F03F","Booleano","BudgetAwareSpawns","Sim","sim/nao","Suportado","Compara os orcamentos configurados com a capacidade logica de celulas das salas.","Orcamentos registrados: inimigos 10, loot 6, armadilhas 4.","O sistema tenta respeitar limites de spawn definidos pelo designer."
11,2010,"D808F03F","Qualitativo","Replayability","5/5","Likert 1-5","Estimado automaticamente","Usa diversidade de hashes topologicos entre execucoes.","Diversidade topologica: 100%.","BSP costuma variar bem com seeds diferentes, mas pode repetir padroes retangulares."
11,2010,"D808F03F","Qualitativo","Debuggability","5/5","Likert 1-5","Estimado automaticamente","Heuristica baseada na previsibilidade e rastreabilidade do algoritmo.","BSP e altamente depuravel por usar arvore de particoes.","Ponto forte do BSP."
11,2010,"D808F03F","Qualitativo","Flow","5/5","Likert 1-5","Estimado automaticamente","Heuristica baseada em conectividade, caminho critico e ramificacao.","Indica fluidez de navegacao esperada.","BSP tende a ter fluxo claro quando todos os corredores abrem passagem."
11,2010,"D808F03F","Qualitativo","Legibility","4/5","Likert 1-5","Estimado automaticamente","Heuristica baseada em densidade e ramificacao.","Indica se o layout tende a ser compreensivel.","Salas retangulares e corredores ortogonais favorecem legibilidade."
11,2010,"D808F03F","Qualitativo","StructuralVariety","5/5","Likert 1-5","Estimado automaticamente","Heuristica baseada em salas, modulos e loops.","Indica variedade estrutural dentro desta execucao.","BSP tem variedade macroestrutural boa, mas a variedade visual depende muito dos prefabs KayKit configurados."
11,2010,"D808F03F","Performance","layoutGenerationMilliseconds","0.639","ms","Medido","Tempo para gerar BSP, salas, corredores, loops e conectores verticais.","Representa o custo algoritmico principal.","BSP tende a ser rapido porque trabalha com particoes retangulares e grafo simples."
11,2010,"D808F03F","Performance","geometryInstantiationMilliseconds","46.405","ms","Medido","Tempo gasto instanciando prefabs/objetos visuais quando a medicao visual esta ativa.","A execucao incluiu custo visual.","Deve ser comparado separadamente, pois depende dos assets e nao apenas do BSP."
11,2010,"D808F03F","Performance","metricsCalculationMilliseconds","0.179","ms","Medido","Tempo para calcular metricas e montar resultados.","Ajuda a quantificar custo da instrumentacao.","Nao e custo do algoritmo em si."
11,2010,"D808F03F","Performance","totalGenerationMilliseconds","47.225","ms","Medido","Tempo total medido para a execucao.","Inclui layout, instanciacao visual habilitada e calculo de metricas.","Use junto com layoutGenerationMilliseconds para separar algoritmo e runtime Unity."
11,2010,"D808F03F","Performance","generatedGameObjectCount","5528","contagem","Medido","Quantidade de GameObjects criados pelo gerador.","Indica peso potencial de instanciacao no Unity.","Pode crescer bastante em algoritmos que geram muitos modulos pequenos."
11,2010,"D808F03F","Performance","occupiedCellCount","3795","contagem","Medido","Quantidade de celulas ocupadas no grid logico.","Proxy de escala espacial da dungeon.","Permite comparar custo por celula entre algoritmos."
11,2010,"D808F03F","Performance","connectionCount","51","contagem","Medido","Quantidade de conexoes no grafo logico.","Proxy de complexidade topologica.","BSP tende a manter esse valor previsivel."
11,2010,"D808F03F","Performance","managedMemoryDeltaKB","1596","KB","Estimado","Diferenca de memoria gerenciada antes/depois da geracao.","Valor aproximado, sensivel a GC e ao estado do Editor.","Use como indicio comparativo, nao como medicao absoluta de memoria."
12,2011,"F240EEF8","Quantitativo","numRoomsTarget","44","contagem","Medido","Contagem de salas no layout logico gerado.","Tamanho estrutural da dungeon nesta execucao.","BSP controla salas por particoes e pelo limite Max Rooms."
12,2011,"F240EEF8","Quantitativo","connectivityRatio","100%","%","Medido","Busca no grafo a partir da sala inicial.","Todas as salas ficaram conectadas.","BSP deve gerar conectividade alta porque conecta particoes durante a recursao."
12,2011,"F240EEF8","Quantitativo","verticalVariance","2","metros","Medido","Calcula o desvio padrao das alturas dos pavimentos das salas.","Ha variacao vertical mensuravel entre salas.","BSP puro suporta verticalidade ao particionar multiplos pavimentos e conectar salas por escadas."
12,2011,"F240EEF8","Quantitativo","fillPercentage","42.47%","%","Medido","Celulas ocupadas divididas pelo total do grid.","Indica densidade espacial da dungeon.","Bom para comparar controle de densidade entre algoritmos."
12,2011,"F240EEF8","Quantitativo","branchFactor","2.136","media","Medido","Media de conexoes por sala no grafo.","Ramificacao moderada, geralmente boa para exploracao.","Loops extras aumentam este valor e reduzem linearidade."
12,2011,"F240EEF8","Quantitativo","avgPathLength","195.302","metros","Medido","Dijkstra simples sobre o grafo logico de salas.","Distancia media a partir da sala inicial.","Aproximacao logica; NavMesh pode refinar a distancia fisica."
12,2011,"F240EEF8","Quantitativo","uniqueModules","26","contagem","Medido","Contagem de modulos logicos e prefabs efetivamente usados.","Indica variedade basica de composicao.","A variedade aumenta com loops, conectores verticais e prefabs KayKit configurados."
12,2011,"F240EEF8","Quantitativo","navigableVolumeRatio","100%","%","Estimado sem NavMesh","Proporcao de celulas logicas ocupadas consideradas navegaveis antes de colisao/obstaculos.","Use como estimativa inicial, nao como validacao fisica final.","Para a dissertacao final, pode ser refinado com NavMeshSurface."
12,2011,"F240EEF8","Quantitativo","criticalPathLength","404","metros","Medido","Maior distancia encontrada a partir da sala inicial no grafo.","Aproxima o percurso principal inicio-objetivo.","Funciona bem em BSP porque o grafo de salas e explicito."
12,2011,"F240EEF8","Quantitativo","avgAlternativePathLength","48","metros","Medido","Media das conexoes extras marcadas como loops.","Ha caminhos alternativos mensuraveis.","Depende de Extra Loop Connections e Max Extra Loop Distance."
12,2011,"F240EEF8","Booleano","SupportsRandomEnemySpawns","Sim, testado","sim/nao","Suportado","Verifica se ha sistema de spawn por orcamento e lista de prefabs.","Sistema configurado e com orcamento ativo.","BSP permite spawns aleatorios dentro das salas."
12,2011,"F240EEF8","Booleano","SupportsLootDistribution","Sim, testado","sim/nao","Suportado","Verifica se ha sistema de loot por orcamento e lista de prefabs.","Sistema configurado e com orcamento ativo.","BSP permite distribuir recompensas por salas/celulas."
12,2011,"F240EEF8","Booleano","SupportsTraps","Sim, testado","sim/nao","Suportado","Verifica se ha sistema de armadilhas por orcamento e lista de prefabs.","Sistema configurado e com orcamento ativo.","BSP permite marcar armadilhas em salas ou corredores."
12,2011,"F240EEF8","Booleano","SupportsBacktrackingLoops","Sim","sim/nao","Medido","Detecta ciclos pelo numero de arestas em relacao ao numero de salas.","A dungeon possui loop para retorno/caminho alternativo.","Ative/aumente Extra Loop Connections para favorecer loops."
12,2011,"F240EEF8","Booleano","SupportsVerticalConnectors","Sim","sim/nao","Medido","Detecta conexoes verticais no grafo BSP entre salas de pavimentos adjacentes.","A execucao gerou 1 conector(es) vertical(is).","Implementado com BSP puro, sem misturar outro algoritmo."
12,2011,"F240EEF8","Booleano","SupportsMultiFloor","Sim","sim/nao","Medido","Verifica salas em diferentes floorIndex conectadas por conexoes verticais.","A execucao gerou 2 pavimento(s) com conexao vertical.","Implementado como variante BSP multiandar."
12,2011,"F240EEF8","Booleano","SupportsBossArena","Sim","sim/nao","Medido","Procura sala com area minima configurada para arena.","Existe ao menos uma sala grande o suficiente.","Aumente Max Room Size ou reduza Boss Arena Min Area Cells para testar arenas."
12,2011,"F240EEF8","Booleano","SeedReproducible","Sim","sim/nao","Medido","Gera a mesma seed duas vezes e compara o hash topologico.","A seed reproduziu a mesma topologia.","BSP deterministico deve passar neste teste."
12,2011,"F240EEF8","Booleano","RuntimeRegeneration","Sim","sim/nao","Medido","Compara tempo de geracao com o limite configurado.","Tempo registrado: 43.215 ms.","Mede o layout logico; instanciacao visual pode exigir teste de performance separado."
12,2011,"F240EEF8","Booleano","BudgetAwareSpawns","Sim","sim/nao","Suportado","Compara os orcamentos configurados com a capacidade logica de celulas das salas.","Orcamentos registrados: inimigos 10, loot 6, armadilhas 4.","O sistema tenta respeitar limites de spawn definidos pelo designer."
12,2011,"F240EEF8","Qualitativo","Replayability","5/5","Likert 1-5","Estimado automaticamente","Usa diversidade de hashes topologicos entre execucoes.","Diversidade topologica: 100%.","BSP costuma variar bem com seeds diferentes, mas pode repetir padroes retangulares."
12,2011,"F240EEF8","Qualitativo","Debuggability","5/5","Likert 1-5","Estimado automaticamente","Heuristica baseada na previsibilidade e rastreabilidade do algoritmo.","BSP e altamente depuravel por usar arvore de particoes.","Ponto forte do BSP."
12,2011,"F240EEF8","Qualitativo","Flow","5/5","Likert 1-5","Estimado automaticamente","Heuristica baseada em conectividade, caminho critico e ramificacao.","Indica fluidez de navegacao esperada.","BSP tende a ter fluxo claro quando todos os corredores abrem passagem."
12,2011,"F240EEF8","Qualitativo","Legibility","5/5","Likert 1-5","Estimado automaticamente","Heuristica baseada em densidade e ramificacao.","Indica se o layout tende a ser compreensivel.","Salas retangulares e corredores ortogonais favorecem legibilidade."
12,2011,"F240EEF8","Qualitativo","StructuralVariety","5/5","Likert 1-5","Estimado automaticamente","Heuristica baseada em salas, modulos e loops.","Indica variedade estrutural dentro desta execucao.","BSP tem variedade macroestrutural boa, mas a variedade visual depende muito dos prefabs KayKit configurados."
12,2011,"F240EEF8","Performance","layoutGenerationMilliseconds","0.576","ms","Medido","Tempo para gerar BSP, salas, corredores, loops e conectores verticais.","Representa o custo algoritmico principal.","BSP tende a ser rapido porque trabalha com particoes retangulares e grafo simples."
12,2011,"F240EEF8","Performance","geometryInstantiationMilliseconds","42.484","ms","Medido","Tempo gasto instanciando prefabs/objetos visuais quando a medicao visual esta ativa.","A execucao incluiu custo visual.","Deve ser comparado separadamente, pois depende dos assets e nao apenas do BSP."
12,2011,"F240EEF8","Performance","metricsCalculationMilliseconds","0.154","ms","Medido","Tempo para calcular metricas e montar resultados.","Ajuda a quantificar custo da instrumentacao.","Nao e custo do algoritmo em si."
12,2011,"F240EEF8","Performance","totalGenerationMilliseconds","43.215","ms","Medido","Tempo total medido para a execucao.","Inclui layout, instanciacao visual habilitada e calculo de metricas.","Use junto com layoutGenerationMilliseconds para separar algoritmo e runtime Unity."
12,2011,"F240EEF8","Performance","generatedGameObjectCount","5147","contagem","Medido","Quantidade de GameObjects criados pelo gerador.","Indica peso potencial de instanciacao no Unity.","Pode crescer bastante em algoritmos que geram muitos modulos pequenos."
12,2011,"F240EEF8","Performance","occupiedCellCount","3479","contagem","Medido","Quantidade de celulas ocupadas no grid logico.","Proxy de escala espacial da dungeon.","Permite comparar custo por celula entre algoritmos."
12,2011,"F240EEF8","Performance","connectionCount","47","contagem","Medido","Quantidade de conexoes no grafo logico.","Proxy de complexidade topologica.","BSP tende a manter esse valor previsivel."
12,2011,"F240EEF8","Performance","managedMemoryDeltaKB","1492","KB","Estimado","Diferenca de memoria gerenciada antes/depois da geracao.","Valor aproximado, sensivel a GC e ao estado do Editor.","Use como indicio comparativo, nao como medicao absoluta de memoria."
13,2012,"AE6E74BD","Quantitativo","numRoomsTarget","42","contagem","Medido","Contagem de salas no layout logico gerado.","Tamanho estrutural da dungeon nesta execucao.","BSP controla salas por particoes e pelo limite Max Rooms."
13,2012,"AE6E74BD","Quantitativo","connectivityRatio","100%","%","Medido","Busca no grafo a partir da sala inicial.","Todas as salas ficaram conectadas.","BSP deve gerar conectividade alta porque conecta particoes durante a recursao."
13,2012,"AE6E74BD","Quantitativo","verticalVariance","1.979","metros","Medido","Calcula o desvio padrao das alturas dos pavimentos das salas.","Ha variacao vertical mensuravel entre salas.","BSP puro suporta verticalidade ao particionar multiplos pavimentos e conectar salas por escadas."
13,2012,"AE6E74BD","Quantitativo","fillPercentage","45.06%","%","Medido","Celulas ocupadas divididas pelo total do grid.","Indica densidade espacial da dungeon.","Bom para comparar controle de densidade entre algoritmos."
13,2012,"AE6E74BD","Quantitativo","branchFactor","2.143","media","Medido","Media de conexoes por sala no grafo.","Ramificacao moderada, geralmente boa para exploracao.","Loops extras aumentam este valor e reduzem linearidade."
13,2012,"AE6E74BD","Quantitativo","avgPathLength","174.244","metros","Medido","Dijkstra simples sobre o grafo logico de salas.","Distancia media a partir da sala inicial.","Aproximacao logica; NavMesh pode refinar a distancia fisica."
13,2012,"AE6E74BD","Quantitativo","uniqueModules","27","contagem","Medido","Contagem de modulos logicos e prefabs efetivamente usados.","Indica variedade basica de composicao.","A variedade aumenta com loops, conectores verticais e prefabs KayKit configurados."
13,2012,"AE6E74BD","Quantitativo","navigableVolumeRatio","100%","%","Estimado sem NavMesh","Proporcao de celulas logicas ocupadas consideradas navegaveis antes de colisao/obstaculos.","Use como estimativa inicial, nao como validacao fisica final.","Para a dissertacao final, pode ser refinado com NavMeshSurface."
13,2012,"AE6E74BD","Quantitativo","criticalPathLength","302","metros","Medido","Maior distancia encontrada a partir da sala inicial no grafo.","Aproxima o percurso principal inicio-objetivo.","Funciona bem em BSP porque o grafo de salas e explicito."
13,2012,"AE6E74BD","Quantitativo","avgAlternativePathLength","39","metros","Medido","Media das conexoes extras marcadas como loops.","Ha caminhos alternativos mensuraveis.","Depende de Extra Loop Connections e Max Extra Loop Distance."
13,2012,"AE6E74BD","Booleano","SupportsRandomEnemySpawns","Sim, testado","sim/nao","Suportado","Verifica se ha sistema de spawn por orcamento e lista de prefabs.","Sistema configurado e com orcamento ativo.","BSP permite spawns aleatorios dentro das salas."
13,2012,"AE6E74BD","Booleano","SupportsLootDistribution","Sim, testado","sim/nao","Suportado","Verifica se ha sistema de loot por orcamento e lista de prefabs.","Sistema configurado e com orcamento ativo.","BSP permite distribuir recompensas por salas/celulas."
13,2012,"AE6E74BD","Booleano","SupportsTraps","Sim, testado","sim/nao","Suportado","Verifica se ha sistema de armadilhas por orcamento e lista de prefabs.","Sistema configurado e com orcamento ativo.","BSP permite marcar armadilhas em salas ou corredores."
13,2012,"AE6E74BD","Booleano","SupportsBacktrackingLoops","Sim","sim/nao","Medido","Detecta ciclos pelo numero de arestas em relacao ao numero de salas.","A dungeon possui loop para retorno/caminho alternativo.","Ative/aumente Extra Loop Connections para favorecer loops."
13,2012,"AE6E74BD","Booleano","SupportsVerticalConnectors","Sim","sim/nao","Medido","Detecta conexoes verticais no grafo BSP entre salas de pavimentos adjacentes.","A execucao gerou 1 conector(es) vertical(is).","Implementado com BSP puro, sem misturar outro algoritmo."
13,2012,"AE6E74BD","Booleano","SupportsMultiFloor","Sim","sim/nao","Medido","Verifica salas em diferentes floorIndex conectadas por conexoes verticais.","A execucao gerou 2 pavimento(s) com conexao vertical.","Implementado como variante BSP multiandar."
13,2012,"AE6E74BD","Booleano","SupportsBossArena","Sim","sim/nao","Medido","Procura sala com area minima configurada para arena.","Existe ao menos uma sala grande o suficiente.","Aumente Max Room Size ou reduza Boss Arena Min Area Cells para testar arenas."
13,2012,"AE6E74BD","Booleano","SeedReproducible","Sim","sim/nao","Medido","Gera a mesma seed duas vezes e compara o hash topologico.","A seed reproduziu a mesma topologia.","BSP deterministico deve passar neste teste."
13,2012,"AE6E74BD","Booleano","RuntimeRegeneration","Sim","sim/nao","Medido","Compara tempo de geracao com o limite configurado.","Tempo registrado: 44.776 ms.","Mede o layout logico; instanciacao visual pode exigir teste de performance separado."
13,2012,"AE6E74BD","Booleano","BudgetAwareSpawns","Sim","sim/nao","Suportado","Compara os orcamentos configurados com a capacidade logica de celulas das salas.","Orcamentos registrados: inimigos 10, loot 6, armadilhas 4.","O sistema tenta respeitar limites de spawn definidos pelo designer."
13,2012,"AE6E74BD","Qualitativo","Replayability","5/5","Likert 1-5","Estimado automaticamente","Usa diversidade de hashes topologicos entre execucoes.","Diversidade topologica: 100%.","BSP costuma variar bem com seeds diferentes, mas pode repetir padroes retangulares."
13,2012,"AE6E74BD","Qualitativo","Debuggability","5/5","Likert 1-5","Estimado automaticamente","Heuristica baseada na previsibilidade e rastreabilidade do algoritmo.","BSP e altamente depuravel por usar arvore de particoes.","Ponto forte do BSP."
13,2012,"AE6E74BD","Qualitativo","Flow","5/5","Likert 1-5","Estimado automaticamente","Heuristica baseada em conectividade, caminho critico e ramificacao.","Indica fluidez de navegacao esperada.","BSP tende a ter fluxo claro quando todos os corredores abrem passagem."
13,2012,"AE6E74BD","Qualitativo","Legibility","4/5","Likert 1-5","Estimado automaticamente","Heuristica baseada em densidade e ramificacao.","Indica se o layout tende a ser compreensivel.","Salas retangulares e corredores ortogonais favorecem legibilidade."
13,2012,"AE6E74BD","Qualitativo","StructuralVariety","5/5","Likert 1-5","Estimado automaticamente","Heuristica baseada em salas, modulos e loops.","Indica variedade estrutural dentro desta execucao.","BSP tem variedade macroestrutural boa, mas a variedade visual depende muito dos prefabs KayKit configurados."
13,2012,"AE6E74BD","Performance","layoutGenerationMilliseconds","0.549","ms","Medido","Tempo para gerar BSP, salas, corredores, loops e conectores verticais.","Representa o custo algoritmico principal.","BSP tende a ser rapido porque trabalha com particoes retangulares e grafo simples."
13,2012,"AE6E74BD","Performance","geometryInstantiationMilliseconds","44.057","ms","Medido","Tempo gasto instanciando prefabs/objetos visuais quando a medicao visual esta ativa.","A execucao incluiu custo visual.","Deve ser comparado separadamente, pois depende dos assets e nao apenas do BSP."
13,2012,"AE6E74BD","Performance","metricsCalculationMilliseconds","0.168","ms","Medido","Tempo para calcular metricas e montar resultados.","Ajuda a quantificar custo da instrumentacao.","Nao e custo do algoritmo em si."
13,2012,"AE6E74BD","Performance","totalGenerationMilliseconds","44.776","ms","Medido","Tempo total medido para a execucao.","Inclui layout, instanciacao visual habilitada e calculo de metricas.","Use junto com layoutGenerationMilliseconds para separar algoritmo e runtime Unity."
13,2012,"AE6E74BD","Performance","generatedGameObjectCount","5376","contagem","Medido","Quantidade de GameObjects criados pelo gerador.","Indica peso potencial de instanciacao no Unity.","Pode crescer bastante em algoritmos que geram muitos modulos pequenos."
13,2012,"AE6E74BD","Performance","occupiedCellCount","3691","contagem","Medido","Quantidade de celulas ocupadas no grid logico.","Proxy de escala espacial da dungeon.","Permite comparar custo por celula entre algoritmos."
13,2012,"AE6E74BD","Performance","connectionCount","45","contagem","Medido","Quantidade de conexoes no grafo logico.","Proxy de complexidade topologica.","BSP tende a manter esse valor previsivel."
13,2012,"AE6E74BD","Performance","managedMemoryDeltaKB","1532","KB","Estimado","Diferenca de memoria gerenciada antes/depois da geracao.","Valor aproximado, sensivel a GC e ao estado do Editor.","Use como indicio comparativo, nao como medicao absoluta de memoria."
14,2013,"002979B4","Quantitativo","numRoomsTarget","46","contagem","Medido","Contagem de salas no layout logico gerado.","Tamanho estrutural da dungeon nesta execucao.","BSP controla salas por particoes e pelo limite Max Rooms."
14,2013,"002979B4","Quantitativo","connectivityRatio","100%","%","Medido","Busca no grafo a partir da sala inicial.","Todas as salas ficaram conectadas.","BSP deve gerar conectividade alta porque conecta particoes durante a recursao."
14,2013,"002979B4","Quantitativo","verticalVariance","1.998","metros","Medido","Calcula o desvio padrao das alturas dos pavimentos das salas.","Ha variacao vertical mensuravel entre salas.","BSP puro suporta verticalidade ao particionar multiplos pavimentos e conectar salas por escadas."
14,2013,"002979B4","Quantitativo","fillPercentage","45.62%","%","Medido","Celulas ocupadas divididas pelo total do grid.","Indica densidade espacial da dungeon.","Bom para comparar controle de densidade entre algoritmos."
14,2013,"002979B4","Quantitativo","branchFactor","2.13","media","Medido","Media de conexoes por sala no grafo.","Ramificacao moderada, geralmente boa para exploracao.","Loops extras aumentam este valor e reduzem linearidade."
14,2013,"002979B4","Quantitativo","avgPathLength","150.533","metros","Medido","Dijkstra simples sobre o grafo logico de salas.","Distancia media a partir da sala inicial.","Aproximacao logica; NavMesh pode refinar a distancia fisica."
14,2013,"002979B4","Quantitativo","uniqueModules","27","contagem","Medido","Contagem de modulos logicos e prefabs efetivamente usados.","Indica variedade basica de composicao.","A variedade aumenta com loops, conectores verticais e prefabs KayKit configurados."
14,2013,"002979B4","Quantitativo","navigableVolumeRatio","100%","%","Estimado sem NavMesh","Proporcao de celulas logicas ocupadas consideradas navegaveis antes de colisao/obstaculos.","Use como estimativa inicial, nao como validacao fisica final.","Para a dissertacao final, pode ser refinado com NavMeshSurface."
14,2013,"002979B4","Quantitativo","criticalPathLength","316","metros","Medido","Maior distancia encontrada a partir da sala inicial no grafo.","Aproxima o percurso principal inicio-objetivo.","Funciona bem em BSP porque o grafo de salas e explicito."
14,2013,"002979B4","Quantitativo","avgAlternativePathLength","24","metros","Medido","Media das conexoes extras marcadas como loops.","Ha caminhos alternativos mensuraveis.","Depende de Extra Loop Connections e Max Extra Loop Distance."
14,2013,"002979B4","Booleano","SupportsRandomEnemySpawns","Sim, testado","sim/nao","Suportado","Verifica se ha sistema de spawn por orcamento e lista de prefabs.","Sistema configurado e com orcamento ativo.","BSP permite spawns aleatorios dentro das salas."
14,2013,"002979B4","Booleano","SupportsLootDistribution","Sim, testado","sim/nao","Suportado","Verifica se ha sistema de loot por orcamento e lista de prefabs.","Sistema configurado e com orcamento ativo.","BSP permite distribuir recompensas por salas/celulas."
14,2013,"002979B4","Booleano","SupportsTraps","Sim, testado","sim/nao","Suportado","Verifica se ha sistema de armadilhas por orcamento e lista de prefabs.","Sistema configurado e com orcamento ativo.","BSP permite marcar armadilhas em salas ou corredores."
14,2013,"002979B4","Booleano","SupportsBacktrackingLoops","Sim","sim/nao","Medido","Detecta ciclos pelo numero de arestas em relacao ao numero de salas.","A dungeon possui loop para retorno/caminho alternativo.","Ative/aumente Extra Loop Connections para favorecer loops."
14,2013,"002979B4","Booleano","SupportsVerticalConnectors","Sim","sim/nao","Medido","Detecta conexoes verticais no grafo BSP entre salas de pavimentos adjacentes.","A execucao gerou 1 conector(es) vertical(is).","Implementado com BSP puro, sem misturar outro algoritmo."
14,2013,"002979B4","Booleano","SupportsMultiFloor","Sim","sim/nao","Medido","Verifica salas em diferentes floorIndex conectadas por conexoes verticais.","A execucao gerou 2 pavimento(s) com conexao vertical.","Implementado como variante BSP multiandar."
14,2013,"002979B4","Booleano","SupportsBossArena","Sim","sim/nao","Medido","Procura sala com area minima configurada para arena.","Existe ao menos uma sala grande o suficiente.","Aumente Max Room Size ou reduza Boss Arena Min Area Cells para testar arenas."
14,2013,"002979B4","Booleano","SeedReproducible","Sim","sim/nao","Medido","Gera a mesma seed duas vezes e compara o hash topologico.","A seed reproduziu a mesma topologia.","BSP deterministico deve passar neste teste."
14,2013,"002979B4","Booleano","RuntimeRegeneration","Sim","sim/nao","Medido","Compara tempo de geracao com o limite configurado.","Tempo registrado: 47.313 ms.","Mede o layout logico; instanciacao visual pode exigir teste de performance separado."
14,2013,"002979B4","Booleano","BudgetAwareSpawns","Sim","sim/nao","Suportado","Compara os orcamentos configurados com a capacidade logica de celulas das salas.","Orcamentos registrados: inimigos 10, loot 6, armadilhas 4.","O sistema tenta respeitar limites de spawn definidos pelo designer."
14,2013,"002979B4","Qualitativo","Replayability","5/5","Likert 1-5","Estimado automaticamente","Usa diversidade de hashes topologicos entre execucoes.","Diversidade topologica: 100%.","BSP costuma variar bem com seeds diferentes, mas pode repetir padroes retangulares."
14,2013,"002979B4","Qualitativo","Debuggability","5/5","Likert 1-5","Estimado automaticamente","Heuristica baseada na previsibilidade e rastreabilidade do algoritmo.","BSP e altamente depuravel por usar arvore de particoes.","Ponto forte do BSP."
14,2013,"002979B4","Qualitativo","Flow","5/5","Likert 1-5","Estimado automaticamente","Heuristica baseada em conectividade, caminho critico e ramificacao.","Indica fluidez de navegacao esperada.","BSP tende a ter fluxo claro quando todos os corredores abrem passagem."
14,2013,"002979B4","Qualitativo","Legibility","4/5","Likert 1-5","Estimado automaticamente","Heuristica baseada em densidade e ramificacao.","Indica se o layout tende a ser compreensivel.","Salas retangulares e corredores ortogonais favorecem legibilidade."
14,2013,"002979B4","Qualitativo","StructuralVariety","5/5","Likert 1-5","Estimado automaticamente","Heuristica baseada em salas, modulos e loops.","Indica variedade estrutural dentro desta execucao.","BSP tem variedade macroestrutural boa, mas a variedade visual depende muito dos prefabs KayKit configurados."
14,2013,"002979B4","Performance","layoutGenerationMilliseconds","0.605","ms","Medido","Tempo para gerar BSP, salas, corredores, loops e conectores verticais.","Representa o custo algoritmico principal.","BSP tende a ser rapido porque trabalha com particoes retangulares e grafo simples."
14,2013,"002979B4","Performance","geometryInstantiationMilliseconds","46.543","ms","Medido","Tempo gasto instanciando prefabs/objetos visuais quando a medicao visual esta ativa.","A execucao incluiu custo visual.","Deve ser comparado separadamente, pois depende dos assets e nao apenas do BSP."
14,2013,"002979B4","Performance","metricsCalculationMilliseconds","0.163","ms","Medido","Tempo para calcular metricas e montar resultados.","Ajuda a quantificar custo da instrumentacao.","Nao e custo do algoritmo em si."
14,2013,"002979B4","Performance","totalGenerationMilliseconds","47.313","ms","Medido","Tempo total medido para a execucao.","Inclui layout, instanciacao visual habilitada e calculo de metricas.","Use junto com layoutGenerationMilliseconds para separar algoritmo e runtime Unity."
14,2013,"002979B4","Performance","generatedGameObjectCount","5387","contagem","Medido","Quantidade de GameObjects criados pelo gerador.","Indica peso potencial de instanciacao no Unity.","Pode crescer bastante em algoritmos que geram muitos modulos pequenos."
14,2013,"002979B4","Performance","occupiedCellCount","3737","contagem","Medido","Quantidade de celulas ocupadas no grid logico.","Proxy de escala espacial da dungeon.","Permite comparar custo por celula entre algoritmos."
14,2013,"002979B4","Performance","connectionCount","49","contagem","Medido","Quantidade de conexoes no grafo logico.","Proxy de complexidade topologica.","BSP tende a manter esse valor previsivel."
14,2013,"002979B4","Performance","managedMemoryDeltaKB","1544","KB","Estimado","Diferenca de memoria gerenciada antes/depois da geracao.","Valor aproximado, sensivel a GC e ao estado do Editor.","Use como indicio comparativo, nao como medicao absoluta de memoria."
15,2014,"12078910","Quantitativo","numRoomsTarget","48","contagem","Medido","Contagem de salas no layout logico gerado.","Tamanho estrutural da dungeon nesta execucao.","BSP controla salas por particoes e pelo limite Max Rooms."
15,2014,"12078910","Quantitativo","connectivityRatio","100%","%","Medido","Busca no grafo a partir da sala inicial.","Todas as salas ficaram conectadas.","BSP deve gerar conectividade alta porque conecta particoes durante a recursao."
15,2014,"12078910","Quantitativo","verticalVariance","2","metros","Medido","Calcula o desvio padrao das alturas dos pavimentos das salas.","Ha variacao vertical mensuravel entre salas.","BSP puro suporta verticalidade ao particionar multiplos pavimentos e conectar salas por escadas."
15,2014,"12078910","Quantitativo","fillPercentage","44.89%","%","Medido","Celulas ocupadas divididas pelo total do grid.","Indica densidade espacial da dungeon.","Bom para comparar controle de densidade entre algoritmos."
15,2014,"12078910","Quantitativo","branchFactor","2.125","media","Medido","Media de conexoes por sala no grafo.","Ramificacao moderada, geralmente boa para exploracao.","Loops extras aumentam este valor e reduzem linearidade."
15,2014,"12078910","Quantitativo","avgPathLength","176.468","metros","Medido","Dijkstra simples sobre o grafo logico de salas.","Distancia media a partir da sala inicial.","Aproximacao logica; NavMesh pode refinar a distancia fisica."
15,2014,"12078910","Quantitativo","uniqueModules","27","contagem","Medido","Contagem de modulos logicos e prefabs efetivamente usados.","Indica variedade basica de composicao.","A variedade aumenta com loops, conectores verticais e prefabs KayKit configurados."
15,2014,"12078910","Quantitativo","navigableVolumeRatio","100%","%","Estimado sem NavMesh","Proporcao de celulas logicas ocupadas consideradas navegaveis antes de colisao/obstaculos.","Use como estimativa inicial, nao como validacao fisica final.","Para a dissertacao final, pode ser refinado com NavMeshSurface."
15,2014,"12078910","Quantitativo","criticalPathLength","370","metros","Medido","Maior distancia encontrada a partir da sala inicial no grafo.","Aproxima o percurso principal inicio-objetivo.","Funciona bem em BSP porque o grafo de salas e explicito."
15,2014,"12078910","Quantitativo","avgAlternativePathLength","33.5","metros","Medido","Media das conexoes extras marcadas como loops.","Ha caminhos alternativos mensuraveis.","Depende de Extra Loop Connections e Max Extra Loop Distance."
15,2014,"12078910","Booleano","SupportsRandomEnemySpawns","Sim, testado","sim/nao","Suportado","Verifica se ha sistema de spawn por orcamento e lista de prefabs.","Sistema configurado e com orcamento ativo.","BSP permite spawns aleatorios dentro das salas."
15,2014,"12078910","Booleano","SupportsLootDistribution","Sim, testado","sim/nao","Suportado","Verifica se ha sistema de loot por orcamento e lista de prefabs.","Sistema configurado e com orcamento ativo.","BSP permite distribuir recompensas por salas/celulas."
15,2014,"12078910","Booleano","SupportsTraps","Sim, testado","sim/nao","Suportado","Verifica se ha sistema de armadilhas por orcamento e lista de prefabs.","Sistema configurado e com orcamento ativo.","BSP permite marcar armadilhas em salas ou corredores."
15,2014,"12078910","Booleano","SupportsBacktrackingLoops","Sim","sim/nao","Medido","Detecta ciclos pelo numero de arestas em relacao ao numero de salas.","A dungeon possui loop para retorno/caminho alternativo.","Ative/aumente Extra Loop Connections para favorecer loops."
15,2014,"12078910","Booleano","SupportsVerticalConnectors","Sim","sim/nao","Medido","Detecta conexoes verticais no grafo BSP entre salas de pavimentos adjacentes.","A execucao gerou 1 conector(es) vertical(is).","Implementado com BSP puro, sem misturar outro algoritmo."
15,2014,"12078910","Booleano","SupportsMultiFloor","Sim","sim/nao","Medido","Verifica salas em diferentes floorIndex conectadas por conexoes verticais.","A execucao gerou 2 pavimento(s) com conexao vertical.","Implementado como variante BSP multiandar."
15,2014,"12078910","Booleano","SupportsBossArena","Sim","sim/nao","Medido","Procura sala com area minima configurada para arena.","Existe ao menos uma sala grande o suficiente.","Aumente Max Room Size ou reduza Boss Arena Min Area Cells para testar arenas."
15,2014,"12078910","Booleano","SeedReproducible","Sim","sim/nao","Medido","Gera a mesma seed duas vezes e compara o hash topologico.","A seed reproduziu a mesma topologia.","BSP deterministico deve passar neste teste."
15,2014,"12078910","Booleano","RuntimeRegeneration","Sim","sim/nao","Medido","Compara tempo de geracao com o limite configurado.","Tempo registrado: 47.11 ms.","Mede o layout logico; instanciacao visual pode exigir teste de performance separado."
15,2014,"12078910","Booleano","BudgetAwareSpawns","Sim","sim/nao","Suportado","Compara os orcamentos configurados com a capacidade logica de celulas das salas.","Orcamentos registrados: inimigos 10, loot 6, armadilhas 4.","O sistema tenta respeitar limites de spawn definidos pelo designer."
15,2014,"12078910","Qualitativo","Replayability","5/5","Likert 1-5","Estimado automaticamente","Usa diversidade de hashes topologicos entre execucoes.","Diversidade topologica: 100%.","BSP costuma variar bem com seeds diferentes, mas pode repetir padroes retangulares."
15,2014,"12078910","Qualitativo","Debuggability","5/5","Likert 1-5","Estimado automaticamente","Heuristica baseada na previsibilidade e rastreabilidade do algoritmo.","BSP e altamente depuravel por usar arvore de particoes.","Ponto forte do BSP."
15,2014,"12078910","Qualitativo","Flow","5/5","Likert 1-5","Estimado automaticamente","Heuristica baseada em conectividade, caminho critico e ramificacao.","Indica fluidez de navegacao esperada.","BSP tende a ter fluxo claro quando todos os corredores abrem passagem."
15,2014,"12078910","Qualitativo","Legibility","5/5","Likert 1-5","Estimado automaticamente","Heuristica baseada em densidade e ramificacao.","Indica se o layout tende a ser compreensivel.","Salas retangulares e corredores ortogonais favorecem legibilidade."
15,2014,"12078910","Qualitativo","StructuralVariety","5/5","Likert 1-5","Estimado automaticamente","Heuristica baseada em salas, modulos e loops.","Indica variedade estrutural dentro desta execucao.","BSP tem variedade macroestrutural boa, mas a variedade visual depende muito dos prefabs KayKit configurados."
15,2014,"12078910","Performance","layoutGenerationMilliseconds","0.632","ms","Medido","Tempo para gerar BSP, salas, corredores, loops e conectores verticais.","Representa o custo algoritmico principal.","BSP tende a ser rapido porque trabalha com particoes retangulares e grafo simples."
15,2014,"12078910","Performance","geometryInstantiationMilliseconds","46.311","ms","Medido","Tempo gasto instanciando prefabs/objetos visuais quando a medicao visual esta ativa.","A execucao incluiu custo visual.","Deve ser comparado separadamente, pois depende dos assets e nao apenas do BSP."
15,2014,"12078910","Performance","metricsCalculationMilliseconds","0.165","ms","Medido","Tempo para calcular metricas e montar resultados.","Ajuda a quantificar custo da instrumentacao.","Nao e custo do algoritmo em si."
15,2014,"12078910","Performance","totalGenerationMilliseconds","47.11","ms","Medido","Tempo total medido para a execucao.","Inclui layout, instanciacao visual habilitada e calculo de metricas.","Use junto com layoutGenerationMilliseconds para separar algoritmo e runtime Unity."
15,2014,"12078910","Performance","generatedGameObjectCount","5384","contagem","Medido","Quantidade de GameObjects criados pelo gerador.","Indica peso potencial de instanciacao no Unity.","Pode crescer bastante em algoritmos que geram muitos modulos pequenos."
15,2014,"12078910","Performance","occupiedCellCount","3677","contagem","Medido","Quantidade de celulas ocupadas no grid logico.","Proxy de escala espacial da dungeon.","Permite comparar custo por celula entre algoritmos."
15,2014,"12078910","Performance","connectionCount","51","contagem","Medido","Quantidade de conexoes no grafo logico.","Proxy de complexidade topologica.","BSP tende a manter esse valor previsivel."
15,2014,"12078910","Performance","managedMemoryDeltaKB","1560","KB","Estimado","Diferenca de memoria gerenciada antes/depois da geracao.","Valor aproximado, sensivel a GC e ao estado do Editor.","Use como indicio comparativo, nao como medicao absoluta de memoria."
16,2015,"10B2C4D7","Quantitativo","numRoomsTarget","42","contagem","Medido","Contagem de salas no layout logico gerado.","Tamanho estrutural da dungeon nesta execucao.","BSP controla salas por particoes e pelo limite Max Rooms."
16,2015,"10B2C4D7","Quantitativo","connectivityRatio","100%","%","Medido","Busca no grafo a partir da sala inicial.","Todas as salas ficaram conectadas.","BSP deve gerar conectividade alta porque conecta particoes durante a recursao."
16,2015,"10B2C4D7","Quantitativo","verticalVariance","2","metros","Medido","Calcula o desvio padrao das alturas dos pavimentos das salas.","Ha variacao vertical mensuravel entre salas.","BSP puro suporta verticalidade ao particionar multiplos pavimentos e conectar salas por escadas."
16,2015,"10B2C4D7","Quantitativo","fillPercentage","45.1%","%","Medido","Celulas ocupadas divididas pelo total do grid.","Indica densidade espacial da dungeon.","Bom para comparar controle de densidade entre algoritmos."
16,2015,"10B2C4D7","Quantitativo","branchFactor","2.143","media","Medido","Media de conexoes por sala no grafo.","Ramificacao moderada, geralmente boa para exploracao.","Loops extras aumentam este valor e reduzem linearidade."
16,2015,"10B2C4D7","Quantitativo","avgPathLength","210.537","metros","Medido","Dijkstra simples sobre o grafo logico de salas.","Distancia media a partir da sala inicial.","Aproximacao logica; NavMesh pode refinar a distancia fisica."
16,2015,"10B2C4D7","Quantitativo","uniqueModules","27","contagem","Medido","Contagem de modulos logicos e prefabs efetivamente usados.","Indica variedade basica de composicao.","A variedade aumenta com loops, conectores verticais e prefabs KayKit configurados."
16,2015,"10B2C4D7","Quantitativo","navigableVolumeRatio","100%","%","Estimado sem NavMesh","Proporcao de celulas logicas ocupadas consideradas navegaveis antes de colisao/obstaculos.","Use como estimativa inicial, nao como validacao fisica final.","Para a dissertacao final, pode ser refinado com NavMeshSurface."
16,2015,"10B2C4D7","Quantitativo","criticalPathLength","352","metros","Medido","Maior distancia encontrada a partir da sala inicial no grafo.","Aproxima o percurso principal inicio-objetivo.","Funciona bem em BSP porque o grafo de salas e explicito."
16,2015,"10B2C4D7","Quantitativo","avgAlternativePathLength","32","metros","Medido","Media das conexoes extras marcadas como loops.","Ha caminhos alternativos mensuraveis.","Depende de Extra Loop Connections e Max Extra Loop Distance."
16,2015,"10B2C4D7","Booleano","SupportsRandomEnemySpawns","Sim, testado","sim/nao","Suportado","Verifica se ha sistema de spawn por orcamento e lista de prefabs.","Sistema configurado e com orcamento ativo.","BSP permite spawns aleatorios dentro das salas."
16,2015,"10B2C4D7","Booleano","SupportsLootDistribution","Sim, testado","sim/nao","Suportado","Verifica se ha sistema de loot por orcamento e lista de prefabs.","Sistema configurado e com orcamento ativo.","BSP permite distribuir recompensas por salas/celulas."
16,2015,"10B2C4D7","Booleano","SupportsTraps","Sim, testado","sim/nao","Suportado","Verifica se ha sistema de armadilhas por orcamento e lista de prefabs.","Sistema configurado e com orcamento ativo.","BSP permite marcar armadilhas em salas ou corredores."
16,2015,"10B2C4D7","Booleano","SupportsBacktrackingLoops","Sim","sim/nao","Medido","Detecta ciclos pelo numero de arestas em relacao ao numero de salas.","A dungeon possui loop para retorno/caminho alternativo.","Ative/aumente Extra Loop Connections para favorecer loops."
16,2015,"10B2C4D7","Booleano","SupportsVerticalConnectors","Sim","sim/nao","Medido","Detecta conexoes verticais no grafo BSP entre salas de pavimentos adjacentes.","A execucao gerou 1 conector(es) vertical(is).","Implementado com BSP puro, sem misturar outro algoritmo."
16,2015,"10B2C4D7","Booleano","SupportsMultiFloor","Sim","sim/nao","Medido","Verifica salas em diferentes floorIndex conectadas por conexoes verticais.","A execucao gerou 2 pavimento(s) com conexao vertical.","Implementado como variante BSP multiandar."
16,2015,"10B2C4D7","Booleano","SupportsBossArena","Sim","sim/nao","Medido","Procura sala com area minima configurada para arena.","Existe ao menos uma sala grande o suficiente.","Aumente Max Room Size ou reduza Boss Arena Min Area Cells para testar arenas."
16,2015,"10B2C4D7","Booleano","SeedReproducible","Sim","sim/nao","Medido","Gera a mesma seed duas vezes e compara o hash topologico.","A seed reproduziu a mesma topologia.","BSP deterministico deve passar neste teste."
16,2015,"10B2C4D7","Booleano","RuntimeRegeneration","Sim","sim/nao","Medido","Compara tempo de geracao com o limite configurado.","Tempo registrado: 48.949 ms.","Mede o layout logico; instanciacao visual pode exigir teste de performance separado."
16,2015,"10B2C4D7","Booleano","BudgetAwareSpawns","Sim","sim/nao","Suportado","Compara os orcamentos configurados com a capacidade logica de celulas das salas.","Orcamentos registrados: inimigos 10, loot 6, armadilhas 4.","O sistema tenta respeitar limites de spawn definidos pelo designer."
16,2015,"10B2C4D7","Qualitativo","Replayability","5/5","Likert 1-5","Estimado automaticamente","Usa diversidade de hashes topologicos entre execucoes.","Diversidade topologica: 100%.","BSP costuma variar bem com seeds diferentes, mas pode repetir padroes retangulares."
16,2015,"10B2C4D7","Qualitativo","Debuggability","5/5","Likert 1-5","Estimado automaticamente","Heuristica baseada na previsibilidade e rastreabilidade do algoritmo.","BSP e altamente depuravel por usar arvore de particoes.","Ponto forte do BSP."
16,2015,"10B2C4D7","Qualitativo","Flow","5/5","Likert 1-5","Estimado automaticamente","Heuristica baseada em conectividade, caminho critico e ramificacao.","Indica fluidez de navegacao esperada.","BSP tende a ter fluxo claro quando todos os corredores abrem passagem."
16,2015,"10B2C4D7","Qualitativo","Legibility","4/5","Likert 1-5","Estimado automaticamente","Heuristica baseada em densidade e ramificacao.","Indica se o layout tende a ser compreensivel.","Salas retangulares e corredores ortogonais favorecem legibilidade."
16,2015,"10B2C4D7","Qualitativo","StructuralVariety","5/5","Likert 1-5","Estimado automaticamente","Heuristica baseada em salas, modulos e loops.","Indica variedade estrutural dentro desta execucao.","BSP tem variedade macroestrutural boa, mas a variedade visual depende muito dos prefabs KayKit configurados."
16,2015,"10B2C4D7","Performance","layoutGenerationMilliseconds","0.557","ms","Medido","Tempo para gerar BSP, salas, corredores, loops e conectores verticais.","Representa o custo algoritmico principal.","BSP tende a ser rapido porque trabalha com particoes retangulares e grafo simples."
16,2015,"10B2C4D7","Performance","geometryInstantiationMilliseconds","48.238","ms","Medido","Tempo gasto instanciando prefabs/objetos visuais quando a medicao visual esta ativa.","A execucao incluiu custo visual.","Deve ser comparado separadamente, pois depende dos assets e nao apenas do BSP."
16,2015,"10B2C4D7","Performance","metricsCalculationMilliseconds","0.152","ms","Medido","Tempo para calcular metricas e montar resultados.","Ajuda a quantificar custo da instrumentacao.","Nao e custo do algoritmo em si."
16,2015,"10B2C4D7","Performance","totalGenerationMilliseconds","48.949","ms","Medido","Tempo total medido para a execucao.","Inclui layout, instanciacao visual habilitada e calculo de metricas.","Use junto com layoutGenerationMilliseconds para separar algoritmo e runtime Unity."
16,2015,"10B2C4D7","Performance","generatedGameObjectCount","5409","contagem","Medido","Quantidade de GameObjects criados pelo gerador.","Indica peso potencial de instanciacao no Unity.","Pode crescer bastante em algoritmos que geram muitos modulos pequenos."
16,2015,"10B2C4D7","Performance","occupiedCellCount","3695","contagem","Medido","Quantidade de celulas ocupadas no grid logico.","Proxy de escala espacial da dungeon.","Permite comparar custo por celula entre algoritmos."
16,2015,"10B2C4D7","Performance","connectionCount","45","contagem","Medido","Quantidade de conexoes no grafo logico.","Proxy de complexidade topologica.","BSP tende a manter esse valor previsivel."
16,2015,"10B2C4D7","Performance","managedMemoryDeltaKB","1692","KB","Estimado","Diferenca de memoria gerenciada antes/depois da geracao.","Valor aproximado, sensivel a GC e ao estado do Editor.","Use como indicio comparativo, nao como medicao absoluta de memoria."
17,2016,"1E447580","Quantitativo","numRoomsTarget","48","contagem","Medido","Contagem de salas no layout logico gerado.","Tamanho estrutural da dungeon nesta execucao.","BSP controla salas por particoes e pelo limite Max Rooms."
17,2016,"1E447580","Quantitativo","connectivityRatio","100%","%","Medido","Busca no grafo a partir da sala inicial.","Todas as salas ficaram conectadas.","BSP deve gerar conectividade alta porque conecta particoes durante a recursao."
17,2016,"1E447580","Quantitativo","verticalVariance","2","metros","Medido","Calcula o desvio padrao das alturas dos pavimentos das salas.","Ha variacao vertical mensuravel entre salas.","BSP puro suporta verticalidade ao particionar multiplos pavimentos e conectar salas por escadas."
17,2016,"1E447580","Quantitativo","fillPercentage","47.45%","%","Medido","Celulas ocupadas divididas pelo total do grid.","Indica densidade espacial da dungeon.","Bom para comparar controle de densidade entre algoritmos."
17,2016,"1E447580","Quantitativo","branchFactor","2.125","media","Medido","Media de conexoes por sala no grafo.","Ramificacao moderada, geralmente boa para exploracao.","Loops extras aumentam este valor e reduzem linearidade."
17,2016,"1E447580","Quantitativo","avgPathLength","290.638","metros","Medido","Dijkstra simples sobre o grafo logico de salas.","Distancia media a partir da sala inicial.","Aproximacao logica; NavMesh pode refinar a distancia fisica."
17,2016,"1E447580","Quantitativo","uniqueModules","27","contagem","Medido","Contagem de modulos logicos e prefabs efetivamente usados.","Indica variedade basica de composicao.","A variedade aumenta com loops, conectores verticais e prefabs KayKit configurados."
17,2016,"1E447580","Quantitativo","navigableVolumeRatio","100%","%","Estimado sem NavMesh","Proporcao de celulas logicas ocupadas consideradas navegaveis antes de colisao/obstaculos.","Use como estimativa inicial, nao como validacao fisica final.","Para a dissertacao final, pode ser refinado com NavMeshSurface."
17,2016,"1E447580","Quantitativo","criticalPathLength","618","metros","Medido","Maior distancia encontrada a partir da sala inicial no grafo.","Aproxima o percurso principal inicio-objetivo.","Funciona bem em BSP porque o grafo de salas e explicito."
17,2016,"1E447580","Quantitativo","avgAlternativePathLength","29","metros","Medido","Media das conexoes extras marcadas como loops.","Ha caminhos alternativos mensuraveis.","Depende de Extra Loop Connections e Max Extra Loop Distance."
17,2016,"1E447580","Booleano","SupportsRandomEnemySpawns","Sim, testado","sim/nao","Suportado","Verifica se ha sistema de spawn por orcamento e lista de prefabs.","Sistema configurado e com orcamento ativo.","BSP permite spawns aleatorios dentro das salas."
17,2016,"1E447580","Booleano","SupportsLootDistribution","Sim, testado","sim/nao","Suportado","Verifica se ha sistema de loot por orcamento e lista de prefabs.","Sistema configurado e com orcamento ativo.","BSP permite distribuir recompensas por salas/celulas."
17,2016,"1E447580","Booleano","SupportsTraps","Sim, testado","sim/nao","Suportado","Verifica se ha sistema de armadilhas por orcamento e lista de prefabs.","Sistema configurado e com orcamento ativo.","BSP permite marcar armadilhas em salas ou corredores."
17,2016,"1E447580","Booleano","SupportsBacktrackingLoops","Sim","sim/nao","Medido","Detecta ciclos pelo numero de arestas em relacao ao numero de salas.","A dungeon possui loop para retorno/caminho alternativo.","Ative/aumente Extra Loop Connections para favorecer loops."
17,2016,"1E447580","Booleano","SupportsVerticalConnectors","Sim","sim/nao","Medido","Detecta conexoes verticais no grafo BSP entre salas de pavimentos adjacentes.","A execucao gerou 1 conector(es) vertical(is).","Implementado com BSP puro, sem misturar outro algoritmo."
17,2016,"1E447580","Booleano","SupportsMultiFloor","Sim","sim/nao","Medido","Verifica salas em diferentes floorIndex conectadas por conexoes verticais.","A execucao gerou 2 pavimento(s) com conexao vertical.","Implementado como variante BSP multiandar."
17,2016,"1E447580","Booleano","SupportsBossArena","Sim","sim/nao","Medido","Procura sala com area minima configurada para arena.","Existe ao menos uma sala grande o suficiente.","Aumente Max Room Size ou reduza Boss Arena Min Area Cells para testar arenas."
17,2016,"1E447580","Booleano","SeedReproducible","Sim","sim/nao","Medido","Gera a mesma seed duas vezes e compara o hash topologico.","A seed reproduziu a mesma topologia.","BSP deterministico deve passar neste teste."
17,2016,"1E447580","Booleano","RuntimeRegeneration","Sim","sim/nao","Medido","Compara tempo de geracao com o limite configurado.","Tempo registrado: 47.777 ms.","Mede o layout logico; instanciacao visual pode exigir teste de performance separado."
17,2016,"1E447580","Booleano","BudgetAwareSpawns","Sim","sim/nao","Suportado","Compara os orcamentos configurados com a capacidade logica de celulas das salas.","Orcamentos registrados: inimigos 10, loot 6, armadilhas 4.","O sistema tenta respeitar limites de spawn definidos pelo designer."
17,2016,"1E447580","Qualitativo","Replayability","5/5","Likert 1-5","Estimado automaticamente","Usa diversidade de hashes topologicos entre execucoes.","Diversidade topologica: 100%.","BSP costuma variar bem com seeds diferentes, mas pode repetir padroes retangulares."
17,2016,"1E447580","Qualitativo","Debuggability","5/5","Likert 1-5","Estimado automaticamente","Heuristica baseada na previsibilidade e rastreabilidade do algoritmo.","BSP e altamente depuravel por usar arvore de particoes.","Ponto forte do BSP."
17,2016,"1E447580","Qualitativo","Flow","5/5","Likert 1-5","Estimado automaticamente","Heuristica baseada em conectividade, caminho critico e ramificacao.","Indica fluidez de navegacao esperada.","BSP tende a ter fluxo claro quando todos os corredores abrem passagem."
17,2016,"1E447580","Qualitativo","Legibility","4/5","Likert 1-5","Estimado automaticamente","Heuristica baseada em densidade e ramificacao.","Indica se o layout tende a ser compreensivel.","Salas retangulares e corredores ortogonais favorecem legibilidade."
17,2016,"1E447580","Qualitativo","StructuralVariety","5/5","Likert 1-5","Estimado automaticamente","Heuristica baseada em salas, modulos e loops.","Indica variedade estrutural dentro desta execucao.","BSP tem variedade macroestrutural boa, mas a variedade visual depende muito dos prefabs KayKit configurados."
17,2016,"1E447580","Performance","layoutGenerationMilliseconds","0.632","ms","Medido","Tempo para gerar BSP, salas, corredores, loops e conectores verticais.","Representa o custo algoritmico principal.","BSP tende a ser rapido porque trabalha com particoes retangulares e grafo simples."
17,2016,"1E447580","Performance","geometryInstantiationMilliseconds","46.98","ms","Medido","Tempo gasto instanciando prefabs/objetos visuais quando a medicao visual esta ativa.","A execucao incluiu custo visual.","Deve ser comparado separadamente, pois depende dos assets e nao apenas do BSP."
17,2016,"1E447580","Performance","metricsCalculationMilliseconds","0.164","ms","Medido","Tempo para calcular metricas e montar resultados.","Ajuda a quantificar custo da instrumentacao.","Nao e custo do algoritmo em si."
17,2016,"1E447580","Performance","totalGenerationMilliseconds","47.777","ms","Medido","Tempo total medido para a execucao.","Inclui layout, instanciacao visual habilitada e calculo de metricas.","Use junto com layoutGenerationMilliseconds para separar algoritmo e runtime Unity."
17,2016,"1E447580","Performance","generatedGameObjectCount","5673","contagem","Medido","Quantidade de GameObjects criados pelo gerador.","Indica peso potencial de instanciacao no Unity.","Pode crescer bastante em algoritmos que geram muitos modulos pequenos."
17,2016,"1E447580","Performance","occupiedCellCount","3887","contagem","Medido","Quantidade de celulas ocupadas no grid logico.","Proxy de escala espacial da dungeon.","Permite comparar custo por celula entre algoritmos."
17,2016,"1E447580","Performance","connectionCount","51","contagem","Medido","Quantidade de conexoes no grafo logico.","Proxy de complexidade topologica.","BSP tende a manter esse valor previsivel."
17,2016,"1E447580","Performance","managedMemoryDeltaKB","1960","KB","Estimado","Diferenca de memoria gerenciada antes/depois da geracao.","Valor aproximado, sensivel a GC e ao estado do Editor.","Use como indicio comparativo, nao como medicao absoluta de memoria."
18,2017,"498B8187","Quantitativo","numRoomsTarget","48","contagem","Medido","Contagem de salas no layout logico gerado.","Tamanho estrutural da dungeon nesta execucao.","BSP controla salas por particoes e pelo limite Max Rooms."
18,2017,"498B8187","Quantitativo","connectivityRatio","100%","%","Medido","Busca no grafo a partir da sala inicial.","Todas as salas ficaram conectadas.","BSP deve gerar conectividade alta porque conecta particoes durante a recursao."
18,2017,"498B8187","Quantitativo","verticalVariance","2","metros","Medido","Calcula o desvio padrao das alturas dos pavimentos das salas.","Ha variacao vertical mensuravel entre salas.","BSP puro suporta verticalidade ao particionar multiplos pavimentos e conectar salas por escadas."
18,2017,"498B8187","Quantitativo","fillPercentage","46.68%","%","Medido","Celulas ocupadas divididas pelo total do grid.","Indica densidade espacial da dungeon.","Bom para comparar controle de densidade entre algoritmos."
18,2017,"498B8187","Quantitativo","branchFactor","2.125","media","Medido","Media de conexoes por sala no grafo.","Ramificacao moderada, geralmente boa para exploracao.","Loops extras aumentam este valor e reduzem linearidade."
18,2017,"498B8187","Quantitativo","avgPathLength","222.723","metros","Medido","Dijkstra simples sobre o grafo logico de salas.","Distancia media a partir da sala inicial.","Aproximacao logica; NavMesh pode refinar a distancia fisica."
18,2017,"498B8187","Quantitativo","uniqueModules","27","contagem","Medido","Contagem de modulos logicos e prefabs efetivamente usados.","Indica variedade basica de composicao.","A variedade aumenta com loops, conectores verticais e prefabs KayKit configurados."
18,2017,"498B8187","Quantitativo","navigableVolumeRatio","100%","%","Estimado sem NavMesh","Proporcao de celulas logicas ocupadas consideradas navegaveis antes de colisao/obstaculos.","Use como estimativa inicial, nao como validacao fisica final.","Para a dissertacao final, pode ser refinado com NavMeshSurface."
18,2017,"498B8187","Quantitativo","criticalPathLength","466","metros","Medido","Maior distancia encontrada a partir da sala inicial no grafo.","Aproxima o percurso principal inicio-objetivo.","Funciona bem em BSP porque o grafo de salas e explicito."
18,2017,"498B8187","Quantitativo","avgAlternativePathLength","30.5","metros","Medido","Media das conexoes extras marcadas como loops.","Ha caminhos alternativos mensuraveis.","Depende de Extra Loop Connections e Max Extra Loop Distance."
18,2017,"498B8187","Booleano","SupportsRandomEnemySpawns","Sim, testado","sim/nao","Suportado","Verifica se ha sistema de spawn por orcamento e lista de prefabs.","Sistema configurado e com orcamento ativo.","BSP permite spawns aleatorios dentro das salas."
18,2017,"498B8187","Booleano","SupportsLootDistribution","Sim, testado","sim/nao","Suportado","Verifica se ha sistema de loot por orcamento e lista de prefabs.","Sistema configurado e com orcamento ativo.","BSP permite distribuir recompensas por salas/celulas."
18,2017,"498B8187","Booleano","SupportsTraps","Sim, testado","sim/nao","Suportado","Verifica se ha sistema de armadilhas por orcamento e lista de prefabs.","Sistema configurado e com orcamento ativo.","BSP permite marcar armadilhas em salas ou corredores."
18,2017,"498B8187","Booleano","SupportsBacktrackingLoops","Sim","sim/nao","Medido","Detecta ciclos pelo numero de arestas em relacao ao numero de salas.","A dungeon possui loop para retorno/caminho alternativo.","Ative/aumente Extra Loop Connections para favorecer loops."
18,2017,"498B8187","Booleano","SupportsVerticalConnectors","Sim","sim/nao","Medido","Detecta conexoes verticais no grafo BSP entre salas de pavimentos adjacentes.","A execucao gerou 1 conector(es) vertical(is).","Implementado com BSP puro, sem misturar outro algoritmo."
18,2017,"498B8187","Booleano","SupportsMultiFloor","Sim","sim/nao","Medido","Verifica salas em diferentes floorIndex conectadas por conexoes verticais.","A execucao gerou 2 pavimento(s) com conexao vertical.","Implementado como variante BSP multiandar."
18,2017,"498B8187","Booleano","SupportsBossArena","Sim","sim/nao","Medido","Procura sala com area minima configurada para arena.","Existe ao menos uma sala grande o suficiente.","Aumente Max Room Size ou reduza Boss Arena Min Area Cells para testar arenas."
18,2017,"498B8187","Booleano","SeedReproducible","Sim","sim/nao","Medido","Gera a mesma seed duas vezes e compara o hash topologico.","A seed reproduziu a mesma topologia.","BSP deterministico deve passar neste teste."
18,2017,"498B8187","Booleano","RuntimeRegeneration","Sim","sim/nao","Medido","Compara tempo de geracao com o limite configurado.","Tempo registrado: 48.853 ms.","Mede o layout logico; instanciacao visual pode exigir teste de performance separado."
18,2017,"498B8187","Booleano","BudgetAwareSpawns","Sim","sim/nao","Suportado","Compara os orcamentos configurados com a capacidade logica de celulas das salas.","Orcamentos registrados: inimigos 10, loot 6, armadilhas 4.","O sistema tenta respeitar limites de spawn definidos pelo designer."
18,2017,"498B8187","Qualitativo","Replayability","5/5","Likert 1-5","Estimado automaticamente","Usa diversidade de hashes topologicos entre execucoes.","Diversidade topologica: 100%.","BSP costuma variar bem com seeds diferentes, mas pode repetir padroes retangulares."
18,2017,"498B8187","Qualitativo","Debuggability","5/5","Likert 1-5","Estimado automaticamente","Heuristica baseada na previsibilidade e rastreabilidade do algoritmo.","BSP e altamente depuravel por usar arvore de particoes.","Ponto forte do BSP."
18,2017,"498B8187","Qualitativo","Flow","5/5","Likert 1-5","Estimado automaticamente","Heuristica baseada em conectividade, caminho critico e ramificacao.","Indica fluidez de navegacao esperada.","BSP tende a ter fluxo claro quando todos os corredores abrem passagem."
18,2017,"498B8187","Qualitativo","Legibility","4/5","Likert 1-5","Estimado automaticamente","Heuristica baseada em densidade e ramificacao.","Indica se o layout tende a ser compreensivel.","Salas retangulares e corredores ortogonais favorecem legibilidade."
18,2017,"498B8187","Qualitativo","StructuralVariety","5/5","Likert 1-5","Estimado automaticamente","Heuristica baseada em salas, modulos e loops.","Indica variedade estrutural dentro desta execucao.","BSP tem variedade macroestrutural boa, mas a variedade visual depende muito dos prefabs KayKit configurados."
18,2017,"498B8187","Performance","layoutGenerationMilliseconds","0.637","ms","Medido","Tempo para gerar BSP, salas, corredores, loops e conectores verticais.","Representa o custo algoritmico principal.","BSP tende a ser rapido porque trabalha com particoes retangulares e grafo simples."
18,2017,"498B8187","Performance","geometryInstantiationMilliseconds","48.035","ms","Medido","Tempo gasto instanciando prefabs/objetos visuais quando a medicao visual esta ativa.","A execucao incluiu custo visual.","Deve ser comparado separadamente, pois depende dos assets e nao apenas do BSP."
18,2017,"498B8187","Performance","metricsCalculationMilliseconds","0.18","ms","Medido","Tempo para calcular metricas e montar resultados.","Ajuda a quantificar custo da instrumentacao.","Nao e custo do algoritmo em si."
18,2017,"498B8187","Performance","totalGenerationMilliseconds","48.853","ms","Medido","Tempo total medido para a execucao.","Inclui layout, instanciacao visual habilitada e calculo de metricas.","Use junto com layoutGenerationMilliseconds para separar algoritmo e runtime Unity."
18,2017,"498B8187","Performance","generatedGameObjectCount","5599","contagem","Medido","Quantidade de GameObjects criados pelo gerador.","Indica peso potencial de instanciacao no Unity.","Pode crescer bastante em algoritmos que geram muitos modulos pequenos."
18,2017,"498B8187","Performance","occupiedCellCount","3824","contagem","Medido","Quantidade de celulas ocupadas no grid logico.","Proxy de escala espacial da dungeon.","Permite comparar custo por celula entre algoritmos."
18,2017,"498B8187","Performance","connectionCount","51","contagem","Medido","Quantidade de conexoes no grafo logico.","Proxy de complexidade topologica.","BSP tende a manter esse valor previsivel."
18,2017,"498B8187","Performance","managedMemoryDeltaKB","1936","KB","Estimado","Diferenca de memoria gerenciada antes/depois da geracao.","Valor aproximado, sensivel a GC e ao estado do Editor.","Use como indicio comparativo, nao como medicao absoluta de memoria."
19,2018,"D73568F8","Quantitativo","numRoomsTarget","45","contagem","Medido","Contagem de salas no layout logico gerado.","Tamanho estrutural da dungeon nesta execucao.","BSP controla salas por particoes e pelo limite Max Rooms."
19,2018,"D73568F8","Quantitativo","connectivityRatio","100%","%","Medido","Busca no grafo a partir da sala inicial.","Todas as salas ficaram conectadas.","BSP deve gerar conectividade alta porque conecta particoes durante a recursao."
19,2018,"D73568F8","Quantitativo","verticalVariance","2","metros","Medido","Calcula o desvio padrao das alturas dos pavimentos das salas.","Ha variacao vertical mensuravel entre salas.","BSP puro suporta verticalidade ao particionar multiplos pavimentos e conectar salas por escadas."
19,2018,"D73568F8","Quantitativo","fillPercentage","47.03%","%","Medido","Celulas ocupadas divididas pelo total do grid.","Indica densidade espacial da dungeon.","Bom para comparar controle de densidade entre algoritmos."
19,2018,"D73568F8","Quantitativo","branchFactor","2.133","media","Medido","Media de conexoes por sala no grafo.","Ramificacao moderada, geralmente boa para exploracao.","Loops extras aumentam este valor e reduzem linearidade."
19,2018,"D73568F8","Quantitativo","avgPathLength","314.727","metros","Medido","Dijkstra simples sobre o grafo logico de salas.","Distancia media a partir da sala inicial.","Aproximacao logica; NavMesh pode refinar a distancia fisica."
19,2018,"D73568F8","Quantitativo","uniqueModules","27","contagem","Medido","Contagem de modulos logicos e prefabs efetivamente usados.","Indica variedade basica de composicao.","A variedade aumenta com loops, conectores verticais e prefabs KayKit configurados."
19,2018,"D73568F8","Quantitativo","navigableVolumeRatio","100%","%","Estimado sem NavMesh","Proporcao de celulas logicas ocupadas consideradas navegaveis antes de colisao/obstaculos.","Use como estimativa inicial, nao como validacao fisica final.","Para a dissertacao final, pode ser refinado com NavMeshSurface."
19,2018,"D73568F8","Quantitativo","criticalPathLength","614","metros","Medido","Maior distancia encontrada a partir da sala inicial no grafo.","Aproxima o percurso principal inicio-objetivo.","Funciona bem em BSP porque o grafo de salas e explicito."
19,2018,"D73568F8","Quantitativo","avgAlternativePathLength","37","metros","Medido","Media das conexoes extras marcadas como loops.","Ha caminhos alternativos mensuraveis.","Depende de Extra Loop Connections e Max Extra Loop Distance."
19,2018,"D73568F8","Booleano","SupportsRandomEnemySpawns","Sim, testado","sim/nao","Suportado","Verifica se ha sistema de spawn por orcamento e lista de prefabs.","Sistema configurado e com orcamento ativo.","BSP permite spawns aleatorios dentro das salas."
19,2018,"D73568F8","Booleano","SupportsLootDistribution","Sim, testado","sim/nao","Suportado","Verifica se ha sistema de loot por orcamento e lista de prefabs.","Sistema configurado e com orcamento ativo.","BSP permite distribuir recompensas por salas/celulas."
19,2018,"D73568F8","Booleano","SupportsTraps","Sim, testado","sim/nao","Suportado","Verifica se ha sistema de armadilhas por orcamento e lista de prefabs.","Sistema configurado e com orcamento ativo.","BSP permite marcar armadilhas em salas ou corredores."
19,2018,"D73568F8","Booleano","SupportsBacktrackingLoops","Sim","sim/nao","Medido","Detecta ciclos pelo numero de arestas em relacao ao numero de salas.","A dungeon possui loop para retorno/caminho alternativo.","Ative/aumente Extra Loop Connections para favorecer loops."
19,2018,"D73568F8","Booleano","SupportsVerticalConnectors","Sim","sim/nao","Medido","Detecta conexoes verticais no grafo BSP entre salas de pavimentos adjacentes.","A execucao gerou 1 conector(es) vertical(is).","Implementado com BSP puro, sem misturar outro algoritmo."
19,2018,"D73568F8","Booleano","SupportsMultiFloor","Sim","sim/nao","Medido","Verifica salas em diferentes floorIndex conectadas por conexoes verticais.","A execucao gerou 2 pavimento(s) com conexao vertical.","Implementado como variante BSP multiandar."
19,2018,"D73568F8","Booleano","SupportsBossArena","Sim","sim/nao","Medido","Procura sala com area minima configurada para arena.","Existe ao menos uma sala grande o suficiente.","Aumente Max Room Size ou reduza Boss Arena Min Area Cells para testar arenas."
19,2018,"D73568F8","Booleano","SeedReproducible","Sim","sim/nao","Medido","Gera a mesma seed duas vezes e compara o hash topologico.","A seed reproduziu a mesma topologia.","BSP deterministico deve passar neste teste."
19,2018,"D73568F8","Booleano","RuntimeRegeneration","Sim","sim/nao","Medido","Compara tempo de geracao com o limite configurado.","Tempo registrado: 51.142 ms.","Mede o layout logico; instanciacao visual pode exigir teste de performance separado."
19,2018,"D73568F8","Booleano","BudgetAwareSpawns","Sim","sim/nao","Suportado","Compara os orcamentos configurados com a capacidade logica de celulas das salas.","Orcamentos registrados: inimigos 10, loot 6, armadilhas 4.","O sistema tenta respeitar limites de spawn definidos pelo designer."
19,2018,"D73568F8","Qualitativo","Replayability","5/5","Likert 1-5","Estimado automaticamente","Usa diversidade de hashes topologicos entre execucoes.","Diversidade topologica: 100%.","BSP costuma variar bem com seeds diferentes, mas pode repetir padroes retangulares."
19,2018,"D73568F8","Qualitativo","Debuggability","5/5","Likert 1-5","Estimado automaticamente","Heuristica baseada na previsibilidade e rastreabilidade do algoritmo.","BSP e altamente depuravel por usar arvore de particoes.","Ponto forte do BSP."
19,2018,"D73568F8","Qualitativo","Flow","5/5","Likert 1-5","Estimado automaticamente","Heuristica baseada em conectividade, caminho critico e ramificacao.","Indica fluidez de navegacao esperada.","BSP tende a ter fluxo claro quando todos os corredores abrem passagem."
19,2018,"D73568F8","Qualitativo","Legibility","4/5","Likert 1-5","Estimado automaticamente","Heuristica baseada em densidade e ramificacao.","Indica se o layout tende a ser compreensivel.","Salas retangulares e corredores ortogonais favorecem legibilidade."
19,2018,"D73568F8","Qualitativo","StructuralVariety","5/5","Likert 1-5","Estimado automaticamente","Heuristica baseada em salas, modulos e loops.","Indica variedade estrutural dentro desta execucao.","BSP tem variedade macroestrutural boa, mas a variedade visual depende muito dos prefabs KayKit configurados."
19,2018,"D73568F8","Performance","layoutGenerationMilliseconds","0.648","ms","Medido","Tempo para gerar BSP, salas, corredores, loops e conectores verticais.","Representa o custo algoritmico principal.","BSP tende a ser rapido porque trabalha com particoes retangulares e grafo simples."
19,2018,"D73568F8","Performance","geometryInstantiationMilliseconds","50.33","ms","Medido","Tempo gasto instanciando prefabs/objetos visuais quando a medicao visual esta ativa.","A execucao incluiu custo visual.","Deve ser comparado separadamente, pois depende dos assets e nao apenas do BSP."
19,2018,"D73568F8","Performance","metricsCalculationMilliseconds","0.162","ms","Medido","Tempo para calcular metricas e montar resultados.","Ajuda a quantificar custo da instrumentacao.","Nao e custo do algoritmo em si."
19,2018,"D73568F8","Performance","totalGenerationMilliseconds","51.142","ms","Medido","Tempo total medido para a execucao.","Inclui layout, instanciacao visual habilitada e calculo de metricas.","Use junto com layoutGenerationMilliseconds para separar algoritmo e runtime Unity."
19,2018,"D73568F8","Performance","generatedGameObjectCount","5582","contagem","Medido","Quantidade de GameObjects criados pelo gerador.","Indica peso potencial de instanciacao no Unity.","Pode crescer bastante em algoritmos que geram muitos modulos pequenos."
19,2018,"D73568F8","Performance","occupiedCellCount","3853","contagem","Medido","Quantidade de celulas ocupadas no grid logico.","Proxy de escala espacial da dungeon.","Permite comparar custo por celula entre algoritmos."
19,2018,"D73568F8","Performance","connectionCount","48","contagem","Medido","Quantidade de conexoes no grafo logico.","Proxy de complexidade topologica.","BSP tende a manter esse valor previsivel."
19,2018,"D73568F8","Performance","managedMemoryDeltaKB","1984","KB","Estimado","Diferenca de memoria gerenciada antes/depois da geracao.","Valor aproximado, sensivel a GC e ao estado do Editor.","Use como indicio comparativo, nao como medicao absoluta de memoria."
20,2019,"04D63519","Quantitativo","numRoomsTarget","43","contagem","Medido","Contagem de salas no layout logico gerado.","Tamanho estrutural da dungeon nesta execucao.","BSP controla salas por particoes e pelo limite Max Rooms."
20,2019,"04D63519","Quantitativo","connectivityRatio","100%","%","Medido","Busca no grafo a partir da sala inicial.","Todas as salas ficaram conectadas.","BSP deve gerar conectividade alta porque conecta particoes durante a recursao."
20,2019,"04D63519","Quantitativo","verticalVariance","1.999","metros","Medido","Calcula o desvio padrao das alturas dos pavimentos das salas.","Ha variacao vertical mensuravel entre salas.","BSP puro suporta verticalidade ao particionar multiplos pavimentos e conectar salas por escadas."
20,2019,"04D63519","Quantitativo","fillPercentage","45.01%","%","Medido","Celulas ocupadas divididas pelo total do grid.","Indica densidade espacial da dungeon.","Bom para comparar controle de densidade entre algoritmos."
20,2019,"04D63519","Quantitativo","branchFactor","2.14","media","Medido","Media de conexoes por sala no grafo.","Ramificacao moderada, geralmente boa para exploracao.","Loops extras aumentam este valor e reduzem linearidade."
20,2019,"04D63519","Quantitativo","avgPathLength","201.238","metros","Medido","Dijkstra simples sobre o grafo logico de salas.","Distancia media a partir da sala inicial.","Aproximacao logica; NavMesh pode refinar a distancia fisica."
20,2019,"04D63519","Quantitativo","uniqueModules","27","contagem","Medido","Contagem de modulos logicos e prefabs efetivamente usados.","Indica variedade basica de composicao.","A variedade aumenta com loops, conectores verticais e prefabs KayKit configurados."
20,2019,"04D63519","Quantitativo","navigableVolumeRatio","100%","%","Estimado sem NavMesh","Proporcao de celulas logicas ocupadas consideradas navegaveis antes de colisao/obstaculos.","Use como estimativa inicial, nao como validacao fisica final.","Para a dissertacao final, pode ser refinado com NavMeshSurface."
20,2019,"04D63519","Quantitativo","criticalPathLength","324","metros","Medido","Maior distancia encontrada a partir da sala inicial no grafo.","Aproxima o percurso principal inicio-objetivo.","Funciona bem em BSP porque o grafo de salas e explicito."
20,2019,"04D63519","Quantitativo","avgAlternativePathLength","33.5","metros","Medido","Media das conexoes extras marcadas como loops.","Ha caminhos alternativos mensuraveis.","Depende de Extra Loop Connections e Max Extra Loop Distance."
20,2019,"04D63519","Booleano","SupportsRandomEnemySpawns","Sim, testado","sim/nao","Suportado","Verifica se ha sistema de spawn por orcamento e lista de prefabs.","Sistema configurado e com orcamento ativo.","BSP permite spawns aleatorios dentro das salas."
20,2019,"04D63519","Booleano","SupportsLootDistribution","Sim, testado","sim/nao","Suportado","Verifica se ha sistema de loot por orcamento e lista de prefabs.","Sistema configurado e com orcamento ativo.","BSP permite distribuir recompensas por salas/celulas."
20,2019,"04D63519","Booleano","SupportsTraps","Sim, testado","sim/nao","Suportado","Verifica se ha sistema de armadilhas por orcamento e lista de prefabs.","Sistema configurado e com orcamento ativo.","BSP permite marcar armadilhas em salas ou corredores."
20,2019,"04D63519","Booleano","SupportsBacktrackingLoops","Sim","sim/nao","Medido","Detecta ciclos pelo numero de arestas em relacao ao numero de salas.","A dungeon possui loop para retorno/caminho alternativo.","Ative/aumente Extra Loop Connections para favorecer loops."
20,2019,"04D63519","Booleano","SupportsVerticalConnectors","Sim","sim/nao","Medido","Detecta conexoes verticais no grafo BSP entre salas de pavimentos adjacentes.","A execucao gerou 1 conector(es) vertical(is).","Implementado com BSP puro, sem misturar outro algoritmo."
20,2019,"04D63519","Booleano","SupportsMultiFloor","Sim","sim/nao","Medido","Verifica salas em diferentes floorIndex conectadas por conexoes verticais.","A execucao gerou 2 pavimento(s) com conexao vertical.","Implementado como variante BSP multiandar."
20,2019,"04D63519","Booleano","SupportsBossArena","Sim","sim/nao","Medido","Procura sala com area minima configurada para arena.","Existe ao menos uma sala grande o suficiente.","Aumente Max Room Size ou reduza Boss Arena Min Area Cells para testar arenas."
20,2019,"04D63519","Booleano","SeedReproducible","Sim","sim/nao","Medido","Gera a mesma seed duas vezes e compara o hash topologico.","A seed reproduziu a mesma topologia.","BSP deterministico deve passar neste teste."
20,2019,"04D63519","Booleano","RuntimeRegeneration","Sim","sim/nao","Medido","Compara tempo de geracao com o limite configurado.","Tempo registrado: 48.237 ms.","Mede o layout logico; instanciacao visual pode exigir teste de performance separado."
20,2019,"04D63519","Booleano","BudgetAwareSpawns","Sim","sim/nao","Suportado","Compara os orcamentos configurados com a capacidade logica de celulas das salas.","Orcamentos registrados: inimigos 10, loot 6, armadilhas 4.","O sistema tenta respeitar limites de spawn definidos pelo designer."
20,2019,"04D63519","Qualitativo","Replayability","5/5","Likert 1-5","Estimado automaticamente","Usa diversidade de hashes topologicos entre execucoes.","Diversidade topologica: 100%.","BSP costuma variar bem com seeds diferentes, mas pode repetir padroes retangulares."
20,2019,"04D63519","Qualitativo","Debuggability","5/5","Likert 1-5","Estimado automaticamente","Heuristica baseada na previsibilidade e rastreabilidade do algoritmo.","BSP e altamente depuravel por usar arvore de particoes.","Ponto forte do BSP."
20,2019,"04D63519","Qualitativo","Flow","5/5","Likert 1-5","Estimado automaticamente","Heuristica baseada em conectividade, caminho critico e ramificacao.","Indica fluidez de navegacao esperada.","BSP tende a ter fluxo claro quando todos os corredores abrem passagem."
20,2019,"04D63519","Qualitativo","Legibility","4/5","Likert 1-5","Estimado automaticamente","Heuristica baseada em densidade e ramificacao.","Indica se o layout tende a ser compreensivel.","Salas retangulares e corredores ortogonais favorecem legibilidade."
20,2019,"04D63519","Qualitativo","StructuralVariety","5/5","Likert 1-5","Estimado automaticamente","Heuristica baseada em salas, modulos e loops.","Indica variedade estrutural dentro desta execucao.","BSP tem variedade macroestrutural boa, mas a variedade visual depende muito dos prefabs KayKit configurados."
20,2019,"04D63519","Performance","layoutGenerationMilliseconds","0.684","ms","Medido","Tempo para gerar BSP, salas, corredores, loops e conectores verticais.","Representa o custo algoritmico principal.","BSP tende a ser rapido porque trabalha com particoes retangulares e grafo simples."
20,2019,"04D63519","Performance","geometryInstantiationMilliseconds","47.391","ms","Medido","Tempo gasto instanciando prefabs/objetos visuais quando a medicao visual esta ativa.","A execucao incluiu custo visual.","Deve ser comparado separadamente, pois depende dos assets e nao apenas do BSP."
20,2019,"04D63519","Performance","metricsCalculationMilliseconds","0.159","ms","Medido","Tempo para calcular metricas e montar resultados.","Ajuda a quantificar custo da instrumentacao.","Nao e custo do algoritmo em si."
20,2019,"04D63519","Performance","totalGenerationMilliseconds","48.237","ms","Medido","Tempo total medido para a execucao.","Inclui layout, instanciacao visual habilitada e calculo de metricas.","Use junto com layoutGenerationMilliseconds para separar algoritmo e runtime Unity."
20,2019,"04D63519","Performance","generatedGameObjectCount","5322","contagem","Medido","Quantidade de GameObjects criados pelo gerador.","Indica peso potencial de instanciacao no Unity.","Pode crescer bastante em algoritmos que geram muitos modulos pequenos."
20,2019,"04D63519","Performance","occupiedCellCount","3687","contagem","Medido","Quantidade de celulas ocupadas no grid logico.","Proxy de escala espacial da dungeon.","Permite comparar custo por celula entre algoritmos."
20,2019,"04D63519","Performance","connectionCount","46","contagem","Medido","Quantidade de conexoes no grafo logico.","Proxy de complexidade topologica.","BSP tende a manter esse valor previsivel."
20,2019,"04D63519","Performance","managedMemoryDeltaKB","1820","KB","Estimado","Diferenca de memoria gerenciada antes/depois da geracao.","Valor aproximado, sensivel a GC e ao estado do Editor.","Use como indicio comparativo, nao como medicao absoluta de memoria."
21,2020,"7254045A","Quantitativo","numRoomsTarget","44","contagem","Medido","Contagem de salas no layout logico gerado.","Tamanho estrutural da dungeon nesta execucao.","BSP controla salas por particoes e pelo limite Max Rooms."
21,2020,"7254045A","Quantitativo","connectivityRatio","100%","%","Medido","Busca no grafo a partir da sala inicial.","Todas as salas ficaram conectadas.","BSP deve gerar conectividade alta porque conecta particoes durante a recursao."
21,2020,"7254045A","Quantitativo","verticalVariance","1.992","metros","Medido","Calcula o desvio padrao das alturas dos pavimentos das salas.","Ha variacao vertical mensuravel entre salas.","BSP puro suporta verticalidade ao particionar multiplos pavimentos e conectar salas por escadas."
21,2020,"7254045A","Quantitativo","fillPercentage","47.13%","%","Medido","Celulas ocupadas divididas pelo total do grid.","Indica densidade espacial da dungeon.","Bom para comparar controle de densidade entre algoritmos."
21,2020,"7254045A","Quantitativo","branchFactor","2.136","media","Medido","Media de conexoes por sala no grafo.","Ramificacao moderada, geralmente boa para exploracao.","Loops extras aumentam este valor e reduzem linearidade."
21,2020,"7254045A","Quantitativo","avgPathLength","240.465","metros","Medido","Dijkstra simples sobre o grafo logico de salas.","Distancia media a partir da sala inicial.","Aproximacao logica; NavMesh pode refinar a distancia fisica."
21,2020,"7254045A","Quantitativo","uniqueModules","26","contagem","Medido","Contagem de modulos logicos e prefabs efetivamente usados.","Indica variedade basica de composicao.","A variedade aumenta com loops, conectores verticais e prefabs KayKit configurados."
21,2020,"7254045A","Quantitativo","navigableVolumeRatio","100%","%","Estimado sem NavMesh","Proporcao de celulas logicas ocupadas consideradas navegaveis antes de colisao/obstaculos.","Use como estimativa inicial, nao como validacao fisica final.","Para a dissertacao final, pode ser refinado com NavMeshSurface."
21,2020,"7254045A","Quantitativo","criticalPathLength","432","metros","Medido","Maior distancia encontrada a partir da sala inicial no grafo.","Aproxima o percurso principal inicio-objetivo.","Funciona bem em BSP porque o grafo de salas e explicito."
21,2020,"7254045A","Quantitativo","avgAlternativePathLength","29","metros","Medido","Media das conexoes extras marcadas como loops.","Ha caminhos alternativos mensuraveis.","Depende de Extra Loop Connections e Max Extra Loop Distance."
21,2020,"7254045A","Booleano","SupportsRandomEnemySpawns","Sim, testado","sim/nao","Suportado","Verifica se ha sistema de spawn por orcamento e lista de prefabs.","Sistema configurado e com orcamento ativo.","BSP permite spawns aleatorios dentro das salas."
21,2020,"7254045A","Booleano","SupportsLootDistribution","Sim, testado","sim/nao","Suportado","Verifica se ha sistema de loot por orcamento e lista de prefabs.","Sistema configurado e com orcamento ativo.","BSP permite distribuir recompensas por salas/celulas."
21,2020,"7254045A","Booleano","SupportsTraps","Sim, testado","sim/nao","Suportado","Verifica se ha sistema de armadilhas por orcamento e lista de prefabs.","Sistema configurado e com orcamento ativo.","BSP permite marcar armadilhas em salas ou corredores."
21,2020,"7254045A","Booleano","SupportsBacktrackingLoops","Sim","sim/nao","Medido","Detecta ciclos pelo numero de arestas em relacao ao numero de salas.","A dungeon possui loop para retorno/caminho alternativo.","Ative/aumente Extra Loop Connections para favorecer loops."
21,2020,"7254045A","Booleano","SupportsVerticalConnectors","Sim","sim/nao","Medido","Detecta conexoes verticais no grafo BSP entre salas de pavimentos adjacentes.","A execucao gerou 1 conector(es) vertical(is).","Implementado com BSP puro, sem misturar outro algoritmo."
21,2020,"7254045A","Booleano","SupportsMultiFloor","Sim","sim/nao","Medido","Verifica salas em diferentes floorIndex conectadas por conexoes verticais.","A execucao gerou 2 pavimento(s) com conexao vertical.","Implementado como variante BSP multiandar."
21,2020,"7254045A","Booleano","SupportsBossArena","Sim","sim/nao","Medido","Procura sala com area minima configurada para arena.","Existe ao menos uma sala grande o suficiente.","Aumente Max Room Size ou reduza Boss Arena Min Area Cells para testar arenas."
21,2020,"7254045A","Booleano","SeedReproducible","Sim","sim/nao","Medido","Gera a mesma seed duas vezes e compara o hash topologico.","A seed reproduziu a mesma topologia.","BSP deterministico deve passar neste teste."
21,2020,"7254045A","Booleano","RuntimeRegeneration","Sim","sim/nao","Medido","Compara tempo de geracao com o limite configurado.","Tempo registrado: 52.306 ms.","Mede o layout logico; instanciacao visual pode exigir teste de performance separado."
21,2020,"7254045A","Booleano","BudgetAwareSpawns","Sim","sim/nao","Suportado","Compara os orcamentos configurados com a capacidade logica de celulas das salas.","Orcamentos registrados: inimigos 10, loot 6, armadilhas 4.","O sistema tenta respeitar limites de spawn definidos pelo designer."
21,2020,"7254045A","Qualitativo","Replayability","5/5","Likert 1-5","Estimado automaticamente","Usa diversidade de hashes topologicos entre execucoes.","Diversidade topologica: 100%.","BSP costuma variar bem com seeds diferentes, mas pode repetir padroes retangulares."
21,2020,"7254045A","Qualitativo","Debuggability","5/5","Likert 1-5","Estimado automaticamente","Heuristica baseada na previsibilidade e rastreabilidade do algoritmo.","BSP e altamente depuravel por usar arvore de particoes.","Ponto forte do BSP."
21,2020,"7254045A","Qualitativo","Flow","5/5","Likert 1-5","Estimado automaticamente","Heuristica baseada em conectividade, caminho critico e ramificacao.","Indica fluidez de navegacao esperada.","BSP tende a ter fluxo claro quando todos os corredores abrem passagem."
21,2020,"7254045A","Qualitativo","Legibility","4/5","Likert 1-5","Estimado automaticamente","Heuristica baseada em densidade e ramificacao.","Indica se o layout tende a ser compreensivel.","Salas retangulares e corredores ortogonais favorecem legibilidade."
21,2020,"7254045A","Qualitativo","StructuralVariety","5/5","Likert 1-5","Estimado automaticamente","Heuristica baseada em salas, modulos e loops.","Indica variedade estrutural dentro desta execucao.","BSP tem variedade macroestrutural boa, mas a variedade visual depende muito dos prefabs KayKit configurados."
21,2020,"7254045A","Performance","layoutGenerationMilliseconds","0.659","ms","Medido","Tempo para gerar BSP, salas, corredores, loops e conectores verticais.","Representa o custo algoritmico principal.","BSP tende a ser rapido porque trabalha com particoes retangulares e grafo simples."
21,2020,"7254045A","Performance","geometryInstantiationMilliseconds","51.478","ms","Medido","Tempo gasto instanciando prefabs/objetos visuais quando a medicao visual esta ativa.","A execucao incluiu custo visual.","Deve ser comparado separadamente, pois depende dos assets e nao apenas do BSP."
21,2020,"7254045A","Performance","metricsCalculationMilliseconds","0.168","ms","Medido","Tempo para calcular metricas e montar resultados.","Ajuda a quantificar custo da instrumentacao.","Nao e custo do algoritmo em si."
21,2020,"7254045A","Performance","totalGenerationMilliseconds","52.306","ms","Medido","Tempo total medido para a execucao.","Inclui layout, instanciacao visual habilitada e calculo de metricas.","Use junto com layoutGenerationMilliseconds para separar algoritmo e runtime Unity."
21,2020,"7254045A","Performance","generatedGameObjectCount","5510","contagem","Medido","Quantidade de GameObjects criados pelo gerador.","Indica peso potencial de instanciacao no Unity.","Pode crescer bastante em algoritmos que geram muitos modulos pequenos."
21,2020,"7254045A","Performance","occupiedCellCount","3861","contagem","Medido","Quantidade de celulas ocupadas no grid logico.","Proxy de escala espacial da dungeon.","Permite comparar custo por celula entre algoritmos."
21,2020,"7254045A","Performance","connectionCount","47","contagem","Medido","Quantidade de conexoes no grafo logico.","Proxy de complexidade topologica.","BSP tende a manter esse valor previsivel."
21,2020,"7254045A","Performance","managedMemoryDeltaKB","1904","KB","Estimado","Diferenca de memoria gerenciada antes/depois da geracao.","Valor aproximado, sensivel a GC e ao estado do Editor.","Use como indicio comparativo, nao como medicao absoluta de memoria."
22,2021,"F322DBE4","Quantitativo","numRoomsTarget","45","contagem","Medido","Contagem de salas no layout logico gerado.","Tamanho estrutural da dungeon nesta execucao.","BSP controla salas por particoes e pelo limite Max Rooms."
22,2021,"F322DBE4","Quantitativo","connectivityRatio","100%","%","Medido","Busca no grafo a partir da sala inicial.","Todas as salas ficaram conectadas.","BSP deve gerar conectividade alta porque conecta particoes durante a recursao."
22,2021,"F322DBE4","Quantitativo","verticalVariance","1.996","metros","Medido","Calcula o desvio padrao das alturas dos pavimentos das salas.","Ha variacao vertical mensuravel entre salas.","BSP puro suporta verticalidade ao particionar multiplos pavimentos e conectar salas por escadas."
22,2021,"F322DBE4","Quantitativo","fillPercentage","42.11%","%","Medido","Celulas ocupadas divididas pelo total do grid.","Indica densidade espacial da dungeon.","Bom para comparar controle de densidade entre algoritmos."
22,2021,"F322DBE4","Quantitativo","branchFactor","2.133","media","Medido","Media de conexoes por sala no grafo.","Ramificacao moderada, geralmente boa para exploracao.","Loops extras aumentam este valor e reduzem linearidade."
22,2021,"F322DBE4","Quantitativo","avgPathLength","167.455","metros","Medido","Dijkstra simples sobre o grafo logico de salas.","Distancia media a partir da sala inicial.","Aproximacao logica; NavMesh pode refinar a distancia fisica."
22,2021,"F322DBE4","Quantitativo","uniqueModules","25","contagem","Medido","Contagem de modulos logicos e prefabs efetivamente usados.","Indica variedade basica de composicao.","A variedade aumenta com loops, conectores verticais e prefabs KayKit configurados."
22,2021,"F322DBE4","Quantitativo","navigableVolumeRatio","100%","%","Estimado sem NavMesh","Proporcao de celulas logicas ocupadas consideradas navegaveis antes de colisao/obstaculos.","Use como estimativa inicial, nao como validacao fisica final.","Para a dissertacao final, pode ser refinado com NavMeshSurface."
22,2021,"F322DBE4","Quantitativo","criticalPathLength","272","metros","Medido","Maior distancia encontrada a partir da sala inicial no grafo.","Aproxima o percurso principal inicio-objetivo.","Funciona bem em BSP porque o grafo de salas e explicito."
22,2021,"F322DBE4","Quantitativo","avgAlternativePathLength","34.5","metros","Medido","Media das conexoes extras marcadas como loops.","Ha caminhos alternativos mensuraveis.","Depende de Extra Loop Connections e Max Extra Loop Distance."
22,2021,"F322DBE4","Booleano","SupportsRandomEnemySpawns","Sim, testado","sim/nao","Suportado","Verifica se ha sistema de spawn por orcamento e lista de prefabs.","Sistema configurado e com orcamento ativo.","BSP permite spawns aleatorios dentro das salas."
22,2021,"F322DBE4","Booleano","SupportsLootDistribution","Sim, testado","sim/nao","Suportado","Verifica se ha sistema de loot por orcamento e lista de prefabs.","Sistema configurado e com orcamento ativo.","BSP permite distribuir recompensas por salas/celulas."
22,2021,"F322DBE4","Booleano","SupportsTraps","Sim, testado","sim/nao","Suportado","Verifica se ha sistema de armadilhas por orcamento e lista de prefabs.","Sistema configurado e com orcamento ativo.","BSP permite marcar armadilhas em salas ou corredores."
22,2021,"F322DBE4","Booleano","SupportsBacktrackingLoops","Sim","sim/nao","Medido","Detecta ciclos pelo numero de arestas em relacao ao numero de salas.","A dungeon possui loop para retorno/caminho alternativo.","Ative/aumente Extra Loop Connections para favorecer loops."
22,2021,"F322DBE4","Booleano","SupportsVerticalConnectors","Sim","sim/nao","Medido","Detecta conexoes verticais no grafo BSP entre salas de pavimentos adjacentes.","A execucao gerou 1 conector(es) vertical(is).","Implementado com BSP puro, sem misturar outro algoritmo."
22,2021,"F322DBE4","Booleano","SupportsMultiFloor","Sim","sim/nao","Medido","Verifica salas em diferentes floorIndex conectadas por conexoes verticais.","A execucao gerou 2 pavimento(s) com conexao vertical.","Implementado como variante BSP multiandar."
22,2021,"F322DBE4","Booleano","SupportsBossArena","Sim","sim/nao","Medido","Procura sala com area minima configurada para arena.","Existe ao menos uma sala grande o suficiente.","Aumente Max Room Size ou reduza Boss Arena Min Area Cells para testar arenas."
22,2021,"F322DBE4","Booleano","SeedReproducible","Sim","sim/nao","Medido","Gera a mesma seed duas vezes e compara o hash topologico.","A seed reproduziu a mesma topologia.","BSP deterministico deve passar neste teste."
22,2021,"F322DBE4","Booleano","RuntimeRegeneration","Sim","sim/nao","Medido","Compara tempo de geracao com o limite configurado.","Tempo registrado: 52.07 ms.","Mede o layout logico; instanciacao visual pode exigir teste de performance separado."
22,2021,"F322DBE4","Booleano","BudgetAwareSpawns","Sim","sim/nao","Suportado","Compara os orcamentos configurados com a capacidade logica de celulas das salas.","Orcamentos registrados: inimigos 10, loot 6, armadilhas 4.","O sistema tenta respeitar limites de spawn definidos pelo designer."
22,2021,"F322DBE4","Qualitativo","Replayability","5/5","Likert 1-5","Estimado automaticamente","Usa diversidade de hashes topologicos entre execucoes.","Diversidade topologica: 100%.","BSP costuma variar bem com seeds diferentes, mas pode repetir padroes retangulares."
22,2021,"F322DBE4","Qualitativo","Debuggability","5/5","Likert 1-5","Estimado automaticamente","Heuristica baseada na previsibilidade e rastreabilidade do algoritmo.","BSP e altamente depuravel por usar arvore de particoes.","Ponto forte do BSP."
22,2021,"F322DBE4","Qualitativo","Flow","5/5","Likert 1-5","Estimado automaticamente","Heuristica baseada em conectividade, caminho critico e ramificacao.","Indica fluidez de navegacao esperada.","BSP tende a ter fluxo claro quando todos os corredores abrem passagem."
22,2021,"F322DBE4","Qualitativo","Legibility","5/5","Likert 1-5","Estimado automaticamente","Heuristica baseada em densidade e ramificacao.","Indica se o layout tende a ser compreensivel.","Salas retangulares e corredores ortogonais favorecem legibilidade."
22,2021,"F322DBE4","Qualitativo","StructuralVariety","5/5","Likert 1-5","Estimado automaticamente","Heuristica baseada em salas, modulos e loops.","Indica variedade estrutural dentro desta execucao.","BSP tem variedade macroestrutural boa, mas a variedade visual depende muito dos prefabs KayKit configurados."
22,2021,"F322DBE4","Performance","layoutGenerationMilliseconds","0.633","ms","Medido","Tempo para gerar BSP, salas, corredores, loops e conectores verticais.","Representa o custo algoritmico principal.","BSP tende a ser rapido porque trabalha com particoes retangulares e grafo simples."
22,2021,"F322DBE4","Performance","geometryInstantiationMilliseconds","51.171","ms","Medido","Tempo gasto instanciando prefabs/objetos visuais quando a medicao visual esta ativa.","A execucao incluiu custo visual.","Deve ser comparado separadamente, pois depende dos assets e nao apenas do BSP."
22,2021,"F322DBE4","Performance","metricsCalculationMilliseconds","0.264","ms","Medido","Tempo para calcular metricas e montar resultados.","Ajuda a quantificar custo da instrumentacao.","Nao e custo do algoritmo em si."
22,2021,"F322DBE4","Performance","totalGenerationMilliseconds","52.07","ms","Medido","Tempo total medido para a execucao.","Inclui layout, instanciacao visual habilitada e calculo de metricas.","Use junto com layoutGenerationMilliseconds para separar algoritmo e runtime Unity."
22,2021,"F322DBE4","Performance","generatedGameObjectCount","5062","contagem","Medido","Quantidade de GameObjects criados pelo gerador.","Indica peso potencial de instanciacao no Unity.","Pode crescer bastante em algoritmos que geram muitos modulos pequenos."
22,2021,"F322DBE4","Performance","occupiedCellCount","3450","contagem","Medido","Quantidade de celulas ocupadas no grid logico.","Proxy de escala espacial da dungeon.","Permite comparar custo por celula entre algoritmos."
22,2021,"F322DBE4","Performance","connectionCount","48","contagem","Medido","Quantidade de conexoes no grafo logico.","Proxy de complexidade topologica.","BSP tende a manter esse valor previsivel."
22,2021,"F322DBE4","Performance","managedMemoryDeltaKB","1760","KB","Estimado","Diferenca de memoria gerenciada antes/depois da geracao.","Valor aproximado, sensivel a GC e ao estado do Editor.","Use como indicio comparativo, nao como medicao absoluta de memoria."
23,2022,"6C446DED","Quantitativo","numRoomsTarget","39","contagem","Medido","Contagem de salas no layout logico gerado.","Tamanho estrutural da dungeon nesta execucao.","BSP controla salas por particoes e pelo limite Max Rooms."
23,2022,"6C446DED","Quantitativo","connectivityRatio","100%","%","Medido","Busca no grafo a partir da sala inicial.","Todas as salas ficaram conectadas.","BSP deve gerar conectividade alta porque conecta particoes durante a recursao."
23,2022,"6C446DED","Quantitativo","verticalVariance","1.999","metros","Medido","Calcula o desvio padrao das alturas dos pavimentos das salas.","Ha variacao vertical mensuravel entre salas.","BSP puro suporta verticalidade ao particionar multiplos pavimentos e conectar salas por escadas."
23,2022,"6C446DED","Quantitativo","fillPercentage","38%","%","Medido","Celulas ocupadas divididas pelo total do grid.","Indica densidade espacial da dungeon.","Bom para comparar controle de densidade entre algoritmos."
23,2022,"6C446DED","Quantitativo","branchFactor","2.154","media","Medido","Media de conexoes por sala no grafo.","Ramificacao moderada, geralmente boa para exploracao.","Loops extras aumentam este valor e reduzem linearidade."
23,2022,"6C446DED","Quantitativo","avgPathLength","248.79","metros","Medido","Dijkstra simples sobre o grafo logico de salas.","Distancia media a partir da sala inicial.","Aproximacao logica; NavMesh pode refinar a distancia fisica."
23,2022,"6C446DED","Quantitativo","uniqueModules","26","contagem","Medido","Contagem de modulos logicos e prefabs efetivamente usados.","Indica variedade basica de composicao.","A variedade aumenta com loops, conectores verticais e prefabs KayKit configurados."
23,2022,"6C446DED","Quantitativo","navigableVolumeRatio","100%","%","Estimado sem NavMesh","Proporcao de celulas logicas ocupadas consideradas navegaveis antes de colisao/obstaculos.","Use como estimativa inicial, nao como validacao fisica final.","Para a dissertacao final, pode ser refinado com NavMeshSurface."
23,2022,"6C446DED","Quantitativo","criticalPathLength","440","metros","Medido","Maior distancia encontrada a partir da sala inicial no grafo.","Aproxima o percurso principal inicio-objetivo.","Funciona bem em BSP porque o grafo de salas e explicito."
23,2022,"6C446DED","Quantitativo","avgAlternativePathLength","21","metros","Medido","Media das conexoes extras marcadas como loops.","Ha caminhos alternativos mensuraveis.","Depende de Extra Loop Connections e Max Extra Loop Distance."
23,2022,"6C446DED","Booleano","SupportsRandomEnemySpawns","Sim, testado","sim/nao","Suportado","Verifica se ha sistema de spawn por orcamento e lista de prefabs.","Sistema configurado e com orcamento ativo.","BSP permite spawns aleatorios dentro das salas."
23,2022,"6C446DED","Booleano","SupportsLootDistribution","Sim, testado","sim/nao","Suportado","Verifica se ha sistema de loot por orcamento e lista de prefabs.","Sistema configurado e com orcamento ativo.","BSP permite distribuir recompensas por salas/celulas."
23,2022,"6C446DED","Booleano","SupportsTraps","Sim, testado","sim/nao","Suportado","Verifica se ha sistema de armadilhas por orcamento e lista de prefabs.","Sistema configurado e com orcamento ativo.","BSP permite marcar armadilhas em salas ou corredores."
23,2022,"6C446DED","Booleano","SupportsBacktrackingLoops","Sim","sim/nao","Medido","Detecta ciclos pelo numero de arestas em relacao ao numero de salas.","A dungeon possui loop para retorno/caminho alternativo.","Ative/aumente Extra Loop Connections para favorecer loops."
23,2022,"6C446DED","Booleano","SupportsVerticalConnectors","Sim","sim/nao","Medido","Detecta conexoes verticais no grafo BSP entre salas de pavimentos adjacentes.","A execucao gerou 1 conector(es) vertical(is).","Implementado com BSP puro, sem misturar outro algoritmo."
23,2022,"6C446DED","Booleano","SupportsMultiFloor","Sim","sim/nao","Medido","Verifica salas em diferentes floorIndex conectadas por conexoes verticais.","A execucao gerou 2 pavimento(s) com conexao vertical.","Implementado como variante BSP multiandar."
23,2022,"6C446DED","Booleano","SupportsBossArena","Sim","sim/nao","Medido","Procura sala com area minima configurada para arena.","Existe ao menos uma sala grande o suficiente.","Aumente Max Room Size ou reduza Boss Arena Min Area Cells para testar arenas."
23,2022,"6C446DED","Booleano","SeedReproducible","Sim","sim/nao","Medido","Gera a mesma seed duas vezes e compara o hash topologico.","A seed reproduziu a mesma topologia.","BSP deterministico deve passar neste teste."
23,2022,"6C446DED","Booleano","RuntimeRegeneration","Sim","sim/nao","Medido","Compara tempo de geracao com o limite configurado.","Tempo registrado: 42.458 ms.","Mede o layout logico; instanciacao visual pode exigir teste de performance separado."
23,2022,"6C446DED","Booleano","BudgetAwareSpawns","Sim","sim/nao","Suportado","Compara os orcamentos configurados com a capacidade logica de celulas das salas.","Orcamentos registrados: inimigos 10, loot 6, armadilhas 4.","O sistema tenta respeitar limites de spawn definidos pelo designer."
23,2022,"6C446DED","Qualitativo","Replayability","5/5","Likert 1-5","Estimado automaticamente","Usa diversidade de hashes topologicos entre execucoes.","Diversidade topologica: 100%.","BSP costuma variar bem com seeds diferentes, mas pode repetir padroes retangulares."
23,2022,"6C446DED","Qualitativo","Debuggability","5/5","Likert 1-5","Estimado automaticamente","Heuristica baseada na previsibilidade e rastreabilidade do algoritmo.","BSP e altamente depuravel por usar arvore de particoes.","Ponto forte do BSP."
23,2022,"6C446DED","Qualitativo","Flow","5/5","Likert 1-5","Estimado automaticamente","Heuristica baseada em conectividade, caminho critico e ramificacao.","Indica fluidez de navegacao esperada.","BSP tende a ter fluxo claro quando todos os corredores abrem passagem."
23,2022,"6C446DED","Qualitativo","Legibility","5/5","Likert 1-5","Estimado automaticamente","Heuristica baseada em densidade e ramificacao.","Indica se o layout tende a ser compreensivel.","Salas retangulares e corredores ortogonais favorecem legibilidade."
23,2022,"6C446DED","Qualitativo","StructuralVariety","5/5","Likert 1-5","Estimado automaticamente","Heuristica baseada em salas, modulos e loops.","Indica variedade estrutural dentro desta execucao.","BSP tem variedade macroestrutural boa, mas a variedade visual depende muito dos prefabs KayKit configurados."
23,2022,"6C446DED","Performance","layoutGenerationMilliseconds","0.514","ms","Medido","Tempo para gerar BSP, salas, corredores, loops e conectores verticais.","Representa o custo algoritmico principal.","BSP tende a ser rapido porque trabalha com particoes retangulares e grafo simples."
23,2022,"6C446DED","Performance","geometryInstantiationMilliseconds","41.794","ms","Medido","Tempo gasto instanciando prefabs/objetos visuais quando a medicao visual esta ativa.","A execucao incluiu custo visual.","Deve ser comparado separadamente, pois depende dos assets e nao apenas do BSP."
23,2022,"6C446DED","Performance","metricsCalculationMilliseconds","0.148","ms","Medido","Tempo para calcular metricas e montar resultados.","Ajuda a quantificar custo da instrumentacao.","Nao e custo do algoritmo em si."
23,2022,"6C446DED","Performance","totalGenerationMilliseconds","42.458","ms","Medido","Tempo total medido para a execucao.","Inclui layout, instanciacao visual habilitada e calculo de metricas.","Use junto com layoutGenerationMilliseconds para separar algoritmo e runtime Unity."
23,2022,"6C446DED","Performance","generatedGameObjectCount","4686","contagem","Medido","Quantidade de GameObjects criados pelo gerador.","Indica peso potencial de instanciacao no Unity.","Pode crescer bastante em algoritmos que geram muitos modulos pequenos."
23,2022,"6C446DED","Performance","occupiedCellCount","3113","contagem","Medido","Quantidade de celulas ocupadas no grid logico.","Proxy de escala espacial da dungeon.","Permite comparar custo por celula entre algoritmos."
23,2022,"6C446DED","Performance","connectionCount","42","contagem","Medido","Quantidade de conexoes no grafo logico.","Proxy de complexidade topologica.","BSP tende a manter esse valor previsivel."
23,2022,"6C446DED","Performance","managedMemoryDeltaKB","1640","KB","Estimado","Diferenca de memoria gerenciada antes/depois da geracao.","Valor aproximado, sensivel a GC e ao estado do Editor.","Use como indicio comparativo, nao como medicao absoluta de memoria."
24,2023,"6631B00A","Quantitativo","numRoomsTarget","43","contagem","Medido","Contagem de salas no layout logico gerado.","Tamanho estrutural da dungeon nesta execucao.","BSP controla salas por particoes e pelo limite Max Rooms."
24,2023,"6631B00A","Quantitativo","connectivityRatio","100%","%","Medido","Busca no grafo a partir da sala inicial.","Todas as salas ficaram conectadas.","BSP deve gerar conectividade alta porque conecta particoes durante a recursao."
24,2023,"6631B00A","Quantitativo","verticalVariance","1.986","metros","Medido","Calcula o desvio padrao das alturas dos pavimentos das salas.","Ha variacao vertical mensuravel entre salas.","BSP puro suporta verticalidade ao particionar multiplos pavimentos e conectar salas por escadas."
24,2023,"6631B00A","Quantitativo","fillPercentage","39.18%","%","Medido","Celulas ocupadas divididas pelo total do grid.","Indica densidade espacial da dungeon.","Bom para comparar controle de densidade entre algoritmos."
24,2023,"6631B00A","Quantitativo","branchFactor","2.14","media","Medido","Media de conexoes por sala no grafo.","Ramificacao moderada, geralmente boa para exploracao.","Loops extras aumentam este valor e reduzem linearidade."
24,2023,"6631B00A","Quantitativo","avgPathLength","188","metros","Medido","Dijkstra simples sobre o grafo logico de salas.","Distancia media a partir da sala inicial.","Aproximacao logica; NavMesh pode refinar a distancia fisica."
24,2023,"6631B00A","Quantitativo","uniqueModules","26","contagem","Medido","Contagem de modulos logicos e prefabs efetivamente usados.","Indica variedade basica de composicao.","A variedade aumenta com loops, conectores verticais e prefabs KayKit configurados."
24,2023,"6631B00A","Quantitativo","navigableVolumeRatio","100%","%","Estimado sem NavMesh","Proporcao de celulas logicas ocupadas consideradas navegaveis antes de colisao/obstaculos.","Use como estimativa inicial, nao como validacao fisica final.","Para a dissertacao final, pode ser refinado com NavMeshSurface."
24,2023,"6631B00A","Quantitativo","criticalPathLength","466","metros","Medido","Maior distancia encontrada a partir da sala inicial no grafo.","Aproxima o percurso principal inicio-objetivo.","Funciona bem em BSP porque o grafo de salas e explicito."
24,2023,"6631B00A","Quantitativo","avgAlternativePathLength","34.5","metros","Medido","Media das conexoes extras marcadas como loops.","Ha caminhos alternativos mensuraveis.","Depende de Extra Loop Connections e Max Extra Loop Distance."
24,2023,"6631B00A","Booleano","SupportsRandomEnemySpawns","Sim, testado","sim/nao","Suportado","Verifica se ha sistema de spawn por orcamento e lista de prefabs.","Sistema configurado e com orcamento ativo.","BSP permite spawns aleatorios dentro das salas."
24,2023,"6631B00A","Booleano","SupportsLootDistribution","Sim, testado","sim/nao","Suportado","Verifica se ha sistema de loot por orcamento e lista de prefabs.","Sistema configurado e com orcamento ativo.","BSP permite distribuir recompensas por salas/celulas."
24,2023,"6631B00A","Booleano","SupportsTraps","Sim, testado","sim/nao","Suportado","Verifica se ha sistema de armadilhas por orcamento e lista de prefabs.","Sistema configurado e com orcamento ativo.","BSP permite marcar armadilhas em salas ou corredores."
24,2023,"6631B00A","Booleano","SupportsBacktrackingLoops","Sim","sim/nao","Medido","Detecta ciclos pelo numero de arestas em relacao ao numero de salas.","A dungeon possui loop para retorno/caminho alternativo.","Ative/aumente Extra Loop Connections para favorecer loops."
24,2023,"6631B00A","Booleano","SupportsVerticalConnectors","Sim","sim/nao","Medido","Detecta conexoes verticais no grafo BSP entre salas de pavimentos adjacentes.","A execucao gerou 1 conector(es) vertical(is).","Implementado com BSP puro, sem misturar outro algoritmo."
24,2023,"6631B00A","Booleano","SupportsMultiFloor","Sim","sim/nao","Medido","Verifica salas em diferentes floorIndex conectadas por conexoes verticais.","A execucao gerou 2 pavimento(s) com conexao vertical.","Implementado como variante BSP multiandar."
24,2023,"6631B00A","Booleano","SupportsBossArena","Sim","sim/nao","Medido","Procura sala com area minima configurada para arena.","Existe ao menos uma sala grande o suficiente.","Aumente Max Room Size ou reduza Boss Arena Min Area Cells para testar arenas."
24,2023,"6631B00A","Booleano","SeedReproducible","Sim","sim/nao","Medido","Gera a mesma seed duas vezes e compara o hash topologico.","A seed reproduziu a mesma topologia.","BSP deterministico deve passar neste teste."
24,2023,"6631B00A","Booleano","RuntimeRegeneration","Sim","sim/nao","Medido","Compara tempo de geracao com o limite configurado.","Tempo registrado: 40.068 ms.","Mede o layout logico; instanciacao visual pode exigir teste de performance separado."
24,2023,"6631B00A","Booleano","BudgetAwareSpawns","Sim","sim/nao","Suportado","Compara os orcamentos configurados com a capacidade logica de celulas das salas.","Orcamentos registrados: inimigos 10, loot 6, armadilhas 4.","O sistema tenta respeitar limites de spawn definidos pelo designer."
24,2023,"6631B00A","Qualitativo","Replayability","5/5","Likert 1-5","Estimado automaticamente","Usa diversidade de hashes topologicos entre execucoes.","Diversidade topologica: 100%.","BSP costuma variar bem com seeds diferentes, mas pode repetir padroes retangulares."
24,2023,"6631B00A","Qualitativo","Debuggability","5/5","Likert 1-5","Estimado automaticamente","Heuristica baseada na previsibilidade e rastreabilidade do algoritmo.","BSP e altamente depuravel por usar arvore de particoes.","Ponto forte do BSP."
24,2023,"6631B00A","Qualitativo","Flow","5/5","Likert 1-5","Estimado automaticamente","Heuristica baseada em conectividade, caminho critico e ramificacao.","Indica fluidez de navegacao esperada.","BSP tende a ter fluxo claro quando todos os corredores abrem passagem."
24,2023,"6631B00A","Qualitativo","Legibility","5/5","Likert 1-5","Estimado automaticamente","Heuristica baseada em densidade e ramificacao.","Indica se o layout tende a ser compreensivel.","Salas retangulares e corredores ortogonais favorecem legibilidade."
24,2023,"6631B00A","Qualitativo","StructuralVariety","5/5","Likert 1-5","Estimado automaticamente","Heuristica baseada em salas, modulos e loops.","Indica variedade estrutural dentro desta execucao.","BSP tem variedade macroestrutural boa, mas a variedade visual depende muito dos prefabs KayKit configurados."
24,2023,"6631B00A","Performance","layoutGenerationMilliseconds","0.563","ms","Medido","Tempo para gerar BSP, salas, corredores, loops e conectores verticais.","Representa o custo algoritmico principal.","BSP tende a ser rapido porque trabalha com particoes retangulares e grafo simples."
24,2023,"6631B00A","Performance","geometryInstantiationMilliseconds","39.349","ms","Medido","Tempo gasto instanciando prefabs/objetos visuais quando a medicao visual esta ativa.","A execucao incluiu custo visual.","Deve ser comparado separadamente, pois depende dos assets e nao apenas do BSP."
24,2023,"6631B00A","Performance","metricsCalculationMilliseconds","0.153","ms","Medido","Tempo para calcular metricas e montar resultados.","Ajuda a quantificar custo da instrumentacao.","Nao e custo do algoritmo em si."
24,2023,"6631B00A","Performance","totalGenerationMilliseconds","40.068","ms","Medido","Tempo total medido para a execucao.","Inclui layout, instanciacao visual habilitada e calculo de metricas.","Use junto com layoutGenerationMilliseconds para separar algoritmo e runtime Unity."
24,2023,"6631B00A","Performance","generatedGameObjectCount","4769","contagem","Medido","Quantidade de GameObjects criados pelo gerador.","Indica peso potencial de instanciacao no Unity.","Pode crescer bastante em algoritmos que geram muitos modulos pequenos."
24,2023,"6631B00A","Performance","occupiedCellCount","3210","contagem","Medido","Quantidade de celulas ocupadas no grid logico.","Proxy de escala espacial da dungeon.","Permite comparar custo por celula entre algoritmos."
24,2023,"6631B00A","Performance","connectionCount","46","contagem","Medido","Quantidade de conexoes no grafo logico.","Proxy de complexidade topologica.","BSP tende a manter esse valor previsivel."
24,2023,"6631B00A","Performance","managedMemoryDeltaKB","1672","KB","Estimado","Diferenca de memoria gerenciada antes/depois da geracao.","Valor aproximado, sensivel a GC e ao estado do Editor.","Use como indicio comparativo, nao como medicao absoluta de memoria."
25,2024,"24DFB3AD","Quantitativo","numRoomsTarget","47","contagem","Medido","Contagem de salas no layout logico gerado.","Tamanho estrutural da dungeon nesta execucao.","BSP controla salas por particoes e pelo limite Max Rooms."
25,2024,"24DFB3AD","Quantitativo","connectivityRatio","100%","%","Medido","Busca no grafo a partir da sala inicial.","Todas as salas ficaram conectadas.","BSP deve gerar conectividade alta porque conecta particoes durante a recursao."
25,2024,"24DFB3AD","Quantitativo","verticalVariance","2","metros","Medido","Calcula o desvio padrao das alturas dos pavimentos das salas.","Ha variacao vertical mensuravel entre salas.","BSP puro suporta verticalidade ao particionar multiplos pavimentos e conectar salas por escadas."
25,2024,"24DFB3AD","Quantitativo","fillPercentage","45.54%","%","Medido","Celulas ocupadas divididas pelo total do grid.","Indica densidade espacial da dungeon.","Bom para comparar controle de densidade entre algoritmos."
25,2024,"24DFB3AD","Quantitativo","branchFactor","2.128","media","Medido","Media de conexoes por sala no grafo.","Ramificacao moderada, geralmente boa para exploracao.","Loops extras aumentam este valor e reduzem linearidade."
25,2024,"24DFB3AD","Quantitativo","avgPathLength","162.478","metros","Medido","Dijkstra simples sobre o grafo logico de salas.","Distancia media a partir da sala inicial.","Aproximacao logica; NavMesh pode refinar a distancia fisica."
25,2024,"24DFB3AD","Quantitativo","uniqueModules","27","contagem","Medido","Contagem de modulos logicos e prefabs efetivamente usados.","Indica variedade basica de composicao.","A variedade aumenta com loops, conectores verticais e prefabs KayKit configurados."
25,2024,"24DFB3AD","Quantitativo","navigableVolumeRatio","100%","%","Estimado sem NavMesh","Proporcao de celulas logicas ocupadas consideradas navegaveis antes de colisao/obstaculos.","Use como estimativa inicial, nao como validacao fisica final.","Para a dissertacao final, pode ser refinado com NavMeshSurface."
25,2024,"24DFB3AD","Quantitativo","criticalPathLength","306","metros","Medido","Maior distancia encontrada a partir da sala inicial no grafo.","Aproxima o percurso principal inicio-objetivo.","Funciona bem em BSP porque o grafo de salas e explicito."
25,2024,"24DFB3AD","Quantitativo","avgAlternativePathLength","32.5","metros","Medido","Media das conexoes extras marcadas como loops.","Ha caminhos alternativos mensuraveis.","Depende de Extra Loop Connections e Max Extra Loop Distance."
25,2024,"24DFB3AD","Booleano","SupportsRandomEnemySpawns","Sim, testado","sim/nao","Suportado","Verifica se ha sistema de spawn por orcamento e lista de prefabs.","Sistema configurado e com orcamento ativo.","BSP permite spawns aleatorios dentro das salas."
25,2024,"24DFB3AD","Booleano","SupportsLootDistribution","Sim, testado","sim/nao","Suportado","Verifica se ha sistema de loot por orcamento e lista de prefabs.","Sistema configurado e com orcamento ativo.","BSP permite distribuir recompensas por salas/celulas."
25,2024,"24DFB3AD","Booleano","SupportsTraps","Sim, testado","sim/nao","Suportado","Verifica se ha sistema de armadilhas por orcamento e lista de prefabs.","Sistema configurado e com orcamento ativo.","BSP permite marcar armadilhas em salas ou corredores."
25,2024,"24DFB3AD","Booleano","SupportsBacktrackingLoops","Sim","sim/nao","Medido","Detecta ciclos pelo numero de arestas em relacao ao numero de salas.","A dungeon possui loop para retorno/caminho alternativo.","Ative/aumente Extra Loop Connections para favorecer loops."
25,2024,"24DFB3AD","Booleano","SupportsVerticalConnectors","Sim","sim/nao","Medido","Detecta conexoes verticais no grafo BSP entre salas de pavimentos adjacentes.","A execucao gerou 1 conector(es) vertical(is).","Implementado com BSP puro, sem misturar outro algoritmo."
25,2024,"24DFB3AD","Booleano","SupportsMultiFloor","Sim","sim/nao","Medido","Verifica salas em diferentes floorIndex conectadas por conexoes verticais.","A execucao gerou 2 pavimento(s) com conexao vertical.","Implementado como variante BSP multiandar."
25,2024,"24DFB3AD","Booleano","SupportsBossArena","Sim","sim/nao","Medido","Procura sala com area minima configurada para arena.","Existe ao menos uma sala grande o suficiente.","Aumente Max Room Size ou reduza Boss Arena Min Area Cells para testar arenas."
25,2024,"24DFB3AD","Booleano","SeedReproducible","Sim","sim/nao","Medido","Gera a mesma seed duas vezes e compara o hash topologico.","A seed reproduziu a mesma topologia.","BSP deterministico deve passar neste teste."
25,2024,"24DFB3AD","Booleano","RuntimeRegeneration","Sim","sim/nao","Medido","Compara tempo de geracao com o limite configurado.","Tempo registrado: 46.796 ms.","Mede o layout logico; instanciacao visual pode exigir teste de performance separado."
25,2024,"24DFB3AD","Booleano","BudgetAwareSpawns","Sim","sim/nao","Suportado","Compara os orcamentos configurados com a capacidade logica de celulas das salas.","Orcamentos registrados: inimigos 10, loot 6, armadilhas 4.","O sistema tenta respeitar limites de spawn definidos pelo designer."
25,2024,"24DFB3AD","Qualitativo","Replayability","5/5","Likert 1-5","Estimado automaticamente","Usa diversidade de hashes topologicos entre execucoes.","Diversidade topologica: 100%.","BSP costuma variar bem com seeds diferentes, mas pode repetir padroes retangulares."
25,2024,"24DFB3AD","Qualitativo","Debuggability","5/5","Likert 1-5","Estimado automaticamente","Heuristica baseada na previsibilidade e rastreabilidade do algoritmo.","BSP e altamente depuravel por usar arvore de particoes.","Ponto forte do BSP."
25,2024,"24DFB3AD","Qualitativo","Flow","5/5","Likert 1-5","Estimado automaticamente","Heuristica baseada em conectividade, caminho critico e ramificacao.","Indica fluidez de navegacao esperada.","BSP tende a ter fluxo claro quando todos os corredores abrem passagem."
25,2024,"24DFB3AD","Qualitativo","Legibility","4/5","Likert 1-5","Estimado automaticamente","Heuristica baseada em densidade e ramificacao.","Indica se o layout tende a ser compreensivel.","Salas retangulares e corredores ortogonais favorecem legibilidade."
25,2024,"24DFB3AD","Qualitativo","StructuralVariety","5/5","Likert 1-5","Estimado automaticamente","Heuristica baseada em salas, modulos e loops.","Indica variedade estrutural dentro desta execucao.","BSP tem variedade macroestrutural boa, mas a variedade visual depende muito dos prefabs KayKit configurados."
25,2024,"24DFB3AD","Performance","layoutGenerationMilliseconds","0.721","ms","Medido","Tempo para gerar BSP, salas, corredores, loops e conectores verticais.","Representa o custo algoritmico principal.","BSP tende a ser rapido porque trabalha com particoes retangulares e grafo simples."
25,2024,"24DFB3AD","Performance","geometryInstantiationMilliseconds","45.896","ms","Medido","Tempo gasto instanciando prefabs/objetos visuais quando a medicao visual esta ativa.","A execucao incluiu custo visual.","Deve ser comparado separadamente, pois depende dos assets e nao apenas do BSP."
25,2024,"24DFB3AD","Performance","metricsCalculationMilliseconds","0.177","ms","Medido","Tempo para calcular metricas e montar resultados.","Ajuda a quantificar custo da instrumentacao.","Nao e custo do algoritmo em si."
25,2024,"24DFB3AD","Performance","totalGenerationMilliseconds","46.796","ms","Medido","Tempo total medido para a execucao.","Inclui layout, instanciacao visual habilitada e calculo de metricas.","Use junto com layoutGenerationMilliseconds para separar algoritmo e runtime Unity."
25,2024,"24DFB3AD","Performance","generatedGameObjectCount","5385","contagem","Medido","Quantidade de GameObjects criados pelo gerador.","Indica peso potencial de instanciacao no Unity.","Pode crescer bastante em algoritmos que geram muitos modulos pequenos."
25,2024,"24DFB3AD","Performance","occupiedCellCount","3731","contagem","Medido","Quantidade de celulas ocupadas no grid logico.","Proxy de escala espacial da dungeon.","Permite comparar custo por celula entre algoritmos."
25,2024,"24DFB3AD","Performance","connectionCount","50","contagem","Medido","Quantidade de conexoes no grafo logico.","Proxy de complexidade topologica.","BSP tende a manter esse valor previsivel."
25,2024,"24DFB3AD","Performance","managedMemoryDeltaKB","1864","KB","Estimado","Diferenca de memoria gerenciada antes/depois da geracao.","Valor aproximado, sensivel a GC e ao estado do Editor.","Use como indicio comparativo, nao como medicao absoluta de memoria."
26,2025,"27E34810","Quantitativo","numRoomsTarget","43","contagem","Medido","Contagem de salas no layout logico gerado.","Tamanho estrutural da dungeon nesta execucao.","BSP controla salas por particoes e pelo limite Max Rooms."
26,2025,"27E34810","Quantitativo","connectivityRatio","100%","%","Medido","Busca no grafo a partir da sala inicial.","Todas as salas ficaram conectadas.","BSP deve gerar conectividade alta porque conecta particoes durante a recursao."
26,2025,"27E34810","Quantitativo","verticalVariance","1.986","metros","Medido","Calcula o desvio padrao das alturas dos pavimentos das salas.","Ha variacao vertical mensuravel entre salas.","BSP puro suporta verticalidade ao particionar multiplos pavimentos e conectar salas por escadas."
26,2025,"27E34810","Quantitativo","fillPercentage","42.44%","%","Medido","Celulas ocupadas divididas pelo total do grid.","Indica densidade espacial da dungeon.","Bom para comparar controle de densidade entre algoritmos."
26,2025,"27E34810","Quantitativo","branchFactor","2.14","media","Medido","Media de conexoes por sala no grafo.","Ramificacao moderada, geralmente boa para exploracao.","Loops extras aumentam este valor e reduzem linearidade."
26,2025,"27E34810","Quantitativo","avgPathLength","167.571","metros","Medido","Dijkstra simples sobre o grafo logico de salas.","Distancia media a partir da sala inicial.","Aproximacao logica; NavMesh pode refinar a distancia fisica."
26,2025,"27E34810","Quantitativo","uniqueModules","27","contagem","Medido","Contagem de modulos logicos e prefabs efetivamente usados.","Indica variedade basica de composicao.","A variedade aumenta com loops, conectores verticais e prefabs KayKit configurados."
26,2025,"27E34810","Quantitativo","navigableVolumeRatio","100%","%","Estimado sem NavMesh","Proporcao de celulas logicas ocupadas consideradas navegaveis antes de colisao/obstaculos.","Use como estimativa inicial, nao como validacao fisica final.","Para a dissertacao final, pode ser refinado com NavMeshSurface."
26,2025,"27E34810","Quantitativo","criticalPathLength","366","metros","Medido","Maior distancia encontrada a partir da sala inicial no grafo.","Aproxima o percurso principal inicio-objetivo.","Funciona bem em BSP porque o grafo de salas e explicito."
26,2025,"27E34810","Quantitativo","avgAlternativePathLength","35.5","metros","Medido","Media das conexoes extras marcadas como loops.","Ha caminhos alternativos mensuraveis.","Depende de Extra Loop Connections e Max Extra Loop Distance."
26,2025,"27E34810","Booleano","SupportsRandomEnemySpawns","Sim, testado","sim/nao","Suportado","Verifica se ha sistema de spawn por orcamento e lista de prefabs.","Sistema configurado e com orcamento ativo.","BSP permite spawns aleatorios dentro das salas."
26,2025,"27E34810","Booleano","SupportsLootDistribution","Sim, testado","sim/nao","Suportado","Verifica se ha sistema de loot por orcamento e lista de prefabs.","Sistema configurado e com orcamento ativo.","BSP permite distribuir recompensas por salas/celulas."
26,2025,"27E34810","Booleano","SupportsTraps","Sim, testado","sim/nao","Suportado","Verifica se ha sistema de armadilhas por orcamento e lista de prefabs.","Sistema configurado e com orcamento ativo.","BSP permite marcar armadilhas em salas ou corredores."
26,2025,"27E34810","Booleano","SupportsBacktrackingLoops","Sim","sim/nao","Medido","Detecta ciclos pelo numero de arestas em relacao ao numero de salas.","A dungeon possui loop para retorno/caminho alternativo.","Ative/aumente Extra Loop Connections para favorecer loops."
26,2025,"27E34810","Booleano","SupportsVerticalConnectors","Sim","sim/nao","Medido","Detecta conexoes verticais no grafo BSP entre salas de pavimentos adjacentes.","A execucao gerou 1 conector(es) vertical(is).","Implementado com BSP puro, sem misturar outro algoritmo."
26,2025,"27E34810","Booleano","SupportsMultiFloor","Sim","sim/nao","Medido","Verifica salas em diferentes floorIndex conectadas por conexoes verticais.","A execucao gerou 2 pavimento(s) com conexao vertical.","Implementado como variante BSP multiandar."
26,2025,"27E34810","Booleano","SupportsBossArena","Sim","sim/nao","Medido","Procura sala com area minima configurada para arena.","Existe ao menos uma sala grande o suficiente.","Aumente Max Room Size ou reduza Boss Arena Min Area Cells para testar arenas."
26,2025,"27E34810","Booleano","SeedReproducible","Sim","sim/nao","Medido","Gera a mesma seed duas vezes e compara o hash topologico.","A seed reproduziu a mesma topologia.","BSP deterministico deve passar neste teste."
26,2025,"27E34810","Booleano","RuntimeRegeneration","Sim","sim/nao","Medido","Compara tempo de geracao com o limite configurado.","Tempo registrado: 44.045 ms.","Mede o layout logico; instanciacao visual pode exigir teste de performance separado."
26,2025,"27E34810","Booleano","BudgetAwareSpawns","Sim","sim/nao","Suportado","Compara os orcamentos configurados com a capacidade logica de celulas das salas.","Orcamentos registrados: inimigos 10, loot 6, armadilhas 4.","O sistema tenta respeitar limites de spawn definidos pelo designer."
26,2025,"27E34810","Qualitativo","Replayability","5/5","Likert 1-5","Estimado automaticamente","Usa diversidade de hashes topologicos entre execucoes.","Diversidade topologica: 100%.","BSP costuma variar bem com seeds diferentes, mas pode repetir padroes retangulares."
26,2025,"27E34810","Qualitativo","Debuggability","5/5","Likert 1-5","Estimado automaticamente","Heuristica baseada na previsibilidade e rastreabilidade do algoritmo.","BSP e altamente depuravel por usar arvore de particoes.","Ponto forte do BSP."
26,2025,"27E34810","Qualitativo","Flow","5/5","Likert 1-5","Estimado automaticamente","Heuristica baseada em conectividade, caminho critico e ramificacao.","Indica fluidez de navegacao esperada.","BSP tende a ter fluxo claro quando todos os corredores abrem passagem."
26,2025,"27E34810","Qualitativo","Legibility","5/5","Likert 1-5","Estimado automaticamente","Heuristica baseada em densidade e ramificacao.","Indica se o layout tende a ser compreensivel.","Salas retangulares e corredores ortogonais favorecem legibilidade."
26,2025,"27E34810","Qualitativo","StructuralVariety","5/5","Likert 1-5","Estimado automaticamente","Heuristica baseada em salas, modulos e loops.","Indica variedade estrutural dentro desta execucao.","BSP tem variedade macroestrutural boa, mas a variedade visual depende muito dos prefabs KayKit configurados."
26,2025,"27E34810","Performance","layoutGenerationMilliseconds","0.595","ms","Medido","Tempo para gerar BSP, salas, corredores, loops e conectores verticais.","Representa o custo algoritmico principal.","BSP tende a ser rapido porque trabalha com particoes retangulares e grafo simples."
26,2025,"27E34810","Performance","geometryInstantiationMilliseconds","43.295","ms","Medido","Tempo gasto instanciando prefabs/objetos visuais quando a medicao visual esta ativa.","A execucao incluiu custo visual.","Deve ser comparado separadamente, pois depende dos assets e nao apenas do BSP."
26,2025,"27E34810","Performance","metricsCalculationMilliseconds","0.154","ms","Medido","Tempo para calcular metricas e montar resultados.","Ajuda a quantificar custo da instrumentacao.","Nao e custo do algoritmo em si."
26,2025,"27E34810","Performance","totalGenerationMilliseconds","44.045","ms","Medido","Tempo total medido para a execucao.","Inclui layout, instanciacao visual habilitada e calculo de metricas.","Use junto com layoutGenerationMilliseconds para separar algoritmo e runtime Unity."
26,2025,"27E34810","Performance","generatedGameObjectCount","5080","contagem","Medido","Quantidade de GameObjects criados pelo gerador.","Indica peso potencial de instanciacao no Unity.","Pode crescer bastante em algoritmos que geram muitos modulos pequenos."
26,2025,"27E34810","Performance","occupiedCellCount","3477","contagem","Medido","Quantidade de celulas ocupadas no grid logico.","Proxy de escala espacial da dungeon.","Permite comparar custo por celula entre algoritmos."
26,2025,"27E34810","Performance","connectionCount","46","contagem","Medido","Quantidade de conexoes no grafo logico.","Proxy de complexidade topologica.","BSP tende a manter esse valor previsivel."
26,2025,"27E34810","Performance","managedMemoryDeltaKB","1796","KB","Estimado","Diferenca de memoria gerenciada antes/depois da geracao.","Valor aproximado, sensivel a GC e ao estado do Editor.","Use como indicio comparativo, nao como medicao absoluta de memoria."
27,2026,"1B9B1099","Quantitativo","numRoomsTarget","48","contagem","Medido","Contagem de salas no layout logico gerado.","Tamanho estrutural da dungeon nesta execucao.","BSP controla salas por particoes e pelo limite Max Rooms."
27,2026,"1B9B1099","Quantitativo","connectivityRatio","100%","%","Medido","Busca no grafo a partir da sala inicial.","Todas as salas ficaram conectadas.","BSP deve gerar conectividade alta porque conecta particoes durante a recursao."
27,2026,"1B9B1099","Quantitativo","verticalVariance","2","metros","Medido","Calcula o desvio padrao das alturas dos pavimentos das salas.","Ha variacao vertical mensuravel entre salas.","BSP puro suporta verticalidade ao particionar multiplos pavimentos e conectar salas por escadas."
27,2026,"1B9B1099","Quantitativo","fillPercentage","47.64%","%","Medido","Celulas ocupadas divididas pelo total do grid.","Indica densidade espacial da dungeon.","Bom para comparar controle de densidade entre algoritmos."
27,2026,"1B9B1099","Quantitativo","branchFactor","2.125","media","Medido","Media de conexoes por sala no grafo.","Ramificacao moderada, geralmente boa para exploracao.","Loops extras aumentam este valor e reduzem linearidade."
27,2026,"1B9B1099","Quantitativo","avgPathLength","306.809","metros","Medido","Dijkstra simples sobre o grafo logico de salas.","Distancia media a partir da sala inicial.","Aproximacao logica; NavMesh pode refinar a distancia fisica."
27,2026,"1B9B1099","Quantitativo","uniqueModules","27","contagem","Medido","Contagem de modulos logicos e prefabs efetivamente usados.","Indica variedade basica de composicao.","A variedade aumenta com loops, conectores verticais e prefabs KayKit configurados."
27,2026,"1B9B1099","Quantitativo","navigableVolumeRatio","100%","%","Estimado sem NavMesh","Proporcao de celulas logicas ocupadas consideradas navegaveis antes de colisao/obstaculos.","Use como estimativa inicial, nao como validacao fisica final.","Para a dissertacao final, pode ser refinado com NavMeshSurface."
27,2026,"1B9B1099","Quantitativo","criticalPathLength","518","metros","Medido","Maior distancia encontrada a partir da sala inicial no grafo.","Aproxima o percurso principal inicio-objetivo.","Funciona bem em BSP porque o grafo de salas e explicito."
27,2026,"1B9B1099","Quantitativo","avgAlternativePathLength","43.5","metros","Medido","Media das conexoes extras marcadas como loops.","Ha caminhos alternativos mensuraveis.","Depende de Extra Loop Connections e Max Extra Loop Distance."
27,2026,"1B9B1099","Booleano","SupportsRandomEnemySpawns","Sim, testado","sim/nao","Suportado","Verifica se ha sistema de spawn por orcamento e lista de prefabs.","Sistema configurado e com orcamento ativo.","BSP permite spawns aleatorios dentro das salas."
27,2026,"1B9B1099","Booleano","SupportsLootDistribution","Sim, testado","sim/nao","Suportado","Verifica se ha sistema de loot por orcamento e lista de prefabs.","Sistema configurado e com orcamento ativo.","BSP permite distribuir recompensas por salas/celulas."
27,2026,"1B9B1099","Booleano","SupportsTraps","Sim, testado","sim/nao","Suportado","Verifica se ha sistema de armadilhas por orcamento e lista de prefabs.","Sistema configurado e com orcamento ativo.","BSP permite marcar armadilhas em salas ou corredores."
27,2026,"1B9B1099","Booleano","SupportsBacktrackingLoops","Sim","sim/nao","Medido","Detecta ciclos pelo numero de arestas em relacao ao numero de salas.","A dungeon possui loop para retorno/caminho alternativo.","Ative/aumente Extra Loop Connections para favorecer loops."
27,2026,"1B9B1099","Booleano","SupportsVerticalConnectors","Sim","sim/nao","Medido","Detecta conexoes verticais no grafo BSP entre salas de pavimentos adjacentes.","A execucao gerou 1 conector(es) vertical(is).","Implementado com BSP puro, sem misturar outro algoritmo."
27,2026,"1B9B1099","Booleano","SupportsMultiFloor","Sim","sim/nao","Medido","Verifica salas em diferentes floorIndex conectadas por conexoes verticais.","A execucao gerou 2 pavimento(s) com conexao vertical.","Implementado como variante BSP multiandar."
27,2026,"1B9B1099","Booleano","SupportsBossArena","Sim","sim/nao","Medido","Procura sala com area minima configurada para arena.","Existe ao menos uma sala grande o suficiente.","Aumente Max Room Size ou reduza Boss Arena Min Area Cells para testar arenas."
27,2026,"1B9B1099","Booleano","SeedReproducible","Sim","sim/nao","Medido","Gera a mesma seed duas vezes e compara o hash topologico.","A seed reproduziu a mesma topologia.","BSP deterministico deve passar neste teste."
27,2026,"1B9B1099","Booleano","RuntimeRegeneration","Sim","sim/nao","Medido","Compara tempo de geracao com o limite configurado.","Tempo registrado: 48.497 ms.","Mede o layout logico; instanciacao visual pode exigir teste de performance separado."
27,2026,"1B9B1099","Booleano","BudgetAwareSpawns","Sim","sim/nao","Suportado","Compara os orcamentos configurados com a capacidade logica de celulas das salas.","Orcamentos registrados: inimigos 10, loot 6, armadilhas 4.","O sistema tenta respeitar limites de spawn definidos pelo designer."
27,2026,"1B9B1099","Qualitativo","Replayability","5/5","Likert 1-5","Estimado automaticamente","Usa diversidade de hashes topologicos entre execucoes.","Diversidade topologica: 100%.","BSP costuma variar bem com seeds diferentes, mas pode repetir padroes retangulares."
27,2026,"1B9B1099","Qualitativo","Debuggability","5/5","Likert 1-5","Estimado automaticamente","Heuristica baseada na previsibilidade e rastreabilidade do algoritmo.","BSP e altamente depuravel por usar arvore de particoes.","Ponto forte do BSP."
27,2026,"1B9B1099","Qualitativo","Flow","5/5","Likert 1-5","Estimado automaticamente","Heuristica baseada em conectividade, caminho critico e ramificacao.","Indica fluidez de navegacao esperada.","BSP tende a ter fluxo claro quando todos os corredores abrem passagem."
27,2026,"1B9B1099","Qualitativo","Legibility","4/5","Likert 1-5","Estimado automaticamente","Heuristica baseada em densidade e ramificacao.","Indica se o layout tende a ser compreensivel.","Salas retangulares e corredores ortogonais favorecem legibilidade."
27,2026,"1B9B1099","Qualitativo","StructuralVariety","5/5","Likert 1-5","Estimado automaticamente","Heuristica baseada em salas, modulos e loops.","Indica variedade estrutural dentro desta execucao.","BSP tem variedade macroestrutural boa, mas a variedade visual depende muito dos prefabs KayKit configurados."
27,2026,"1B9B1099","Performance","layoutGenerationMilliseconds","0.657","ms","Medido","Tempo para gerar BSP, salas, corredores, loops e conectores verticais.","Representa o custo algoritmico principal.","BSP tende a ser rapido porque trabalha com particoes retangulares e grafo simples."
27,2026,"1B9B1099","Performance","geometryInstantiationMilliseconds","47.645","ms","Medido","Tempo gasto instanciando prefabs/objetos visuais quando a medicao visual esta ativa.","A execucao incluiu custo visual.","Deve ser comparado separadamente, pois depende dos assets e nao apenas do BSP."
27,2026,"1B9B1099","Performance","metricsCalculationMilliseconds","0.193","ms","Medido","Tempo para calcular metricas e montar resultados.","Ajuda a quantificar custo da instrumentacao.","Nao e custo do algoritmo em si."
27,2026,"1B9B1099","Performance","totalGenerationMilliseconds","48.497","ms","Medido","Tempo total medido para a execucao.","Inclui layout, instanciacao visual habilitada e calculo de metricas.","Use junto com layoutGenerationMilliseconds para separar algoritmo e runtime Unity."
27,2026,"1B9B1099","Performance","generatedGameObjectCount","5700","contagem","Medido","Quantidade de GameObjects criados pelo gerador.","Indica peso potencial de instanciacao no Unity.","Pode crescer bastante em algoritmos que geram muitos modulos pequenos."
27,2026,"1B9B1099","Performance","occupiedCellCount","3903","contagem","Medido","Quantidade de celulas ocupadas no grid logico.","Proxy de escala espacial da dungeon.","Permite comparar custo por celula entre algoritmos."
27,2026,"1B9B1099","Performance","connectionCount","51","contagem","Medido","Quantidade de conexoes no grafo logico.","Proxy de complexidade topologica.","BSP tende a manter esse valor previsivel."
27,2026,"1B9B1099","Performance","managedMemoryDeltaKB","1996","KB","Estimado","Diferenca de memoria gerenciada antes/depois da geracao.","Valor aproximado, sensivel a GC e ao estado do Editor.","Use como indicio comparativo, nao como medicao absoluta de memoria."
28,2027,"3B854335","Quantitativo","numRoomsTarget","48","contagem","Medido","Contagem de salas no layout logico gerado.","Tamanho estrutural da dungeon nesta execucao.","BSP controla salas por particoes e pelo limite Max Rooms."
28,2027,"3B854335","Quantitativo","connectivityRatio","100%","%","Medido","Busca no grafo a partir da sala inicial.","Todas as salas ficaram conectadas.","BSP deve gerar conectividade alta porque conecta particoes durante a recursao."
28,2027,"3B854335","Quantitativo","verticalVariance","2","metros","Medido","Calcula o desvio padrao das alturas dos pavimentos das salas.","Ha variacao vertical mensuravel entre salas.","BSP puro suporta verticalidade ao particionar multiplos pavimentos e conectar salas por escadas."
28,2027,"3B854335","Quantitativo","fillPercentage","43.43%","%","Medido","Celulas ocupadas divididas pelo total do grid.","Indica densidade espacial da dungeon.","Bom para comparar controle de densidade entre algoritmos."
28,2027,"3B854335","Quantitativo","branchFactor","2.125","media","Medido","Media de conexoes por sala no grafo.","Ramificacao moderada, geralmente boa para exploracao.","Loops extras aumentam este valor e reduzem linearidade."
28,2027,"3B854335","Quantitativo","avgPathLength","289.447","metros","Medido","Dijkstra simples sobre o grafo logico de salas.","Distancia media a partir da sala inicial.","Aproximacao logica; NavMesh pode refinar a distancia fisica."
28,2027,"3B854335","Quantitativo","uniqueModules","27","contagem","Medido","Contagem de modulos logicos e prefabs efetivamente usados.","Indica variedade basica de composicao.","A variedade aumenta com loops, conectores verticais e prefabs KayKit configurados."
28,2027,"3B854335","Quantitativo","navigableVolumeRatio","100%","%","Estimado sem NavMesh","Proporcao de celulas logicas ocupadas consideradas navegaveis antes de colisao/obstaculos.","Use como estimativa inicial, nao como validacao fisica final.","Para a dissertacao final, pode ser refinado com NavMeshSurface."
28,2027,"3B854335","Quantitativo","criticalPathLength","458","metros","Medido","Maior distancia encontrada a partir da sala inicial no grafo.","Aproxima o percurso principal inicio-objetivo.","Funciona bem em BSP porque o grafo de salas e explicito."
28,2027,"3B854335","Quantitativo","avgAlternativePathLength","39.5","metros","Medido","Media das conexoes extras marcadas como loops.","Ha caminhos alternativos mensuraveis.","Depende de Extra Loop Connections e Max Extra Loop Distance."
28,2027,"3B854335","Booleano","SupportsRandomEnemySpawns","Sim, testado","sim/nao","Suportado","Verifica se ha sistema de spawn por orcamento e lista de prefabs.","Sistema configurado e com orcamento ativo.","BSP permite spawns aleatorios dentro das salas."
28,2027,"3B854335","Booleano","SupportsLootDistribution","Sim, testado","sim/nao","Suportado","Verifica se ha sistema de loot por orcamento e lista de prefabs.","Sistema configurado e com orcamento ativo.","BSP permite distribuir recompensas por salas/celulas."
28,2027,"3B854335","Booleano","SupportsTraps","Sim, testado","sim/nao","Suportado","Verifica se ha sistema de armadilhas por orcamento e lista de prefabs.","Sistema configurado e com orcamento ativo.","BSP permite marcar armadilhas em salas ou corredores."
28,2027,"3B854335","Booleano","SupportsBacktrackingLoops","Sim","sim/nao","Medido","Detecta ciclos pelo numero de arestas em relacao ao numero de salas.","A dungeon possui loop para retorno/caminho alternativo.","Ative/aumente Extra Loop Connections para favorecer loops."
28,2027,"3B854335","Booleano","SupportsVerticalConnectors","Sim","sim/nao","Medido","Detecta conexoes verticais no grafo BSP entre salas de pavimentos adjacentes.","A execucao gerou 1 conector(es) vertical(is).","Implementado com BSP puro, sem misturar outro algoritmo."
28,2027,"3B854335","Booleano","SupportsMultiFloor","Sim","sim/nao","Medido","Verifica salas em diferentes floorIndex conectadas por conexoes verticais.","A execucao gerou 2 pavimento(s) com conexao vertical.","Implementado como variante BSP multiandar."
28,2027,"3B854335","Booleano","SupportsBossArena","Sim","sim/nao","Medido","Procura sala com area minima configurada para arena.","Existe ao menos uma sala grande o suficiente.","Aumente Max Room Size ou reduza Boss Arena Min Area Cells para testar arenas."
28,2027,"3B854335","Booleano","SeedReproducible","Sim","sim/nao","Medido","Gera a mesma seed duas vezes e compara o hash topologico.","A seed reproduziu a mesma topologia.","BSP deterministico deve passar neste teste."
28,2027,"3B854335","Booleano","RuntimeRegeneration","Sim","sim/nao","Medido","Compara tempo de geracao com o limite configurado.","Tempo registrado: 43.423 ms.","Mede o layout logico; instanciacao visual pode exigir teste de performance separado."
28,2027,"3B854335","Booleano","BudgetAwareSpawns","Sim","sim/nao","Suportado","Compara os orcamentos configurados com a capacidade logica de celulas das salas.","Orcamentos registrados: inimigos 10, loot 6, armadilhas 4.","O sistema tenta respeitar limites de spawn definidos pelo designer."
28,2027,"3B854335","Qualitativo","Replayability","5/5","Likert 1-5","Estimado automaticamente","Usa diversidade de hashes topologicos entre execucoes.","Diversidade topologica: 100%.","BSP costuma variar bem com seeds diferentes, mas pode repetir padroes retangulares."
28,2027,"3B854335","Qualitativo","Debuggability","5/5","Likert 1-5","Estimado automaticamente","Heuristica baseada na previsibilidade e rastreabilidade do algoritmo.","BSP e altamente depuravel por usar arvore de particoes.","Ponto forte do BSP."
28,2027,"3B854335","Qualitativo","Flow","5/5","Likert 1-5","Estimado automaticamente","Heuristica baseada em conectividade, caminho critico e ramificacao.","Indica fluidez de navegacao esperada.","BSP tende a ter fluxo claro quando todos os corredores abrem passagem."
28,2027,"3B854335","Qualitativo","Legibility","5/5","Likert 1-5","Estimado automaticamente","Heuristica baseada em densidade e ramificacao.","Indica se o layout tende a ser compreensivel.","Salas retangulares e corredores ortogonais favorecem legibilidade."
28,2027,"3B854335","Qualitativo","StructuralVariety","5/5","Likert 1-5","Estimado automaticamente","Heuristica baseada em salas, modulos e loops.","Indica variedade estrutural dentro desta execucao.","BSP tem variedade macroestrutural boa, mas a variedade visual depende muito dos prefabs KayKit configurados."
28,2027,"3B854335","Performance","layoutGenerationMilliseconds","0.633","ms","Medido","Tempo para gerar BSP, salas, corredores, loops e conectores verticais.","Representa o custo algoritmico principal.","BSP tende a ser rapido porque trabalha com particoes retangulares e grafo simples."
28,2027,"3B854335","Performance","geometryInstantiationMilliseconds","42.628","ms","Medido","Tempo gasto instanciando prefabs/objetos visuais quando a medicao visual esta ativa.","A execucao incluiu custo visual.","Deve ser comparado separadamente, pois depende dos assets e nao apenas do BSP."
28,2027,"3B854335","Performance","metricsCalculationMilliseconds","0.16","ms","Medido","Tempo para calcular metricas e montar resultados.","Ajuda a quantificar custo da instrumentacao.","Nao e custo do algoritmo em si."
28,2027,"3B854335","Performance","totalGenerationMilliseconds","43.423","ms","Medido","Tempo total medido para a execucao.","Inclui layout, instanciacao visual habilitada e calculo de metricas.","Use junto com layoutGenerationMilliseconds para separar algoritmo e runtime Unity."
28,2027,"3B854335","Performance","generatedGameObjectCount","5180","contagem","Medido","Quantidade de GameObjects criados pelo gerador.","Indica peso potencial de instanciacao no Unity.","Pode crescer bastante em algoritmos que geram muitos modulos pequenos."
28,2027,"3B854335","Performance","occupiedCellCount","3558","contagem","Medido","Quantidade de celulas ocupadas no grid logico.","Proxy de escala espacial da dungeon.","Permite comparar custo por celula entre algoritmos."
28,2027,"3B854335","Performance","connectionCount","51","contagem","Medido","Quantidade de conexoes no grafo logico.","Proxy de complexidade topologica.","BSP tende a manter esse valor previsivel."
28,2027,"3B854335","Performance","managedMemoryDeltaKB","1812","KB","Estimado","Diferenca de memoria gerenciada antes/depois da geracao.","Valor aproximado, sensivel a GC e ao estado do Editor.","Use como indicio comparativo, nao como medicao absoluta de memoria."
29,2028,"C9039CCE","Quantitativo","numRoomsTarget","40","contagem","Medido","Contagem de salas no layout logico gerado.","Tamanho estrutural da dungeon nesta execucao.","BSP controla salas por particoes e pelo limite Max Rooms."
29,2028,"C9039CCE","Quantitativo","connectivityRatio","100%","%","Medido","Busca no grafo a partir da sala inicial.","Todas as salas ficaram conectadas.","BSP deve gerar conectividade alta porque conecta particoes durante a recursao."
29,2028,"C9039CCE","Quantitativo","verticalVariance","1.977","metros","Medido","Calcula o desvio padrao das alturas dos pavimentos das salas.","Ha variacao vertical mensuravel entre salas.","BSP puro suporta verticalidade ao particionar multiplos pavimentos e conectar salas por escadas."
29,2028,"C9039CCE","Quantitativo","fillPercentage","45.54%","%","Medido","Celulas ocupadas divididas pelo total do grid.","Indica densidade espacial da dungeon.","Bom para comparar controle de densidade entre algoritmos."
29,2028,"C9039CCE","Quantitativo","branchFactor","2.15","media","Medido","Media de conexoes por sala no grafo.","Ramificacao moderada, geralmente boa para exploracao.","Loops extras aumentam este valor e reduzem linearidade."
29,2028,"C9039CCE","Quantitativo","avgPathLength","152.359","metros","Medido","Dijkstra simples sobre o grafo logico de salas.","Distancia media a partir da sala inicial.","Aproximacao logica; NavMesh pode refinar a distancia fisica."
29,2028,"C9039CCE","Quantitativo","uniqueModules","27","contagem","Medido","Contagem de modulos logicos e prefabs efetivamente usados.","Indica variedade basica de composicao.","A variedade aumenta com loops, conectores verticais e prefabs KayKit configurados."
29,2028,"C9039CCE","Quantitativo","navigableVolumeRatio","100%","%","Estimado sem NavMesh","Proporcao de celulas logicas ocupadas consideradas navegaveis antes de colisao/obstaculos.","Use como estimativa inicial, nao como validacao fisica final.","Para a dissertacao final, pode ser refinado com NavMeshSurface."
29,2028,"C9039CCE","Quantitativo","criticalPathLength","308","metros","Medido","Maior distancia encontrada a partir da sala inicial no grafo.","Aproxima o percurso principal inicio-objetivo.","Funciona bem em BSP porque o grafo de salas e explicito."
29,2028,"C9039CCE","Quantitativo","avgAlternativePathLength","33","metros","Medido","Media das conexoes extras marcadas como loops.","Ha caminhos alternativos mensuraveis.","Depende de Extra Loop Connections e Max Extra Loop Distance."
29,2028,"C9039CCE","Booleano","SupportsRandomEnemySpawns","Sim, testado","sim/nao","Suportado","Verifica se ha sistema de spawn por orcamento e lista de prefabs.","Sistema configurado e com orcamento ativo.","BSP permite spawns aleatorios dentro das salas."
29,2028,"C9039CCE","Booleano","SupportsLootDistribution","Sim, testado","sim/nao","Suportado","Verifica se ha sistema de loot por orcamento e lista de prefabs.","Sistema configurado e com orcamento ativo.","BSP permite distribuir recompensas por salas/celulas."
29,2028,"C9039CCE","Booleano","SupportsTraps","Sim, testado","sim/nao","Suportado","Verifica se ha sistema de armadilhas por orcamento e lista de prefabs.","Sistema configurado e com orcamento ativo.","BSP permite marcar armadilhas em salas ou corredores."
29,2028,"C9039CCE","Booleano","SupportsBacktrackingLoops","Sim","sim/nao","Medido","Detecta ciclos pelo numero de arestas em relacao ao numero de salas.","A dungeon possui loop para retorno/caminho alternativo.","Ative/aumente Extra Loop Connections para favorecer loops."
29,2028,"C9039CCE","Booleano","SupportsVerticalConnectors","Sim","sim/nao","Medido","Detecta conexoes verticais no grafo BSP entre salas de pavimentos adjacentes.","A execucao gerou 1 conector(es) vertical(is).","Implementado com BSP puro, sem misturar outro algoritmo."
29,2028,"C9039CCE","Booleano","SupportsMultiFloor","Sim","sim/nao","Medido","Verifica salas em diferentes floorIndex conectadas por conexoes verticais.","A execucao gerou 2 pavimento(s) com conexao vertical.","Implementado como variante BSP multiandar."
29,2028,"C9039CCE","Booleano","SupportsBossArena","Sim","sim/nao","Medido","Procura sala com area minima configurada para arena.","Existe ao menos uma sala grande o suficiente.","Aumente Max Room Size ou reduza Boss Arena Min Area Cells para testar arenas."
29,2028,"C9039CCE","Booleano","SeedReproducible","Sim","sim/nao","Medido","Gera a mesma seed duas vezes e compara o hash topologico.","A seed reproduziu a mesma topologia.","BSP deterministico deve passar neste teste."
29,2028,"C9039CCE","Booleano","RuntimeRegeneration","Sim","sim/nao","Medido","Compara tempo de geracao com o limite configurado.","Tempo registrado: 45.159 ms.","Mede o layout logico; instanciacao visual pode exigir teste de performance separado."
29,2028,"C9039CCE","Booleano","BudgetAwareSpawns","Sim","sim/nao","Suportado","Compara os orcamentos configurados com a capacidade logica de celulas das salas.","Orcamentos registrados: inimigos 10, loot 6, armadilhas 4.","O sistema tenta respeitar limites de spawn definidos pelo designer."
29,2028,"C9039CCE","Qualitativo","Replayability","5/5","Likert 1-5","Estimado automaticamente","Usa diversidade de hashes topologicos entre execucoes.","Diversidade topologica: 100%.","BSP costuma variar bem com seeds diferentes, mas pode repetir padroes retangulares."
29,2028,"C9039CCE","Qualitativo","Debuggability","5/5","Likert 1-5","Estimado automaticamente","Heuristica baseada na previsibilidade e rastreabilidade do algoritmo.","BSP e altamente depuravel por usar arvore de particoes.","Ponto forte do BSP."
29,2028,"C9039CCE","Qualitativo","Flow","5/5","Likert 1-5","Estimado automaticamente","Heuristica baseada em conectividade, caminho critico e ramificacao.","Indica fluidez de navegacao esperada.","BSP tende a ter fluxo claro quando todos os corredores abrem passagem."
29,2028,"C9039CCE","Qualitativo","Legibility","4/5","Likert 1-5","Estimado automaticamente","Heuristica baseada em densidade e ramificacao.","Indica se o layout tende a ser compreensivel.","Salas retangulares e corredores ortogonais favorecem legibilidade."
29,2028,"C9039CCE","Qualitativo","StructuralVariety","5/5","Likert 1-5","Estimado automaticamente","Heuristica baseada em salas, modulos e loops.","Indica variedade estrutural dentro desta execucao.","BSP tem variedade macroestrutural boa, mas a variedade visual depende muito dos prefabs KayKit configurados."
29,2028,"C9039CCE","Performance","layoutGenerationMilliseconds","0.549","ms","Medido","Tempo para gerar BSP, salas, corredores, loops e conectores verticais.","Representa o custo algoritmico principal.","BSP tende a ser rapido porque trabalha com particoes retangulares e grafo simples."
29,2028,"C9039CCE","Performance","geometryInstantiationMilliseconds","44.458","ms","Medido","Tempo gasto instanciando prefabs/objetos visuais quando a medicao visual esta ativa.","A execucao incluiu custo visual.","Deve ser comparado separadamente, pois depende dos assets e nao apenas do BSP."
29,2028,"C9039CCE","Performance","metricsCalculationMilliseconds","0.152","ms","Medido","Tempo para calcular metricas e montar resultados.","Ajuda a quantificar custo da instrumentacao.","Nao e custo do algoritmo em si."
29,2028,"C9039CCE","Performance","totalGenerationMilliseconds","45.159","ms","Medido","Tempo total medido para a execucao.","Inclui layout, instanciacao visual habilitada e calculo de metricas.","Use junto com layoutGenerationMilliseconds para separar algoritmo e runtime Unity."
29,2028,"C9039CCE","Performance","generatedGameObjectCount","5341","contagem","Medido","Quantidade de GameObjects criados pelo gerador.","Indica peso potencial de instanciacao no Unity.","Pode crescer bastante em algoritmos que geram muitos modulos pequenos."
29,2028,"C9039CCE","Performance","occupiedCellCount","3731","contagem","Medido","Quantidade de celulas ocupadas no grid logico.","Proxy de escala espacial da dungeon.","Permite comparar custo por celula entre algoritmos."
29,2028,"C9039CCE","Performance","connectionCount","43","contagem","Medido","Quantidade de conexoes no grafo logico.","Proxy de complexidade topologica.","BSP tende a manter esse valor previsivel."
29,2028,"C9039CCE","Performance","managedMemoryDeltaKB","1816","KB","Estimado","Diferenca de memoria gerenciada antes/depois da geracao.","Valor aproximado, sensivel a GC e ao estado do Editor.","Use como indicio comparativo, nao como medicao absoluta de memoria."
30,2029,"87702613","Quantitativo","numRoomsTarget","48","contagem","Medido","Contagem de salas no layout logico gerado.","Tamanho estrutural da dungeon nesta execucao.","BSP controla salas por particoes e pelo limite Max Rooms."
30,2029,"87702613","Quantitativo","connectivityRatio","100%","%","Medido","Busca no grafo a partir da sala inicial.","Todas as salas ficaram conectadas.","BSP deve gerar conectividade alta porque conecta particoes durante a recursao."
30,2029,"87702613","Quantitativo","verticalVariance","2","metros","Medido","Calcula o desvio padrao das alturas dos pavimentos das salas.","Ha variacao vertical mensuravel entre salas.","BSP puro suporta verticalidade ao particionar multiplos pavimentos e conectar salas por escadas."
30,2029,"87702613","Quantitativo","fillPercentage","39.98%","%","Medido","Celulas ocupadas divididas pelo total do grid.","Indica densidade espacial da dungeon.","Bom para comparar controle de densidade entre algoritmos."
30,2029,"87702613","Quantitativo","branchFactor","2.125","media","Medido","Media de conexoes por sala no grafo.","Ramificacao moderada, geralmente boa para exploracao.","Loops extras aumentam este valor e reduzem linearidade."
30,2029,"87702613","Quantitativo","avgPathLength","209.021","metros","Medido","Dijkstra simples sobre o grafo logico de salas.","Distancia media a partir da sala inicial.","Aproximacao logica; NavMesh pode refinar a distancia fisica."
30,2029,"87702613","Quantitativo","uniqueModules","27","contagem","Medido","Contagem de modulos logicos e prefabs efetivamente usados.","Indica variedade basica de composicao.","A variedade aumenta com loops, conectores verticais e prefabs KayKit configurados."
30,2029,"87702613","Quantitativo","navigableVolumeRatio","100%","%","Estimado sem NavMesh","Proporcao de celulas logicas ocupadas consideradas navegaveis antes de colisao/obstaculos.","Use como estimativa inicial, nao como validacao fisica final.","Para a dissertacao final, pode ser refinado com NavMeshSurface."
30,2029,"87702613","Quantitativo","criticalPathLength","440","metros","Medido","Maior distancia encontrada a partir da sala inicial no grafo.","Aproxima o percurso principal inicio-objetivo.","Funciona bem em BSP porque o grafo de salas e explicito."
30,2029,"87702613","Quantitativo","avgAlternativePathLength","37.5","metros","Medido","Media das conexoes extras marcadas como loops.","Ha caminhos alternativos mensuraveis.","Depende de Extra Loop Connections e Max Extra Loop Distance."
30,2029,"87702613","Booleano","SupportsRandomEnemySpawns","Sim, testado","sim/nao","Suportado","Verifica se ha sistema de spawn por orcamento e lista de prefabs.","Sistema configurado e com orcamento ativo.","BSP permite spawns aleatorios dentro das salas."
30,2029,"87702613","Booleano","SupportsLootDistribution","Sim, testado","sim/nao","Suportado","Verifica se ha sistema de loot por orcamento e lista de prefabs.","Sistema configurado e com orcamento ativo.","BSP permite distribuir recompensas por salas/celulas."
30,2029,"87702613","Booleano","SupportsTraps","Sim, testado","sim/nao","Suportado","Verifica se ha sistema de armadilhas por orcamento e lista de prefabs.","Sistema configurado e com orcamento ativo.","BSP permite marcar armadilhas em salas ou corredores."
30,2029,"87702613","Booleano","SupportsBacktrackingLoops","Sim","sim/nao","Medido","Detecta ciclos pelo numero de arestas em relacao ao numero de salas.","A dungeon possui loop para retorno/caminho alternativo.","Ative/aumente Extra Loop Connections para favorecer loops."
30,2029,"87702613","Booleano","SupportsVerticalConnectors","Sim","sim/nao","Medido","Detecta conexoes verticais no grafo BSP entre salas de pavimentos adjacentes.","A execucao gerou 1 conector(es) vertical(is).","Implementado com BSP puro, sem misturar outro algoritmo."
30,2029,"87702613","Booleano","SupportsMultiFloor","Sim","sim/nao","Medido","Verifica salas em diferentes floorIndex conectadas por conexoes verticais.","A execucao gerou 2 pavimento(s) com conexao vertical.","Implementado como variante BSP multiandar."
30,2029,"87702613","Booleano","SupportsBossArena","Sim","sim/nao","Medido","Procura sala com area minima configurada para arena.","Existe ao menos uma sala grande o suficiente.","Aumente Max Room Size ou reduza Boss Arena Min Area Cells para testar arenas."
30,2029,"87702613","Booleano","SeedReproducible","Sim","sim/nao","Medido","Gera a mesma seed duas vezes e compara o hash topologico.","A seed reproduziu a mesma topologia.","BSP deterministico deve passar neste teste."
30,2029,"87702613","Booleano","RuntimeRegeneration","Sim","sim/nao","Medido","Compara tempo de geracao com o limite configurado.","Tempo registrado: 43.313 ms.","Mede o layout logico; instanciacao visual pode exigir teste de performance separado."
30,2029,"87702613","Booleano","BudgetAwareSpawns","Sim","sim/nao","Suportado","Compara os orcamentos configurados com a capacidade logica de celulas das salas.","Orcamentos registrados: inimigos 10, loot 6, armadilhas 4.","O sistema tenta respeitar limites de spawn definidos pelo designer."
30,2029,"87702613","Qualitativo","Replayability","5/5","Likert 1-5","Estimado automaticamente","Usa diversidade de hashes topologicos entre execucoes.","Diversidade topologica: 100%.","BSP costuma variar bem com seeds diferentes, mas pode repetir padroes retangulares."
30,2029,"87702613","Qualitativo","Debuggability","5/5","Likert 1-5","Estimado automaticamente","Heuristica baseada na previsibilidade e rastreabilidade do algoritmo.","BSP e altamente depuravel por usar arvore de particoes.","Ponto forte do BSP."
30,2029,"87702613","Qualitativo","Flow","5/5","Likert 1-5","Estimado automaticamente","Heuristica baseada em conectividade, caminho critico e ramificacao.","Indica fluidez de navegacao esperada.","BSP tende a ter fluxo claro quando todos os corredores abrem passagem."
30,2029,"87702613","Qualitativo","Legibility","5/5","Likert 1-5","Estimado automaticamente","Heuristica baseada em densidade e ramificacao.","Indica se o layout tende a ser compreensivel.","Salas retangulares e corredores ortogonais favorecem legibilidade."
30,2029,"87702613","Qualitativo","StructuralVariety","5/5","Likert 1-5","Estimado automaticamente","Heuristica baseada em salas, modulos e loops.","Indica variedade estrutural dentro desta execucao.","BSP tem variedade macroestrutural boa, mas a variedade visual depende muito dos prefabs KayKit configurados."
30,2029,"87702613","Performance","layoutGenerationMilliseconds","0.627","ms","Medido","Tempo para gerar BSP, salas, corredores, loops e conectores verticais.","Representa o custo algoritmico principal.","BSP tende a ser rapido porque trabalha com particoes retangulares e grafo simples."
30,2029,"87702613","Performance","geometryInstantiationMilliseconds","42.521","ms","Medido","Tempo gasto instanciando prefabs/objetos visuais quando a medicao visual esta ativa.","A execucao incluiu custo visual.","Deve ser comparado separadamente, pois depende dos assets e nao apenas do BSP."
30,2029,"87702613","Performance","metricsCalculationMilliseconds","0.163","ms","Medido","Tempo para calcular metricas e montar resultados.","Ajuda a quantificar custo da instrumentacao.","Nao e custo do algoritmo em si."
30,2029,"87702613","Performance","totalGenerationMilliseconds","43.313","ms","Medido","Tempo total medido para a execucao.","Inclui layout, instanciacao visual habilitada e calculo de metricas.","Use junto com layoutGenerationMilliseconds para separar algoritmo e runtime Unity."
30,2029,"87702613","Performance","generatedGameObjectCount","4910","contagem","Medido","Quantidade de GameObjects criados pelo gerador.","Indica peso potencial de instanciacao no Unity.","Pode crescer bastante em algoritmos que geram muitos modulos pequenos."
30,2029,"87702613","Performance","occupiedCellCount","3275","contagem","Medido","Quantidade de celulas ocupadas no grid logico.","Proxy de escala espacial da dungeon.","Permite comparar custo por celula entre algoritmos."
30,2029,"87702613","Performance","connectionCount","51","contagem","Medido","Quantidade de conexoes no grafo logico.","Proxy de complexidade topologica.","BSP tende a manter esse valor previsivel."
30,2029,"87702613","Performance","managedMemoryDeltaKB","1728","KB","Estimado","Diferenca de memoria gerenciada antes/depois da geracao.","Valor aproximado, sensivel a GC e ao estado do Editor.","Use como indicio comparativo, nao como medicao absoluta de memoria."
