runIndex,seed,topologyHash,category,parameterName,value,unit,status,collectionMethod,interpretation,algorithmApplicability
1,2000,"E13ADCFD","Quantitativo","numRoomsTarget","43","contagem","Medido","Contagem de nos/salas posicionados pelo Room Graph.","Indica quantos nos do grafo foram efetivamente posicionados como salas.","Room Graph controla salas como nos do grafo; a etapa de embedding pode gerar menos salas se nao houver espaco sem sobreposicao."
1,2000,"E13ADCFD","Quantitativo","connectivityRatio","100%","%","Medido","Busca no grafo de salas a partir da sala inicial.","Mostra se as salas ficaram conectadas no componente principal do grafo.","Room Graph e forte neste parametro: a arvore de conexoes garante componente principal conectado quando ha pelo menos duas salas."
1,2000,"E13ADCFD","Quantitativo","verticalVariance","1.986","metros","Medido","Desvio padrao das alturas dos nos/salas entre pavimentos.","Valor acima de 0 indica variacao vertical gerada por pavimentos e arestas verticais.","Room Graph puro suporta verticalidade ao criar arestas verticais entre nos de pavimentos adjacentes."
1,2000,"E13ADCFD","Quantitativo","fillPercentage","51.71%","%","Medido","Celulas ocupadas por salas e corredores divididas pelo total do grid.","Indica densidade espacial da dungeon.","A densidade depende do numero de nos, tamanhos de sala e sucesso do posicionamento espacial do grafo."
1,2000,"E13ADCFD","Quantitativo","branchFactor","2.047","media","Medido","Media de arestas por no/sala no grafo.","Valores maiores indicam mais bifurcacoes e loops no grafo.","O fator de ramificacao e diretamente controlado por arvore inicial e arestas extras de loop."
1,2000,"E13ADCFD","Quantitativo","avgPathLength","182.048","metros","Medido","Distancias calculadas no grafo explicito de salas.","Distancia media a partir da sala inicial.","Caminhos sao naturais para Room Graph, pois o algoritmo ja trabalha com grafo explicito."
1,2000,"E13ADCFD","Quantitativo","uniqueModules","4","contagem","Medido","Contagem de modulos logicos e prefabs usados pela montagem do Room Graph.","Indica variedade basica de composicao.","A variedade vem das categorias logicas do grafo, conectores, corredores e assets configurados."
1,2000,"E13ADCFD","Quantitativo","navigableVolumeRatio","100%","%","Estimado sem NavMesh","Estimativa logica de celulas navegaveis antes de NavMesh.","Use como estimativa inicial, nao como validacao fisica final.","A navegabilidade e estimada no grid logico; validacao fisica final ainda exige NavMesh."
1,2000,"E13ADCFD","Quantitativo","criticalPathLength","338","metros","Medido","Maior distancia encontrada no grafo a partir da sala inicial.","Aproxima o percurso principal entre inicio e ponto mais distante no grafo.","Room Graph mede bem percurso principal porque distancias no grafo sao parte central do modelo."
1,2000,"E13ADCFD","Quantitativo","avgAlternativePathLength","45","metros","Medido","Media das arestas extras marcadas como loops.","Ha caminhos alternativos mensuraveis.","Loops e atalhos sao uma vantagem direta do Room Graph, bastando adicionar arestas extras."
1,2000,"E13ADCFD","Booleano","SupportsRandomEnemySpawns","Sim, testado","sim/nao","Suportado","Verifica se o sistema de spawn usa salas/celulas geradas pelo grafo.","Sistema configurado e com orcamento ativo.","Room Graph oferece salas/nos claros para spawns; balanceamento de combate e camada de gameplay."
1,2000,"E13ADCFD","Booleano","SupportsLootDistribution","Sim, testado","sim/nao","Suportado","Verifica se loot pode ser distribuido sobre salas/celulas do grafo.","Sistema configurado e com orcamento ativo.","Loot pode ser distribuido por nos/salas ou por distancia no grafo."
1,2000,"E13ADCFD","Booleano","SupportsTraps","Sim, testado","sim/nao","Suportado","Verifica se armadilhas podem ser marcadas em areas navegaveis.","Sistema configurado e com orcamento ativo.","Armadilhas podem ser colocadas em salas, corredores ou arestas especificas do grafo."
1,2000,"E13ADCFD","Booleano","SupportsBacktrackingLoops","Sim","sim/nao","Medido","Conta execucoes em que o grafo recebeu ciclos navegaveis.","A dungeon possui loop para retorno/caminho alternativo.","Suporte nativo quando o grafo recebe arestas extras alem da arvore de conectividade."
1,2000,"E13ADCFD","Booleano","SupportsVerticalConnectors","Sim","sim/nao","Medido","Conta execucoes com arestas verticais entre pavimentos.","Parametro atendido quando existem arestas verticais Room Graph entre pavimentos.","Implementado como arestas verticais do proprio Room Graph, sem usar BSP ou outro algoritmo auxiliar."
1,2000,"E13ADCFD","Booleano","SupportsMultiFloor","Sim","sim/nao","Medido","Conta execucoes com mais de um pavimento conectado por arestas verticais.","Parametro atendido quando ha pavimentos conectados dentro do mesmo grafo.","Implementado por nos distribuidos em pavimentos e arestas verticais entre camadas."
1,2000,"E13ADCFD","Booleano","SupportsBossArena","Sim","sim/nao","Medido","Conta execucoes com ao menos uma sala acima da area minima configurada.","Existe ao menos uma sala grande o suficiente.","Suportado se algum no/sala for grande o suficiente; pode exigir parametros de tamanho ou uma regra de no especial."
1,2000,"E13ADCFD","Booleano","SeedReproducible","Sim","sim/nao","Medido","Gera a mesma seed duas vezes e compara o hash topologico.","A seed reproduziu a mesma topologia.","O Room Graph e deterministico quando todas as escolhas usam a mesma seed."
1,2000,"E13ADCFD","Booleano","RuntimeRegeneration","Sim","sim/nao","Medido","Conta execucoes abaixo do limite de tempo configurado.","Tempo registrado: 11.116 ms.","Room Graph tende a ser rapido; a etapa mais sensivel e o posicionamento sem sobreposicao das salas."
1,2000,"E13ADCFD","Booleano","BudgetAwareSpawns","Sim","sim/nao","Suportado","Verifica se os orcamentos de inimigos, loot e armadilhas cabem nas celulas livres.","Orcamentos registrados: inimigos 10, loot 6, armadilhas 4.","Orcamentos sao controlados por camada de spawn sobre os nos/salas gerados."
1,2000,"E13ADCFD","Qualitativo","Replayability","5/5","Likert 1-5","Estimado automaticamente","Estimativa baseada na diversidade de hashes topologicos entre seeds.","Diversidade topologica: 100%.","A variacao entre seeds depende da combinacao entre grafo, embedding espacial e arestas extras."
1,2000,"E13ADCFD","Qualitativo","Debuggability","5/5","Likert 1-5","Estimado automaticamente","Estimativa baseada na natureza explicita do grafo de nos e arestas.","A estrutura de nos e arestas facilita inspecao, depuracao e reproducao por seed.","Room Graph e facil de depurar porque a topologia pode ser inspecionada como nos e arestas."
1,2000,"E13ADCFD","Qualitativo","Flow","5/5","Likert 1-5","Estimado automaticamente","Estimativa baseada em conectividade, caminho critico e ramificacao.","Indica fluidez de navegacao esperada.","O controle de fluxo e uma das maiores vantagens do Room Graph, pois caminhos e ramificacoes sao explicitos."
1,2000,"E13ADCFD","Qualitativo","Legibility","4/5","Likert 1-5","Estimado automaticamente","Estimativa baseada em conectividade, densidade e ramificacao do grafo.","Indica se o layout tende a ser compreensivel.","A legibilidade depende do embedding: o grafo e claro, mas corredores podem cruzar se o layout espacial ficar apertado."
1,2000,"E13ADCFD","Qualitativo","StructuralVariety","5/5","Likert 1-5","Estimado automaticamente","Estimativa baseada em quantidade de salas, modulos e loops.","Indica variedade estrutural dentro desta execucao.","A variedade estrutural e boa em macrofluxo; variedade local ainda depende de regras de decoracao/assets."
1,2000,"E13ADCFD","Performance","layoutGenerationMilliseconds","2.049","ms","Medido","Tempo para criar, posicionar e conectar o Room Graph logico.","Representa o custo algoritmico principal do Room Graph.","Mede custo de criar nos, posiciona-los e conectar o grafo; compare separado da instanciacao Unity."
1,2000,"E13ADCFD","Performance","geometryInstantiationMilliseconds","0","ms","Medido","Tempo gasto instanciando prefabs/objetos visuais quando habilitado.","A execucao mediu apenas o layout logico.","Custo visual depende dos prefabs/Unity, nao do Room Graph puro."
1,2000,"E13ADCFD","Performance","metricsCalculationMilliseconds","9.066","ms","Medido","Tempo para calcular e consolidar metricas apos a geracao.","Ajuda a quantificar custo da instrumentacao.","Custo da instrumentacao, nao do algoritmo."
1,2000,"E13ADCFD","Performance","totalGenerationMilliseconds","11.116","ms","Medido","Tempo total medido da execucao.","Inclui layout, instanciacao visual habilitada e calculo de metricas.","Inclui layout, instanciacao visual e metricas; use junto com o tempo logico."
1,2000,"E13ADCFD","Performance","generatedGameObjectCount","0","contagem","Medido","Quantidade de GameObjects criados durante a montagem visual.","Indica peso potencial de instanciacao no Unity.","Reflete peso da montagem visual da cena gerada pelo grafo."
1,2000,"E13ADCFD","Performance","occupiedCellCount","4236","contagem","Medido","Quantidade de celulas ocupadas no grid logico.","Proxy de escala espacial da dungeon.","Proxy de escala espacial resultante do embedding dos nos e corredores."
1,2000,"E13ADCFD","Performance","connectionCount","44","contagem","Medido","Quantidade de arestas/conexoes no grafo.","Reflete diretamente a complexidade topologica do grafo.","Metrica muito natural para Room Graph, pois corresponde diretamente ao numero de arestas."
1,2000,"E13ADCFD","Performance","managedMemoryDeltaKB","1004","KB","Estimado","Variacao aproximada de memoria gerenciada durante a execucao.","Valor aproximado, sensivel a GC e ao estado do Editor.","Estimativa sujeita ao GC da Unity; use como indicio comparativo."
2,2001,"B440E37B","Quantitativo","numRoomsTarget","45","contagem","Medido","Contagem de nos/salas posicionados pelo Room Graph.","Indica quantos nos do grafo foram efetivamente posicionados como salas.","Room Graph controla salas como nos do grafo; a etapa de embedding pode gerar menos salas se nao houver espaco sem sobreposicao."
2,2001,"B440E37B","Quantitativo","connectivityRatio","100%","%","Medido","Busca no grafo de salas a partir da sala inicial.","Mostra se as salas ficaram conectadas no componente principal do grafo.","Room Graph e forte neste parametro: a arvore de conexoes garante componente principal conectado quando ha pelo menos duas salas."
2,2001,"B440E37B","Quantitativo","verticalVariance","2","metros","Medido","Desvio padrao das alturas dos nos/salas entre pavimentos.","Valor acima de 0 indica variacao vertical gerada por pavimentos e arestas verticais.","Room Graph puro suporta verticalidade ao criar arestas verticais entre nos de pavimentos adjacentes."
2,2001,"B440E37B","Quantitativo","fillPercentage","49.67%","%","Medido","Celulas ocupadas por salas e corredores divididas pelo total do grid.","Indica densidade espacial da dungeon.","A densidade depende do numero de nos, tamanhos de sala e sucesso do posicionamento espacial do grafo."
2,2001,"B440E37B","Quantitativo","branchFactor","2.044","media","Medido","Media de arestas por no/sala no grafo.","Valores maiores indicam mais bifurcacoes e loops no grafo.","O fator de ramificacao e diretamente controlado por arvore inicial e arestas extras de loop."
2,2001,"B440E37B","Quantitativo","avgPathLength","148.182","metros","Medido","Distancias calculadas no grafo explicito de salas.","Distancia media a partir da sala inicial.","Caminhos sao naturais para Room Graph, pois o algoritmo ja trabalha com grafo explicito."
2,2001,"B440E37B","Quantitativo","uniqueModules","4","contagem","Medido","Contagem de modulos logicos e prefabs usados pela montagem do Room Graph.","Indica variedade basica de composicao.","A variedade vem das categorias logicas do grafo, conectores, corredores e assets configurados."
2,2001,"B440E37B","Quantitativo","navigableVolumeRatio","100%","%","Estimado sem NavMesh","Estimativa logica de celulas navegaveis antes de NavMesh.","Use como estimativa inicial, nao como validacao fisica final.","A navegabilidade e estimada no grid logico; validacao fisica final ainda exige NavMesh."
2,2001,"B440E37B","Quantitativo","criticalPathLength","276","metros","Medido","Maior distancia encontrada no grafo a partir da sala inicial.","Aproxima o percurso principal entre inicio e ponto mais distante no grafo.","Room Graph mede bem percurso principal porque distancias no grafo sao parte central do modelo."
2,2001,"B440E37B","Quantitativo","avgAlternativePathLength","37","metros","Medido","Media das arestas extras marcadas como loops.","Ha caminhos alternativos mensuraveis.","Loops e atalhos sao uma vantagem direta do Room Graph, bastando adicionar arestas extras."
2,2001,"B440E37B","Booleano","SupportsRandomEnemySpawns","Sim, testado","sim/nao","Suportado","Verifica se o sistema de spawn usa salas/celulas geradas pelo grafo.","Sistema configurado e com orcamento ativo.","Room Graph oferece salas/nos claros para spawns; balanceamento de combate e camada de gameplay."
2,2001,"B440E37B","Booleano","SupportsLootDistribution","Sim, testado","sim/nao","Suportado","Verifica se loot pode ser distribuido sobre salas/celulas do grafo.","Sistema configurado e com orcamento ativo.","Loot pode ser distribuido por nos/salas ou por distancia no grafo."
2,2001,"B440E37B","Booleano","SupportsTraps","Sim, testado","sim/nao","Suportado","Verifica se armadilhas podem ser marcadas em areas navegaveis.","Sistema configurado e com orcamento ativo.","Armadilhas podem ser colocadas em salas, corredores ou arestas especificas do grafo."
2,2001,"B440E37B","Booleano","SupportsBacktrackingLoops","Sim","sim/nao","Medido","Conta execucoes em que o grafo recebeu ciclos navegaveis.","A dungeon possui loop para retorno/caminho alternativo.","Suporte nativo quando o grafo recebe arestas extras alem da arvore de conectividade."
2,2001,"B440E37B","Booleano","SupportsVerticalConnectors","Sim","sim/nao","Medido","Conta execucoes com arestas verticais entre pavimentos.","Parametro atendido quando existem arestas verticais Room Graph entre pavimentos.","Implementado como arestas verticais do proprio Room Graph, sem usar BSP ou outro algoritmo auxiliar."
2,2001,"B440E37B","Booleano","SupportsMultiFloor","Sim","sim/nao","Medido","Conta execucoes com mais de um pavimento conectado por arestas verticais.","Parametro atendido quando ha pavimentos conectados dentro do mesmo grafo.","Implementado por nos distribuidos em pavimentos e arestas verticais entre camadas."
2,2001,"B440E37B","Booleano","SupportsBossArena","Sim","sim/nao","Medido","Conta execucoes com ao menos uma sala acima da area minima configurada.","Existe ao menos uma sala grande o suficiente.","Suportado se algum no/sala for grande o suficiente; pode exigir parametros de tamanho ou uma regra de no especial."
2,2001,"B440E37B","Booleano","SeedReproducible","Sim","sim/nao","Medido","Gera a mesma seed duas vezes e compara o hash topologico.","A seed reproduziu a mesma topologia.","O Room Graph e deterministico quando todas as escolhas usam a mesma seed."
2,2001,"B440E37B","Booleano","RuntimeRegeneration","Sim","sim/nao","Medido","Conta execucoes abaixo do limite de tempo configurado.","Tempo registrado: 23.726 ms.","Room Graph tende a ser rapido; a etapa mais sensivel e o posicionamento sem sobreposicao das salas."
2,2001,"B440E37B","Booleano","BudgetAwareSpawns","Sim","sim/nao","Suportado","Verifica se os orcamentos de inimigos, loot e armadilhas cabem nas celulas livres.","Orcamentos registrados: inimigos 10, loot 6, armadilhas 4.","Orcamentos sao controlados por camada de spawn sobre os nos/salas gerados."
2,2001,"B440E37B","Qualitativo","Replayability","5/5","Likert 1-5","Estimado automaticamente","Estimativa baseada na diversidade de hashes topologicos entre seeds.","Diversidade topologica: 100%.","A variacao entre seeds depende da combinacao entre grafo, embedding espacial e arestas extras."
2,2001,"B440E37B","Qualitativo","Debuggability","5/5","Likert 1-5","Estimado automaticamente","Estimativa baseada na natureza explicita do grafo de nos e arestas.","A estrutura de nos e arestas facilita inspecao, depuracao e reproducao por seed.","Room Graph e facil de depurar porque a topologia pode ser inspecionada como nos e arestas."
2,2001,"B440E37B","Qualitativo","Flow","5/5","Likert 1-5","Estimado automaticamente","Estimativa baseada em conectividade, caminho critico e ramificacao.","Indica fluidez de navegacao esperada.","O controle de fluxo e uma das maiores vantagens do Room Graph, pois caminhos e ramificacoes sao explicitos."
2,2001,"B440E37B","Qualitativo","Legibility","4/5","Likert 1-5","Estimado automaticamente","Estimativa baseada em conectividade, densidade e ramificacao do grafo.","Indica se o layout tende a ser compreensivel.","A legibilidade depende do embedding: o grafo e claro, mas corredores podem cruzar se o layout espacial ficar apertado."
2,2001,"B440E37B","Qualitativo","StructuralVariety","5/5","Likert 1-5","Estimado automaticamente","Estimativa baseada em quantidade de salas, modulos e loops.","Indica variedade estrutural dentro desta execucao.","A variedade estrutural e boa em macrofluxo; variedade local ainda depende de regras de decoracao/assets."
2,2001,"B440E37B","Performance","layoutGenerationMilliseconds","12.169","ms","Medido","Tempo para criar, posicionar e conectar o Room Graph logico.","Representa o custo algoritmico principal do Room Graph.","Mede custo de criar nos, posiciona-los e conectar o grafo; compare separado da instanciacao Unity."
2,2001,"B440E37B","Performance","geometryInstantiationMilliseconds","0","ms","Medido","Tempo gasto instanciando prefabs/objetos visuais quando habilitado.","A execucao mediu apenas o layout logico.","Custo visual depende dos prefabs/Unity, nao do Room Graph puro."
2,2001,"B440E37B","Performance","metricsCalculationMilliseconds","11.556","ms","Medido","Tempo para calcular e consolidar metricas apos a geracao.","Ajuda a quantificar custo da instrumentacao.","Custo da instrumentacao, nao do algoritmo."
2,2001,"B440E37B","Performance","totalGenerationMilliseconds","23.726","ms","Medido","Tempo total medido da execucao.","Inclui layout, instanciacao visual habilitada e calculo de metricas.","Inclui layout, instanciacao visual e metricas; use junto com o tempo logico."
2,2001,"B440E37B","Performance","generatedGameObjectCount","0","contagem","Medido","Quantidade de GameObjects criados durante a montagem visual.","Indica peso potencial de instanciacao no Unity.","Reflete peso da montagem visual da cena gerada pelo grafo."
2,2001,"B440E37B","Performance","occupiedCellCount","4069","contagem","Medido","Quantidade de celulas ocupadas no grid logico.","Proxy de escala espacial da dungeon.","Proxy de escala espacial resultante do embedding dos nos e corredores."
2,2001,"B440E37B","Performance","connectionCount","46","contagem","Medido","Quantidade de arestas/conexoes no grafo.","Reflete diretamente a complexidade topologica do grafo.","Metrica muito natural para Room Graph, pois corresponde diretamente ao numero de arestas."
2,2001,"B440E37B","Performance","managedMemoryDeltaKB","952","KB","Estimado","Variacao aproximada de memoria gerenciada durante a execucao.","Valor aproximado, sensivel a GC e ao estado do Editor.","Estimativa sujeita ao GC da Unity; use como indicio comparativo."
3,2002,"258AD17C","Quantitativo","numRoomsTarget","48","contagem","Medido","Contagem de nos/salas posicionados pelo Room Graph.","Indica quantos nos do grafo foram efetivamente posicionados como salas.","Room Graph controla salas como nos do grafo; a etapa de embedding pode gerar menos salas se nao houver espaco sem sobreposicao."
3,2002,"258AD17C","Quantitativo","connectivityRatio","100%","%","Medido","Busca no grafo de salas a partir da sala inicial.","Mostra se as salas ficaram conectadas no componente principal do grafo.","Room Graph e forte neste parametro: a arvore de conexoes garante componente principal conectado quando ha pelo menos duas salas."
3,2002,"258AD17C","Quantitativo","verticalVariance","2","metros","Medido","Desvio padrao das alturas dos nos/salas entre pavimentos.","Valor acima de 0 indica variacao vertical gerada por pavimentos e arestas verticais.","Room Graph puro suporta verticalidade ao criar arestas verticais entre nos de pavimentos adjacentes."
3,2002,"258AD17C","Quantitativo","fillPercentage","51.54%","%","Medido","Celulas ocupadas por salas e corredores divididas pelo total do grid.","Indica densidade espacial da dungeon.","A densidade depende do numero de nos, tamanhos de sala e sucesso do posicionamento espacial do grafo."
3,2002,"258AD17C","Quantitativo","branchFactor","2.042","media","Medido","Media de arestas por no/sala no grafo.","Valores maiores indicam mais bifurcacoes e loops no grafo.","O fator de ramificacao e diretamente controlado por arvore inicial e arestas extras de loop."
3,2002,"258AD17C","Quantitativo","avgPathLength","76.468","metros","Medido","Distancias calculadas no grafo explicito de salas.","Distancia media a partir da sala inicial.","Caminhos sao naturais para Room Graph, pois o algoritmo ja trabalha com grafo explicito."
3,2002,"258AD17C","Quantitativo","uniqueModules","4","contagem","Medido","Contagem de modulos logicos e prefabs usados pela montagem do Room Graph.","Indica variedade basica de composicao.","A variedade vem das categorias logicas do grafo, conectores, corredores e assets configurados."
3,2002,"258AD17C","Quantitativo","navigableVolumeRatio","100%","%","Estimado sem NavMesh","Estimativa logica de celulas navegaveis antes de NavMesh.","Use como estimativa inicial, nao como validacao fisica final.","A navegabilidade e estimada no grid logico; validacao fisica final ainda exige NavMesh."
3,2002,"258AD17C","Quantitativo","criticalPathLength","148","metros","Medido","Maior distancia encontrada no grafo a partir da sala inicial.","Aproxima o percurso principal entre inicio e ponto mais distante no grafo.","Room Graph mede bem percurso principal porque distancias no grafo sao parte central do modelo."
3,2002,"258AD17C","Quantitativo","avgAlternativePathLength","29","metros","Medido","Media das arestas extras marcadas como loops.","Ha caminhos alternativos mensuraveis.","Loops e atalhos sao uma vantagem direta do Room Graph, bastando adicionar arestas extras."
3,2002,"258AD17C","Booleano","SupportsRandomEnemySpawns","Sim, testado","sim/nao","Suportado","Verifica se o sistema de spawn usa salas/celulas geradas pelo grafo.","Sistema configurado e com orcamento ativo.","Room Graph oferece salas/nos claros para spawns; balanceamento de combate e camada de gameplay."
3,2002,"258AD17C","Booleano","SupportsLootDistribution","Sim, testado","sim/nao","Suportado","Verifica se loot pode ser distribuido sobre salas/celulas do grafo.","Sistema configurado e com orcamento ativo.","Loot pode ser distribuido por nos/salas ou por distancia no grafo."
3,2002,"258AD17C","Booleano","SupportsTraps","Sim, testado","sim/nao","Suportado","Verifica se armadilhas podem ser marcadas em areas navegaveis.","Sistema configurado e com orcamento ativo.","Armadilhas podem ser colocadas em salas, corredores ou arestas especificas do grafo."
3,2002,"258AD17C","Booleano","SupportsBacktrackingLoops","Sim","sim/nao","Medido","Conta execucoes em que o grafo recebeu ciclos navegaveis.","A dungeon possui loop para retorno/caminho alternativo.","Suporte nativo quando o grafo recebe arestas extras alem da arvore de conectividade."
3,2002,"258AD17C","Booleano","SupportsVerticalConnectors","Sim","sim/nao","Medido","Conta execucoes com arestas verticais entre pavimentos.","Parametro atendido quando existem arestas verticais Room Graph entre pavimentos.","Implementado como arestas verticais do proprio Room Graph, sem usar BSP ou outro algoritmo auxiliar."
3,2002,"258AD17C","Booleano","SupportsMultiFloor","Sim","sim/nao","Medido","Conta execucoes com mais de um pavimento conectado por arestas verticais.","Parametro atendido quando ha pavimentos conectados dentro do mesmo grafo.","Implementado por nos distribuidos em pavimentos e arestas verticais entre camadas."
3,2002,"258AD17C","Booleano","SupportsBossArena","Sim","sim/nao","Medido","Conta execucoes com ao menos uma sala acima da area minima configurada.","Existe ao menos uma sala grande o suficiente.","Suportado se algum no/sala for grande o suficiente; pode exigir parametros de tamanho ou uma regra de no especial."
3,2002,"258AD17C","Booleano","SeedReproducible","Sim","sim/nao","Medido","Gera a mesma seed duas vezes e compara o hash topologico.","A seed reproduziu a mesma topologia.","O Room Graph e deterministico quando todas as escolhas usam a mesma seed."
3,2002,"258AD17C","Booleano","RuntimeRegeneration","Sim","sim/nao","Medido","Conta execucoes abaixo do limite de tempo configurado.","Tempo registrado: 13.471 ms.","Room Graph tende a ser rapido; a etapa mais sensivel e o posicionamento sem sobreposicao das salas."
3,2002,"258AD17C","Booleano","BudgetAwareSpawns","Sim","sim/nao","Suportado","Verifica se os orcamentos de inimigos, loot e armadilhas cabem nas celulas livres.","Orcamentos registrados: inimigos 10, loot 6, armadilhas 4.","Orcamentos sao controlados por camada de spawn sobre os nos/salas gerados."
3,2002,"258AD17C","Qualitativo","Replayability","5/5","Likert 1-5","Estimado automaticamente","Estimativa baseada na diversidade de hashes topologicos entre seeds.","Diversidade topologica: 100%.","A variacao entre seeds depende da combinacao entre grafo, embedding espacial e arestas extras."
3,2002,"258AD17C","Qualitativo","Debuggability","5/5","Likert 1-5","Estimado automaticamente","Estimativa baseada na natureza explicita do grafo de nos e arestas.","A estrutura de nos e arestas facilita inspecao, depuracao e reproducao por seed.","Room Graph e facil de depurar porque a topologia pode ser inspecionada como nos e arestas."
3,2002,"258AD17C","Qualitativo","Flow","5/5","Likert 1-5","Estimado automaticamente","Estimativa baseada em conectividade, caminho critico e ramificacao.","Indica fluidez de navegacao esperada.","O controle de fluxo e uma das maiores vantagens do Room Graph, pois caminhos e ramificacoes sao explicitos."
3,2002,"258AD17C","Qualitativo","Legibility","4/5","Likert 1-5","Estimado automaticamente","Estimativa baseada em conectividade, densidade e ramificacao do grafo.","Indica se o layout tende a ser compreensivel.","A legibilidade depende do embedding: o grafo e claro, mas corredores podem cruzar se o layout espacial ficar apertado."
3,2002,"258AD17C","Qualitativo","StructuralVariety","5/5","Likert 1-5","Estimado automaticamente","Estimativa baseada em quantidade de salas, modulos e loops.","Indica variedade estrutural dentro desta execucao.","A variedade estrutural e boa em macrofluxo; variedade local ainda depende de regras de decoracao/assets."
3,2002,"258AD17C","Performance","layoutGenerationMilliseconds","4.432","ms","Medido","Tempo para criar, posicionar e conectar o Room Graph logico.","Representa o custo algoritmico principal do Room Graph.","Mede custo de criar nos, posiciona-los e conectar o grafo; compare separado da instanciacao Unity."
3,2002,"258AD17C","Performance","geometryInstantiationMilliseconds","0","ms","Medido","Tempo gasto instanciando prefabs/objetos visuais quando habilitado.","A execucao mediu apenas o layout logico.","Custo visual depende dos prefabs/Unity, nao do Room Graph puro."
3,2002,"258AD17C","Performance","metricsCalculationMilliseconds","9.038","ms","Medido","Tempo para calcular e consolidar metricas apos a geracao.","Ajuda a quantificar custo da instrumentacao.","Custo da instrumentacao, nao do algoritmo."
3,2002,"258AD17C","Performance","totalGenerationMilliseconds","13.471","ms","Medido","Tempo total medido da execucao.","Inclui layout, instanciacao visual habilitada e calculo de metricas.","Inclui layout, instanciacao visual e metricas; use junto com o tempo logico."
3,2002,"258AD17C","Performance","generatedGameObjectCount","0","contagem","Medido","Quantidade de GameObjects criados durante a montagem visual.","Indica peso potencial de instanciacao no Unity.","Reflete peso da montagem visual da cena gerada pelo grafo."
3,2002,"258AD17C","Performance","occupiedCellCount","4222","contagem","Medido","Quantidade de celulas ocupadas no grid logico.","Proxy de escala espacial da dungeon.","Proxy de escala espacial resultante do embedding dos nos e corredores."
3,2002,"258AD17C","Performance","connectionCount","49","contagem","Medido","Quantidade de arestas/conexoes no grafo.","Reflete diretamente a complexidade topologica do grafo.","Metrica muito natural para Room Graph, pois corresponde diretamente ao numero de arestas."
3,2002,"258AD17C","Performance","managedMemoryDeltaKB","988","KB","Estimado","Variacao aproximada de memoria gerenciada durante a execucao.","Valor aproximado, sensivel a GC e ao estado do Editor.","Estimativa sujeita ao GC da Unity; use como indicio comparativo."
4,2003,"89D1B882","Quantitativo","numRoomsTarget","46","contagem","Medido","Contagem de nos/salas posicionados pelo Room Graph.","Indica quantos nos do grafo foram efetivamente posicionados como salas.","Room Graph controla salas como nos do grafo; a etapa de embedding pode gerar menos salas se nao houver espaco sem sobreposicao."
4,2003,"89D1B882","Quantitativo","connectivityRatio","100%","%","Medido","Busca no grafo de salas a partir da sala inicial.","Mostra se as salas ficaram conectadas no componente principal do grafo.","Room Graph e forte neste parametro: a arvore de conexoes garante componente principal conectado quando ha pelo menos duas salas."
4,2003,"89D1B882","Quantitativo","verticalVariance","2","metros","Medido","Desvio padrao das alturas dos nos/salas entre pavimentos.","Valor acima de 0 indica variacao vertical gerada por pavimentos e arestas verticais.","Room Graph puro suporta verticalidade ao criar arestas verticais entre nos de pavimentos adjacentes."
4,2003,"89D1B882","Quantitativo","fillPercentage","53.09%","%","Medido","Celulas ocupadas por salas e corredores divididas pelo total do grid.","Indica densidade espacial da dungeon.","A densidade depende do numero de nos, tamanhos de sala e sucesso do posicionamento espacial do grafo."
4,2003,"89D1B882","Quantitativo","branchFactor","2.043","media","Medido","Media de arestas por no/sala no grafo.","Valores maiores indicam mais bifurcacoes e loops no grafo.","O fator de ramificacao e diretamente controlado por arvore inicial e arestas extras de loop."
4,2003,"89D1B882","Quantitativo","avgPathLength","106.489","metros","Medido","Distancias calculadas no grafo explicito de salas.","Distancia media a partir da sala inicial.","Caminhos sao naturais para Room Graph, pois o algoritmo ja trabalha com grafo explicito."
4,2003,"89D1B882","Quantitativo","uniqueModules","4","contagem","Medido","Contagem de modulos logicos e prefabs usados pela montagem do Room Graph.","Indica variedade basica de composicao.","A variedade vem das categorias logicas do grafo, conectores, corredores e assets configurados."
4,2003,"89D1B882","Quantitativo","navigableVolumeRatio","100%","%","Estimado sem NavMesh","Estimativa logica de celulas navegaveis antes de NavMesh.","Use como estimativa inicial, nao como validacao fisica final.","A navegabilidade e estimada no grid logico; validacao fisica final ainda exige NavMesh."
4,2003,"89D1B882","Quantitativo","criticalPathLength","218","metros","Medido","Maior distancia encontrada no grafo a partir da sala inicial.","Aproxima o percurso principal entre inicio e ponto mais distante no grafo.","Room Graph mede bem percurso principal porque distancias no grafo sao parte central do modelo."
4,2003,"89D1B882","Quantitativo","avgAlternativePathLength","42","metros","Medido","Media das arestas extras marcadas como loops.","Ha caminhos alternativos mensuraveis.","Loops e atalhos sao uma vantagem direta do Room Graph, bastando adicionar arestas extras."
4,2003,"89D1B882","Booleano","SupportsRandomEnemySpawns","Sim, testado","sim/nao","Suportado","Verifica se o sistema de spawn usa salas/celulas geradas pelo grafo.","Sistema configurado e com orcamento ativo.","Room Graph oferece salas/nos claros para spawns; balanceamento de combate e camada de gameplay."
4,2003,"89D1B882","Booleano","SupportsLootDistribution","Sim, testado","sim/nao","Suportado","Verifica se loot pode ser distribuido sobre salas/celulas do grafo.","Sistema configurado e com orcamento ativo.","Loot pode ser distribuido por nos/salas ou por distancia no grafo."
4,2003,"89D1B882","Booleano","SupportsTraps","Sim, testado","sim/nao","Suportado","Verifica se armadilhas podem ser marcadas em areas navegaveis.","Sistema configurado e com orcamento ativo.","Armadilhas podem ser colocadas em salas, corredores ou arestas especificas do grafo."
4,2003,"89D1B882","Booleano","SupportsBacktrackingLoops","Sim","sim/nao","Medido","Conta execucoes em que o grafo recebeu ciclos navegaveis.","A dungeon possui loop para retorno/caminho alternativo.","Suporte nativo quando o grafo recebe arestas extras alem da arvore de conectividade."
4,2003,"89D1B882","Booleano","SupportsVerticalConnectors","Sim","sim/nao","Medido","Conta execucoes com arestas verticais entre pavimentos.","Parametro atendido quando existem arestas verticais Room Graph entre pavimentos.","Implementado como arestas verticais do proprio Room Graph, sem usar BSP ou outro algoritmo auxiliar."
4,2003,"89D1B882","Booleano","SupportsMultiFloor","Sim","sim/nao","Medido","Conta execucoes com mais de um pavimento conectado por arestas verticais.","Parametro atendido quando ha pavimentos conectados dentro do mesmo grafo.","Implementado por nos distribuidos em pavimentos e arestas verticais entre camadas."
4,2003,"89D1B882","Booleano","SupportsBossArena","Sim","sim/nao","Medido","Conta execucoes com ao menos uma sala acima da area minima configurada.","Existe ao menos uma sala grande o suficiente.","Suportado se algum no/sala for grande o suficiente; pode exigir parametros de tamanho ou uma regra de no especial."
4,2003,"89D1B882","Booleano","SeedReproducible","Sim","sim/nao","Medido","Gera a mesma seed duas vezes e compara o hash topologico.","A seed reproduziu a mesma topologia.","O Room Graph e deterministico quando todas as escolhas usam a mesma seed."
4,2003,"89D1B882","Booleano","RuntimeRegeneration","Sim","sim/nao","Medido","Conta execucoes abaixo do limite de tempo configurado.","Tempo registrado: 16.659 ms.","Room Graph tende a ser rapido; a etapa mais sensivel e o posicionamento sem sobreposicao das salas."
4,2003,"89D1B882","Booleano","BudgetAwareSpawns","Sim","sim/nao","Suportado","Verifica se os orcamentos de inimigos, loot e armadilhas cabem nas celulas livres.","Orcamentos registrados: inimigos 10, loot 6, armadilhas 4.","Orcamentos sao controlados por camada de spawn sobre os nos/salas gerados."
4,2003,"89D1B882","Qualitativo","Replayability","5/5","Likert 1-5","Estimado automaticamente","Estimativa baseada na diversidade de hashes topologicos entre seeds.","Diversidade topologica: 100%.","A variacao entre seeds depende da combinacao entre grafo, embedding espacial e arestas extras."
4,2003,"89D1B882","Qualitativo","Debuggability","5/5","Likert 1-5","Estimado automaticamente","Estimativa baseada na natureza explicita do grafo de nos e arestas.","A estrutura de nos e arestas facilita inspecao, depuracao e reproducao por seed.","Room Graph e facil de depurar porque a topologia pode ser inspecionada como nos e arestas."
4,2003,"89D1B882","Qualitativo","Flow","5/5","Likert 1-5","Estimado automaticamente","Estimativa baseada em conectividade, caminho critico e ramificacao.","Indica fluidez de navegacao esperada.","O controle de fluxo e uma das maiores vantagens do Room Graph, pois caminhos e ramificacoes sao explicitos."
4,2003,"89D1B882","Qualitativo","Legibility","4/5","Likert 1-5","Estimado automaticamente","Estimativa baseada em conectividade, densidade e ramificacao do grafo.","Indica se o layout tende a ser compreensivel.","A legibilidade depende do embedding: o grafo e claro, mas corredores podem cruzar se o layout espacial ficar apertado."
4,2003,"89D1B882","Qualitativo","StructuralVariety","5/5","Likert 1-5","Estimado automaticamente","Estimativa baseada em quantidade de salas, modulos e loops.","Indica variedade estrutural dentro desta execucao.","A variedade estrutural e boa em macrofluxo; variedade local ainda depende de regras de decoracao/assets."
4,2003,"89D1B882","Performance","layoutGenerationMilliseconds","4.442","ms","Medido","Tempo para criar, posicionar e conectar o Room Graph logico.","Representa o custo algoritmico principal do Room Graph.","Mede custo de criar nos, posiciona-los e conectar o grafo; compare separado da instanciacao Unity."
4,2003,"89D1B882","Performance","geometryInstantiationMilliseconds","0","ms","Medido","Tempo gasto instanciando prefabs/objetos visuais quando habilitado.","A execucao mediu apenas o layout logico.","Custo visual depende dos prefabs/Unity, nao do Room Graph puro."
4,2003,"89D1B882","Performance","metricsCalculationMilliseconds","12.216","ms","Medido","Tempo para calcular e consolidar metricas apos a geracao.","Ajuda a quantificar custo da instrumentacao.","Custo da instrumentacao, nao do algoritmo."
4,2003,"89D1B882","Performance","totalGenerationMilliseconds","16.659","ms","Medido","Tempo total medido da execucao.","Inclui layout, instanciacao visual habilitada e calculo de metricas.","Inclui layout, instanciacao visual e metricas; use junto com o tempo logico."
4,2003,"89D1B882","Performance","generatedGameObjectCount","0","contagem","Medido","Quantidade de GameObjects criados durante a montagem visual.","Indica peso potencial de instanciacao no Unity.","Reflete peso da montagem visual da cena gerada pelo grafo."
4,2003,"89D1B882","Performance","occupiedCellCount","4349","contagem","Medido","Quantidade de celulas ocupadas no grid logico.","Proxy de escala espacial da dungeon.","Proxy de escala espacial resultante do embedding dos nos e corredores."
4,2003,"89D1B882","Performance","connectionCount","47","contagem","Medido","Quantidade de arestas/conexoes no grafo.","Reflete diretamente a complexidade topologica do grafo.","Metrica muito natural para Room Graph, pois corresponde diretamente ao numero de arestas."
4,2003,"89D1B882","Performance","managedMemoryDeltaKB","1024","KB","Estimado","Variacao aproximada de memoria gerenciada durante a execucao.","Valor aproximado, sensivel a GC e ao estado do Editor.","Estimativa sujeita ao GC da Unity; use como indicio comparativo."
5,2004,"08E96317","Quantitativo","numRoomsTarget","48","contagem","Medido","Contagem de nos/salas posicionados pelo Room Graph.","Indica quantos nos do grafo foram efetivamente posicionados como salas.","Room Graph controla salas como nos do grafo; a etapa de embedding pode gerar menos salas se nao houver espaco sem sobreposicao."
5,2004,"08E96317","Quantitativo","connectivityRatio","100%","%","Medido","Busca no grafo de salas a partir da sala inicial.","Mostra se as salas ficaram conectadas no componente principal do grafo.","Room Graph e forte neste parametro: a arvore de conexoes garante componente principal conectado quando ha pelo menos duas salas."
5,2004,"08E96317","Quantitativo","verticalVariance","2","metros","Medido","Desvio padrao das alturas dos nos/salas entre pavimentos.","Valor acima de 0 indica variacao vertical gerada por pavimentos e arestas verticais.","Room Graph puro suporta verticalidade ao criar arestas verticais entre nos de pavimentos adjacentes."
5,2004,"08E96317","Quantitativo","fillPercentage","53.61%","%","Medido","Celulas ocupadas por salas e corredores divididas pelo total do grid.","Indica densidade espacial da dungeon.","A densidade depende do numero de nos, tamanhos de sala e sucesso do posicionamento espacial do grafo."
5,2004,"08E96317","Quantitativo","branchFactor","2.042","media","Medido","Media de arestas por no/sala no grafo.","Valores maiores indicam mais bifurcacoes e loops no grafo.","O fator de ramificacao e diretamente controlado por arvore inicial e arestas extras de loop."
5,2004,"08E96317","Quantitativo","avgPathLength","122","metros","Medido","Distancias calculadas no grafo explicito de salas.","Distancia media a partir da sala inicial.","Caminhos sao naturais para Room Graph, pois o algoritmo ja trabalha com grafo explicito."
5,2004,"08E96317","Quantitativo","uniqueModules","4","contagem","Medido","Contagem de modulos logicos e prefabs usados pela montagem do Room Graph.","Indica variedade basica de composicao.","A variedade vem das categorias logicas do grafo, conectores, corredores e assets configurados."
5,2004,"08E96317","Quantitativo","navigableVolumeRatio","100%","%","Estimado sem NavMesh","Estimativa logica de celulas navegaveis antes de NavMesh.","Use como estimativa inicial, nao como validacao fisica final.","A navegabilidade e estimada no grid logico; validacao fisica final ainda exige NavMesh."
5,2004,"08E96317","Quantitativo","criticalPathLength","214","metros","Medido","Maior distancia encontrada no grafo a partir da sala inicial.","Aproxima o percurso principal entre inicio e ponto mais distante no grafo.","Room Graph mede bem percurso principal porque distancias no grafo sao parte central do modelo."
5,2004,"08E96317","Quantitativo","avgAlternativePathLength","38","metros","Medido","Media das arestas extras marcadas como loops.","Ha caminhos alternativos mensuraveis.","Loops e atalhos sao uma vantagem direta do Room Graph, bastando adicionar arestas extras."
5,2004,"08E96317","Booleano","SupportsRandomEnemySpawns","Sim, testado","sim/nao","Suportado","Verifica se o sistema de spawn usa salas/celulas geradas pelo grafo.","Sistema configurado e com orcamento ativo.","Room Graph oferece salas/nos claros para spawns; balanceamento de combate e camada de gameplay."
5,2004,"08E96317","Booleano","SupportsLootDistribution","Sim, testado","sim/nao","Suportado","Verifica se loot pode ser distribuido sobre salas/celulas do grafo.","Sistema configurado e com orcamento ativo.","Loot pode ser distribuido por nos/salas ou por distancia no grafo."
5,2004,"08E96317","Booleano","SupportsTraps","Sim, testado","sim/nao","Suportado","Verifica se armadilhas podem ser marcadas em areas navegaveis.","Sistema configurado e com orcamento ativo.","Armadilhas podem ser colocadas em salas, corredores ou arestas especificas do grafo."
5,2004,"08E96317","Booleano","SupportsBacktrackingLoops","Sim","sim/nao","Medido","Conta execucoes em que o grafo recebeu ciclos navegaveis.","A dungeon possui loop para retorno/caminho alternativo.","Suporte nativo quando o grafo recebe arestas extras alem da arvore de conectividade."
5,2004,"08E96317","Booleano","SupportsVerticalConnectors","Sim","sim/nao","Medido","Conta execucoes com arestas verticais entre pavimentos.","Parametro atendido quando existem arestas verticais Room Graph entre pavimentos.","Implementado como arestas verticais do proprio Room Graph, sem usar BSP ou outro algoritmo auxiliar."
5,2004,"08E96317","Booleano","SupportsMultiFloor","Sim","sim/nao","Medido","Conta execucoes com mais de um pavimento conectado por arestas verticais.","Parametro atendido quando ha pavimentos conectados dentro do mesmo grafo.","Implementado por nos distribuidos em pavimentos e arestas verticais entre camadas."
5,2004,"08E96317","Booleano","SupportsBossArena","Sim","sim/nao","Medido","Conta execucoes com ao menos uma sala acima da area minima configurada.","Existe ao menos uma sala grande o suficiente.","Suportado se algum no/sala for grande o suficiente; pode exigir parametros de tamanho ou uma regra de no especial."
5,2004,"08E96317","Booleano","SeedReproducible","Sim","sim/nao","Medido","Gera a mesma seed duas vezes e compara o hash topologico.","A seed reproduziu a mesma topologia.","O Room Graph e deterministico quando todas as escolhas usam a mesma seed."
5,2004,"08E96317","Booleano","RuntimeRegeneration","Sim","sim/nao","Medido","Conta execucoes abaixo do limite de tempo configurado.","Tempo registrado: 18.847 ms.","Room Graph tende a ser rapido; a etapa mais sensivel e o posicionamento sem sobreposicao das salas."
5,2004,"08E96317","Booleano","BudgetAwareSpawns","Sim","sim/nao","Suportado","Verifica se os orcamentos de inimigos, loot e armadilhas cabem nas celulas livres.","Orcamentos registrados: inimigos 10, loot 6, armadilhas 4.","Orcamentos sao controlados por camada de spawn sobre os nos/salas gerados."
5,2004,"08E96317","Qualitativo","Replayability","5/5","Likert 1-5","Estimado automaticamente","Estimativa baseada na diversidade de hashes topologicos entre seeds.","Diversidade topologica: 100%.","A variacao entre seeds depende da combinacao entre grafo, embedding espacial e arestas extras."
5,2004,"08E96317","Qualitativo","Debuggability","5/5","Likert 1-5","Estimado automaticamente","Estimativa baseada na natureza explicita do grafo de nos e arestas.","A estrutura de nos e arestas facilita inspecao, depuracao e reproducao por seed.","Room Graph e facil de depurar porque a topologia pode ser inspecionada como nos e arestas."
5,2004,"08E96317","Qualitativo","Flow","5/5","Likert 1-5","Estimado automaticamente","Estimativa baseada em conectividade, caminho critico e ramificacao.","Indica fluidez de navegacao esperada.","O controle de fluxo e uma das maiores vantagens do Room Graph, pois caminhos e ramificacoes sao explicitos."
5,2004,"08E96317","Qualitativo","Legibility","4/5","Likert 1-5","Estimado automaticamente","Estimativa baseada em conectividade, densidade e ramificacao do grafo.","Indica se o layout tende a ser compreensivel.","A legibilidade depende do embedding: o grafo e claro, mas corredores podem cruzar se o layout espacial ficar apertado."
5,2004,"08E96317","Qualitativo","StructuralVariety","5/5","Likert 1-5","Estimado automaticamente","Estimativa baseada em quantidade de salas, modulos e loops.","Indica variedade estrutural dentro desta execucao.","A variedade estrutural e boa em macrofluxo; variedade local ainda depende de regras de decoracao/assets."
5,2004,"08E96317","Performance","layoutGenerationMilliseconds","6.709","ms","Medido","Tempo para criar, posicionar e conectar o Room Graph logico.","Representa o custo algoritmico principal do Room Graph.","Mede custo de criar nos, posiciona-los e conectar o grafo; compare separado da instanciacao Unity."
5,2004,"08E96317","Performance","geometryInstantiationMilliseconds","0","ms","Medido","Tempo gasto instanciando prefabs/objetos visuais quando habilitado.","A execucao mediu apenas o layout logico.","Custo visual depende dos prefabs/Unity, nao do Room Graph puro."
5,2004,"08E96317","Performance","metricsCalculationMilliseconds","12.136","ms","Medido","Tempo para calcular e consolidar metricas apos a geracao.","Ajuda a quantificar custo da instrumentacao.","Custo da instrumentacao, nao do algoritmo."
5,2004,"08E96317","Performance","totalGenerationMilliseconds","18.847","ms","Medido","Tempo total medido da execucao.","Inclui layout, instanciacao visual habilitada e calculo de metricas.","Inclui layout, instanciacao visual e metricas; use junto com o tempo logico."
5,2004,"08E96317","Performance","generatedGameObjectCount","0","contagem","Medido","Quantidade de GameObjects criados durante a montagem visual.","Indica peso potencial de instanciacao no Unity.","Reflete peso da montagem visual da cena gerada pelo grafo."
5,2004,"08E96317","Performance","occupiedCellCount","4392","contagem","Medido","Quantidade de celulas ocupadas no grid logico.","Proxy de escala espacial da dungeon.","Proxy de escala espacial resultante do embedding dos nos e corredores."
5,2004,"08E96317","Performance","connectionCount","49","contagem","Medido","Quantidade de arestas/conexoes no grafo.","Reflete diretamente a complexidade topologica do grafo.","Metrica muito natural para Room Graph, pois corresponde diretamente ao numero de arestas."
5,2004,"08E96317","Performance","managedMemoryDeltaKB","1056","KB","Estimado","Variacao aproximada de memoria gerenciada durante a execucao.","Valor aproximado, sensivel a GC e ao estado do Editor.","Estimativa sujeita ao GC da Unity; use como indicio comparativo."
6,2005,"6B27D7DE","Quantitativo","numRoomsTarget","47","contagem","Medido","Contagem de nos/salas posicionados pelo Room Graph.","Indica quantos nos do grafo foram efetivamente posicionados como salas.","Room Graph controla salas como nos do grafo; a etapa de embedding pode gerar menos salas se nao houver espaco sem sobreposicao."
6,2005,"6B27D7DE","Quantitativo","connectivityRatio","100%","%","Medido","Busca no grafo de salas a partir da sala inicial.","Mostra se as salas ficaram conectadas no componente principal do grafo.","Room Graph e forte neste parametro: a arvore de conexoes garante componente principal conectado quando ha pelo menos duas salas."
6,2005,"6B27D7DE","Quantitativo","verticalVariance","2","metros","Medido","Desvio padrao das alturas dos nos/salas entre pavimentos.","Valor acima de 0 indica variacao vertical gerada por pavimentos e arestas verticais.","Room Graph puro suporta verticalidade ao criar arestas verticais entre nos de pavimentos adjacentes."
6,2005,"6B27D7DE","Quantitativo","fillPercentage","51.21%","%","Medido","Celulas ocupadas por salas e corredores divididas pelo total do grid.","Indica densidade espacial da dungeon.","A densidade depende do numero de nos, tamanhos de sala e sucesso do posicionamento espacial do grafo."
6,2005,"6B27D7DE","Quantitativo","branchFactor","2.043","media","Medido","Media de arestas por no/sala no grafo.","Valores maiores indicam mais bifurcacoes e loops no grafo.","O fator de ramificacao e diretamente controlado por arvore inicial e arestas extras de loop."
6,2005,"6B27D7DE","Quantitativo","avgPathLength","103.783","metros","Medido","Distancias calculadas no grafo explicito de salas.","Distancia media a partir da sala inicial.","Caminhos sao naturais para Room Graph, pois o algoritmo ja trabalha com grafo explicito."
6,2005,"6B27D7DE","Quantitativo","uniqueModules","4","contagem","Medido","Contagem de modulos logicos e prefabs usados pela montagem do Room Graph.","Indica variedade basica de composicao.","A variedade vem das categorias logicas do grafo, conectores, corredores e assets configurados."
6,2005,"6B27D7DE","Quantitativo","navigableVolumeRatio","100%","%","Estimado sem NavMesh","Estimativa logica de celulas navegaveis antes de NavMesh.","Use como estimativa inicial, nao como validacao fisica final.","A navegabilidade e estimada no grid logico; validacao fisica final ainda exige NavMesh."
6,2005,"6B27D7DE","Quantitativo","criticalPathLength","200","metros","Medido","Maior distancia encontrada no grafo a partir da sala inicial.","Aproxima o percurso principal entre inicio e ponto mais distante no grafo.","Room Graph mede bem percurso principal porque distancias no grafo sao parte central do modelo."
6,2005,"6B27D7DE","Quantitativo","avgAlternativePathLength","42","metros","Medido","Media das arestas extras marcadas como loops.","Ha caminhos alternativos mensuraveis.","Loops e atalhos sao uma vantagem direta do Room Graph, bastando adicionar arestas extras."
6,2005,"6B27D7DE","Booleano","SupportsRandomEnemySpawns","Sim, testado","sim/nao","Suportado","Verifica se o sistema de spawn usa salas/celulas geradas pelo grafo.","Sistema configurado e com orcamento ativo.","Room Graph oferece salas/nos claros para spawns; balanceamento de combate e camada de gameplay."
6,2005,"6B27D7DE","Booleano","SupportsLootDistribution","Sim, testado","sim/nao","Suportado","Verifica se loot pode ser distribuido sobre salas/celulas do grafo.","Sistema configurado e com orcamento ativo.","Loot pode ser distribuido por nos/salas ou por distancia no grafo."
6,2005,"6B27D7DE","Booleano","SupportsTraps","Sim, testado","sim/nao","Suportado","Verifica se armadilhas podem ser marcadas em areas navegaveis.","Sistema configurado e com orcamento ativo.","Armadilhas podem ser colocadas em salas, corredores ou arestas especificas do grafo."
6,2005,"6B27D7DE","Booleano","SupportsBacktrackingLoops","Sim","sim/nao","Medido","Conta execucoes em que o grafo recebeu ciclos navegaveis.","A dungeon possui loop para retorno/caminho alternativo.","Suporte nativo quando o grafo recebe arestas extras alem da arvore de conectividade."
6,2005,"6B27D7DE","Booleano","SupportsVerticalConnectors","Sim","sim/nao","Medido","Conta execucoes com arestas verticais entre pavimentos.","Parametro atendido quando existem arestas verticais Room Graph entre pavimentos.","Implementado como arestas verticais do proprio Room Graph, sem usar BSP ou outro algoritmo auxiliar."
6,2005,"6B27D7DE","Booleano","SupportsMultiFloor","Sim","sim/nao","Medido","Conta execucoes com mais de um pavimento conectado por arestas verticais.","Parametro atendido quando ha pavimentos conectados dentro do mesmo grafo.","Implementado por nos distribuidos em pavimentos e arestas verticais entre camadas."
6,2005,"6B27D7DE","Booleano","SupportsBossArena","Sim","sim/nao","Medido","Conta execucoes com ao menos uma sala acima da area minima configurada.","Existe ao menos uma sala grande o suficiente.","Suportado se algum no/sala for grande o suficiente; pode exigir parametros de tamanho ou uma regra de no especial."
6,2005,"6B27D7DE","Booleano","SeedReproducible","Sim","sim/nao","Medido","Gera a mesma seed duas vezes e compara o hash topologico.","A seed reproduziu a mesma topologia.","O Room Graph e deterministico quando todas as escolhas usam a mesma seed."
6,2005,"6B27D7DE","Booleano","RuntimeRegeneration","Sim","sim/nao","Medido","Conta execucoes abaixo do limite de tempo configurado.","Tempo registrado: 15.01 ms.","Room Graph tende a ser rapido; a etapa mais sensivel e o posicionamento sem sobreposicao das salas."
6,2005,"6B27D7DE","Booleano","BudgetAwareSpawns","Sim","sim/nao","Suportado","Verifica se os orcamentos de inimigos, loot e armadilhas cabem nas celulas livres.","Orcamentos registrados: inimigos 10, loot 6, armadilhas 4.","Orcamentos sao controlados por camada de spawn sobre os nos/salas gerados."
6,2005,"6B27D7DE","Qualitativo","Replayability","5/5","Likert 1-5","Estimado automaticamente","Estimativa baseada na diversidade de hashes topologicos entre seeds.","Diversidade topologica: 100%.","A variacao entre seeds depende da combinacao entre grafo, embedding espacial e arestas extras."
6,2005,"6B27D7DE","Qualitativo","Debuggability","5/5","Likert 1-5","Estimado automaticamente","Estimativa baseada na natureza explicita do grafo de nos e arestas.","A estrutura de nos e arestas facilita inspecao, depuracao e reproducao por seed.","Room Graph e facil de depurar porque a topologia pode ser inspecionada como nos e arestas."
6,2005,"6B27D7DE","Qualitativo","Flow","5/5","Likert 1-5","Estimado automaticamente","Estimativa baseada em conectividade, caminho critico e ramificacao.","Indica fluidez de navegacao esperada.","O controle de fluxo e uma das maiores vantagens do Room Graph, pois caminhos e ramificacoes sao explicitos."
6,2005,"6B27D7DE","Qualitativo","Legibility","4/5","Likert 1-5","Estimado automaticamente","Estimativa baseada em conectividade, densidade e ramificacao do grafo.","Indica se o layout tende a ser compreensivel.","A legibilidade depende do embedding: o grafo e claro, mas corredores podem cruzar se o layout espacial ficar apertado."
6,2005,"6B27D7DE","Qualitativo","StructuralVariety","5/5","Likert 1-5","Estimado automaticamente","Estimativa baseada em quantidade de salas, modulos e loops.","Indica variedade estrutural dentro desta execucao.","A variedade estrutural e boa em macrofluxo; variedade local ainda depende de regras de decoracao/assets."
6,2005,"6B27D7DE","Performance","layoutGenerationMilliseconds","4.515","ms","Medido","Tempo para criar, posicionar e conectar o Room Graph logico.","Representa o custo algoritmico principal do Room Graph.","Mede custo de criar nos, posiciona-los e conectar o grafo; compare separado da instanciacao Unity."
6,2005,"6B27D7DE","Performance","geometryInstantiationMilliseconds","0","ms","Medido","Tempo gasto instanciando prefabs/objetos visuais quando habilitado.","A execucao mediu apenas o layout logico.","Custo visual depende dos prefabs/Unity, nao do Room Graph puro."
6,2005,"6B27D7DE","Performance","metricsCalculationMilliseconds","10.493","ms","Medido","Tempo para calcular e consolidar metricas apos a geracao.","Ajuda a quantificar custo da instrumentacao.","Custo da instrumentacao, nao do algoritmo."
6,2005,"6B27D7DE","Performance","totalGenerationMilliseconds","15.01","ms","Medido","Tempo total medido da execucao.","Inclui layout, instanciacao visual habilitada e calculo de metricas.","Inclui layout, instanciacao visual e metricas; use junto com o tempo logico."
6,2005,"6B27D7DE","Performance","generatedGameObjectCount","0","contagem","Medido","Quantidade de GameObjects criados durante a montagem visual.","Indica peso potencial de instanciacao no Unity.","Reflete peso da montagem visual da cena gerada pelo grafo."
6,2005,"6B27D7DE","Performance","occupiedCellCount","4195","contagem","Medido","Quantidade de celulas ocupadas no grid logico.","Proxy de escala espacial da dungeon.","Proxy de escala espacial resultante do embedding dos nos e corredores."
6,2005,"6B27D7DE","Performance","connectionCount","48","contagem","Medido","Quantidade de arestas/conexoes no grafo.","Reflete diretamente a complexidade topologica do grafo.","Metrica muito natural para Room Graph, pois corresponde diretamente ao numero de arestas."
6,2005,"6B27D7DE","Performance","managedMemoryDeltaKB","968","KB","Estimado","Variacao aproximada de memoria gerenciada durante a execucao.","Valor aproximado, sensivel a GC e ao estado do Editor.","Estimativa sujeita ao GC da Unity; use como indicio comparativo."
7,2006,"6087AACA","Quantitativo","numRoomsTarget","47","contagem","Medido","Contagem de nos/salas posicionados pelo Room Graph.","Indica quantos nos do grafo foram efetivamente posicionados como salas.","Room Graph controla salas como nos do grafo; a etapa de embedding pode gerar menos salas se nao houver espaco sem sobreposicao."
7,2006,"6087AACA","Quantitativo","connectivityRatio","100%","%","Medido","Busca no grafo de salas a partir da sala inicial.","Mostra se as salas ficaram conectadas no componente principal do grafo.","Room Graph e forte neste parametro: a arvore de conexoes garante componente principal conectado quando ha pelo menos duas salas."
7,2006,"6087AACA","Quantitativo","verticalVariance","2","metros","Medido","Desvio padrao das alturas dos nos/salas entre pavimentos.","Valor acima de 0 indica variacao vertical gerada por pavimentos e arestas verticais.","Room Graph puro suporta verticalidade ao criar arestas verticais entre nos de pavimentos adjacentes."
7,2006,"6087AACA","Quantitativo","fillPercentage","51.76%","%","Medido","Celulas ocupadas por salas e corredores divididas pelo total do grid.","Indica densidade espacial da dungeon.","A densidade depende do numero de nos, tamanhos de sala e sucesso do posicionamento espacial do grafo."
7,2006,"6087AACA","Quantitativo","branchFactor","2.043","media","Medido","Media de arestas por no/sala no grafo.","Valores maiores indicam mais bifurcacoes e loops no grafo.","O fator de ramificacao e diretamente controlado por arvore inicial e arestas extras de loop."
7,2006,"6087AACA","Quantitativo","avgPathLength","196.304","metros","Medido","Distancias calculadas no grafo explicito de salas.","Distancia media a partir da sala inicial.","Caminhos sao naturais para Room Graph, pois o algoritmo ja trabalha com grafo explicito."
7,2006,"6087AACA","Quantitativo","uniqueModules","4","contagem","Medido","Contagem de modulos logicos e prefabs usados pela montagem do Room Graph.","Indica variedade basica de composicao.","A variedade vem das categorias logicas do grafo, conectores, corredores e assets configurados."
7,2006,"6087AACA","Quantitativo","navigableVolumeRatio","100%","%","Estimado sem NavMesh","Estimativa logica de celulas navegaveis antes de NavMesh.","Use como estimativa inicial, nao como validacao fisica final.","A navegabilidade e estimada no grid logico; validacao fisica final ainda exige NavMesh."
7,2006,"6087AACA","Quantitativo","criticalPathLength","334","metros","Medido","Maior distancia encontrada no grafo a partir da sala inicial.","Aproxima o percurso principal entre inicio e ponto mais distante no grafo.","Room Graph mede bem percurso principal porque distancias no grafo sao parte central do modelo."
7,2006,"6087AACA","Quantitativo","avgAlternativePathLength","31","metros","Medido","Media das arestas extras marcadas como loops.","Ha caminhos alternativos mensuraveis.","Loops e atalhos sao uma vantagem direta do Room Graph, bastando adicionar arestas extras."
7,2006,"6087AACA","Booleano","SupportsRandomEnemySpawns","Sim, testado","sim/nao","Suportado","Verifica se o sistema de spawn usa salas/celulas geradas pelo grafo.","Sistema configurado e com orcamento ativo.","Room Graph oferece salas/nos claros para spawns; balanceamento de combate e camada de gameplay."
7,2006,"6087AACA","Booleano","SupportsLootDistribution","Sim, testado","sim/nao","Suportado","Verifica se loot pode ser distribuido sobre salas/celulas do grafo.","Sistema configurado e com orcamento ativo.","Loot pode ser distribuido por nos/salas ou por distancia no grafo."
7,2006,"6087AACA","Booleano","SupportsTraps","Sim, testado","sim/nao","Suportado","Verifica se armadilhas podem ser marcadas em areas navegaveis.","Sistema configurado e com orcamento ativo.","Armadilhas podem ser colocadas em salas, corredores ou arestas especificas do grafo."
7,2006,"6087AACA","Booleano","SupportsBacktrackingLoops","Sim","sim/nao","Medido","Conta execucoes em que o grafo recebeu ciclos navegaveis.","A dungeon possui loop para retorno/caminho alternativo.","Suporte nativo quando o grafo recebe arestas extras alem da arvore de conectividade."
7,2006,"6087AACA","Booleano","SupportsVerticalConnectors","Sim","sim/nao","Medido","Conta execucoes com arestas verticais entre pavimentos.","Parametro atendido quando existem arestas verticais Room Graph entre pavimentos.","Implementado como arestas verticais do proprio Room Graph, sem usar BSP ou outro algoritmo auxiliar."
7,2006,"6087AACA","Booleano","SupportsMultiFloor","Sim","sim/nao","Medido","Conta execucoes com mais de um pavimento conectado por arestas verticais.","Parametro atendido quando ha pavimentos conectados dentro do mesmo grafo.","Implementado por nos distribuidos em pavimentos e arestas verticais entre camadas."
7,2006,"6087AACA","Booleano","SupportsBossArena","Sim","sim/nao","Medido","Conta execucoes com ao menos uma sala acima da area minima configurada.","Existe ao menos uma sala grande o suficiente.","Suportado se algum no/sala for grande o suficiente; pode exigir parametros de tamanho ou uma regra de no especial."
7,2006,"6087AACA","Booleano","SeedReproducible","Sim","sim/nao","Medido","Gera a mesma seed duas vezes e compara o hash topologico.","A seed reproduziu a mesma topologia.","O Room Graph e deterministico quando todas as escolhas usam a mesma seed."
7,2006,"6087AACA","Booleano","RuntimeRegeneration","Sim","sim/nao","Medido","Conta execucoes abaixo do limite de tempo configurado.","Tempo registrado: 12.468 ms.","Room Graph tende a ser rapido; a etapa mais sensivel e o posicionamento sem sobreposicao das salas."
7,2006,"6087AACA","Booleano","BudgetAwareSpawns","Sim","sim/nao","Suportado","Verifica se os orcamentos de inimigos, loot e armadilhas cabem nas celulas livres.","Orcamentos registrados: inimigos 10, loot 6, armadilhas 4.","Orcamentos sao controlados por camada de spawn sobre os nos/salas gerados."
7,2006,"6087AACA","Qualitativo","Replayability","5/5","Likert 1-5","Estimado automaticamente","Estimativa baseada na diversidade de hashes topologicos entre seeds.","Diversidade topologica: 100%.","A variacao entre seeds depende da combinacao entre grafo, embedding espacial e arestas extras."
7,2006,"6087AACA","Qualitativo","Debuggability","5/5","Likert 1-5","Estimado automaticamente","Estimativa baseada na natureza explicita do grafo de nos e arestas.","A estrutura de nos e arestas facilita inspecao, depuracao e reproducao por seed.","Room Graph e facil de depurar porque a topologia pode ser inspecionada como nos e arestas."
7,2006,"6087AACA","Qualitativo","Flow","5/5","Likert 1-5","Estimado automaticamente","Estimativa baseada em conectividade, caminho critico e ramificacao.","Indica fluidez de navegacao esperada.","O controle de fluxo e uma das maiores vantagens do Room Graph, pois caminhos e ramificacoes sao explicitos."
7,2006,"6087AACA","Qualitativo","Legibility","4/5","Likert 1-5","Estimado automaticamente","Estimativa baseada em conectividade, densidade e ramificacao do grafo.","Indica se o layout tende a ser compreensivel.","A legibilidade depende do embedding: o grafo e claro, mas corredores podem cruzar se o layout espacial ficar apertado."
7,2006,"6087AACA","Qualitativo","StructuralVariety","5/5","Likert 1-5","Estimado automaticamente","Estimativa baseada em quantidade de salas, modulos e loops.","Indica variedade estrutural dentro desta execucao.","A variedade estrutural e boa em macrofluxo; variedade local ainda depende de regras de decoracao/assets."
7,2006,"6087AACA","Performance","layoutGenerationMilliseconds","3.7","ms","Medido","Tempo para criar, posicionar e conectar o Room Graph logico.","Representa o custo algoritmico principal do Room Graph.","Mede custo de criar nos, posiciona-los e conectar o grafo; compare separado da instanciacao Unity."
7,2006,"6087AACA","Performance","geometryInstantiationMilliseconds","0","ms","Medido","Tempo gasto instanciando prefabs/objetos visuais quando habilitado.","A execucao mediu apenas o layout logico.","Custo visual depende dos prefabs/Unity, nao do Room Graph puro."
7,2006,"6087AACA","Performance","metricsCalculationMilliseconds","8.766","ms","Medido","Tempo para calcular e consolidar metricas apos a geracao.","Ajuda a quantificar custo da instrumentacao.","Custo da instrumentacao, nao do algoritmo."
7,2006,"6087AACA","Performance","totalGenerationMilliseconds","12.468","ms","Medido","Tempo total medido da execucao.","Inclui layout, instanciacao visual habilitada e calculo de metricas.","Inclui layout, instanciacao visual e metricas; use junto com o tempo logico."
7,2006,"6087AACA","Performance","generatedGameObjectCount","0","contagem","Medido","Quantidade de GameObjects criados durante a montagem visual.","Indica peso potencial de instanciacao no Unity.","Reflete peso da montagem visual da cena gerada pelo grafo."
7,2006,"6087AACA","Performance","occupiedCellCount","4240","contagem","Medido","Quantidade de celulas ocupadas no grid logico.","Proxy de escala espacial da dungeon.","Proxy de escala espacial resultante do embedding dos nos e corredores."
7,2006,"6087AACA","Performance","connectionCount","48","contagem","Medido","Quantidade de arestas/conexoes no grafo.","Reflete diretamente a complexidade topologica do grafo.","Metrica muito natural para Room Graph, pois corresponde diretamente ao numero de arestas."
7,2006,"6087AACA","Performance","managedMemoryDeltaKB","1024","KB","Estimado","Variacao aproximada de memoria gerenciada durante a execucao.","Valor aproximado, sensivel a GC e ao estado do Editor.","Estimativa sujeita ao GC da Unity; use como indicio comparativo."
8,2007,"D6B4C89C","Quantitativo","numRoomsTarget","47","contagem","Medido","Contagem de nos/salas posicionados pelo Room Graph.","Indica quantos nos do grafo foram efetivamente posicionados como salas.","Room Graph controla salas como nos do grafo; a etapa de embedding pode gerar menos salas se nao houver espaco sem sobreposicao."
8,2007,"D6B4C89C","Quantitativo","connectivityRatio","100%","%","Medido","Busca no grafo de salas a partir da sala inicial.","Mostra se as salas ficaram conectadas no componente principal do grafo.","Room Graph e forte neste parametro: a arvore de conexoes garante componente principal conectado quando ha pelo menos duas salas."
8,2007,"D6B4C89C","Quantitativo","verticalVariance","2","metros","Medido","Desvio padrao das alturas dos nos/salas entre pavimentos.","Valor acima de 0 indica variacao vertical gerada por pavimentos e arestas verticais.","Room Graph puro suporta verticalidade ao criar arestas verticais entre nos de pavimentos adjacentes."
8,2007,"D6B4C89C","Quantitativo","fillPercentage","51.53%","%","Medido","Celulas ocupadas por salas e corredores divididas pelo total do grid.","Indica densidade espacial da dungeon.","A densidade depende do numero de nos, tamanhos de sala e sucesso do posicionamento espacial do grafo."
8,2007,"D6B4C89C","Quantitativo","branchFactor","2.043","media","Medido","Media de arestas por no/sala no grafo.","Valores maiores indicam mais bifurcacoes e loops no grafo.","O fator de ramificacao e diretamente controlado por arvore inicial e arestas extras de loop."
8,2007,"D6B4C89C","Quantitativo","avgPathLength","139","metros","Medido","Distancias calculadas no grafo explicito de salas.","Distancia media a partir da sala inicial.","Caminhos sao naturais para Room Graph, pois o algoritmo ja trabalha com grafo explicito."
8,2007,"D6B4C89C","Quantitativo","uniqueModules","4","contagem","Medido","Contagem de modulos logicos e prefabs usados pela montagem do Room Graph.","Indica variedade basica de composicao.","A variedade vem das categorias logicas do grafo, conectores, corredores e assets configurados."
8,2007,"D6B4C89C","Quantitativo","navigableVolumeRatio","100%","%","Estimado sem NavMesh","Estimativa logica de celulas navegaveis antes de NavMesh.","Use como estimativa inicial, nao como validacao fisica final.","A navegabilidade e estimada no grid logico; validacao fisica final ainda exige NavMesh."
8,2007,"D6B4C89C","Quantitativo","criticalPathLength","272","metros","Medido","Maior distancia encontrada no grafo a partir da sala inicial.","Aproxima o percurso principal entre inicio e ponto mais distante no grafo.","Room Graph mede bem percurso principal porque distancias no grafo sao parte central do modelo."
8,2007,"D6B4C89C","Quantitativo","avgAlternativePathLength","41","metros","Medido","Media das arestas extras marcadas como loops.","Ha caminhos alternativos mensuraveis.","Loops e atalhos sao uma vantagem direta do Room Graph, bastando adicionar arestas extras."
8,2007,"D6B4C89C","Booleano","SupportsRandomEnemySpawns","Sim, testado","sim/nao","Suportado","Verifica se o sistema de spawn usa salas/celulas geradas pelo grafo.","Sistema configurado e com orcamento ativo.","Room Graph oferece salas/nos claros para spawns; balanceamento de combate e camada de gameplay."
8,2007,"D6B4C89C","Booleano","SupportsLootDistribution","Sim, testado","sim/nao","Suportado","Verifica se loot pode ser distribuido sobre salas/celulas do grafo.","Sistema configurado e com orcamento ativo.","Loot pode ser distribuido por nos/salas ou por distancia no grafo."
8,2007,"D6B4C89C","Booleano","SupportsTraps","Sim, testado","sim/nao","Suportado","Verifica se armadilhas podem ser marcadas em areas navegaveis.","Sistema configurado e com orcamento ativo.","Armadilhas podem ser colocadas em salas, corredores ou arestas especificas do grafo."
8,2007,"D6B4C89C","Booleano","SupportsBacktrackingLoops","Sim","sim/nao","Medido","Conta execucoes em que o grafo recebeu ciclos navegaveis.","A dungeon possui loop para retorno/caminho alternativo.","Suporte nativo quando o grafo recebe arestas extras alem da arvore de conectividade."
8,2007,"D6B4C89C","Booleano","SupportsVerticalConnectors","Sim","sim/nao","Medido","Conta execucoes com arestas verticais entre pavimentos.","Parametro atendido quando existem arestas verticais Room Graph entre pavimentos.","Implementado como arestas verticais do proprio Room Graph, sem usar BSP ou outro algoritmo auxiliar."
8,2007,"D6B4C89C","Booleano","SupportsMultiFloor","Sim","sim/nao","Medido","Conta execucoes com mais de um pavimento conectado por arestas verticais.","Parametro atendido quando ha pavimentos conectados dentro do mesmo grafo.","Implementado por nos distribuidos em pavimentos e arestas verticais entre camadas."
8,2007,"D6B4C89C","Booleano","SupportsBossArena","Sim","sim/nao","Medido","Conta execucoes com ao menos uma sala acima da area minima configurada.","Existe ao menos uma sala grande o suficiente.","Suportado se algum no/sala for grande o suficiente; pode exigir parametros de tamanho ou uma regra de no especial."
8,2007,"D6B4C89C","Booleano","SeedReproducible","Sim","sim/nao","Medido","Gera a mesma seed duas vezes e compara o hash topologico.","A seed reproduziu a mesma topologia.","O Room Graph e deterministico quando todas as escolhas usam a mesma seed."
8,2007,"D6B4C89C","Booleano","RuntimeRegeneration","Sim","sim/nao","Medido","Conta execucoes abaixo do limite de tempo configurado.","Tempo registrado: 12.022 ms.","Room Graph tende a ser rapido; a etapa mais sensivel e o posicionamento sem sobreposicao das salas."
8,2007,"D6B4C89C","Booleano","BudgetAwareSpawns","Sim","sim/nao","Suportado","Verifica se os orcamentos de inimigos, loot e armadilhas cabem nas celulas livres.","Orcamentos registrados: inimigos 10, loot 6, armadilhas 4.","Orcamentos sao controlados por camada de spawn sobre os nos/salas gerados."
8,2007,"D6B4C89C","Qualitativo","Replayability","5/5","Likert 1-5","Estimado automaticamente","Estimativa baseada na diversidade de hashes topologicos entre seeds.","Diversidade topologica: 100%.","A variacao entre seeds depende da combinacao entre grafo, embedding espacial e arestas extras."
8,2007,"D6B4C89C","Qualitativo","Debuggability","5/5","Likert 1-5","Estimado automaticamente","Estimativa baseada na natureza explicita do grafo de nos e arestas.","A estrutura de nos e arestas facilita inspecao, depuracao e reproducao por seed.","Room Graph e facil de depurar porque a topologia pode ser inspecionada como nos e arestas."
8,2007,"D6B4C89C","Qualitativo","Flow","5/5","Likert 1-5","Estimado automaticamente","Estimativa baseada em conectividade, caminho critico e ramificacao.","Indica fluidez de navegacao esperada.","O controle de fluxo e uma das maiores vantagens do Room Graph, pois caminhos e ramificacoes sao explicitos."
8,2007,"D6B4C89C","Qualitativo","Legibility","4/5","Likert 1-5","Estimado automaticamente","Estimativa baseada em conectividade, densidade e ramificacao do grafo.","Indica se o layout tende a ser compreensivel.","A legibilidade depende do embedding: o grafo e claro, mas corredores podem cruzar se o layout espacial ficar apertado."
8,2007,"D6B4C89C","Qualitativo","StructuralVariety","5/5","Likert 1-5","Estimado automaticamente","Estimativa baseada em quantidade de salas, modulos e loops.","Indica variedade estrutural dentro desta execucao.","A variedade estrutural e boa em macrofluxo; variedade local ainda depende de regras de decoracao/assets."
8,2007,"D6B4C89C","Performance","layoutGenerationMilliseconds","2.796","ms","Medido","Tempo para criar, posicionar e conectar o Room Graph logico.","Representa o custo algoritmico principal do Room Graph.","Mede custo de criar nos, posiciona-los e conectar o grafo; compare separado da instanciacao Unity."
8,2007,"D6B4C89C","Performance","geometryInstantiationMilliseconds","0","ms","Medido","Tempo gasto instanciando prefabs/objetos visuais quando habilitado.","A execucao mediu apenas o layout logico.","Custo visual depende dos prefabs/Unity, nao do Room Graph puro."
8,2007,"D6B4C89C","Performance","metricsCalculationMilliseconds","9.225","ms","Medido","Tempo para calcular e consolidar metricas apos a geracao.","Ajuda a quantificar custo da instrumentacao.","Custo da instrumentacao, nao do algoritmo."
8,2007,"D6B4C89C","Performance","totalGenerationMilliseconds","12.022","ms","Medido","Tempo total medido da execucao.","Inclui layout, instanciacao visual habilitada e calculo de metricas.","Inclui layout, instanciacao visual e metricas; use junto com o tempo logico."
8,2007,"D6B4C89C","Performance","generatedGameObjectCount","0","contagem","Medido","Quantidade de GameObjects criados durante a montagem visual.","Indica peso potencial de instanciacao no Unity.","Reflete peso da montagem visual da cena gerada pelo grafo."
8,2007,"D6B4C89C","Performance","occupiedCellCount","4221","contagem","Medido","Quantidade de celulas ocupadas no grid logico.","Proxy de escala espacial da dungeon.","Proxy de escala espacial resultante do embedding dos nos e corredores."
8,2007,"D6B4C89C","Performance","connectionCount","48","contagem","Medido","Quantidade de arestas/conexoes no grafo.","Reflete diretamente a complexidade topologica do grafo.","Metrica muito natural para Room Graph, pois corresponde diretamente ao numero de arestas."
8,2007,"D6B4C89C","Performance","managedMemoryDeltaKB","1008","KB","Estimado","Variacao aproximada de memoria gerenciada durante a execucao.","Valor aproximado, sensivel a GC e ao estado do Editor.","Estimativa sujeita ao GC da Unity; use como indicio comparativo."
9,2008,"80993A22","Quantitativo","numRoomsTarget","45","contagem","Medido","Contagem de nos/salas posicionados pelo Room Graph.","Indica quantos nos do grafo foram efetivamente posicionados como salas.","Room Graph controla salas como nos do grafo; a etapa de embedding pode gerar menos salas se nao houver espaco sem sobreposicao."
9,2008,"80993A22","Quantitativo","connectivityRatio","100%","%","Medido","Busca no grafo de salas a partir da sala inicial.","Mostra se as salas ficaram conectadas no componente principal do grafo.","Room Graph e forte neste parametro: a arvore de conexoes garante componente principal conectado quando ha pelo menos duas salas."
9,2008,"80993A22","Quantitativo","verticalVariance","2","metros","Medido","Desvio padrao das alturas dos nos/salas entre pavimentos.","Valor acima de 0 indica variacao vertical gerada por pavimentos e arestas verticais.","Room Graph puro suporta verticalidade ao criar arestas verticais entre nos de pavimentos adjacentes."
9,2008,"80993A22","Quantitativo","fillPercentage","55.93%","%","Medido","Celulas ocupadas por salas e corredores divididas pelo total do grid.","Indica densidade espacial da dungeon.","A densidade depende do numero de nos, tamanhos de sala e sucesso do posicionamento espacial do grafo."
9,2008,"80993A22","Quantitativo","branchFactor","2.044","media","Medido","Media de arestas por no/sala no grafo.","Valores maiores indicam mais bifurcacoes e loops no grafo.","O fator de ramificacao e diretamente controlado por arvore inicial e arestas extras de loop."
9,2008,"80993A22","Quantitativo","avgPathLength","90.818","metros","Medido","Distancias calculadas no grafo explicito de salas.","Distancia media a partir da sala inicial.","Caminhos sao naturais para Room Graph, pois o algoritmo ja trabalha com grafo explicito."
9,2008,"80993A22","Quantitativo","uniqueModules","4","contagem","Medido","Contagem de modulos logicos e prefabs usados pela montagem do Room Graph.","Indica variedade basica de composicao.","A variedade vem das categorias logicas do grafo, conectores, corredores e assets configurados."
9,2008,"80993A22","Quantitativo","navigableVolumeRatio","100%","%","Estimado sem NavMesh","Estimativa logica de celulas navegaveis antes de NavMesh.","Use como estimativa inicial, nao como validacao fisica final.","A navegabilidade e estimada no grid logico; validacao fisica final ainda exige NavMesh."
9,2008,"80993A22","Quantitativo","criticalPathLength","178","metros","Medido","Maior distancia encontrada no grafo a partir da sala inicial.","Aproxima o percurso principal entre inicio e ponto mais distante no grafo.","Room Graph mede bem percurso principal porque distancias no grafo sao parte central do modelo."
9,2008,"80993A22","Quantitativo","avgAlternativePathLength","20","metros","Medido","Media das arestas extras marcadas como loops.","Ha caminhos alternativos mensuraveis.","Loops e atalhos sao uma vantagem direta do Room Graph, bastando adicionar arestas extras."
9,2008,"80993A22","Booleano","SupportsRandomEnemySpawns","Sim, testado","sim/nao","Suportado","Verifica se o sistema de spawn usa salas/celulas geradas pelo grafo.","Sistema configurado e com orcamento ativo.","Room Graph oferece salas/nos claros para spawns; balanceamento de combate e camada de gameplay."
9,2008,"80993A22","Booleano","SupportsLootDistribution","Sim, testado","sim/nao","Suportado","Verifica se loot pode ser distribuido sobre salas/celulas do grafo.","Sistema configurado e com orcamento ativo.","Loot pode ser distribuido por nos/salas ou por distancia no grafo."
9,2008,"80993A22","Booleano","SupportsTraps","Sim, testado","sim/nao","Suportado","Verifica se armadilhas podem ser marcadas em areas navegaveis.","Sistema configurado e com orcamento ativo.","Armadilhas podem ser colocadas em salas, corredores ou arestas especificas do grafo."
9,2008,"80993A22","Booleano","SupportsBacktrackingLoops","Sim","sim/nao","Medido","Conta execucoes em que o grafo recebeu ciclos navegaveis.","A dungeon possui loop para retorno/caminho alternativo.","Suporte nativo quando o grafo recebe arestas extras alem da arvore de conectividade."
9,2008,"80993A22","Booleano","SupportsVerticalConnectors","Sim","sim/nao","Medido","Conta execucoes com arestas verticais entre pavimentos.","Parametro atendido quando existem arestas verticais Room Graph entre pavimentos.","Implementado como arestas verticais do proprio Room Graph, sem usar BSP ou outro algoritmo auxiliar."
9,2008,"80993A22","Booleano","SupportsMultiFloor","Sim","sim/nao","Medido","Conta execucoes com mais de um pavimento conectado por arestas verticais.","Parametro atendido quando ha pavimentos conectados dentro do mesmo grafo.","Implementado por nos distribuidos em pavimentos e arestas verticais entre camadas."
9,2008,"80993A22","Booleano","SupportsBossArena","Sim","sim/nao","Medido","Conta execucoes com ao menos uma sala acima da area minima configurada.","Existe ao menos uma sala grande o suficiente.","Suportado se algum no/sala for grande o suficiente; pode exigir parametros de tamanho ou uma regra de no especial."
9,2008,"80993A22","Booleano","SeedReproducible","Sim","sim/nao","Medido","Gera a mesma seed duas vezes e compara o hash topologico.","A seed reproduziu a mesma topologia.","O Room Graph e deterministico quando todas as escolhas usam a mesma seed."
9,2008,"80993A22","Booleano","RuntimeRegeneration","Sim","sim/nao","Medido","Conta execucoes abaixo do limite de tempo configurado.","Tempo registrado: 10.994 ms.","Room Graph tende a ser rapido; a etapa mais sensivel e o posicionamento sem sobreposicao das salas."
9,2008,"80993A22","Booleano","BudgetAwareSpawns","Sim","sim/nao","Suportado","Verifica se os orcamentos de inimigos, loot e armadilhas cabem nas celulas livres.","Orcamentos registrados: inimigos 10, loot 6, armadilhas 4.","Orcamentos sao controlados por camada de spawn sobre os nos/salas gerados."
9,2008,"80993A22","Qualitativo","Replayability","5/5","Likert 1-5","Estimado automaticamente","Estimativa baseada na diversidade de hashes topologicos entre seeds.","Diversidade topologica: 100%.","A variacao entre seeds depende da combinacao entre grafo, embedding espacial e arestas extras."
9,2008,"80993A22","Qualitativo","Debuggability","5/5","Likert 1-5","Estimado automaticamente","Estimativa baseada na natureza explicita do grafo de nos e arestas.","A estrutura de nos e arestas facilita inspecao, depuracao e reproducao por seed.","Room Graph e facil de depurar porque a topologia pode ser inspecionada como nos e arestas."
9,2008,"80993A22","Qualitativo","Flow","5/5","Likert 1-5","Estimado automaticamente","Estimativa baseada em conectividade, caminho critico e ramificacao.","Indica fluidez de navegacao esperada.","O controle de fluxo e uma das maiores vantagens do Room Graph, pois caminhos e ramificacoes sao explicitos."
9,2008,"80993A22","Qualitativo","Legibility","4/5","Likert 1-5","Estimado automaticamente","Estimativa baseada em conectividade, densidade e ramificacao do grafo.","Indica se o layout tende a ser compreensivel.","A legibilidade depende do embedding: o grafo e claro, mas corredores podem cruzar se o layout espacial ficar apertado."
9,2008,"80993A22","Qualitativo","StructuralVariety","5/5","Likert 1-5","Estimado automaticamente","Estimativa baseada em quantidade de salas, modulos e loops.","Indica variedade estrutural dentro desta execucao.","A variedade estrutural e boa em macrofluxo; variedade local ainda depende de regras de decoracao/assets."
9,2008,"80993A22","Performance","layoutGenerationMilliseconds","2.707","ms","Medido","Tempo para criar, posicionar e conectar o Room Graph logico.","Representa o custo algoritmico principal do Room Graph.","Mede custo de criar nos, posiciona-los e conectar o grafo; compare separado da instanciacao Unity."
9,2008,"80993A22","Performance","geometryInstantiationMilliseconds","0","ms","Medido","Tempo gasto instanciando prefabs/objetos visuais quando habilitado.","A execucao mediu apenas o layout logico.","Custo visual depende dos prefabs/Unity, nao do Room Graph puro."
9,2008,"80993A22","Performance","metricsCalculationMilliseconds","8.285","ms","Medido","Tempo para calcular e consolidar metricas apos a geracao.","Ajuda a quantificar custo da instrumentacao.","Custo da instrumentacao, nao do algoritmo."
9,2008,"80993A22","Performance","totalGenerationMilliseconds","10.994","ms","Medido","Tempo total medido da execucao.","Inclui layout, instanciacao visual habilitada e calculo de metricas.","Inclui layout, instanciacao visual e metricas; use junto com o tempo logico."
9,2008,"80993A22","Performance","generatedGameObjectCount","0","contagem","Medido","Quantidade de GameObjects criados durante a montagem visual.","Indica peso potencial de instanciacao no Unity.","Reflete peso da montagem visual da cena gerada pelo grafo."
9,2008,"80993A22","Performance","occupiedCellCount","4582","contagem","Medido","Quantidade de celulas ocupadas no grid logico.","Proxy de escala espacial da dungeon.","Proxy de escala espacial resultante do embedding dos nos e corredores."
9,2008,"80993A22","Performance","connectionCount","46","contagem","Medido","Quantidade de arestas/conexoes no grafo.","Reflete diretamente a complexidade topologica do grafo.","Metrica muito natural para Room Graph, pois corresponde diretamente ao numero de arestas."
9,2008,"80993A22","Performance","managedMemoryDeltaKB","1080","KB","Estimado","Variacao aproximada de memoria gerenciada durante a execucao.","Valor aproximado, sensivel a GC e ao estado do Editor.","Estimativa sujeita ao GC da Unity; use como indicio comparativo."
10,2009,"49706998","Quantitativo","numRoomsTarget","47","contagem","Medido","Contagem de nos/salas posicionados pelo Room Graph.","Indica quantos nos do grafo foram efetivamente posicionados como salas.","Room Graph controla salas como nos do grafo; a etapa de embedding pode gerar menos salas se nao houver espaco sem sobreposicao."
10,2009,"49706998","Quantitativo","connectivityRatio","100%","%","Medido","Busca no grafo de salas a partir da sala inicial.","Mostra se as salas ficaram conectadas no componente principal do grafo.","Room Graph e forte neste parametro: a arvore de conexoes garante componente principal conectado quando ha pelo menos duas salas."
10,2009,"49706998","Quantitativo","verticalVariance","2","metros","Medido","Desvio padrao das alturas dos nos/salas entre pavimentos.","Valor acima de 0 indica variacao vertical gerada por pavimentos e arestas verticais.","Room Graph puro suporta verticalidade ao criar arestas verticais entre nos de pavimentos adjacentes."
10,2009,"49706998","Quantitativo","fillPercentage","54.77%","%","Medido","Celulas ocupadas por salas e corredores divididas pelo total do grid.","Indica densidade espacial da dungeon.","A densidade depende do numero de nos, tamanhos de sala e sucesso do posicionamento espacial do grafo."
10,2009,"49706998","Quantitativo","branchFactor","2.043","media","Medido","Media de arestas por no/sala no grafo.","Valores maiores indicam mais bifurcacoes e loops no grafo.","O fator de ramificacao e diretamente controlado por arvore inicial e arestas extras de loop."
10,2009,"49706998","Quantitativo","avgPathLength","171","metros","Medido","Distancias calculadas no grafo explicito de salas.","Distancia media a partir da sala inicial.","Caminhos sao naturais para Room Graph, pois o algoritmo ja trabalha com grafo explicito."
10,2009,"49706998","Quantitativo","uniqueModules","4","contagem","Medido","Contagem de modulos logicos e prefabs usados pela montagem do Room Graph.","Indica variedade basica de composicao.","A variedade vem das categorias logicas do grafo, conectores, corredores e assets configurados."
10,2009,"49706998","Quantitativo","navigableVolumeRatio","100%","%","Estimado sem NavMesh","Estimativa logica de celulas navegaveis antes de NavMesh.","Use como estimativa inicial, nao como validacao fisica final.","A navegabilidade e estimada no grid logico; validacao fisica final ainda exige NavMesh."
10,2009,"49706998","Quantitativo","criticalPathLength","328","metros","Medido","Maior distancia encontrada no grafo a partir da sala inicial.","Aproxima o percurso principal entre inicio e ponto mais distante no grafo.","Room Graph mede bem percurso principal porque distancias no grafo sao parte central do modelo."
10,2009,"49706998","Quantitativo","avgAlternativePathLength","45","metros","Medido","Media das arestas extras marcadas como loops.","Ha caminhos alternativos mensuraveis.","Loops e atalhos sao uma vantagem direta do Room Graph, bastando adicionar arestas extras."
10,2009,"49706998","Booleano","SupportsRandomEnemySpawns","Sim, testado","sim/nao","Suportado","Verifica se o sistema de spawn usa salas/celulas geradas pelo grafo.","Sistema configurado e com orcamento ativo.","Room Graph oferece salas/nos claros para spawns; balanceamento de combate e camada de gameplay."
10,2009,"49706998","Booleano","SupportsLootDistribution","Sim, testado","sim/nao","Suportado","Verifica se loot pode ser distribuido sobre salas/celulas do grafo.","Sistema configurado e com orcamento ativo.","Loot pode ser distribuido por nos/salas ou por distancia no grafo."
10,2009,"49706998","Booleano","SupportsTraps","Sim, testado","sim/nao","Suportado","Verifica se armadilhas podem ser marcadas em areas navegaveis.","Sistema configurado e com orcamento ativo.","Armadilhas podem ser colocadas em salas, corredores ou arestas especificas do grafo."
10,2009,"49706998","Booleano","SupportsBacktrackingLoops","Sim","sim/nao","Medido","Conta execucoes em que o grafo recebeu ciclos navegaveis.","A dungeon possui loop para retorno/caminho alternativo.","Suporte nativo quando o grafo recebe arestas extras alem da arvore de conectividade."
10,2009,"49706998","Booleano","SupportsVerticalConnectors","Sim","sim/nao","Medido","Conta execucoes com arestas verticais entre pavimentos.","Parametro atendido quando existem arestas verticais Room Graph entre pavimentos.","Implementado como arestas verticais do proprio Room Graph, sem usar BSP ou outro algoritmo auxiliar."
10,2009,"49706998","Booleano","SupportsMultiFloor","Sim","sim/nao","Medido","Conta execucoes com mais de um pavimento conectado por arestas verticais.","Parametro atendido quando ha pavimentos conectados dentro do mesmo grafo.","Implementado por nos distribuidos em pavimentos e arestas verticais entre camadas."
10,2009,"49706998","Booleano","SupportsBossArena","Sim","sim/nao","Medido","Conta execucoes com ao menos uma sala acima da area minima configurada.","Existe ao menos uma sala grande o suficiente.","Suportado se algum no/sala for grande o suficiente; pode exigir parametros de tamanho ou uma regra de no especial."
10,2009,"49706998","Booleano","SeedReproducible","Sim","sim/nao","Medido","Gera a mesma seed duas vezes e compara o hash topologico.","A seed reproduziu a mesma topologia.","O Room Graph e deterministico quando todas as escolhas usam a mesma seed."
10,2009,"49706998","Booleano","RuntimeRegeneration","Sim","sim/nao","Medido","Conta execucoes abaixo do limite de tempo configurado.","Tempo registrado: 11.229 ms.","Room Graph tende a ser rapido; a etapa mais sensivel e o posicionamento sem sobreposicao das salas."
10,2009,"49706998","Booleano","BudgetAwareSpawns","Sim","sim/nao","Suportado","Verifica se os orcamentos de inimigos, loot e armadilhas cabem nas celulas livres.","Orcamentos registrados: inimigos 10, loot 6, armadilhas 4.","Orcamentos sao controlados por camada de spawn sobre os nos/salas gerados."
10,2009,"49706998","Qualitativo","Replayability","5/5","Likert 1-5","Estimado automaticamente","Estimativa baseada na diversidade de hashes topologicos entre seeds.","Diversidade topologica: 100%.","A variacao entre seeds depende da combinacao entre grafo, embedding espacial e arestas extras."
10,2009,"49706998","Qualitativo","Debuggability","5/5","Likert 1-5","Estimado automaticamente","Estimativa baseada na natureza explicita do grafo de nos e arestas.","A estrutura de nos e arestas facilita inspecao, depuracao e reproducao por seed.","Room Graph e facil de depurar porque a topologia pode ser inspecionada como nos e arestas."
10,2009,"49706998","Qualitativo","Flow","5/5","Likert 1-5","Estimado automaticamente","Estimativa baseada em conectividade, caminho critico e ramificacao.","Indica fluidez de navegacao esperada.","O controle de fluxo e uma das maiores vantagens do Room Graph, pois caminhos e ramificacoes sao explicitos."
10,2009,"49706998","Qualitativo","Legibility","4/5","Likert 1-5","Estimado automaticamente","Estimativa baseada em conectividade, densidade e ramificacao do grafo.","Indica se o layout tende a ser compreensivel.","A legibilidade depende do embedding: o grafo e claro, mas corredores podem cruzar se o layout espacial ficar apertado."
10,2009,"49706998","Qualitativo","StructuralVariety","5/5","Likert 1-5","Estimado automaticamente","Estimativa baseada em quantidade de salas, modulos e loops.","Indica variedade estrutural dentro desta execucao.","A variedade estrutural e boa em macrofluxo; variedade local ainda depende de regras de decoracao/assets."
10,2009,"49706998","Performance","layoutGenerationMilliseconds","3.108","ms","Medido","Tempo para criar, posicionar e conectar o Room Graph logico.","Representa o custo algoritmico principal do Room Graph.","Mede custo de criar nos, posiciona-los e conectar o grafo; compare separado da instanciacao Unity."
10,2009,"49706998","Performance","geometryInstantiationMilliseconds","0","ms","Medido","Tempo gasto instanciando prefabs/objetos visuais quando habilitado.","A execucao mediu apenas o layout logico.","Custo visual depende dos prefabs/Unity, nao do Room Graph puro."
10,2009,"49706998","Performance","metricsCalculationMilliseconds","8.12","ms","Medido","Tempo para calcular e consolidar metricas apos a geracao.","Ajuda a quantificar custo da instrumentacao.","Custo da instrumentacao, nao do algoritmo."
10,2009,"49706998","Performance","totalGenerationMilliseconds","11.229","ms","Medido","Tempo total medido da execucao.","Inclui layout, instanciacao visual habilitada e calculo de metricas.","Inclui layout, instanciacao visual e metricas; use junto com o tempo logico."
10,2009,"49706998","Performance","generatedGameObjectCount","0","contagem","Medido","Quantidade de GameObjects criados durante a montagem visual.","Indica peso potencial de instanciacao no Unity.","Reflete peso da montagem visual da cena gerada pelo grafo."
10,2009,"49706998","Performance","occupiedCellCount","4487","contagem","Medido","Quantidade de celulas ocupadas no grid logico.","Proxy de escala espacial da dungeon.","Proxy de escala espacial resultante do embedding dos nos e corredores."
10,2009,"49706998","Performance","connectionCount","48","contagem","Medido","Quantidade de arestas/conexoes no grafo.","Reflete diretamente a complexidade topologica do grafo.","Metrica muito natural para Room Graph, pois corresponde diretamente ao numero de arestas."
10,2009,"49706998","Performance","managedMemoryDeltaKB","1048","KB","Estimado","Variacao aproximada de memoria gerenciada durante a execucao.","Valor aproximado, sensivel a GC e ao estado do Editor.","Estimativa sujeita ao GC da Unity; use como indicio comparativo."
11,2010,"7443C078","Quantitativo","numRoomsTarget","42","contagem","Medido","Contagem de nos/salas posicionados pelo Room Graph.","Indica quantos nos do grafo foram efetivamente posicionados como salas.","Room Graph controla salas como nos do grafo; a etapa de embedding pode gerar menos salas se nao houver espaco sem sobreposicao."
11,2010,"7443C078","Quantitativo","connectivityRatio","100%","%","Medido","Busca no grafo de salas a partir da sala inicial.","Mostra se as salas ficaram conectadas no componente principal do grafo.","Room Graph e forte neste parametro: a arvore de conexoes garante componente principal conectado quando ha pelo menos duas salas."
11,2010,"7443C078","Quantitativo","verticalVariance","1.998","metros","Medido","Desvio padrao das alturas dos nos/salas entre pavimentos.","Valor acima de 0 indica variacao vertical gerada por pavimentos e arestas verticais.","Room Graph puro suporta verticalidade ao criar arestas verticais entre nos de pavimentos adjacentes."
11,2010,"7443C078","Quantitativo","fillPercentage","55.55%","%","Medido","Celulas ocupadas por salas e corredores divididas pelo total do grid.","Indica densidade espacial da dungeon.","A densidade depende do numero de nos, tamanhos de sala e sucesso do posicionamento espacial do grafo."
11,2010,"7443C078","Quantitativo","branchFactor","2.048","media","Medido","Media de arestas por no/sala no grafo.","Valores maiores indicam mais bifurcacoes e loops no grafo.","O fator de ramificacao e diretamente controlado por arvore inicial e arestas extras de loop."
11,2010,"7443C078","Quantitativo","avgPathLength","82.293","metros","Medido","Distancias calculadas no grafo explicito de salas.","Distancia media a partir da sala inicial.","Caminhos sao naturais para Room Graph, pois o algoritmo ja trabalha com grafo explicito."
11,2010,"7443C078","Quantitativo","uniqueModules","4","contagem","Medido","Contagem de modulos logicos e prefabs usados pela montagem do Room Graph.","Indica variedade basica de composicao.","A variedade vem das categorias logicas do grafo, conectores, corredores e assets configurados."
11,2010,"7443C078","Quantitativo","navigableVolumeRatio","100%","%","Estimado sem NavMesh","Estimativa logica de celulas navegaveis antes de NavMesh.","Use como estimativa inicial, nao como validacao fisica final.","A navegabilidade e estimada no grid logico; validacao fisica final ainda exige NavMesh."
11,2010,"7443C078","Quantitativo","criticalPathLength","142","metros","Medido","Maior distancia encontrada no grafo a partir da sala inicial.","Aproxima o percurso principal entre inicio e ponto mais distante no grafo.","Room Graph mede bem percurso principal porque distancias no grafo sao parte central do modelo."
11,2010,"7443C078","Quantitativo","avgAlternativePathLength","26","metros","Medido","Media das arestas extras marcadas como loops.","Ha caminhos alternativos mensuraveis.","Loops e atalhos sao uma vantagem direta do Room Graph, bastando adicionar arestas extras."
11,2010,"7443C078","Booleano","SupportsRandomEnemySpawns","Sim, testado","sim/nao","Suportado","Verifica se o sistema de spawn usa salas/celulas geradas pelo grafo.","Sistema configurado e com orcamento ativo.","Room Graph oferece salas/nos claros para spawns; balanceamento de combate e camada de gameplay."
11,2010,"7443C078","Booleano","SupportsLootDistribution","Sim, testado","sim/nao","Suportado","Verifica se loot pode ser distribuido sobre salas/celulas do grafo.","Sistema configurado e com orcamento ativo.","Loot pode ser distribuido por nos/salas ou por distancia no grafo."
11,2010,"7443C078","Booleano","SupportsTraps","Sim, testado","sim/nao","Suportado","Verifica se armadilhas podem ser marcadas em areas navegaveis.","Sistema configurado e com orcamento ativo.","Armadilhas podem ser colocadas em salas, corredores ou arestas especificas do grafo."
11,2010,"7443C078","Booleano","SupportsBacktrackingLoops","Sim","sim/nao","Medido","Conta execucoes em que o grafo recebeu ciclos navegaveis.","A dungeon possui loop para retorno/caminho alternativo.","Suporte nativo quando o grafo recebe arestas extras alem da arvore de conectividade."
11,2010,"7443C078","Booleano","SupportsVerticalConnectors","Sim","sim/nao","Medido","Conta execucoes com arestas verticais entre pavimentos.","Parametro atendido quando existem arestas verticais Room Graph entre pavimentos.","Implementado como arestas verticais do proprio Room Graph, sem usar BSP ou outro algoritmo auxiliar."
11,2010,"7443C078","Booleano","SupportsMultiFloor","Sim","sim/nao","Medido","Conta execucoes com mais de um pavimento conectado por arestas verticais.","Parametro atendido quando ha pavimentos conectados dentro do mesmo grafo.","Implementado por nos distribuidos em pavimentos e arestas verticais entre camadas."
11,2010,"7443C078","Booleano","SupportsBossArena","Sim","sim/nao","Medido","Conta execucoes com ao menos uma sala acima da area minima configurada.","Existe ao menos uma sala grande o suficiente.","Suportado se algum no/sala for grande o suficiente; pode exigir parametros de tamanho ou uma regra de no especial."
11,2010,"7443C078","Booleano","SeedReproducible","Sim","sim/nao","Medido","Gera a mesma seed duas vezes e compara o hash topologico.","A seed reproduziu a mesma topologia.","O Room Graph e deterministico quando todas as escolhas usam a mesma seed."
11,2010,"7443C078","Booleano","RuntimeRegeneration","Sim","sim/nao","Medido","Conta execucoes abaixo do limite de tempo configurado.","Tempo registrado: 14.295 ms.","Room Graph tende a ser rapido; a etapa mais sensivel e o posicionamento sem sobreposicao das salas."
11,2010,"7443C078","Booleano","BudgetAwareSpawns","Sim","sim/nao","Suportado","Verifica se os orcamentos de inimigos, loot e armadilhas cabem nas celulas livres.","Orcamentos registrados: inimigos 10, loot 6, armadilhas 4.","Orcamentos sao controlados por camada de spawn sobre os nos/salas gerados."
11,2010,"7443C078","Qualitativo","Replayability","5/5","Likert 1-5","Estimado automaticamente","Estimativa baseada na diversidade de hashes topologicos entre seeds.","Diversidade topologica: 100%.","A variacao entre seeds depende da combinacao entre grafo, embedding espacial e arestas extras."
11,2010,"7443C078","Qualitativo","Debuggability","5/5","Likert 1-5","Estimado automaticamente","Estimativa baseada na natureza explicita do grafo de nos e arestas.","A estrutura de nos e arestas facilita inspecao, depuracao e reproducao por seed.","Room Graph e facil de depurar porque a topologia pode ser inspecionada como nos e arestas."
11,2010,"7443C078","Qualitativo","Flow","5/5","Likert 1-5","Estimado automaticamente","Estimativa baseada em conectividade, caminho critico e ramificacao.","Indica fluidez de navegacao esperada.","O controle de fluxo e uma das maiores vantagens do Room Graph, pois caminhos e ramificacoes sao explicitos."
11,2010,"7443C078","Qualitativo","Legibility","4/5","Likert 1-5","Estimado automaticamente","Estimativa baseada em conectividade, densidade e ramificacao do grafo.","Indica se o layout tende a ser compreensivel.","A legibilidade depende do embedding: o grafo e claro, mas corredores podem cruzar se o layout espacial ficar apertado."
11,2010,"7443C078","Qualitativo","StructuralVariety","5/5","Likert 1-5","Estimado automaticamente","Estimativa baseada em quantidade de salas, modulos e loops.","Indica variedade estrutural dentro desta execucao.","A variedade estrutural e boa em macrofluxo; variedade local ainda depende de regras de decoracao/assets."
11,2010,"7443C078","Performance","layoutGenerationMilliseconds","4.03","ms","Medido","Tempo para criar, posicionar e conectar o Room Graph logico.","Representa o custo algoritmico principal do Room Graph.","Mede custo de criar nos, posiciona-los e conectar o grafo; compare separado da instanciacao Unity."
11,2010,"7443C078","Performance","geometryInstantiationMilliseconds","0","ms","Medido","Tempo gasto instanciando prefabs/objetos visuais quando habilitado.","A execucao mediu apenas o layout logico.","Custo visual depende dos prefabs/Unity, nao do Room Graph puro."
11,2010,"7443C078","Performance","metricsCalculationMilliseconds","10.264","ms","Medido","Tempo para calcular e consolidar metricas apos a geracao.","Ajuda a quantificar custo da instrumentacao.","Custo da instrumentacao, nao do algoritmo."
11,2010,"7443C078","Performance","totalGenerationMilliseconds","14.295","ms","Medido","Tempo total medido da execucao.","Inclui layout, instanciacao visual habilitada e calculo de metricas.","Inclui layout, instanciacao visual e metricas; use junto com o tempo logico."
11,2010,"7443C078","Performance","generatedGameObjectCount","0","contagem","Medido","Quantidade de GameObjects criados durante a montagem visual.","Indica peso potencial de instanciacao no Unity.","Reflete peso da montagem visual da cena gerada pelo grafo."
11,2010,"7443C078","Performance","occupiedCellCount","4551","contagem","Medido","Quantidade de celulas ocupadas no grid logico.","Proxy de escala espacial da dungeon.","Proxy de escala espacial resultante do embedding dos nos e corredores."
11,2010,"7443C078","Performance","connectionCount","43","contagem","Medido","Quantidade de arestas/conexoes no grafo.","Reflete diretamente a complexidade topologica do grafo.","Metrica muito natural para Room Graph, pois corresponde diretamente ao numero de arestas."
11,2010,"7443C078","Performance","managedMemoryDeltaKB","1052","KB","Estimado","Variacao aproximada de memoria gerenciada durante a execucao.","Valor aproximado, sensivel a GC e ao estado do Editor.","Estimativa sujeita ao GC da Unity; use como indicio comparativo."
12,2011,"528E1BFE","Quantitativo","numRoomsTarget","46","contagem","Medido","Contagem de nos/salas posicionados pelo Room Graph.","Indica quantos nos do grafo foram efetivamente posicionados como salas.","Room Graph controla salas como nos do grafo; a etapa de embedding pode gerar menos salas se nao houver espaco sem sobreposicao."
12,2011,"528E1BFE","Quantitativo","connectivityRatio","100%","%","Medido","Busca no grafo de salas a partir da sala inicial.","Mostra se as salas ficaram conectadas no componente principal do grafo.","Room Graph e forte neste parametro: a arvore de conexoes garante componente principal conectado quando ha pelo menos duas salas."
12,2011,"528E1BFE","Quantitativo","verticalVariance","1.998","metros","Medido","Desvio padrao das alturas dos nos/salas entre pavimentos.","Valor acima de 0 indica variacao vertical gerada por pavimentos e arestas verticais.","Room Graph puro suporta verticalidade ao criar arestas verticais entre nos de pavimentos adjacentes."
12,2011,"528E1BFE","Quantitativo","fillPercentage","51.53%","%","Medido","Celulas ocupadas por salas e corredores divididas pelo total do grid.","Indica densidade espacial da dungeon.","A densidade depende do numero de nos, tamanhos de sala e sucesso do posicionamento espacial do grafo."
12,2011,"528E1BFE","Quantitativo","branchFactor","2.043","media","Medido","Media de arestas por no/sala no grafo.","Valores maiores indicam mais bifurcacoes e loops no grafo.","O fator de ramificacao e diretamente controlado por arvore inicial e arestas extras de loop."
12,2011,"528E1BFE","Quantitativo","avgPathLength","111.156","metros","Medido","Distancias calculadas no grafo explicito de salas.","Distancia media a partir da sala inicial.","Caminhos sao naturais para Room Graph, pois o algoritmo ja trabalha com grafo explicito."
12,2011,"528E1BFE","Quantitativo","uniqueModules","4","contagem","Medido","Contagem de modulos logicos e prefabs usados pela montagem do Room Graph.","Indica variedade basica de composicao.","A variedade vem das categorias logicas do grafo, conectores, corredores e assets configurados."
12,2011,"528E1BFE","Quantitativo","navigableVolumeRatio","100%","%","Estimado sem NavMesh","Estimativa logica de celulas navegaveis antes de NavMesh.","Use como estimativa inicial, nao como validacao fisica final.","A navegabilidade e estimada no grid logico; validacao fisica final ainda exige NavMesh."
12,2011,"528E1BFE","Quantitativo","criticalPathLength","192","metros","Medido","Maior distancia encontrada no grafo a partir da sala inicial.","Aproxima o percurso principal entre inicio e ponto mais distante no grafo.","Room Graph mede bem percurso principal porque distancias no grafo sao parte central do modelo."
12,2011,"528E1BFE","Quantitativo","avgAlternativePathLength","26","metros","Medido","Media das arestas extras marcadas como loops.","Ha caminhos alternativos mensuraveis.","Loops e atalhos sao uma vantagem direta do Room Graph, bastando adicionar arestas extras."
12,2011,"528E1BFE","Booleano","SupportsRandomEnemySpawns","Sim, testado","sim/nao","Suportado","Verifica se o sistema de spawn usa salas/celulas geradas pelo grafo.","Sistema configurado e com orcamento ativo.","Room Graph oferece salas/nos claros para spawns; balanceamento de combate e camada de gameplay."
12,2011,"528E1BFE","Booleano","SupportsLootDistribution","Sim, testado","sim/nao","Suportado","Verifica se loot pode ser distribuido sobre salas/celulas do grafo.","Sistema configurado e com orcamento ativo.","Loot pode ser distribuido por nos/salas ou por distancia no grafo."
12,2011,"528E1BFE","Booleano","SupportsTraps","Sim, testado","sim/nao","Suportado","Verifica se armadilhas podem ser marcadas em areas navegaveis.","Sistema configurado e com orcamento ativo.","Armadilhas podem ser colocadas em salas, corredores ou arestas especificas do grafo."
12,2011,"528E1BFE","Booleano","SupportsBacktrackingLoops","Sim","sim/nao","Medido","Conta execucoes em que o grafo recebeu ciclos navegaveis.","A dungeon possui loop para retorno/caminho alternativo.","Suporte nativo quando o grafo recebe arestas extras alem da arvore de conectividade."
12,2011,"528E1BFE","Booleano","SupportsVerticalConnectors","Sim","sim/nao","Medido","Conta execucoes com arestas verticais entre pavimentos.","Parametro atendido quando existem arestas verticais Room Graph entre pavimentos.","Implementado como arestas verticais do proprio Room Graph, sem usar BSP ou outro algoritmo auxiliar."
12,2011,"528E1BFE","Booleano","SupportsMultiFloor","Sim","sim/nao","Medido","Conta execucoes com mais de um pavimento conectado por arestas verticais.","Parametro atendido quando ha pavimentos conectados dentro do mesmo grafo.","Implementado por nos distribuidos em pavimentos e arestas verticais entre camadas."
12,2011,"528E1BFE","Booleano","SupportsBossArena","Sim","sim/nao","Medido","Conta execucoes com ao menos uma sala acima da area minima configurada.","Existe ao menos uma sala grande o suficiente.","Suportado se algum no/sala for grande o suficiente; pode exigir parametros de tamanho ou uma regra de no especial."
12,2011,"528E1BFE","Booleano","SeedReproducible","Sim","sim/nao","Medido","Gera a mesma seed duas vezes e compara o hash topologico.","A seed reproduziu a mesma topologia.","O Room Graph e deterministico quando todas as escolhas usam a mesma seed."
12,2011,"528E1BFE","Booleano","RuntimeRegeneration","Sim","sim/nao","Medido","Conta execucoes abaixo do limite de tempo configurado.","Tempo registrado: 16.631 ms.","Room Graph tende a ser rapido; a etapa mais sensivel e o posicionamento sem sobreposicao das salas."
12,2011,"528E1BFE","Booleano","BudgetAwareSpawns","Sim","sim/nao","Suportado","Verifica se os orcamentos de inimigos, loot e armadilhas cabem nas celulas livres.","Orcamentos registrados: inimigos 10, loot 6, armadilhas 4.","Orcamentos sao controlados por camada de spawn sobre os nos/salas gerados."
12,2011,"528E1BFE","Qualitativo","Replayability","5/5","Likert 1-5","Estimado automaticamente","Estimativa baseada na diversidade de hashes topologicos entre seeds.","Diversidade topologica: 100%.","A variacao entre seeds depende da combinacao entre grafo, embedding espacial e arestas extras."
12,2011,"528E1BFE","Qualitativo","Debuggability","5/5","Likert 1-5","Estimado automaticamente","Estimativa baseada na natureza explicita do grafo de nos e arestas.","A estrutura de nos e arestas facilita inspecao, depuracao e reproducao por seed.","Room Graph e facil de depurar porque a topologia pode ser inspecionada como nos e arestas."
12,2011,"528E1BFE","Qualitativo","Flow","5/5","Likert 1-5","Estimado automaticamente","Estimativa baseada em conectividade, caminho critico e ramificacao.","Indica fluidez de navegacao esperada.","O controle de fluxo e uma das maiores vantagens do Room Graph, pois caminhos e ramificacoes sao explicitos."
12,2011,"528E1BFE","Qualitativo","Legibility","4/5","Likert 1-5","Estimado automaticamente","Estimativa baseada em conectividade, densidade e ramificacao do grafo.","Indica se o layout tende a ser compreensivel.","A legibilidade depende do embedding: o grafo e claro, mas corredores podem cruzar se o layout espacial ficar apertado."
12,2011,"528E1BFE","Qualitativo","StructuralVariety","5/5","Likert 1-5","Estimado automaticamente","Estimativa baseada em quantidade de salas, modulos e loops.","Indica variedade estrutural dentro desta execucao.","A variedade estrutural e boa em macrofluxo; variedade local ainda depende de regras de decoracao/assets."
12,2011,"528E1BFE","Performance","layoutGenerationMilliseconds","2.647","ms","Medido","Tempo para criar, posicionar e conectar o Room Graph logico.","Representa o custo algoritmico principal do Room Graph.","Mede custo de criar nos, posiciona-los e conectar o grafo; compare separado da instanciacao Unity."
12,2011,"528E1BFE","Performance","geometryInstantiationMilliseconds","0","ms","Medido","Tempo gasto instanciando prefabs/objetos visuais quando habilitado.","A execucao mediu apenas o layout logico.","Custo visual depende dos prefabs/Unity, nao do Room Graph puro."
12,2011,"528E1BFE","Performance","metricsCalculationMilliseconds","13.983","ms","Medido","Tempo para calcular e consolidar metricas apos a geracao.","Ajuda a quantificar custo da instrumentacao.","Custo da instrumentacao, nao do algoritmo."
12,2011,"528E1BFE","Performance","totalGenerationMilliseconds","16.631","ms","Medido","Tempo total medido da execucao.","Inclui layout, instanciacao visual habilitada e calculo de metricas.","Inclui layout, instanciacao visual e metricas; use junto com o tempo logico."
12,2011,"528E1BFE","Performance","generatedGameObjectCount","0","contagem","Medido","Quantidade de GameObjects criados durante a montagem visual.","Indica peso potencial de instanciacao no Unity.","Reflete peso da montagem visual da cena gerada pelo grafo."
12,2011,"528E1BFE","Performance","occupiedCellCount","4221","contagem","Medido","Quantidade de celulas ocupadas no grid logico.","Proxy de escala espacial da dungeon.","Proxy de escala espacial resultante do embedding dos nos e corredores."
12,2011,"528E1BFE","Performance","connectionCount","47","contagem","Medido","Quantidade de arestas/conexoes no grafo.","Reflete diretamente a complexidade topologica do grafo.","Metrica muito natural para Room Graph, pois corresponde diretamente ao numero de arestas."
12,2011,"528E1BFE","Performance","managedMemoryDeltaKB","980","KB","Estimado","Variacao aproximada de memoria gerenciada durante a execucao.","Valor aproximado, sensivel a GC e ao estado do Editor.","Estimativa sujeita ao GC da Unity; use como indicio comparativo."
13,2012,"B8409E72","Quantitativo","numRoomsTarget","45","contagem","Medido","Contagem de nos/salas posicionados pelo Room Graph.","Indica quantos nos do grafo foram efetivamente posicionados como salas.","Room Graph controla salas como nos do grafo; a etapa de embedding pode gerar menos salas se nao houver espaco sem sobreposicao."
13,2012,"B8409E72","Quantitativo","connectivityRatio","100%","%","Medido","Busca no grafo de salas a partir da sala inicial.","Mostra se as salas ficaram conectadas no componente principal do grafo.","Room Graph e forte neste parametro: a arvore de conexoes garante componente principal conectado quando ha pelo menos duas salas."
13,2012,"B8409E72","Quantitativo","verticalVariance","2","metros","Medido","Desvio padrao das alturas dos nos/salas entre pavimentos.","Valor acima de 0 indica variacao vertical gerada por pavimentos e arestas verticais.","Room Graph puro suporta verticalidade ao criar arestas verticais entre nos de pavimentos adjacentes."
13,2012,"B8409E72","Quantitativo","fillPercentage","52.08%","%","Medido","Celulas ocupadas por salas e corredores divididas pelo total do grid.","Indica densidade espacial da dungeon.","A densidade depende do numero de nos, tamanhos de sala e sucesso do posicionamento espacial do grafo."
13,2012,"B8409E72","Quantitativo","branchFactor","2.044","media","Medido","Media de arestas por no/sala no grafo.","Valores maiores indicam mais bifurcacoes e loops no grafo.","O fator de ramificacao e diretamente controlado por arvore inicial e arestas extras de loop."
13,2012,"B8409E72","Quantitativo","avgPathLength","178.136","metros","Medido","Distancias calculadas no grafo explicito de salas.","Distancia media a partir da sala inicial.","Caminhos sao naturais para Room Graph, pois o algoritmo ja trabalha com grafo explicito."
13,2012,"B8409E72","Quantitativo","uniqueModules","4","contagem","Medido","Contagem de modulos logicos e prefabs usados pela montagem do Room Graph.","Indica variedade basica de composicao.","A variedade vem das categorias logicas do grafo, conectores, corredores e assets configurados."
13,2012,"B8409E72","Quantitativo","navigableVolumeRatio","100%","%","Estimado sem NavMesh","Estimativa logica de celulas navegaveis antes de NavMesh.","Use como estimativa inicial, nao como validacao fisica final.","A navegabilidade e estimada no grid logico; validacao fisica final ainda exige NavMesh."
13,2012,"B8409E72","Quantitativo","criticalPathLength","360","metros","Medido","Maior distancia encontrada no grafo a partir da sala inicial.","Aproxima o percurso principal entre inicio e ponto mais distante no grafo.","Room Graph mede bem percurso principal porque distancias no grafo sao parte central do modelo."
13,2012,"B8409E72","Quantitativo","avgAlternativePathLength","34","metros","Medido","Media das arestas extras marcadas como loops.","Ha caminhos alternativos mensuraveis.","Loops e atalhos sao uma vantagem direta do Room Graph, bastando adicionar arestas extras."
13,2012,"B8409E72","Booleano","SupportsRandomEnemySpawns","Sim, testado","sim/nao","Suportado","Verifica se o sistema de spawn usa salas/celulas geradas pelo grafo.","Sistema configurado e com orcamento ativo.","Room Graph oferece salas/nos claros para spawns; balanceamento de combate e camada de gameplay."
13,2012,"B8409E72","Booleano","SupportsLootDistribution","Sim, testado","sim/nao","Suportado","Verifica se loot pode ser distribuido sobre salas/celulas do grafo.","Sistema configurado e com orcamento ativo.","Loot pode ser distribuido por nos/salas ou por distancia no grafo."
13,2012,"B8409E72","Booleano","SupportsTraps","Sim, testado","sim/nao","Suportado","Verifica se armadilhas podem ser marcadas em areas navegaveis.","Sistema configurado e com orcamento ativo.","Armadilhas podem ser colocadas em salas, corredores ou arestas especificas do grafo."
13,2012,"B8409E72","Booleano","SupportsBacktrackingLoops","Sim","sim/nao","Medido","Conta execucoes em que o grafo recebeu ciclos navegaveis.","A dungeon possui loop para retorno/caminho alternativo.","Suporte nativo quando o grafo recebe arestas extras alem da arvore de conectividade."
13,2012,"B8409E72","Booleano","SupportsVerticalConnectors","Sim","sim/nao","Medido","Conta execucoes com arestas verticais entre pavimentos.","Parametro atendido quando existem arestas verticais Room Graph entre pavimentos.","Implementado como arestas verticais do proprio Room Graph, sem usar BSP ou outro algoritmo auxiliar."
13,2012,"B8409E72","Booleano","SupportsMultiFloor","Sim","sim/nao","Medido","Conta execucoes com mais de um pavimento conectado por arestas verticais.","Parametro atendido quando ha pavimentos conectados dentro do mesmo grafo.","Implementado por nos distribuidos em pavimentos e arestas verticais entre camadas."
13,2012,"B8409E72","Booleano","SupportsBossArena","Sim","sim/nao","Medido","Conta execucoes com ao menos uma sala acima da area minima configurada.","Existe ao menos uma sala grande o suficiente.","Suportado se algum no/sala for grande o suficiente; pode exigir parametros de tamanho ou uma regra de no especial."
13,2012,"B8409E72","Booleano","SeedReproducible","Sim","sim/nao","Medido","Gera a mesma seed duas vezes e compara o hash topologico.","A seed reproduziu a mesma topologia.","O Room Graph e deterministico quando todas as escolhas usam a mesma seed."
13,2012,"B8409E72","Booleano","RuntimeRegeneration","Sim","sim/nao","Medido","Conta execucoes abaixo do limite de tempo configurado.","Tempo registrado: 38.503 ms.","Room Graph tende a ser rapido; a etapa mais sensivel e o posicionamento sem sobreposicao das salas."
13,2012,"B8409E72","Booleano","BudgetAwareSpawns","Sim","sim/nao","Suportado","Verifica se os orcamentos de inimigos, loot e armadilhas cabem nas celulas livres.","Orcamentos registrados: inimigos 10, loot 6, armadilhas 4.","Orcamentos sao controlados por camada de spawn sobre os nos/salas gerados."
13,2012,"B8409E72","Qualitativo","Replayability","5/5","Likert 1-5","Estimado automaticamente","Estimativa baseada na diversidade de hashes topologicos entre seeds.","Diversidade topologica: 100%.","A variacao entre seeds depende da combinacao entre grafo, embedding espacial e arestas extras."
13,2012,"B8409E72","Qualitativo","Debuggability","5/5","Likert 1-5","Estimado automaticamente","Estimativa baseada na natureza explicita do grafo de nos e arestas.","A estrutura de nos e arestas facilita inspecao, depuracao e reproducao por seed.","Room Graph e facil de depurar porque a topologia pode ser inspecionada como nos e arestas."
13,2012,"B8409E72","Qualitativo","Flow","5/5","Likert 1-5","Estimado automaticamente","Estimativa baseada em conectividade, caminho critico e ramificacao.","Indica fluidez de navegacao esperada.","O controle de fluxo e uma das maiores vantagens do Room Graph, pois caminhos e ramificacoes sao explicitos."
13,2012,"B8409E72","Qualitativo","Legibility","4/5","Likert 1-5","Estimado automaticamente","Estimativa baseada em conectividade, densidade e ramificacao do grafo.","Indica se o layout tende a ser compreensivel.","A legibilidade depende do embedding: o grafo e claro, mas corredores podem cruzar se o layout espacial ficar apertado."
13,2012,"B8409E72","Qualitativo","StructuralVariety","5/5","Likert 1-5","Estimado automaticamente","Estimativa baseada em quantidade de salas, modulos e loops.","Indica variedade estrutural dentro desta execucao.","A variedade estrutural e boa em macrofluxo; variedade local ainda depende de regras de decoracao/assets."
13,2012,"B8409E72","Performance","layoutGenerationMilliseconds","2.783","ms","Medido","Tempo para criar, posicionar e conectar o Room Graph logico.","Representa o custo algoritmico principal do Room Graph.","Mede custo de criar nos, posiciona-los e conectar o grafo; compare separado da instanciacao Unity."
13,2012,"B8409E72","Performance","geometryInstantiationMilliseconds","0","ms","Medido","Tempo gasto instanciando prefabs/objetos visuais quando habilitado.","A execucao mediu apenas o layout logico.","Custo visual depende dos prefabs/Unity, nao do Room Graph puro."
13,2012,"B8409E72","Performance","metricsCalculationMilliseconds","35.719","ms","Medido","Tempo para calcular e consolidar metricas apos a geracao.","Ajuda a quantificar custo da instrumentacao.","Custo da instrumentacao, nao do algoritmo."
13,2012,"B8409E72","Performance","totalGenerationMilliseconds","38.503","ms","Medido","Tempo total medido da execucao.","Inclui layout, instanciacao visual habilitada e calculo de metricas.","Inclui layout, instanciacao visual e metricas; use junto com o tempo logico."
13,2012,"B8409E72","Performance","generatedGameObjectCount","0","contagem","Medido","Quantidade de GameObjects criados durante a montagem visual.","Indica peso potencial de instanciacao no Unity.","Reflete peso da montagem visual da cena gerada pelo grafo."
13,2012,"B8409E72","Performance","occupiedCellCount","4266","contagem","Medido","Quantidade de celulas ocupadas no grid logico.","Proxy de escala espacial da dungeon.","Proxy de escala espacial resultante do embedding dos nos e corredores."
13,2012,"B8409E72","Performance","connectionCount","46","contagem","Medido","Quantidade de arestas/conexoes no grafo.","Reflete diretamente a complexidade topologica do grafo.","Metrica muito natural para Room Graph, pois corresponde diretamente ao numero de arestas."
13,2012,"B8409E72","Performance","managedMemoryDeltaKB","-200664","KB","Estimado","Variacao aproximada de memoria gerenciada durante a execucao.","Valor aproximado, sensivel a GC e ao estado do Editor.","Estimativa sujeita ao GC da Unity; use como indicio comparativo."
14,2013,"F838A5E2","Quantitativo","numRoomsTarget","47","contagem","Medido","Contagem de nos/salas posicionados pelo Room Graph.","Indica quantos nos do grafo foram efetivamente posicionados como salas.","Room Graph controla salas como nos do grafo; a etapa de embedding pode gerar menos salas se nao houver espaco sem sobreposicao."
14,2013,"F838A5E2","Quantitativo","connectivityRatio","100%","%","Medido","Busca no grafo de salas a partir da sala inicial.","Mostra se as salas ficaram conectadas no componente principal do grafo.","Room Graph e forte neste parametro: a arvore de conexoes garante componente principal conectado quando ha pelo menos duas salas."
14,2013,"F838A5E2","Quantitativo","verticalVariance","2","metros","Medido","Desvio padrao das alturas dos nos/salas entre pavimentos.","Valor acima de 0 indica variacao vertical gerada por pavimentos e arestas verticais.","Room Graph puro suporta verticalidade ao criar arestas verticais entre nos de pavimentos adjacentes."
14,2013,"F838A5E2","Quantitativo","fillPercentage","54.38%","%","Medido","Celulas ocupadas por salas e corredores divididas pelo total do grid.","Indica densidade espacial da dungeon.","A densidade depende do numero de nos, tamanhos de sala e sucesso do posicionamento espacial do grafo."
14,2013,"F838A5E2","Quantitativo","branchFactor","2.043","media","Medido","Media de arestas por no/sala no grafo.","Valores maiores indicam mais bifurcacoes e loops no grafo.","O fator de ramificacao e diretamente controlado por arvore inicial e arestas extras de loop."
14,2013,"F838A5E2","Quantitativo","avgPathLength","179.609","metros","Medido","Distancias calculadas no grafo explicito de salas.","Distancia media a partir da sala inicial.","Caminhos sao naturais para Room Graph, pois o algoritmo ja trabalha com grafo explicito."
14,2013,"F838A5E2","Quantitativo","uniqueModules","4","contagem","Medido","Contagem de modulos logicos e prefabs usados pela montagem do Room Graph.","Indica variedade basica de composicao.","A variedade vem das categorias logicas do grafo, conectores, corredores e assets configurados."
14,2013,"F838A5E2","Quantitativo","navigableVolumeRatio","100%","%","Estimado sem NavMesh","Estimativa logica de celulas navegaveis antes de NavMesh.","Use como estimativa inicial, nao como validacao fisica final.","A navegabilidade e estimada no grid logico; validacao fisica final ainda exige NavMesh."
14,2013,"F838A5E2","Quantitativo","criticalPathLength","338","metros","Medido","Maior distancia encontrada no grafo a partir da sala inicial.","Aproxima o percurso principal entre inicio e ponto mais distante no grafo.","Room Graph mede bem percurso principal porque distancias no grafo sao parte central do modelo."
14,2013,"F838A5E2","Quantitativo","avgAlternativePathLength","27","metros","Medido","Media das arestas extras marcadas como loops.","Ha caminhos alternativos mensuraveis.","Loops e atalhos sao uma vantagem direta do Room Graph, bastando adicionar arestas extras."
14,2013,"F838A5E2","Booleano","SupportsRandomEnemySpawns","Sim, testado","sim/nao","Suportado","Verifica se o sistema de spawn usa salas/celulas geradas pelo grafo.","Sistema configurado e com orcamento ativo.","Room Graph oferece salas/nos claros para spawns; balanceamento de combate e camada de gameplay."
14,2013,"F838A5E2","Booleano","SupportsLootDistribution","Sim, testado","sim/nao","Suportado","Verifica se loot pode ser distribuido sobre salas/celulas do grafo.","Sistema configurado e com orcamento ativo.","Loot pode ser distribuido por nos/salas ou por distancia no grafo."
14,2013,"F838A5E2","Booleano","SupportsTraps","Sim, testado","sim/nao","Suportado","Verifica se armadilhas podem ser marcadas em areas navegaveis.","Sistema configurado e com orcamento ativo.","Armadilhas podem ser colocadas em salas, corredores ou arestas especificas do grafo."
14,2013,"F838A5E2","Booleano","SupportsBacktrackingLoops","Sim","sim/nao","Medido","Conta execucoes em que o grafo recebeu ciclos navegaveis.","A dungeon possui loop para retorno/caminho alternativo.","Suporte nativo quando o grafo recebe arestas extras alem da arvore de conectividade."
14,2013,"F838A5E2","Booleano","SupportsVerticalConnectors","Sim","sim/nao","Medido","Conta execucoes com arestas verticais entre pavimentos.","Parametro atendido quando existem arestas verticais Room Graph entre pavimentos.","Implementado como arestas verticais do proprio Room Graph, sem usar BSP ou outro algoritmo auxiliar."
14,2013,"F838A5E2","Booleano","SupportsMultiFloor","Sim","sim/nao","Medido","Conta execucoes com mais de um pavimento conectado por arestas verticais.","Parametro atendido quando ha pavimentos conectados dentro do mesmo grafo.","Implementado por nos distribuidos em pavimentos e arestas verticais entre camadas."
14,2013,"F838A5E2","Booleano","SupportsBossArena","Sim","sim/nao","Medido","Conta execucoes com ao menos uma sala acima da area minima configurada.","Existe ao menos uma sala grande o suficiente.","Suportado se algum no/sala for grande o suficiente; pode exigir parametros de tamanho ou uma regra de no especial."
14,2013,"F838A5E2","Booleano","SeedReproducible","Sim","sim/nao","Medido","Gera a mesma seed duas vezes e compara o hash topologico.","A seed reproduziu a mesma topologia.","O Room Graph e deterministico quando todas as escolhas usam a mesma seed."
14,2013,"F838A5E2","Booleano","RuntimeRegeneration","Sim","sim/nao","Medido","Conta execucoes abaixo do limite de tempo configurado.","Tempo registrado: 4.598 ms.","Room Graph tende a ser rapido; a etapa mais sensivel e o posicionamento sem sobreposicao das salas."
14,2013,"F838A5E2","Booleano","BudgetAwareSpawns","Sim","sim/nao","Suportado","Verifica se os orcamentos de inimigos, loot e armadilhas cabem nas celulas livres.","Orcamentos registrados: inimigos 10, loot 6, armadilhas 4.","Orcamentos sao controlados por camada de spawn sobre os nos/salas gerados."
14,2013,"F838A5E2","Qualitativo","Replayability","5/5","Likert 1-5","Estimado automaticamente","Estimativa baseada na diversidade de hashes topologicos entre seeds.","Diversidade topologica: 100%.","A variacao entre seeds depende da combinacao entre grafo, embedding espacial e arestas extras."
14,2013,"F838A5E2","Qualitativo","Debuggability","5/5","Likert 1-5","Estimado automaticamente","Estimativa baseada na natureza explicita do grafo de nos e arestas.","A estrutura de nos e arestas facilita inspecao, depuracao e reproducao por seed.","Room Graph e facil de depurar porque a topologia pode ser inspecionada como nos e arestas."
14,2013,"F838A5E2","Qualitativo","Flow","5/5","Likert 1-5","Estimado automaticamente","Estimativa baseada em conectividade, caminho critico e ramificacao.","Indica fluidez de navegacao esperada.","O controle de fluxo e uma das maiores vantagens do Room Graph, pois caminhos e ramificacoes sao explicitos."
14,2013,"F838A5E2","Qualitativo","Legibility","4/5","Likert 1-5","Estimado automaticamente","Estimativa baseada em conectividade, densidade e ramificacao do grafo.","Indica se o layout tende a ser compreensivel.","A legibilidade depende do embedding: o grafo e claro, mas corredores podem cruzar se o layout espacial ficar apertado."
14,2013,"F838A5E2","Qualitativo","StructuralVariety","5/5","Likert 1-5","Estimado automaticamente","Estimativa baseada em quantidade de salas, modulos e loops.","Indica variedade estrutural dentro desta execucao.","A variedade estrutural e boa em macrofluxo; variedade local ainda depende de regras de decoracao/assets."
14,2013,"F838A5E2","Performance","layoutGenerationMilliseconds","1.257","ms","Medido","Tempo para criar, posicionar e conectar o Room Graph logico.","Representa o custo algoritmico principal do Room Graph.","Mede custo de criar nos, posiciona-los e conectar o grafo; compare separado da instanciacao Unity."
14,2013,"F838A5E2","Performance","geometryInstantiationMilliseconds","0","ms","Medido","Tempo gasto instanciando prefabs/objetos visuais quando habilitado.","A execucao mediu apenas o layout logico.","Custo visual depende dos prefabs/Unity, nao do Room Graph puro."
14,2013,"F838A5E2","Performance","metricsCalculationMilliseconds","3.341","ms","Medido","Tempo para calcular e consolidar metricas apos a geracao.","Ajuda a quantificar custo da instrumentacao.","Custo da instrumentacao, nao do algoritmo."
14,2013,"F838A5E2","Performance","totalGenerationMilliseconds","4.598","ms","Medido","Tempo total medido da execucao.","Inclui layout, instanciacao visual habilitada e calculo de metricas.","Inclui layout, instanciacao visual e metricas; use junto com o tempo logico."
14,2013,"F838A5E2","Performance","generatedGameObjectCount","0","contagem","Medido","Quantidade de GameObjects criados durante a montagem visual.","Indica peso potencial de instanciacao no Unity.","Reflete peso da montagem visual da cena gerada pelo grafo."
14,2013,"F838A5E2","Performance","occupiedCellCount","4455","contagem","Medido","Quantidade de celulas ocupadas no grid logico.","Proxy de escala espacial da dungeon.","Proxy de escala espacial resultante do embedding dos nos e corredores."
14,2013,"F838A5E2","Performance","connectionCount","48","contagem","Medido","Quantidade de arestas/conexoes no grafo.","Reflete diretamente a complexidade topologica do grafo.","Metrica muito natural para Room Graph, pois corresponde diretamente ao numero de arestas."
14,2013,"F838A5E2","Performance","managedMemoryDeltaKB","56","KB","Estimado","Variacao aproximada de memoria gerenciada durante a execucao.","Valor aproximado, sensivel a GC e ao estado do Editor.","Estimativa sujeita ao GC da Unity; use como indicio comparativo."
15,2014,"B5824A82","Quantitativo","numRoomsTarget","46","contagem","Medido","Contagem de nos/salas posicionados pelo Room Graph.","Indica quantos nos do grafo foram efetivamente posicionados como salas.","Room Graph controla salas como nos do grafo; a etapa de embedding pode gerar menos salas se nao houver espaco sem sobreposicao."
15,2014,"B5824A82","Quantitativo","connectivityRatio","100%","%","Medido","Busca no grafo de salas a partir da sala inicial.","Mostra se as salas ficaram conectadas no componente principal do grafo.","Room Graph e forte neste parametro: a arvore de conexoes garante componente principal conectado quando ha pelo menos duas salas."
15,2014,"B5824A82","Quantitativo","verticalVariance","2","metros","Medido","Desvio padrao das alturas dos nos/salas entre pavimentos.","Valor acima de 0 indica variacao vertical gerada por pavimentos e arestas verticais.","Room Graph puro suporta verticalidade ao criar arestas verticais entre nos de pavimentos adjacentes."
15,2014,"B5824A82","Quantitativo","fillPercentage","52.61%","%","Medido","Celulas ocupadas por salas e corredores divididas pelo total do grid.","Indica densidade espacial da dungeon.","A densidade depende do numero de nos, tamanhos de sala e sucesso do posicionamento espacial do grafo."
15,2014,"B5824A82","Quantitativo","branchFactor","2.043","media","Medido","Media de arestas por no/sala no grafo.","Valores maiores indicam mais bifurcacoes e loops no grafo.","O fator de ramificacao e diretamente controlado por arvore inicial e arestas extras de loop."
15,2014,"B5824A82","Quantitativo","avgPathLength","192.622","metros","Medido","Distancias calculadas no grafo explicito de salas.","Distancia media a partir da sala inicial.","Caminhos sao naturais para Room Graph, pois o algoritmo ja trabalha com grafo explicito."
15,2014,"B5824A82","Quantitativo","uniqueModules","4","contagem","Medido","Contagem de modulos logicos e prefabs usados pela montagem do Room Graph.","Indica variedade basica de composicao.","A variedade vem das categorias logicas do grafo, conectores, corredores e assets configurados."
15,2014,"B5824A82","Quantitativo","navigableVolumeRatio","100%","%","Estimado sem NavMesh","Estimativa logica de celulas navegaveis antes de NavMesh.","Use como estimativa inicial, nao como validacao fisica final.","A navegabilidade e estimada no grid logico; validacao fisica final ainda exige NavMesh."
15,2014,"B5824A82","Quantitativo","criticalPathLength","322","metros","Medido","Maior distancia encontrada no grafo a partir da sala inicial.","Aproxima o percurso principal entre inicio e ponto mais distante no grafo.","Room Graph mede bem percurso principal porque distancias no grafo sao parte central do modelo."
15,2014,"B5824A82","Quantitativo","avgAlternativePathLength","35","metros","Medido","Media das arestas extras marcadas como loops.","Ha caminhos alternativos mensuraveis.","Loops e atalhos sao uma vantagem direta do Room Graph, bastando adicionar arestas extras."
15,2014,"B5824A82","Booleano","SupportsRandomEnemySpawns","Sim, testado","sim/nao","Suportado","Verifica se o sistema de spawn usa salas/celulas geradas pelo grafo.","Sistema configurado e com orcamento ativo.","Room Graph oferece salas/nos claros para spawns; balanceamento de combate e camada de gameplay."
15,2014,"B5824A82","Booleano","SupportsLootDistribution","Sim, testado","sim/nao","Suportado","Verifica se loot pode ser distribuido sobre salas/celulas do grafo.","Sistema configurado e com orcamento ativo.","Loot pode ser distribuido por nos/salas ou por distancia no grafo."
15,2014,"B5824A82","Booleano","SupportsTraps","Sim, testado","sim/nao","Suportado","Verifica se armadilhas podem ser marcadas em areas navegaveis.","Sistema configurado e com orcamento ativo.","Armadilhas podem ser colocadas em salas, corredores ou arestas especificas do grafo."
15,2014,"B5824A82","Booleano","SupportsBacktrackingLoops","Sim","sim/nao","Medido","Conta execucoes em que o grafo recebeu ciclos navegaveis.","A dungeon possui loop para retorno/caminho alternativo.","Suporte nativo quando o grafo recebe arestas extras alem da arvore de conectividade."
15,2014,"B5824A82","Booleano","SupportsVerticalConnectors","Sim","sim/nao","Medido","Conta execucoes com arestas verticais entre pavimentos.","Parametro atendido quando existem arestas verticais Room Graph entre pavimentos.","Implementado como arestas verticais do proprio Room Graph, sem usar BSP ou outro algoritmo auxiliar."
15,2014,"B5824A82","Booleano","SupportsMultiFloor","Sim","sim/nao","Medido","Conta execucoes com mais de um pavimento conectado por arestas verticais.","Parametro atendido quando ha pavimentos conectados dentro do mesmo grafo.","Implementado por nos distribuidos em pavimentos e arestas verticais entre camadas."
15,2014,"B5824A82","Booleano","SupportsBossArena","Sim","sim/nao","Medido","Conta execucoes com ao menos uma sala acima da area minima configurada.","Existe ao menos uma sala grande o suficiente.","Suportado se algum no/sala for grande o suficiente; pode exigir parametros de tamanho ou uma regra de no especial."
15,2014,"B5824A82","Booleano","SeedReproducible","Sim","sim/nao","Medido","Gera a mesma seed duas vezes e compara o hash topologico.","A seed reproduziu a mesma topologia.","O Room Graph e deterministico quando todas as escolhas usam a mesma seed."
15,2014,"B5824A82","Booleano","RuntimeRegeneration","Sim","sim/nao","Medido","Conta execucoes abaixo do limite de tempo configurado.","Tempo registrado: 3.957 ms.","Room Graph tende a ser rapido; a etapa mais sensivel e o posicionamento sem sobreposicao das salas."
15,2014,"B5824A82","Booleano","BudgetAwareSpawns","Sim","sim/nao","Suportado","Verifica se os orcamentos de inimigos, loot e armadilhas cabem nas celulas livres.","Orcamentos registrados: inimigos 10, loot 6, armadilhas 4.","Orcamentos sao controlados por camada de spawn sobre os nos/salas gerados."
15,2014,"B5824A82","Qualitativo","Replayability","5/5","Likert 1-5","Estimado automaticamente","Estimativa baseada na diversidade de hashes topologicos entre seeds.","Diversidade topologica: 100%.","A variacao entre seeds depende da combinacao entre grafo, embedding espacial e arestas extras."
15,2014,"B5824A82","Qualitativo","Debuggability","5/5","Likert 1-5","Estimado automaticamente","Estimativa baseada na natureza explicita do grafo de nos e arestas.","A estrutura de nos e arestas facilita inspecao, depuracao e reproducao por seed.","Room Graph e facil de depurar porque a topologia pode ser inspecionada como nos e arestas."
15,2014,"B5824A82","Qualitativo","Flow","5/5","Likert 1-5","Estimado automaticamente","Estimativa baseada em conectividade, caminho critico e ramificacao.","Indica fluidez de navegacao esperada.","O controle de fluxo e uma das maiores vantagens do Room Graph, pois caminhos e ramificacoes sao explicitos."
15,2014,"B5824A82","Qualitativo","Legibility","4/5","Likert 1-5","Estimado automaticamente","Estimativa baseada em conectividade, densidade e ramificacao do grafo.","Indica se o layout tende a ser compreensivel.","A legibilidade depende do embedding: o grafo e claro, mas corredores podem cruzar se o layout espacial ficar apertado."
15,2014,"B5824A82","Qualitativo","StructuralVariety","5/5","Likert 1-5","Estimado automaticamente","Estimativa baseada em quantidade de salas, modulos e loops.","Indica variedade estrutural dentro desta execucao.","A variedade estrutural e boa em macrofluxo; variedade local ainda depende de regras de decoracao/assets."
15,2014,"B5824A82","Performance","layoutGenerationMilliseconds","1.218","ms","Medido","Tempo para criar, posicionar e conectar o Room Graph logico.","Representa o custo algoritmico principal do Room Graph.","Mede custo de criar nos, posiciona-los e conectar o grafo; compare separado da instanciacao Unity."
15,2014,"B5824A82","Performance","geometryInstantiationMilliseconds","0","ms","Medido","Tempo gasto instanciando prefabs/objetos visuais quando habilitado.","A execucao mediu apenas o layout logico.","Custo visual depende dos prefabs/Unity, nao do Room Graph puro."
15,2014,"B5824A82","Performance","metricsCalculationMilliseconds","2.738","ms","Medido","Tempo para calcular e consolidar metricas apos a geracao.","Ajuda a quantificar custo da instrumentacao.","Custo da instrumentacao, nao do algoritmo."
15,2014,"B5824A82","Performance","totalGenerationMilliseconds","3.957","ms","Medido","Tempo total medido da execucao.","Inclui layout, instanciacao visual habilitada e calculo de metricas.","Inclui layout, instanciacao visual e metricas; use junto com o tempo logico."
15,2014,"B5824A82","Performance","generatedGameObjectCount","0","contagem","Medido","Quantidade de GameObjects criados durante a montagem visual.","Indica peso potencial de instanciacao no Unity.","Reflete peso da montagem visual da cena gerada pelo grafo."
15,2014,"B5824A82","Performance","occupiedCellCount","4310","contagem","Medido","Quantidade de celulas ocupadas no grid logico.","Proxy de escala espacial da dungeon.","Proxy de escala espacial resultante do embedding dos nos e corredores."
15,2014,"B5824A82","Performance","connectionCount","47","contagem","Medido","Quantidade de arestas/conexoes no grafo.","Reflete diretamente a complexidade topologica do grafo.","Metrica muito natural para Room Graph, pois corresponde diretamente ao numero de arestas."
15,2014,"B5824A82","Performance","managedMemoryDeltaKB","56","KB","Estimado","Variacao aproximada de memoria gerenciada durante a execucao.","Valor aproximado, sensivel a GC e ao estado do Editor.","Estimativa sujeita ao GC da Unity; use como indicio comparativo."
16,2015,"105EFFE6","Quantitativo","numRoomsTarget","45","contagem","Medido","Contagem de nos/salas posicionados pelo Room Graph.","Indica quantos nos do grafo foram efetivamente posicionados como salas.","Room Graph controla salas como nos do grafo; a etapa de embedding pode gerar menos salas se nao houver espaco sem sobreposicao."
16,2015,"105EFFE6","Quantitativo","connectivityRatio","100%","%","Medido","Busca no grafo de salas a partir da sala inicial.","Mostra se as salas ficaram conectadas no componente principal do grafo.","Room Graph e forte neste parametro: a arvore de conexoes garante componente principal conectado quando ha pelo menos duas salas."
16,2015,"105EFFE6","Quantitativo","verticalVariance","1.996","metros","Medido","Desvio padrao das alturas dos nos/salas entre pavimentos.","Valor acima de 0 indica variacao vertical gerada por pavimentos e arestas verticais.","Room Graph puro suporta verticalidade ao criar arestas verticais entre nos de pavimentos adjacentes."
16,2015,"105EFFE6","Quantitativo","fillPercentage","50.82%","%","Medido","Celulas ocupadas por salas e corredores divididas pelo total do grid.","Indica densidade espacial da dungeon.","A densidade depende do numero de nos, tamanhos de sala e sucesso do posicionamento espacial do grafo."
16,2015,"105EFFE6","Quantitativo","branchFactor","2.044","media","Medido","Media de arestas por no/sala no grafo.","Valores maiores indicam mais bifurcacoes e loops no grafo.","O fator de ramificacao e diretamente controlado por arvore inicial e arestas extras de loop."
16,2015,"105EFFE6","Quantitativo","avgPathLength","154.727","metros","Medido","Distancias calculadas no grafo explicito de salas.","Distancia media a partir da sala inicial.","Caminhos sao naturais para Room Graph, pois o algoritmo ja trabalha com grafo explicito."
16,2015,"105EFFE6","Quantitativo","uniqueModules","4","contagem","Medido","Contagem de modulos logicos e prefabs usados pela montagem do Room Graph.","Indica variedade basica de composicao.","A variedade vem das categorias logicas do grafo, conectores, corredores e assets configurados."
16,2015,"105EFFE6","Quantitativo","navigableVolumeRatio","100%","%","Estimado sem NavMesh","Estimativa logica de celulas navegaveis antes de NavMesh.","Use como estimativa inicial, nao como validacao fisica final.","A navegabilidade e estimada no grid logico; validacao fisica final ainda exige NavMesh."
16,2015,"105EFFE6","Quantitativo","criticalPathLength","306","metros","Medido","Maior distancia encontrada no grafo a partir da sala inicial.","Aproxima o percurso principal entre inicio e ponto mais distante no grafo.","Room Graph mede bem percurso principal porque distancias no grafo sao parte central do modelo."
16,2015,"105EFFE6","Quantitativo","avgAlternativePathLength","22","metros","Medido","Media das arestas extras marcadas como loops.","Ha caminhos alternativos mensuraveis.","Loops e atalhos sao uma vantagem direta do Room Graph, bastando adicionar arestas extras."
16,2015,"105EFFE6","Booleano","SupportsRandomEnemySpawns","Sim, testado","sim/nao","Suportado","Verifica se o sistema de spawn usa salas/celulas geradas pelo grafo.","Sistema configurado e com orcamento ativo.","Room Graph oferece salas/nos claros para spawns; balanceamento de combate e camada de gameplay."
16,2015,"105EFFE6","Booleano","SupportsLootDistribution","Sim, testado","sim/nao","Suportado","Verifica se loot pode ser distribuido sobre salas/celulas do grafo.","Sistema configurado e com orcamento ativo.","Loot pode ser distribuido por nos/salas ou por distancia no grafo."
16,2015,"105EFFE6","Booleano","SupportsTraps","Sim, testado","sim/nao","Suportado","Verifica se armadilhas podem ser marcadas em areas navegaveis.","Sistema configurado e com orcamento ativo.","Armadilhas podem ser colocadas em salas, corredores ou arestas especificas do grafo."
16,2015,"105EFFE6","Booleano","SupportsBacktrackingLoops","Sim","sim/nao","Medido","Conta execucoes em que o grafo recebeu ciclos navegaveis.","A dungeon possui loop para retorno/caminho alternativo.","Suporte nativo quando o grafo recebe arestas extras alem da arvore de conectividade."
16,2015,"105EFFE6","Booleano","SupportsVerticalConnectors","Sim","sim/nao","Medido","Conta execucoes com arestas verticais entre pavimentos.","Parametro atendido quando existem arestas verticais Room Graph entre pavimentos.","Implementado como arestas verticais do proprio Room Graph, sem usar BSP ou outro algoritmo auxiliar."
16,2015,"105EFFE6","Booleano","SupportsMultiFloor","Sim","sim/nao","Medido","Conta execucoes com mais de um pavimento conectado por arestas verticais.","Parametro atendido quando ha pavimentos conectados dentro do mesmo grafo.","Implementado por nos distribuidos em pavimentos e arestas verticais entre camadas."
16,2015,"105EFFE6","Booleano","SupportsBossArena","Sim","sim/nao","Medido","Conta execucoes com ao menos uma sala acima da area minima configurada.","Existe ao menos uma sala grande o suficiente.","Suportado se algum no/sala for grande o suficiente; pode exigir parametros de tamanho ou uma regra de no especial."
16,2015,"105EFFE6","Booleano","SeedReproducible","Sim","sim/nao","Medido","Gera a mesma seed duas vezes e compara o hash topologico.","A seed reproduziu a mesma topologia.","O Room Graph e deterministico quando todas as escolhas usam a mesma seed."
16,2015,"105EFFE6","Booleano","RuntimeRegeneration","Sim","sim/nao","Medido","Conta execucoes abaixo do limite de tempo configurado.","Tempo registrado: 3.711 ms.","Room Graph tende a ser rapido; a etapa mais sensivel e o posicionamento sem sobreposicao das salas."
16,2015,"105EFFE6","Booleano","BudgetAwareSpawns","Sim","sim/nao","Suportado","Verifica se os orcamentos de inimigos, loot e armadilhas cabem nas celulas livres.","Orcamentos registrados: inimigos 10, loot 6, armadilhas 4.","Orcamentos sao controlados por camada de spawn sobre os nos/salas gerados."
16,2015,"105EFFE6","Qualitativo","Replayability","5/5","Likert 1-5","Estimado automaticamente","Estimativa baseada na diversidade de hashes topologicos entre seeds.","Diversidade topologica: 100%.","A variacao entre seeds depende da combinacao entre grafo, embedding espacial e arestas extras."
16,2015,"105EFFE6","Qualitativo","Debuggability","5/5","Likert 1-5","Estimado automaticamente","Estimativa baseada na natureza explicita do grafo de nos e arestas.","A estrutura de nos e arestas facilita inspecao, depuracao e reproducao por seed.","Room Graph e facil de depurar porque a topologia pode ser inspecionada como nos e arestas."
16,2015,"105EFFE6","Qualitativo","Flow","5/5","Likert 1-5","Estimado automaticamente","Estimativa baseada em conectividade, caminho critico e ramificacao.","Indica fluidez de navegacao esperada.","O controle de fluxo e uma das maiores vantagens do Room Graph, pois caminhos e ramificacoes sao explicitos."
16,2015,"105EFFE6","Qualitativo","Legibility","4/5","Likert 1-5","Estimado automaticamente","Estimativa baseada em conectividade, densidade e ramificacao do grafo.","Indica se o layout tende a ser compreensivel.","A legibilidade depende do embedding: o grafo e claro, mas corredores podem cruzar se o layout espacial ficar apertado."
16,2015,"105EFFE6","Qualitativo","StructuralVariety","5/5","Likert 1-5","Estimado automaticamente","Estimativa baseada em quantidade de salas, modulos e loops.","Indica variedade estrutural dentro desta execucao.","A variedade estrutural e boa em macrofluxo; variedade local ainda depende de regras de decoracao/assets."
16,2015,"105EFFE6","Performance","layoutGenerationMilliseconds","1.252","ms","Medido","Tempo para criar, posicionar e conectar o Room Graph logico.","Representa o custo algoritmico principal do Room Graph.","Mede custo de criar nos, posiciona-los e conectar o grafo; compare separado da instanciacao Unity."
16,2015,"105EFFE6","Performance","geometryInstantiationMilliseconds","0","ms","Medido","Tempo gasto instanciando prefabs/objetos visuais quando habilitado.","A execucao mediu apenas o layout logico.","Custo visual depende dos prefabs/Unity, nao do Room Graph puro."
16,2015,"105EFFE6","Performance","metricsCalculationMilliseconds","2.459","ms","Medido","Tempo para calcular e consolidar metricas apos a geracao.","Ajuda a quantificar custo da instrumentacao.","Custo da instrumentacao, nao do algoritmo."
16,2015,"105EFFE6","Performance","totalGenerationMilliseconds","3.711","ms","Medido","Tempo total medido da execucao.","Inclui layout, instanciacao visual habilitada e calculo de metricas.","Inclui layout, instanciacao visual e metricas; use junto com o tempo logico."
16,2015,"105EFFE6","Performance","generatedGameObjectCount","0","contagem","Medido","Quantidade de GameObjects criados durante a montagem visual.","Indica peso potencial de instanciacao no Unity.","Reflete peso da montagem visual da cena gerada pelo grafo."
16,2015,"105EFFE6","Performance","occupiedCellCount","4163","contagem","Medido","Quantidade de celulas ocupadas no grid logico.","Proxy de escala espacial da dungeon.","Proxy de escala espacial resultante do embedding dos nos e corredores."
16,2015,"105EFFE6","Performance","connectionCount","46","contagem","Medido","Quantidade de arestas/conexoes no grafo.","Reflete diretamente a complexidade topologica do grafo.","Metrica muito natural para Room Graph, pois corresponde diretamente ao numero de arestas."
16,2015,"105EFFE6","Performance","managedMemoryDeltaKB","56","KB","Estimado","Variacao aproximada de memoria gerenciada durante a execucao.","Valor aproximado, sensivel a GC e ao estado do Editor.","Estimativa sujeita ao GC da Unity; use como indicio comparativo."
17,2016,"C0C6C1AE","Quantitativo","numRoomsTarget","47","contagem","Medido","Contagem de nos/salas posicionados pelo Room Graph.","Indica quantos nos do grafo foram efetivamente posicionados como salas.","Room Graph controla salas como nos do grafo; a etapa de embedding pode gerar menos salas se nao houver espaco sem sobreposicao."
17,2016,"C0C6C1AE","Quantitativo","connectivityRatio","100%","%","Medido","Busca no grafo de salas a partir da sala inicial.","Mostra se as salas ficaram conectadas no componente principal do grafo.","Room Graph e forte neste parametro: a arvore de conexoes garante componente principal conectado quando ha pelo menos duas salas."
17,2016,"C0C6C1AE","Quantitativo","verticalVariance","2","metros","Medido","Desvio padrao das alturas dos nos/salas entre pavimentos.","Valor acima de 0 indica variacao vertical gerada por pavimentos e arestas verticais.","Room Graph puro suporta verticalidade ao criar arestas verticais entre nos de pavimentos adjacentes."
17,2016,"C0C6C1AE","Quantitativo","fillPercentage","54.15%","%","Medido","Celulas ocupadas por salas e corredores divididas pelo total do grid.","Indica densidade espacial da dungeon.","A densidade depende do numero de nos, tamanhos de sala e sucesso do posicionamento espacial do grafo."
17,2016,"C0C6C1AE","Quantitativo","branchFactor","2.043","media","Medido","Media de arestas por no/sala no grafo.","Valores maiores indicam mais bifurcacoes e loops no grafo.","O fator de ramificacao e diretamente controlado por arvore inicial e arestas extras de loop."
17,2016,"C0C6C1AE","Quantitativo","avgPathLength","174","metros","Medido","Distancias calculadas no grafo explicito de salas.","Distancia media a partir da sala inicial.","Caminhos sao naturais para Room Graph, pois o algoritmo ja trabalha com grafo explicito."
17,2016,"C0C6C1AE","Quantitativo","uniqueModules","4","contagem","Medido","Contagem de modulos logicos e prefabs usados pela montagem do Room Graph.","Indica variedade basica de composicao.","A variedade vem das categorias logicas do grafo, conectores, corredores e assets configurados."
17,2016,"C0C6C1AE","Quantitativo","navigableVolumeRatio","100%","%","Estimado sem NavMesh","Estimativa logica de celulas navegaveis antes de NavMesh.","Use como estimativa inicial, nao como validacao fisica final.","A navegabilidade e estimada no grid logico; validacao fisica final ainda exige NavMesh."
17,2016,"C0C6C1AE","Quantitativo","criticalPathLength","286","metros","Medido","Maior distancia encontrada no grafo a partir da sala inicial.","Aproxima o percurso principal entre inicio e ponto mais distante no grafo.","Room Graph mede bem percurso principal porque distancias no grafo sao parte central do modelo."
17,2016,"C0C6C1AE","Quantitativo","avgAlternativePathLength","34","metros","Medido","Media das arestas extras marcadas como loops.","Ha caminhos alternativos mensuraveis.","Loops e atalhos sao uma vantagem direta do Room Graph, bastando adicionar arestas extras."
17,2016,"C0C6C1AE","Booleano","SupportsRandomEnemySpawns","Sim, testado","sim/nao","Suportado","Verifica se o sistema de spawn usa salas/celulas geradas pelo grafo.","Sistema configurado e com orcamento ativo.","Room Graph oferece salas/nos claros para spawns; balanceamento de combate e camada de gameplay."
17,2016,"C0C6C1AE","Booleano","SupportsLootDistribution","Sim, testado","sim/nao","Suportado","Verifica se loot pode ser distribuido sobre salas/celulas do grafo.","Sistema configurado e com orcamento ativo.","Loot pode ser distribuido por nos/salas ou por distancia no grafo."
17,2016,"C0C6C1AE","Booleano","SupportsTraps","Sim, testado","sim/nao","Suportado","Verifica se armadilhas podem ser marcadas em areas navegaveis.","Sistema configurado e com orcamento ativo.","Armadilhas podem ser colocadas em salas, corredores ou arestas especificas do grafo."
17,2016,"C0C6C1AE","Booleano","SupportsBacktrackingLoops","Sim","sim/nao","Medido","Conta execucoes em que o grafo recebeu ciclos navegaveis.","A dungeon possui loop para retorno/caminho alternativo.","Suporte nativo quando o grafo recebe arestas extras alem da arvore de conectividade."
17,2016,"C0C6C1AE","Booleano","SupportsVerticalConnectors","Sim","sim/nao","Medido","Conta execucoes com arestas verticais entre pavimentos.","Parametro atendido quando existem arestas verticais Room Graph entre pavimentos.","Implementado como arestas verticais do proprio Room Graph, sem usar BSP ou outro algoritmo auxiliar."
17,2016,"C0C6C1AE","Booleano","SupportsMultiFloor","Sim","sim/nao","Medido","Conta execucoes com mais de um pavimento conectado por arestas verticais.","Parametro atendido quando ha pavimentos conectados dentro do mesmo grafo.","Implementado por nos distribuidos em pavimentos e arestas verticais entre camadas."
17,2016,"C0C6C1AE","Booleano","SupportsBossArena","Sim","sim/nao","Medido","Conta execucoes com ao menos uma sala acima da area minima configurada.","Existe ao menos uma sala grande o suficiente.","Suportado se algum no/sala for grande o suficiente; pode exigir parametros de tamanho ou uma regra de no especial."
17,2016,"C0C6C1AE","Booleano","SeedReproducible","Sim","sim/nao","Medido","Gera a mesma seed duas vezes e compara o hash topologico.","A seed reproduziu a mesma topologia.","O Room Graph e deterministico quando todas as escolhas usam a mesma seed."
17,2016,"C0C6C1AE","Booleano","RuntimeRegeneration","Sim","sim/nao","Medido","Conta execucoes abaixo do limite de tempo configurado.","Tempo registrado: 4.158 ms.","Room Graph tende a ser rapido; a etapa mais sensivel e o posicionamento sem sobreposicao das salas."
17,2016,"C0C6C1AE","Booleano","BudgetAwareSpawns","Sim","sim/nao","Suportado","Verifica se os orcamentos de inimigos, loot e armadilhas cabem nas celulas livres.","Orcamentos registrados: inimigos 10, loot 6, armadilhas 4.","Orcamentos sao controlados por camada de spawn sobre os nos/salas gerados."
17,2016,"C0C6C1AE","Qualitativo","Replayability","5/5","Likert 1-5","Estimado automaticamente","Estimativa baseada na diversidade de hashes topologicos entre seeds.","Diversidade topologica: 100%.","A variacao entre seeds depende da combinacao entre grafo, embedding espacial e arestas extras."
17,2016,"C0C6C1AE","Qualitativo","Debuggability","5/5","Likert 1-5","Estimado automaticamente","Estimativa baseada na natureza explicita do grafo de nos e arestas.","A estrutura de nos e arestas facilita inspecao, depuracao e reproducao por seed.","Room Graph e facil de depurar porque a topologia pode ser inspecionada como nos e arestas."
17,2016,"C0C6C1AE","Qualitativo","Flow","5/5","Likert 1-5","Estimado automaticamente","Estimativa baseada em conectividade, caminho critico e ramificacao.","Indica fluidez de navegacao esperada.","O controle de fluxo e uma das maiores vantagens do Room Graph, pois caminhos e ramificacoes sao explicitos."
17,2016,"C0C6C1AE","Qualitativo","Legibility","4/5","Likert 1-5","Estimado automaticamente","Estimativa baseada em conectividade, densidade e ramificacao do grafo.","Indica se o layout tende a ser compreensivel.","A legibilidade depende do embedding: o grafo e claro, mas corredores podem cruzar se o layout espacial ficar apertado."
17,2016,"C0C6C1AE","Qualitativo","StructuralVariety","5/5","Likert 1-5","Estimado automaticamente","Estimativa baseada em quantidade de salas, modulos e loops.","Indica variedade estrutural dentro desta execucao.","A variedade estrutural e boa em macrofluxo; variedade local ainda depende de regras de decoracao/assets."
17,2016,"C0C6C1AE","Performance","layoutGenerationMilliseconds","1.209","ms","Medido","Tempo para criar, posicionar e conectar o Room Graph logico.","Representa o custo algoritmico principal do Room Graph.","Mede custo de criar nos, posiciona-los e conectar o grafo; compare separado da instanciacao Unity."
17,2016,"C0C6C1AE","Performance","geometryInstantiationMilliseconds","0","ms","Medido","Tempo gasto instanciando prefabs/objetos visuais quando habilitado.","A execucao mediu apenas o layout logico.","Custo visual depende dos prefabs/Unity, nao do Room Graph puro."
17,2016,"C0C6C1AE","Performance","metricsCalculationMilliseconds","2.948","ms","Medido","Tempo para calcular e consolidar metricas apos a geracao.","Ajuda a quantificar custo da instrumentacao.","Custo da instrumentacao, nao do algoritmo."
17,2016,"C0C6C1AE","Performance","totalGenerationMilliseconds","4.158","ms","Medido","Tempo total medido da execucao.","Inclui layout, instanciacao visual habilitada e calculo de metricas.","Inclui layout, instanciacao visual e metricas; use junto com o tempo logico."
17,2016,"C0C6C1AE","Performance","generatedGameObjectCount","0","contagem","Medido","Quantidade de GameObjects criados durante a montagem visual.","Indica peso potencial de instanciacao no Unity.","Reflete peso da montagem visual da cena gerada pelo grafo."
17,2016,"C0C6C1AE","Performance","occupiedCellCount","4436","contagem","Medido","Quantidade de celulas ocupadas no grid logico.","Proxy de escala espacial da dungeon.","Proxy de escala espacial resultante do embedding dos nos e corredores."
17,2016,"C0C6C1AE","Performance","connectionCount","48","contagem","Medido","Quantidade de arestas/conexoes no grafo.","Reflete diretamente a complexidade topologica do grafo.","Metrica muito natural para Room Graph, pois corresponde diretamente ao numero de arestas."
17,2016,"C0C6C1AE","Performance","managedMemoryDeltaKB","56","KB","Estimado","Variacao aproximada de memoria gerenciada durante a execucao.","Valor aproximado, sensivel a GC e ao estado do Editor.","Estimativa sujeita ao GC da Unity; use como indicio comparativo."
18,2017,"83B00461","Quantitativo","numRoomsTarget","47","contagem","Medido","Contagem de nos/salas posicionados pelo Room Graph.","Indica quantos nos do grafo foram efetivamente posicionados como salas.","Room Graph controla salas como nos do grafo; a etapa de embedding pode gerar menos salas se nao houver espaco sem sobreposicao."
18,2017,"83B00461","Quantitativo","connectivityRatio","100%","%","Medido","Busca no grafo de salas a partir da sala inicial.","Mostra se as salas ficaram conectadas no componente principal do grafo.","Room Graph e forte neste parametro: a arvore de conexoes garante componente principal conectado quando ha pelo menos duas salas."
18,2017,"83B00461","Quantitativo","verticalVariance","2","metros","Medido","Desvio padrao das alturas dos nos/salas entre pavimentos.","Valor acima de 0 indica variacao vertical gerada por pavimentos e arestas verticais.","Room Graph puro suporta verticalidade ao criar arestas verticais entre nos de pavimentos adjacentes."
18,2017,"83B00461","Quantitativo","fillPercentage","51.28%","%","Medido","Celulas ocupadas por salas e corredores divididas pelo total do grid.","Indica densidade espacial da dungeon.","A densidade depende do numero de nos, tamanhos de sala e sucesso do posicionamento espacial do grafo."
18,2017,"83B00461","Quantitativo","branchFactor","2.043","media","Medido","Media de arestas por no/sala no grafo.","Valores maiores indicam mais bifurcacoes e loops no grafo.","O fator de ramificacao e diretamente controlado por arvore inicial e arestas extras de loop."
18,2017,"83B00461","Quantitativo","avgPathLength","159.565","metros","Medido","Distancias calculadas no grafo explicito de salas.","Distancia media a partir da sala inicial.","Caminhos sao naturais para Room Graph, pois o algoritmo ja trabalha com grafo explicito."
18,2017,"83B00461","Quantitativo","uniqueModules","4","contagem","Medido","Contagem de modulos logicos e prefabs usados pela montagem do Room Graph.","Indica variedade basica de composicao.","A variedade vem das categorias logicas do grafo, conectores, corredores e assets configurados."
18,2017,"83B00461","Quantitativo","navigableVolumeRatio","100%","%","Estimado sem NavMesh","Estimativa logica de celulas navegaveis antes de NavMesh.","Use como estimativa inicial, nao como validacao fisica final.","A navegabilidade e estimada no grid logico; validacao fisica final ainda exige NavMesh."
18,2017,"83B00461","Quantitativo","criticalPathLength","258","metros","Medido","Maior distancia encontrada no grafo a partir da sala inicial.","Aproxima o percurso principal entre inicio e ponto mais distante no grafo.","Room Graph mede bem percurso principal porque distancias no grafo sao parte central do modelo."
18,2017,"83B00461","Quantitativo","avgAlternativePathLength","45","metros","Medido","Media das arestas extras marcadas como loops.","Ha caminhos alternativos mensuraveis.","Loops e atalhos sao uma vantagem direta do Room Graph, bastando adicionar arestas extras."
18,2017,"83B00461","Booleano","SupportsRandomEnemySpawns","Sim, testado","sim/nao","Suportado","Verifica se o sistema de spawn usa salas/celulas geradas pelo grafo.","Sistema configurado e com orcamento ativo.","Room Graph oferece salas/nos claros para spawns; balanceamento de combate e camada de gameplay."
18,2017,"83B00461","Booleano","SupportsLootDistribution","Sim, testado","sim/nao","Suportado","Verifica se loot pode ser distribuido sobre salas/celulas do grafo.","Sistema configurado e com orcamento ativo.","Loot pode ser distribuido por nos/salas ou por distancia no grafo."
18,2017,"83B00461","Booleano","SupportsTraps","Sim, testado","sim/nao","Suportado","Verifica se armadilhas podem ser marcadas em areas navegaveis.","Sistema configurado e com orcamento ativo.","Armadilhas podem ser colocadas em salas, corredores ou arestas especificas do grafo."
18,2017,"83B00461","Booleano","SupportsBacktrackingLoops","Sim","sim/nao","Medido","Conta execucoes em que o grafo recebeu ciclos navegaveis.","A dungeon possui loop para retorno/caminho alternativo.","Suporte nativo quando o grafo recebe arestas extras alem da arvore de conectividade."
18,2017,"83B00461","Booleano","SupportsVerticalConnectors","Sim","sim/nao","Medido","Conta execucoes com arestas verticais entre pavimentos.","Parametro atendido quando existem arestas verticais Room Graph entre pavimentos.","Implementado como arestas verticais do proprio Room Graph, sem usar BSP ou outro algoritmo auxiliar."
18,2017,"83B00461","Booleano","SupportsMultiFloor","Sim","sim/nao","Medido","Conta execucoes com mais de um pavimento conectado por arestas verticais.","Parametro atendido quando ha pavimentos conectados dentro do mesmo grafo.","Implementado por nos distribuidos em pavimentos e arestas verticais entre camadas."
18,2017,"83B00461","Booleano","SupportsBossArena","Sim","sim/nao","Medido","Conta execucoes com ao menos uma sala acima da area minima configurada.","Existe ao menos uma sala grande o suficiente.","Suportado se algum no/sala for grande o suficiente; pode exigir parametros de tamanho ou uma regra de no especial."
18,2017,"83B00461","Booleano","SeedReproducible","Sim","sim/nao","Medido","Gera a mesma seed duas vezes e compara o hash topologico.","A seed reproduziu a mesma topologia.","O Room Graph e deterministico quando todas as escolhas usam a mesma seed."
18,2017,"83B00461","Booleano","RuntimeRegeneration","Sim","sim/nao","Medido","Conta execucoes abaixo do limite de tempo configurado.","Tempo registrado: 3.838 ms.","Room Graph tende a ser rapido; a etapa mais sensivel e o posicionamento sem sobreposicao das salas."
18,2017,"83B00461","Booleano","BudgetAwareSpawns","Sim","sim/nao","Suportado","Verifica se os orcamentos de inimigos, loot e armadilhas cabem nas celulas livres.","Orcamentos registrados: inimigos 10, loot 6, armadilhas 4.","Orcamentos sao controlados por camada de spawn sobre os nos/salas gerados."
18,2017,"83B00461","Qualitativo","Replayability","5/5","Likert 1-5","Estimado automaticamente","Estimativa baseada na diversidade de hashes topologicos entre seeds.","Diversidade topologica: 100%.","A variacao entre seeds depende da combinacao entre grafo, embedding espacial e arestas extras."
18,2017,"83B00461","Qualitativo","Debuggability","5/5","Likert 1-5","Estimado automaticamente","Estimativa baseada na natureza explicita do grafo de nos e arestas.","A estrutura de nos e arestas facilita inspecao, depuracao e reproducao por seed.","Room Graph e facil de depurar porque a topologia pode ser inspecionada como nos e arestas."
18,2017,"83B00461","Qualitativo","Flow","5/5","Likert 1-5","Estimado automaticamente","Estimativa baseada em conectividade, caminho critico e ramificacao.","Indica fluidez de navegacao esperada.","O controle de fluxo e uma das maiores vantagens do Room Graph, pois caminhos e ramificacoes sao explicitos."
18,2017,"83B00461","Qualitativo","Legibility","4/5","Likert 1-5","Estimado automaticamente","Estimativa baseada em conectividade, densidade e ramificacao do grafo.","Indica se o layout tende a ser compreensivel.","A legibilidade depende do embedding: o grafo e claro, mas corredores podem cruzar se o layout espacial ficar apertado."
18,2017,"83B00461","Qualitativo","StructuralVariety","5/5","Likert 1-5","Estimado automaticamente","Estimativa baseada em quantidade de salas, modulos e loops.","Indica variedade estrutural dentro desta execucao.","A variedade estrutural e boa em macrofluxo; variedade local ainda depende de regras de decoracao/assets."
18,2017,"83B00461","Performance","layoutGenerationMilliseconds","1.33","ms","Medido","Tempo para criar, posicionar e conectar o Room Graph logico.","Representa o custo algoritmico principal do Room Graph.","Mede custo de criar nos, posiciona-los e conectar o grafo; compare separado da instanciacao Unity."
18,2017,"83B00461","Performance","geometryInstantiationMilliseconds","0","ms","Medido","Tempo gasto instanciando prefabs/objetos visuais quando habilitado.","A execucao mediu apenas o layout logico.","Custo visual depende dos prefabs/Unity, nao do Room Graph puro."
18,2017,"83B00461","Performance","metricsCalculationMilliseconds","2.507","ms","Medido","Tempo para calcular e consolidar metricas apos a geracao.","Ajuda a quantificar custo da instrumentacao.","Custo da instrumentacao, nao do algoritmo."
18,2017,"83B00461","Performance","totalGenerationMilliseconds","3.838","ms","Medido","Tempo total medido da execucao.","Inclui layout, instanciacao visual habilitada e calculo de metricas.","Inclui layout, instanciacao visual e metricas; use junto com o tempo logico."
18,2017,"83B00461","Performance","generatedGameObjectCount","0","contagem","Medido","Quantidade de GameObjects criados durante a montagem visual.","Indica peso potencial de instanciacao no Unity.","Reflete peso da montagem visual da cena gerada pelo grafo."
18,2017,"83B00461","Performance","occupiedCellCount","4201","contagem","Medido","Quantidade de celulas ocupadas no grid logico.","Proxy de escala espacial da dungeon.","Proxy de escala espacial resultante do embedding dos nos e corredores."
18,2017,"83B00461","Performance","connectionCount","48","contagem","Medido","Quantidade de arestas/conexoes no grafo.","Reflete diretamente a complexidade topologica do grafo.","Metrica muito natural para Room Graph, pois corresponde diretamente ao numero de arestas."
18,2017,"83B00461","Performance","managedMemoryDeltaKB","60","KB","Estimado","Variacao aproximada de memoria gerenciada durante a execucao.","Valor aproximado, sensivel a GC e ao estado do Editor.","Estimativa sujeita ao GC da Unity; use como indicio comparativo."
19,2018,"821E844A","Quantitativo","numRoomsTarget","45","contagem","Medido","Contagem de nos/salas posicionados pelo Room Graph.","Indica quantos nos do grafo foram efetivamente posicionados como salas.","Room Graph controla salas como nos do grafo; a etapa de embedding pode gerar menos salas se nao houver espaco sem sobreposicao."
19,2018,"821E844A","Quantitativo","connectivityRatio","100%","%","Medido","Busca no grafo de salas a partir da sala inicial.","Mostra se as salas ficaram conectadas no componente principal do grafo.","Room Graph e forte neste parametro: a arvore de conexoes garante componente principal conectado quando ha pelo menos duas salas."
19,2018,"821E844A","Quantitativo","verticalVariance","1.996","metros","Medido","Desvio padrao das alturas dos nos/salas entre pavimentos.","Valor acima de 0 indica variacao vertical gerada por pavimentos e arestas verticais.","Room Graph puro suporta verticalidade ao criar arestas verticais entre nos de pavimentos adjacentes."
19,2018,"821E844A","Quantitativo","fillPercentage","52.33%","%","Medido","Celulas ocupadas por salas e corredores divididas pelo total do grid.","Indica densidade espacial da dungeon.","A densidade depende do numero de nos, tamanhos de sala e sucesso do posicionamento espacial do grafo."
19,2018,"821E844A","Quantitativo","branchFactor","2.044","media","Medido","Media de arestas por no/sala no grafo.","Valores maiores indicam mais bifurcacoes e loops no grafo.","O fator de ramificacao e diretamente controlado por arvore inicial e arestas extras de loop."
19,2018,"821E844A","Quantitativo","avgPathLength","83.864","metros","Medido","Distancias calculadas no grafo explicito de salas.","Distancia media a partir da sala inicial.","Caminhos sao naturais para Room Graph, pois o algoritmo ja trabalha com grafo explicito."
19,2018,"821E844A","Quantitativo","uniqueModules","4","contagem","Medido","Contagem de modulos logicos e prefabs usados pela montagem do Room Graph.","Indica variedade basica de composicao.","A variedade vem das categorias logicas do grafo, conectores, corredores e assets configurados."
19,2018,"821E844A","Quantitativo","navigableVolumeRatio","100%","%","Estimado sem NavMesh","Estimativa logica de celulas navegaveis antes de NavMesh.","Use como estimativa inicial, nao como validacao fisica final.","A navegabilidade e estimada no grid logico; validacao fisica final ainda exige NavMesh."
19,2018,"821E844A","Quantitativo","criticalPathLength","184","metros","Medido","Maior distancia encontrada no grafo a partir da sala inicial.","Aproxima o percurso principal entre inicio e ponto mais distante no grafo.","Room Graph mede bem percurso principal porque distancias no grafo sao parte central do modelo."
19,2018,"821E844A","Quantitativo","avgAlternativePathLength","37","metros","Medido","Media das arestas extras marcadas como loops.","Ha caminhos alternativos mensuraveis.","Loops e atalhos sao uma vantagem direta do Room Graph, bastando adicionar arestas extras."
19,2018,"821E844A","Booleano","SupportsRandomEnemySpawns","Sim, testado","sim/nao","Suportado","Verifica se o sistema de spawn usa salas/celulas geradas pelo grafo.","Sistema configurado e com orcamento ativo.","Room Graph oferece salas/nos claros para spawns; balanceamento de combate e camada de gameplay."
19,2018,"821E844A","Booleano","SupportsLootDistribution","Sim, testado","sim/nao","Suportado","Verifica se loot pode ser distribuido sobre salas/celulas do grafo.","Sistema configurado e com orcamento ativo.","Loot pode ser distribuido por nos/salas ou por distancia no grafo."
19,2018,"821E844A","Booleano","SupportsTraps","Sim, testado","sim/nao","Suportado","Verifica se armadilhas podem ser marcadas em areas navegaveis.","Sistema configurado e com orcamento ativo.","Armadilhas podem ser colocadas em salas, corredores ou arestas especificas do grafo."
19,2018,"821E844A","Booleano","SupportsBacktrackingLoops","Sim","sim/nao","Medido","Conta execucoes em que o grafo recebeu ciclos navegaveis.","A dungeon possui loop para retorno/caminho alternativo.","Suporte nativo quando o grafo recebe arestas extras alem da arvore de conectividade."
19,2018,"821E844A","Booleano","SupportsVerticalConnectors","Sim","sim/nao","Medido","Conta execucoes com arestas verticais entre pavimentos.","Parametro atendido quando existem arestas verticais Room Graph entre pavimentos.","Implementado como arestas verticais do proprio Room Graph, sem usar BSP ou outro algoritmo auxiliar."
19,2018,"821E844A","Booleano","SupportsMultiFloor","Sim","sim/nao","Medido","Conta execucoes com mais de um pavimento conectado por arestas verticais.","Parametro atendido quando ha pavimentos conectados dentro do mesmo grafo.","Implementado por nos distribuidos em pavimentos e arestas verticais entre camadas."
19,2018,"821E844A","Booleano","SupportsBossArena","Sim","sim/nao","Medido","Conta execucoes com ao menos uma sala acima da area minima configurada.","Existe ao menos uma sala grande o suficiente.","Suportado se algum no/sala for grande o suficiente; pode exigir parametros de tamanho ou uma regra de no especial."
19,2018,"821E844A","Booleano","SeedReproducible","Sim","sim/nao","Medido","Gera a mesma seed duas vezes e compara o hash topologico.","A seed reproduziu a mesma topologia.","O Room Graph e deterministico quando todas as escolhas usam a mesma seed."
19,2018,"821E844A","Booleano","RuntimeRegeneration","Sim","sim/nao","Medido","Conta execucoes abaixo do limite de tempo configurado.","Tempo registrado: 4.006 ms.","Room Graph tende a ser rapido; a etapa mais sensivel e o posicionamento sem sobreposicao das salas."
19,2018,"821E844A","Booleano","BudgetAwareSpawns","Sim","sim/nao","Suportado","Verifica se os orcamentos de inimigos, loot e armadilhas cabem nas celulas livres.","Orcamentos registrados: inimigos 10, loot 6, armadilhas 4.","Orcamentos sao controlados por camada de spawn sobre os nos/salas gerados."
19,2018,"821E844A","Qualitativo","Replayability","5/5","Likert 1-5","Estimado automaticamente","Estimativa baseada na diversidade de hashes topologicos entre seeds.","Diversidade topologica: 100%.","A variacao entre seeds depende da combinacao entre grafo, embedding espacial e arestas extras."
19,2018,"821E844A","Qualitativo","Debuggability","5/5","Likert 1-5","Estimado automaticamente","Estimativa baseada na natureza explicita do grafo de nos e arestas.","A estrutura de nos e arestas facilita inspecao, depuracao e reproducao por seed.","Room Graph e facil de depurar porque a topologia pode ser inspecionada como nos e arestas."
19,2018,"821E844A","Qualitativo","Flow","5/5","Likert 1-5","Estimado automaticamente","Estimativa baseada em conectividade, caminho critico e ramificacao.","Indica fluidez de navegacao esperada.","O controle de fluxo e uma das maiores vantagens do Room Graph, pois caminhos e ramificacoes sao explicitos."
19,2018,"821E844A","Qualitativo","Legibility","4/5","Likert 1-5","Estimado automaticamente","Estimativa baseada em conectividade, densidade e ramificacao do grafo.","Indica se o layout tende a ser compreensivel.","A legibilidade depende do embedding: o grafo e claro, mas corredores podem cruzar se o layout espacial ficar apertado."
19,2018,"821E844A","Qualitativo","StructuralVariety","5/5","Likert 1-5","Estimado automaticamente","Estimativa baseada em quantidade de salas, modulos e loops.","Indica variedade estrutural dentro desta execucao.","A variedade estrutural e boa em macrofluxo; variedade local ainda depende de regras de decoracao/assets."
19,2018,"821E844A","Performance","layoutGenerationMilliseconds","1.333","ms","Medido","Tempo para criar, posicionar e conectar o Room Graph logico.","Representa o custo algoritmico principal do Room Graph.","Mede custo de criar nos, posiciona-los e conectar o grafo; compare separado da instanciacao Unity."
19,2018,"821E844A","Performance","geometryInstantiationMilliseconds","0","ms","Medido","Tempo gasto instanciando prefabs/objetos visuais quando habilitado.","A execucao mediu apenas o layout logico.","Custo visual depende dos prefabs/Unity, nao do Room Graph puro."
19,2018,"821E844A","Performance","metricsCalculationMilliseconds","2.672","ms","Medido","Tempo para calcular e consolidar metricas apos a geracao.","Ajuda a quantificar custo da instrumentacao.","Custo da instrumentacao, nao do algoritmo."
19,2018,"821E844A","Performance","totalGenerationMilliseconds","4.006","ms","Medido","Tempo total medido da execucao.","Inclui layout, instanciacao visual habilitada e calculo de metricas.","Inclui layout, instanciacao visual e metricas; use junto com o tempo logico."
19,2018,"821E844A","Performance","generatedGameObjectCount","0","contagem","Medido","Quantidade de GameObjects criados durante a montagem visual.","Indica peso potencial de instanciacao no Unity.","Reflete peso da montagem visual da cena gerada pelo grafo."
19,2018,"821E844A","Performance","occupiedCellCount","4287","contagem","Medido","Quantidade de celulas ocupadas no grid logico.","Proxy de escala espacial da dungeon.","Proxy de escala espacial resultante do embedding dos nos e corredores."
19,2018,"821E844A","Performance","connectionCount","46","contagem","Medido","Quantidade de arestas/conexoes no grafo.","Reflete diretamente a complexidade topologica do grafo.","Metrica muito natural para Room Graph, pois corresponde diretamente ao numero de arestas."
19,2018,"821E844A","Performance","managedMemoryDeltaKB","372","KB","Estimado","Variacao aproximada de memoria gerenciada durante a execucao.","Valor aproximado, sensivel a GC e ao estado do Editor.","Estimativa sujeita ao GC da Unity; use como indicio comparativo."
20,2019,"3984DB4C","Quantitativo","numRoomsTarget","46","contagem","Medido","Contagem de nos/salas posicionados pelo Room Graph.","Indica quantos nos do grafo foram efetivamente posicionados como salas.","Room Graph controla salas como nos do grafo; a etapa de embedding pode gerar menos salas se nao houver espaco sem sobreposicao."
20,2019,"3984DB4C","Quantitativo","connectivityRatio","100%","%","Medido","Busca no grafo de salas a partir da sala inicial.","Mostra se as salas ficaram conectadas no componente principal do grafo.","Room Graph e forte neste parametro: a arvore de conexoes garante componente principal conectado quando ha pelo menos duas salas."
20,2019,"3984DB4C","Quantitativo","verticalVariance","1.998","metros","Medido","Desvio padrao das alturas dos nos/salas entre pavimentos.","Valor acima de 0 indica variacao vertical gerada por pavimentos e arestas verticais.","Room Graph puro suporta verticalidade ao criar arestas verticais entre nos de pavimentos adjacentes."
20,2019,"3984DB4C","Quantitativo","fillPercentage","53.59%","%","Medido","Celulas ocupadas por salas e corredores divididas pelo total do grid.","Indica densidade espacial da dungeon.","A densidade depende do numero de nos, tamanhos de sala e sucesso do posicionamento espacial do grafo."
20,2019,"3984DB4C","Quantitativo","branchFactor","2.043","media","Medido","Media de arestas por no/sala no grafo.","Valores maiores indicam mais bifurcacoes e loops no grafo.","O fator de ramificacao e diretamente controlado por arvore inicial e arestas extras de loop."
20,2019,"3984DB4C","Quantitativo","avgPathLength","120.267","metros","Medido","Distancias calculadas no grafo explicito de salas.","Distancia media a partir da sala inicial.","Caminhos sao naturais para Room Graph, pois o algoritmo ja trabalha com grafo explicito."
20,2019,"3984DB4C","Quantitativo","uniqueModules","4","contagem","Medido","Contagem de modulos logicos e prefabs usados pela montagem do Room Graph.","Indica variedade basica de composicao.","A variedade vem das categorias logicas do grafo, conectores, corredores e assets configurados."
20,2019,"3984DB4C","Quantitativo","navigableVolumeRatio","100%","%","Estimado sem NavMesh","Estimativa logica de celulas navegaveis antes de NavMesh.","Use como estimativa inicial, nao como validacao fisica final.","A navegabilidade e estimada no grid logico; validacao fisica final ainda exige NavMesh."
20,2019,"3984DB4C","Quantitativo","criticalPathLength","236","metros","Medido","Maior distancia encontrada no grafo a partir da sala inicial.","Aproxima o percurso principal entre inicio e ponto mais distante no grafo.","Room Graph mede bem percurso principal porque distancias no grafo sao parte central do modelo."
20,2019,"3984DB4C","Quantitativo","avgAlternativePathLength","38","metros","Medido","Media das arestas extras marcadas como loops.","Ha caminhos alternativos mensuraveis.","Loops e atalhos sao uma vantagem direta do Room Graph, bastando adicionar arestas extras."
20,2019,"3984DB4C","Booleano","SupportsRandomEnemySpawns","Sim, testado","sim/nao","Suportado","Verifica se o sistema de spawn usa salas/celulas geradas pelo grafo.","Sistema configurado e com orcamento ativo.","Room Graph oferece salas/nos claros para spawns; balanceamento de combate e camada de gameplay."
20,2019,"3984DB4C","Booleano","SupportsLootDistribution","Sim, testado","sim/nao","Suportado","Verifica se loot pode ser distribuido sobre salas/celulas do grafo.","Sistema configurado e com orcamento ativo.","Loot pode ser distribuido por nos/salas ou por distancia no grafo."
20,2019,"3984DB4C","Booleano","SupportsTraps","Sim, testado","sim/nao","Suportado","Verifica se armadilhas podem ser marcadas em areas navegaveis.","Sistema configurado e com orcamento ativo.","Armadilhas podem ser colocadas em salas, corredores ou arestas especificas do grafo."
20,2019,"3984DB4C","Booleano","SupportsBacktrackingLoops","Sim","sim/nao","Medido","Conta execucoes em que o grafo recebeu ciclos navegaveis.","A dungeon possui loop para retorno/caminho alternativo.","Suporte nativo quando o grafo recebe arestas extras alem da arvore de conectividade."
20,2019,"3984DB4C","Booleano","SupportsVerticalConnectors","Sim","sim/nao","Medido","Conta execucoes com arestas verticais entre pavimentos.","Parametro atendido quando existem arestas verticais Room Graph entre pavimentos.","Implementado como arestas verticais do proprio Room Graph, sem usar BSP ou outro algoritmo auxiliar."
20,2019,"3984DB4C","Booleano","SupportsMultiFloor","Sim","sim/nao","Medido","Conta execucoes com mais de um pavimento conectado por arestas verticais.","Parametro atendido quando ha pavimentos conectados dentro do mesmo grafo.","Implementado por nos distribuidos em pavimentos e arestas verticais entre camadas."
20,2019,"3984DB4C","Booleano","SupportsBossArena","Sim","sim/nao","Medido","Conta execucoes com ao menos uma sala acima da area minima configurada.","Existe ao menos uma sala grande o suficiente.","Suportado se algum no/sala for grande o suficiente; pode exigir parametros de tamanho ou uma regra de no especial."
20,2019,"3984DB4C","Booleano","SeedReproducible","Sim","sim/nao","Medido","Gera a mesma seed duas vezes e compara o hash topologico.","A seed reproduziu a mesma topologia.","O Room Graph e deterministico quando todas as escolhas usam a mesma seed."
20,2019,"3984DB4C","Booleano","RuntimeRegeneration","Sim","sim/nao","Medido","Conta execucoes abaixo do limite de tempo configurado.","Tempo registrado: 4.144 ms.","Room Graph tende a ser rapido; a etapa mais sensivel e o posicionamento sem sobreposicao das salas."
20,2019,"3984DB4C","Booleano","BudgetAwareSpawns","Sim","sim/nao","Suportado","Verifica se os orcamentos de inimigos, loot e armadilhas cabem nas celulas livres.","Orcamentos registrados: inimigos 10, loot 6, armadilhas 4.","Orcamentos sao controlados por camada de spawn sobre os nos/salas gerados."
20,2019,"3984DB4C","Qualitativo","Replayability","5/5","Likert 1-5","Estimado automaticamente","Estimativa baseada na diversidade de hashes topologicos entre seeds.","Diversidade topologica: 100%.","A variacao entre seeds depende da combinacao entre grafo, embedding espacial e arestas extras."
20,2019,"3984DB4C","Qualitativo","Debuggability","5/5","Likert 1-5","Estimado automaticamente","Estimativa baseada na natureza explicita do grafo de nos e arestas.","A estrutura de nos e arestas facilita inspecao, depuracao e reproducao por seed.","Room Graph e facil de depurar porque a topologia pode ser inspecionada como nos e arestas."
20,2019,"3984DB4C","Qualitativo","Flow","5/5","Likert 1-5","Estimado automaticamente","Estimativa baseada em conectividade, caminho critico e ramificacao.","Indica fluidez de navegacao esperada.","O controle de fluxo e uma das maiores vantagens do Room Graph, pois caminhos e ramificacoes sao explicitos."
20,2019,"3984DB4C","Qualitativo","Legibility","4/5","Likert 1-5","Estimado automaticamente","Estimativa baseada em conectividade, densidade e ramificacao do grafo.","Indica se o layout tende a ser compreensivel.","A legibilidade depende do embedding: o grafo e claro, mas corredores podem cruzar se o layout espacial ficar apertado."
20,2019,"3984DB4C","Qualitativo","StructuralVariety","5/5","Likert 1-5","Estimado automaticamente","Estimativa baseada em quantidade de salas, modulos e loops.","Indica variedade estrutural dentro desta execucao.","A variedade estrutural e boa em macrofluxo; variedade local ainda depende de regras de decoracao/assets."
20,2019,"3984DB4C","Performance","layoutGenerationMilliseconds","1.284","ms","Medido","Tempo para criar, posicionar e conectar o Room Graph logico.","Representa o custo algoritmico principal do Room Graph.","Mede custo de criar nos, posiciona-los e conectar o grafo; compare separado da instanciacao Unity."
20,2019,"3984DB4C","Performance","geometryInstantiationMilliseconds","0","ms","Medido","Tempo gasto instanciando prefabs/objetos visuais quando habilitado.","A execucao mediu apenas o layout logico.","Custo visual depende dos prefabs/Unity, nao do Room Graph puro."
20,2019,"3984DB4C","Performance","metricsCalculationMilliseconds","2.859","ms","Medido","Tempo para calcular e consolidar metricas apos a geracao.","Ajuda a quantificar custo da instrumentacao.","Custo da instrumentacao, nao do algoritmo."
20,2019,"3984DB4C","Performance","totalGenerationMilliseconds","4.144","ms","Medido","Tempo total medido da execucao.","Inclui layout, instanciacao visual habilitada e calculo de metricas.","Inclui layout, instanciacao visual e metricas; use junto com o tempo logico."
20,2019,"3984DB4C","Performance","generatedGameObjectCount","0","contagem","Medido","Quantidade de GameObjects criados durante a montagem visual.","Indica peso potencial de instanciacao no Unity.","Reflete peso da montagem visual da cena gerada pelo grafo."
20,2019,"3984DB4C","Performance","occupiedCellCount","4390","contagem","Medido","Quantidade de celulas ocupadas no grid logico.","Proxy de escala espacial da dungeon.","Proxy de escala espacial resultante do embedding dos nos e corredores."
20,2019,"3984DB4C","Performance","connectionCount","47","contagem","Medido","Quantidade de arestas/conexoes no grafo.","Reflete diretamente a complexidade topologica do grafo.","Metrica muito natural para Room Graph, pois corresponde diretamente ao numero de arestas."
20,2019,"3984DB4C","Performance","managedMemoryDeltaKB","348","KB","Estimado","Variacao aproximada de memoria gerenciada durante a execucao.","Valor aproximado, sensivel a GC e ao estado do Editor.","Estimativa sujeita ao GC da Unity; use como indicio comparativo."
21,2020,"3EDF9924","Quantitativo","numRoomsTarget","47","contagem","Medido","Contagem de nos/salas posicionados pelo Room Graph.","Indica quantos nos do grafo foram efetivamente posicionados como salas.","Room Graph controla salas como nos do grafo; a etapa de embedding pode gerar menos salas se nao houver espaco sem sobreposicao."
21,2020,"3EDF9924","Quantitativo","connectivityRatio","100%","%","Medido","Busca no grafo de salas a partir da sala inicial.","Mostra se as salas ficaram conectadas no componente principal do grafo.","Room Graph e forte neste parametro: a arvore de conexoes garante componente principal conectado quando ha pelo menos duas salas."
21,2020,"3EDF9924","Quantitativo","verticalVariance","2","metros","Medido","Desvio padrao das alturas dos nos/salas entre pavimentos.","Valor acima de 0 indica variacao vertical gerada por pavimentos e arestas verticais.","Room Graph puro suporta verticalidade ao criar arestas verticais entre nos de pavimentos adjacentes."
21,2020,"3EDF9924","Quantitativo","fillPercentage","51.43%","%","Medido","Celulas ocupadas por salas e corredores divididas pelo total do grid.","Indica densidade espacial da dungeon.","A densidade depende do numero de nos, tamanhos de sala e sucesso do posicionamento espacial do grafo."
21,2020,"3EDF9924","Quantitativo","branchFactor","2.043","media","Medido","Media de arestas por no/sala no grafo.","Valores maiores indicam mais bifurcacoes e loops no grafo.","O fator de ramificacao e diretamente controlado por arvore inicial e arestas extras de loop."
21,2020,"3EDF9924","Quantitativo","avgPathLength","130.87","metros","Medido","Distancias calculadas no grafo explicito de salas.","Distancia media a partir da sala inicial.","Caminhos sao naturais para Room Graph, pois o algoritmo ja trabalha com grafo explicito."
21,2020,"3EDF9924","Quantitativo","uniqueModules","4","contagem","Medido","Contagem de modulos logicos e prefabs usados pela montagem do Room Graph.","Indica variedade basica de composicao.","A variedade vem das categorias logicas do grafo, conectores, corredores e assets configurados."
21,2020,"3EDF9924","Quantitativo","navigableVolumeRatio","100%","%","Estimado sem NavMesh","Estimativa logica de celulas navegaveis antes de NavMesh.","Use como estimativa inicial, nao como validacao fisica final.","A navegabilidade e estimada no grid logico; validacao fisica final ainda exige NavMesh."
21,2020,"3EDF9924","Quantitativo","criticalPathLength","256","metros","Medido","Maior distancia encontrada no grafo a partir da sala inicial.","Aproxima o percurso principal entre inicio e ponto mais distante no grafo.","Room Graph mede bem percurso principal porque distancias no grafo sao parte central do modelo."
21,2020,"3EDF9924","Quantitativo","avgAlternativePathLength","28","metros","Medido","Media das arestas extras marcadas como loops.","Ha caminhos alternativos mensuraveis.","Loops e atalhos sao uma vantagem direta do Room Graph, bastando adicionar arestas extras."
21,2020,"3EDF9924","Booleano","SupportsRandomEnemySpawns","Sim, testado","sim/nao","Suportado","Verifica se o sistema de spawn usa salas/celulas geradas pelo grafo.","Sistema configurado e com orcamento ativo.","Room Graph oferece salas/nos claros para spawns; balanceamento de combate e camada de gameplay."
21,2020,"3EDF9924","Booleano","SupportsLootDistribution","Sim, testado","sim/nao","Suportado","Verifica se loot pode ser distribuido sobre salas/celulas do grafo.","Sistema configurado e com orcamento ativo.","Loot pode ser distribuido por nos/salas ou por distancia no grafo."
21,2020,"3EDF9924","Booleano","SupportsTraps","Sim, testado","sim/nao","Suportado","Verifica se armadilhas podem ser marcadas em areas navegaveis.","Sistema configurado e com orcamento ativo.","Armadilhas podem ser colocadas em salas, corredores ou arestas especificas do grafo."
21,2020,"3EDF9924","Booleano","SupportsBacktrackingLoops","Sim","sim/nao","Medido","Conta execucoes em que o grafo recebeu ciclos navegaveis.","A dungeon possui loop para retorno/caminho alternativo.","Suporte nativo quando o grafo recebe arestas extras alem da arvore de conectividade."
21,2020,"3EDF9924","Booleano","SupportsVerticalConnectors","Sim","sim/nao","Medido","Conta execucoes com arestas verticais entre pavimentos.","Parametro atendido quando existem arestas verticais Room Graph entre pavimentos.","Implementado como arestas verticais do proprio Room Graph, sem usar BSP ou outro algoritmo auxiliar."
21,2020,"3EDF9924","Booleano","SupportsMultiFloor","Sim","sim/nao","Medido","Conta execucoes com mais de um pavimento conectado por arestas verticais.","Parametro atendido quando ha pavimentos conectados dentro do mesmo grafo.","Implementado por nos distribuidos em pavimentos e arestas verticais entre camadas."
21,2020,"3EDF9924","Booleano","SupportsBossArena","Sim","sim/nao","Medido","Conta execucoes com ao menos uma sala acima da area minima configurada.","Existe ao menos uma sala grande o suficiente.","Suportado se algum no/sala for grande o suficiente; pode exigir parametros de tamanho ou uma regra de no especial."
21,2020,"3EDF9924","Booleano","SeedReproducible","Sim","sim/nao","Medido","Gera a mesma seed duas vezes e compara o hash topologico.","A seed reproduziu a mesma topologia.","O Room Graph e deterministico quando todas as escolhas usam a mesma seed."
21,2020,"3EDF9924","Booleano","RuntimeRegeneration","Sim","sim/nao","Medido","Conta execucoes abaixo do limite de tempo configurado.","Tempo registrado: 2.817 ms.","Room Graph tende a ser rapido; a etapa mais sensivel e o posicionamento sem sobreposicao das salas."
21,2020,"3EDF9924","Booleano","BudgetAwareSpawns","Sim","sim/nao","Suportado","Verifica se os orcamentos de inimigos, loot e armadilhas cabem nas celulas livres.","Orcamentos registrados: inimigos 10, loot 6, armadilhas 4.","Orcamentos sao controlados por camada de spawn sobre os nos/salas gerados."
21,2020,"3EDF9924","Qualitativo","Replayability","5/5","Likert 1-5","Estimado automaticamente","Estimativa baseada na diversidade de hashes topologicos entre seeds.","Diversidade topologica: 100%.","A variacao entre seeds depende da combinacao entre grafo, embedding espacial e arestas extras."
21,2020,"3EDF9924","Qualitativo","Debuggability","5/5","Likert 1-5","Estimado automaticamente","Estimativa baseada na natureza explicita do grafo de nos e arestas.","A estrutura de nos e arestas facilita inspecao, depuracao e reproducao por seed.","Room Graph e facil de depurar porque a topologia pode ser inspecionada como nos e arestas."
21,2020,"3EDF9924","Qualitativo","Flow","5/5","Likert 1-5","Estimado automaticamente","Estimativa baseada em conectividade, caminho critico e ramificacao.","Indica fluidez de navegacao esperada.","O controle de fluxo e uma das maiores vantagens do Room Graph, pois caminhos e ramificacoes sao explicitos."
21,2020,"3EDF9924","Qualitativo","Legibility","4/5","Likert 1-5","Estimado automaticamente","Estimativa baseada em conectividade, densidade e ramificacao do grafo.","Indica se o layout tende a ser compreensivel.","A legibilidade depende do embedding: o grafo e claro, mas corredores podem cruzar se o layout espacial ficar apertado."
21,2020,"3EDF9924","Qualitativo","StructuralVariety","5/5","Likert 1-5","Estimado automaticamente","Estimativa baseada em quantidade de salas, modulos e loops.","Indica variedade estrutural dentro desta execucao.","A variedade estrutural e boa em macrofluxo; variedade local ainda depende de regras de decoracao/assets."
21,2020,"3EDF9924","Performance","layoutGenerationMilliseconds","1.067","ms","Medido","Tempo para criar, posicionar e conectar o Room Graph logico.","Representa o custo algoritmico principal do Room Graph.","Mede custo de criar nos, posiciona-los e conectar o grafo; compare separado da instanciacao Unity."
21,2020,"3EDF9924","Performance","geometryInstantiationMilliseconds","0","ms","Medido","Tempo gasto instanciando prefabs/objetos visuais quando habilitado.","A execucao mediu apenas o layout logico.","Custo visual depende dos prefabs/Unity, nao do Room Graph puro."
21,2020,"3EDF9924","Performance","metricsCalculationMilliseconds","1.749","ms","Medido","Tempo para calcular e consolidar metricas apos a geracao.","Ajuda a quantificar custo da instrumentacao.","Custo da instrumentacao, nao do algoritmo."
21,2020,"3EDF9924","Performance","totalGenerationMilliseconds","2.817","ms","Medido","Tempo total medido da execucao.","Inclui layout, instanciacao visual habilitada e calculo de metricas.","Inclui layout, instanciacao visual e metricas; use junto com o tempo logico."
21,2020,"3EDF9924","Performance","generatedGameObjectCount","0","contagem","Medido","Quantidade de GameObjects criados durante a montagem visual.","Indica peso potencial de instanciacao no Unity.","Reflete peso da montagem visual da cena gerada pelo grafo."
21,2020,"3EDF9924","Performance","occupiedCellCount","4213","contagem","Medido","Quantidade de celulas ocupadas no grid logico.","Proxy de escala espacial da dungeon.","Proxy de escala espacial resultante do embedding dos nos e corredores."
21,2020,"3EDF9924","Performance","connectionCount","48","contagem","Medido","Quantidade de arestas/conexoes no grafo.","Reflete diretamente a complexidade topologica do grafo.","Metrica muito natural para Room Graph, pois corresponde diretamente ao numero de arestas."
21,2020,"3EDF9924","Performance","managedMemoryDeltaKB","332","KB","Estimado","Variacao aproximada de memoria gerenciada durante a execucao.","Valor aproximado, sensivel a GC e ao estado do Editor.","Estimativa sujeita ao GC da Unity; use como indicio comparativo."
22,2021,"6CA9F9DE","Quantitativo","numRoomsTarget","46","contagem","Medido","Contagem de nos/salas posicionados pelo Room Graph.","Indica quantos nos do grafo foram efetivamente posicionados como salas.","Room Graph controla salas como nos do grafo; a etapa de embedding pode gerar menos salas se nao houver espaco sem sobreposicao."
22,2021,"6CA9F9DE","Quantitativo","connectivityRatio","100%","%","Medido","Busca no grafo de salas a partir da sala inicial.","Mostra se as salas ficaram conectadas no componente principal do grafo.","Room Graph e forte neste parametro: a arvore de conexoes garante componente principal conectado quando ha pelo menos duas salas."
22,2021,"6CA9F9DE","Quantitativo","verticalVariance","2","metros","Medido","Desvio padrao das alturas dos nos/salas entre pavimentos.","Valor acima de 0 indica variacao vertical gerada por pavimentos e arestas verticais.","Room Graph puro suporta verticalidade ao criar arestas verticais entre nos de pavimentos adjacentes."
22,2021,"6CA9F9DE","Quantitativo","fillPercentage","52.19%","%","Medido","Celulas ocupadas por salas e corredores divididas pelo total do grid.","Indica densidade espacial da dungeon.","A densidade depende do numero de nos, tamanhos de sala e sucesso do posicionamento espacial do grafo."
22,2021,"6CA9F9DE","Quantitativo","branchFactor","2.043","media","Medido","Media de arestas por no/sala no grafo.","Valores maiores indicam mais bifurcacoes e loops no grafo.","O fator de ramificacao e diretamente controlado por arvore inicial e arestas extras de loop."
22,2021,"6CA9F9DE","Quantitativo","avgPathLength","119.556","metros","Medido","Distancias calculadas no grafo explicito de salas.","Distancia media a partir da sala inicial.","Caminhos sao naturais para Room Graph, pois o algoritmo ja trabalha com grafo explicito."
22,2021,"6CA9F9DE","Quantitativo","uniqueModules","4","contagem","Medido","Contagem de modulos logicos e prefabs usados pela montagem do Room Graph.","Indica variedade basica de composicao.","A variedade vem das categorias logicas do grafo, conectores, corredores e assets configurados."
22,2021,"6CA9F9DE","Quantitativo","navigableVolumeRatio","100%","%","Estimado sem NavMesh","Estimativa logica de celulas navegaveis antes de NavMesh.","Use como estimativa inicial, nao como validacao fisica final.","A navegabilidade e estimada no grid logico; validacao fisica final ainda exige NavMesh."
22,2021,"6CA9F9DE","Quantitativo","criticalPathLength","172","metros","Medido","Maior distancia encontrada no grafo a partir da sala inicial.","Aproxima o percurso principal entre inicio e ponto mais distante no grafo.","Room Graph mede bem percurso principal porque distancias no grafo sao parte central do modelo."
22,2021,"6CA9F9DE","Quantitativo","avgAlternativePathLength","11","metros","Medido","Media das arestas extras marcadas como loops.","Ha caminhos alternativos mensuraveis.","Loops e atalhos sao uma vantagem direta do Room Graph, bastando adicionar arestas extras."
22,2021,"6CA9F9DE","Booleano","SupportsRandomEnemySpawns","Sim, testado","sim/nao","Suportado","Verifica se o sistema de spawn usa salas/celulas geradas pelo grafo.","Sistema configurado e com orcamento ativo.","Room Graph oferece salas/nos claros para spawns; balanceamento de combate e camada de gameplay."
22,2021,"6CA9F9DE","Booleano","SupportsLootDistribution","Sim, testado","sim/nao","Suportado","Verifica se loot pode ser distribuido sobre salas/celulas do grafo.","Sistema configurado e com orcamento ativo.","Loot pode ser distribuido por nos/salas ou por distancia no grafo."
22,2021,"6CA9F9DE","Booleano","SupportsTraps","Sim, testado","sim/nao","Suportado","Verifica se armadilhas podem ser marcadas em areas navegaveis.","Sistema configurado e com orcamento ativo.","Armadilhas podem ser colocadas em salas, corredores ou arestas especificas do grafo."
22,2021,"6CA9F9DE","Booleano","SupportsBacktrackingLoops","Sim","sim/nao","Medido","Conta execucoes em que o grafo recebeu ciclos navegaveis.","A dungeon possui loop para retorno/caminho alternativo.","Suporte nativo quando o grafo recebe arestas extras alem da arvore de conectividade."
22,2021,"6CA9F9DE","Booleano","SupportsVerticalConnectors","Sim","sim/nao","Medido","Conta execucoes com arestas verticais entre pavimentos.","Parametro atendido quando existem arestas verticais Room Graph entre pavimentos.","Implementado como arestas verticais do proprio Room Graph, sem usar BSP ou outro algoritmo auxiliar."
22,2021,"6CA9F9DE","Booleano","SupportsMultiFloor","Sim","sim/nao","Medido","Conta execucoes com mais de um pavimento conectado por arestas verticais.","Parametro atendido quando ha pavimentos conectados dentro do mesmo grafo.","Implementado por nos distribuidos em pavimentos e arestas verticais entre camadas."
22,2021,"6CA9F9DE","Booleano","SupportsBossArena","Sim","sim/nao","Medido","Conta execucoes com ao menos uma sala acima da area minima configurada.","Existe ao menos uma sala grande o suficiente.","Suportado se algum no/sala for grande o suficiente; pode exigir parametros de tamanho ou uma regra de no especial."
22,2021,"6CA9F9DE","Booleano","SeedReproducible","Sim","sim/nao","Medido","Gera a mesma seed duas vezes e compara o hash topologico.","A seed reproduziu a mesma topologia.","O Room Graph e deterministico quando todas as escolhas usam a mesma seed."
22,2021,"6CA9F9DE","Booleano","RuntimeRegeneration","Sim","sim/nao","Medido","Conta execucoes abaixo do limite de tempo configurado.","Tempo registrado: 2.864 ms.","Room Graph tende a ser rapido; a etapa mais sensivel e o posicionamento sem sobreposicao das salas."
22,2021,"6CA9F9DE","Booleano","BudgetAwareSpawns","Sim","sim/nao","Suportado","Verifica se os orcamentos de inimigos, loot e armadilhas cabem nas celulas livres.","Orcamentos registrados: inimigos 10, loot 6, armadilhas 4.","Orcamentos sao controlados por camada de spawn sobre os nos/salas gerados."
22,2021,"6CA9F9DE","Qualitativo","Replayability","5/5","Likert 1-5","Estimado automaticamente","Estimativa baseada na diversidade de hashes topologicos entre seeds.","Diversidade topologica: 100%.","A variacao entre seeds depende da combinacao entre grafo, embedding espacial e arestas extras."
22,2021,"6CA9F9DE","Qualitativo","Debuggability","5/5","Likert 1-5","Estimado automaticamente","Estimativa baseada na natureza explicita do grafo de nos e arestas.","A estrutura de nos e arestas facilita inspecao, depuracao e reproducao por seed.","Room Graph e facil de depurar porque a topologia pode ser inspecionada como nos e arestas."
22,2021,"6CA9F9DE","Qualitativo","Flow","5/5","Likert 1-5","Estimado automaticamente","Estimativa baseada em conectividade, caminho critico e ramificacao.","Indica fluidez de navegacao esperada.","O controle de fluxo e uma das maiores vantagens do Room Graph, pois caminhos e ramificacoes sao explicitos."
22,2021,"6CA9F9DE","Qualitativo","Legibility","4/5","Likert 1-5","Estimado automaticamente","Estimativa baseada em conectividade, densidade e ramificacao do grafo.","Indica se o layout tende a ser compreensivel.","A legibilidade depende do embedding: o grafo e claro, mas corredores podem cruzar se o layout espacial ficar apertado."
22,2021,"6CA9F9DE","Qualitativo","StructuralVariety","5/5","Likert 1-5","Estimado automaticamente","Estimativa baseada em quantidade de salas, modulos e loops.","Indica variedade estrutural dentro desta execucao.","A variedade estrutural e boa em macrofluxo; variedade local ainda depende de regras de decoracao/assets."
22,2021,"6CA9F9DE","Performance","layoutGenerationMilliseconds","1.034","ms","Medido","Tempo para criar, posicionar e conectar o Room Graph logico.","Representa o custo algoritmico principal do Room Graph.","Mede custo de criar nos, posiciona-los e conectar o grafo; compare separado da instanciacao Unity."
22,2021,"6CA9F9DE","Performance","geometryInstantiationMilliseconds","0","ms","Medido","Tempo gasto instanciando prefabs/objetos visuais quando habilitado.","A execucao mediu apenas o layout logico.","Custo visual depende dos prefabs/Unity, nao do Room Graph puro."
22,2021,"6CA9F9DE","Performance","metricsCalculationMilliseconds","1.829","ms","Medido","Tempo para calcular e consolidar metricas apos a geracao.","Ajuda a quantificar custo da instrumentacao.","Custo da instrumentacao, nao do algoritmo."
22,2021,"6CA9F9DE","Performance","totalGenerationMilliseconds","2.864","ms","Medido","Tempo total medido da execucao.","Inclui layout, instanciacao visual habilitada e calculo de metricas.","Inclui layout, instanciacao visual e metricas; use junto com o tempo logico."
22,2021,"6CA9F9DE","Performance","generatedGameObjectCount","0","contagem","Medido","Quantidade de GameObjects criados durante a montagem visual.","Indica peso potencial de instanciacao no Unity.","Reflete peso da montagem visual da cena gerada pelo grafo."
22,2021,"6CA9F9DE","Performance","occupiedCellCount","4275","contagem","Medido","Quantidade de celulas ocupadas no grid logico.","Proxy de escala espacial da dungeon.","Proxy de escala espacial resultante do embedding dos nos e corredores."
22,2021,"6CA9F9DE","Performance","connectionCount","47","contagem","Medido","Quantidade de arestas/conexoes no grafo.","Reflete diretamente a complexidade topologica do grafo.","Metrica muito natural para Room Graph, pois corresponde diretamente ao numero de arestas."
22,2021,"6CA9F9DE","Performance","managedMemoryDeltaKB","340","KB","Estimado","Variacao aproximada de memoria gerenciada durante a execucao.","Valor aproximado, sensivel a GC e ao estado do Editor.","Estimativa sujeita ao GC da Unity; use como indicio comparativo."
23,2022,"DA5B5F56","Quantitativo","numRoomsTarget","46","contagem","Medido","Contagem de nos/salas posicionados pelo Room Graph.","Indica quantos nos do grafo foram efetivamente posicionados como salas.","Room Graph controla salas como nos do grafo; a etapa de embedding pode gerar menos salas se nao houver espaco sem sobreposicao."
23,2022,"DA5B5F56","Quantitativo","connectivityRatio","100%","%","Medido","Busca no grafo de salas a partir da sala inicial.","Mostra se as salas ficaram conectadas no componente principal do grafo.","Room Graph e forte neste parametro: a arvore de conexoes garante componente principal conectado quando ha pelo menos duas salas."
23,2022,"DA5B5F56","Quantitativo","verticalVariance","1.998","metros","Medido","Desvio padrao das alturas dos nos/salas entre pavimentos.","Valor acima de 0 indica variacao vertical gerada por pavimentos e arestas verticais.","Room Graph puro suporta verticalidade ao criar arestas verticais entre nos de pavimentos adjacentes."
23,2022,"DA5B5F56","Quantitativo","fillPercentage","52.2%","%","Medido","Celulas ocupadas por salas e corredores divididas pelo total do grid.","Indica densidade espacial da dungeon.","A densidade depende do numero de nos, tamanhos de sala e sucesso do posicionamento espacial do grafo."
23,2022,"DA5B5F56","Quantitativo","branchFactor","2.043","media","Medido","Media de arestas por no/sala no grafo.","Valores maiores indicam mais bifurcacoes e loops no grafo.","O fator de ramificacao e diretamente controlado por arvore inicial e arestas extras de loop."
23,2022,"DA5B5F56","Quantitativo","avgPathLength","89.644","metros","Medido","Distancias calculadas no grafo explicito de salas.","Distancia media a partir da sala inicial.","Caminhos sao naturais para Room Graph, pois o algoritmo ja trabalha com grafo explicito."
23,2022,"DA5B5F56","Quantitativo","uniqueModules","4","contagem","Medido","Contagem de modulos logicos e prefabs usados pela montagem do Room Graph.","Indica variedade basica de composicao.","A variedade vem das categorias logicas do grafo, conectores, corredores e assets configurados."
23,2022,"DA5B5F56","Quantitativo","navigableVolumeRatio","100%","%","Estimado sem NavMesh","Estimativa logica de celulas navegaveis antes de NavMesh.","Use como estimativa inicial, nao como validacao fisica final.","A navegabilidade e estimada no grid logico; validacao fisica final ainda exige NavMesh."
23,2022,"DA5B5F56","Quantitativo","criticalPathLength","178","metros","Medido","Maior distancia encontrada no grafo a partir da sala inicial.","Aproxima o percurso principal entre inicio e ponto mais distante no grafo.","Room Graph mede bem percurso principal porque distancias no grafo sao parte central do modelo."
23,2022,"DA5B5F56","Quantitativo","avgAlternativePathLength","37","metros","Medido","Media das arestas extras marcadas como loops.","Ha caminhos alternativos mensuraveis.","Loops e atalhos sao uma vantagem direta do Room Graph, bastando adicionar arestas extras."
23,2022,"DA5B5F56","Booleano","SupportsRandomEnemySpawns","Sim, testado","sim/nao","Suportado","Verifica se o sistema de spawn usa salas/celulas geradas pelo grafo.","Sistema configurado e com orcamento ativo.","Room Graph oferece salas/nos claros para spawns; balanceamento de combate e camada de gameplay."
23,2022,"DA5B5F56","Booleano","SupportsLootDistribution","Sim, testado","sim/nao","Suportado","Verifica se loot pode ser distribuido sobre salas/celulas do grafo.","Sistema configurado e com orcamento ativo.","Loot pode ser distribuido por nos/salas ou por distancia no grafo."
23,2022,"DA5B5F56","Booleano","SupportsTraps","Sim, testado","sim/nao","Suportado","Verifica se armadilhas podem ser marcadas em areas navegaveis.","Sistema configurado e com orcamento ativo.","Armadilhas podem ser colocadas em salas, corredores ou arestas especificas do grafo."
23,2022,"DA5B5F56","Booleano","SupportsBacktrackingLoops","Sim","sim/nao","Medido","Conta execucoes em que o grafo recebeu ciclos navegaveis.","A dungeon possui loop para retorno/caminho alternativo.","Suporte nativo quando o grafo recebe arestas extras alem da arvore de conectividade."
23,2022,"DA5B5F56","Booleano","SupportsVerticalConnectors","Sim","sim/nao","Medido","Conta execucoes com arestas verticais entre pavimentos.","Parametro atendido quando existem arestas verticais Room Graph entre pavimentos.","Implementado como arestas verticais do proprio Room Graph, sem usar BSP ou outro algoritmo auxiliar."
23,2022,"DA5B5F56","Booleano","SupportsMultiFloor","Sim","sim/nao","Medido","Conta execucoes com mais de um pavimento conectado por arestas verticais.","Parametro atendido quando ha pavimentos conectados dentro do mesmo grafo.","Implementado por nos distribuidos em pavimentos e arestas verticais entre camadas."
23,2022,"DA5B5F56","Booleano","SupportsBossArena","Sim","sim/nao","Medido","Conta execucoes com ao menos uma sala acima da area minima configurada.","Existe ao menos uma sala grande o suficiente.","Suportado se algum no/sala for grande o suficiente; pode exigir parametros de tamanho ou uma regra de no especial."
23,2022,"DA5B5F56","Booleano","SeedReproducible","Sim","sim/nao","Medido","Gera a mesma seed duas vezes e compara o hash topologico.","A seed reproduziu a mesma topologia.","O Room Graph e deterministico quando todas as escolhas usam a mesma seed."
23,2022,"DA5B5F56","Booleano","RuntimeRegeneration","Sim","sim/nao","Medido","Conta execucoes abaixo do limite de tempo configurado.","Tempo registrado: 2.882 ms.","Room Graph tende a ser rapido; a etapa mais sensivel e o posicionamento sem sobreposicao das salas."
23,2022,"DA5B5F56","Booleano","BudgetAwareSpawns","Sim","sim/nao","Suportado","Verifica se os orcamentos de inimigos, loot e armadilhas cabem nas celulas livres.","Orcamentos registrados: inimigos 10, loot 6, armadilhas 4.","Orcamentos sao controlados por camada de spawn sobre os nos/salas gerados."
23,2022,"DA5B5F56","Qualitativo","Replayability","5/5","Likert 1-5","Estimado automaticamente","Estimativa baseada na diversidade de hashes topologicos entre seeds.","Diversidade topologica: 100%.","A variacao entre seeds depende da combinacao entre grafo, embedding espacial e arestas extras."
23,2022,"DA5B5F56","Qualitativo","Debuggability","5/5","Likert 1-5","Estimado automaticamente","Estimativa baseada na natureza explicita do grafo de nos e arestas.","A estrutura de nos e arestas facilita inspecao, depuracao e reproducao por seed.","Room Graph e facil de depurar porque a topologia pode ser inspecionada como nos e arestas."
23,2022,"DA5B5F56","Qualitativo","Flow","5/5","Likert 1-5","Estimado automaticamente","Estimativa baseada em conectividade, caminho critico e ramificacao.","Indica fluidez de navegacao esperada.","O controle de fluxo e uma das maiores vantagens do Room Graph, pois caminhos e ramificacoes sao explicitos."
23,2022,"DA5B5F56","Qualitativo","Legibility","4/5","Likert 1-5","Estimado automaticamente","Estimativa baseada em conectividade, densidade e ramificacao do grafo.","Indica se o layout tende a ser compreensivel.","A legibilidade depende do embedding: o grafo e claro, mas corredores podem cruzar se o layout espacial ficar apertado."
23,2022,"DA5B5F56","Qualitativo","StructuralVariety","5/5","Likert 1-5","Estimado automaticamente","Estimativa baseada em quantidade de salas, modulos e loops.","Indica variedade estrutural dentro desta execucao.","A variedade estrutural e boa em macrofluxo; variedade local ainda depende de regras de decoracao/assets."
23,2022,"DA5B5F56","Performance","layoutGenerationMilliseconds","1.071","ms","Medido","Tempo para criar, posicionar e conectar o Room Graph logico.","Representa o custo algoritmico principal do Room Graph.","Mede custo de criar nos, posiciona-los e conectar o grafo; compare separado da instanciacao Unity."
23,2022,"DA5B5F56","Performance","geometryInstantiationMilliseconds","0","ms","Medido","Tempo gasto instanciando prefabs/objetos visuais quando habilitado.","A execucao mediu apenas o layout logico.","Custo visual depende dos prefabs/Unity, nao do Room Graph puro."
23,2022,"DA5B5F56","Performance","metricsCalculationMilliseconds","1.811","ms","Medido","Tempo para calcular e consolidar metricas apos a geracao.","Ajuda a quantificar custo da instrumentacao.","Custo da instrumentacao, nao do algoritmo."
23,2022,"DA5B5F56","Performance","totalGenerationMilliseconds","2.882","ms","Medido","Tempo total medido da execucao.","Inclui layout, instanciacao visual habilitada e calculo de metricas.","Inclui layout, instanciacao visual e metricas; use junto com o tempo logico."
23,2022,"DA5B5F56","Performance","generatedGameObjectCount","0","contagem","Medido","Quantidade de GameObjects criados durante a montagem visual.","Indica peso potencial de instanciacao no Unity.","Reflete peso da montagem visual da cena gerada pelo grafo."
23,2022,"DA5B5F56","Performance","occupiedCellCount","4276","contagem","Medido","Quantidade de celulas ocupadas no grid logico.","Proxy de escala espacial da dungeon.","Proxy de escala espacial resultante do embedding dos nos e corredores."
23,2022,"DA5B5F56","Performance","connectionCount","47","contagem","Medido","Quantidade de arestas/conexoes no grafo.","Reflete diretamente a complexidade topologica do grafo.","Metrica muito natural para Room Graph, pois corresponde diretamente ao numero de arestas."
23,2022,"DA5B5F56","Performance","managedMemoryDeltaKB","344","KB","Estimado","Variacao aproximada de memoria gerenciada durante a execucao.","Valor aproximado, sensivel a GC e ao estado do Editor.","Estimativa sujeita ao GC da Unity; use como indicio comparativo."
24,2023,"5BBEC674","Quantitativo","numRoomsTarget","48","contagem","Medido","Contagem de nos/salas posicionados pelo Room Graph.","Indica quantos nos do grafo foram efetivamente posicionados como salas.","Room Graph controla salas como nos do grafo; a etapa de embedding pode gerar menos salas se nao houver espaco sem sobreposicao."
24,2023,"5BBEC674","Quantitativo","connectivityRatio","100%","%","Medido","Busca no grafo de salas a partir da sala inicial.","Mostra se as salas ficaram conectadas no componente principal do grafo.","Room Graph e forte neste parametro: a arvore de conexoes garante componente principal conectado quando ha pelo menos duas salas."
24,2023,"5BBEC674","Quantitativo","verticalVariance","2","metros","Medido","Desvio padrao das alturas dos nos/salas entre pavimentos.","Valor acima de 0 indica variacao vertical gerada por pavimentos e arestas verticais.","Room Graph puro suporta verticalidade ao criar arestas verticais entre nos de pavimentos adjacentes."
24,2023,"5BBEC674","Quantitativo","fillPercentage","53.92%","%","Medido","Celulas ocupadas por salas e corredores divididas pelo total do grid.","Indica densidade espacial da dungeon.","A densidade depende do numero de nos, tamanhos de sala e sucesso do posicionamento espacial do grafo."
24,2023,"5BBEC674","Quantitativo","branchFactor","2.042","media","Medido","Media de arestas por no/sala no grafo.","Valores maiores indicam mais bifurcacoes e loops no grafo.","O fator de ramificacao e diretamente controlado por arvore inicial e arestas extras de loop."
24,2023,"5BBEC674","Quantitativo","avgPathLength","107.617","metros","Medido","Distancias calculadas no grafo explicito de salas.","Distancia media a partir da sala inicial.","Caminhos sao naturais para Room Graph, pois o algoritmo ja trabalha com grafo explicito."
24,2023,"5BBEC674","Quantitativo","uniqueModules","4","contagem","Medido","Contagem de modulos logicos e prefabs usados pela montagem do Room Graph.","Indica variedade basica de composicao.","A variedade vem das categorias logicas do grafo, conectores, corredores e assets configurados."
24,2023,"5BBEC674","Quantitativo","navigableVolumeRatio","100%","%","Estimado sem NavMesh","Estimativa logica de celulas navegaveis antes de NavMesh.","Use como estimativa inicial, nao como validacao fisica final.","A navegabilidade e estimada no grid logico; validacao fisica final ainda exige NavMesh."
24,2023,"5BBEC674","Quantitativo","criticalPathLength","212","metros","Medido","Maior distancia encontrada no grafo a partir da sala inicial.","Aproxima o percurso principal entre inicio e ponto mais distante no grafo.","Room Graph mede bem percurso principal porque distancias no grafo sao parte central do modelo."
24,2023,"5BBEC674","Quantitativo","avgAlternativePathLength","31","metros","Medido","Media das arestas extras marcadas como loops.","Ha caminhos alternativos mensuraveis.","Loops e atalhos sao uma vantagem direta do Room Graph, bastando adicionar arestas extras."
24,2023,"5BBEC674","Booleano","SupportsRandomEnemySpawns","Sim, testado","sim/nao","Suportado","Verifica se o sistema de spawn usa salas/celulas geradas pelo grafo.","Sistema configurado e com orcamento ativo.","Room Graph oferece salas/nos claros para spawns; balanceamento de combate e camada de gameplay."
24,2023,"5BBEC674","Booleano","SupportsLootDistribution","Sim, testado","sim/nao","Suportado","Verifica se loot pode ser distribuido sobre salas/celulas do grafo.","Sistema configurado e com orcamento ativo.","Loot pode ser distribuido por nos/salas ou por distancia no grafo."
24,2023,"5BBEC674","Booleano","SupportsTraps","Sim, testado","sim/nao","Suportado","Verifica se armadilhas podem ser marcadas em areas navegaveis.","Sistema configurado e com orcamento ativo.","Armadilhas podem ser colocadas em salas, corredores ou arestas especificas do grafo."
24,2023,"5BBEC674","Booleano","SupportsBacktrackingLoops","Sim","sim/nao","Medido","Conta execucoes em que o grafo recebeu ciclos navegaveis.","A dungeon possui loop para retorno/caminho alternativo.","Suporte nativo quando o grafo recebe arestas extras alem da arvore de conectividade."
24,2023,"5BBEC674","Booleano","SupportsVerticalConnectors","Sim","sim/nao","Medido","Conta execucoes com arestas verticais entre pavimentos.","Parametro atendido quando existem arestas verticais Room Graph entre pavimentos.","Implementado como arestas verticais do proprio Room Graph, sem usar BSP ou outro algoritmo auxiliar."
24,2023,"5BBEC674","Booleano","SupportsMultiFloor","Sim","sim/nao","Medido","Conta execucoes com mais de um pavimento conectado por arestas verticais.","Parametro atendido quando ha pavimentos conectados dentro do mesmo grafo.","Implementado por nos distribuidos em pavimentos e arestas verticais entre camadas."
24,2023,"5BBEC674","Booleano","SupportsBossArena","Sim","sim/nao","Medido","Conta execucoes com ao menos uma sala acima da area minima configurada.","Existe ao menos uma sala grande o suficiente.","Suportado se algum no/sala for grande o suficiente; pode exigir parametros de tamanho ou uma regra de no especial."
24,2023,"5BBEC674","Booleano","SeedReproducible","Sim","sim/nao","Medido","Gera a mesma seed duas vezes e compara o hash topologico.","A seed reproduziu a mesma topologia.","O Room Graph e deterministico quando todas as escolhas usam a mesma seed."
24,2023,"5BBEC674","Booleano","RuntimeRegeneration","Sim","sim/nao","Medido","Conta execucoes abaixo do limite de tempo configurado.","Tempo registrado: 2.937 ms.","Room Graph tende a ser rapido; a etapa mais sensivel e o posicionamento sem sobreposicao das salas."
24,2023,"5BBEC674","Booleano","BudgetAwareSpawns","Sim","sim/nao","Suportado","Verifica se os orcamentos de inimigos, loot e armadilhas cabem nas celulas livres.","Orcamentos registrados: inimigos 10, loot 6, armadilhas 4.","Orcamentos sao controlados por camada de spawn sobre os nos/salas gerados."
24,2023,"5BBEC674","Qualitativo","Replayability","5/5","Likert 1-5","Estimado automaticamente","Estimativa baseada na diversidade de hashes topologicos entre seeds.","Diversidade topologica: 100%.","A variacao entre seeds depende da combinacao entre grafo, embedding espacial e arestas extras."
24,2023,"5BBEC674","Qualitativo","Debuggability","5/5","Likert 1-5","Estimado automaticamente","Estimativa baseada na natureza explicita do grafo de nos e arestas.","A estrutura de nos e arestas facilita inspecao, depuracao e reproducao por seed.","Room Graph e facil de depurar porque a topologia pode ser inspecionada como nos e arestas."
24,2023,"5BBEC674","Qualitativo","Flow","5/5","Likert 1-5","Estimado automaticamente","Estimativa baseada em conectividade, caminho critico e ramificacao.","Indica fluidez de navegacao esperada.","O controle de fluxo e uma das maiores vantagens do Room Graph, pois caminhos e ramificacoes sao explicitos."
24,2023,"5BBEC674","Qualitativo","Legibility","4/5","Likert 1-5","Estimado automaticamente","Estimativa baseada em conectividade, densidade e ramificacao do grafo.","Indica se o layout tende a ser compreensivel.","A legibilidade depende do embedding: o grafo e claro, mas corredores podem cruzar se o layout espacial ficar apertado."
24,2023,"5BBEC674","Qualitativo","StructuralVariety","5/5","Likert 1-5","Estimado automaticamente","Estimativa baseada em quantidade de salas, modulos e loops.","Indica variedade estrutural dentro desta execucao.","A variedade estrutural e boa em macrofluxo; variedade local ainda depende de regras de decoracao/assets."
24,2023,"5BBEC674","Performance","layoutGenerationMilliseconds","1.095","ms","Medido","Tempo para criar, posicionar e conectar o Room Graph logico.","Representa o custo algoritmico principal do Room Graph.","Mede custo de criar nos, posiciona-los e conectar o grafo; compare separado da instanciacao Unity."
24,2023,"5BBEC674","Performance","geometryInstantiationMilliseconds","0","ms","Medido","Tempo gasto instanciando prefabs/objetos visuais quando habilitado.","A execucao mediu apenas o layout logico.","Custo visual depende dos prefabs/Unity, nao do Room Graph puro."
24,2023,"5BBEC674","Performance","metricsCalculationMilliseconds","1.842","ms","Medido","Tempo para calcular e consolidar metricas apos a geracao.","Ajuda a quantificar custo da instrumentacao.","Custo da instrumentacao, nao do algoritmo."
24,2023,"5BBEC674","Performance","totalGenerationMilliseconds","2.937","ms","Medido","Tempo total medido da execucao.","Inclui layout, instanciacao visual habilitada e calculo de metricas.","Inclui layout, instanciacao visual e metricas; use junto com o tempo logico."
24,2023,"5BBEC674","Performance","generatedGameObjectCount","0","contagem","Medido","Quantidade de GameObjects criados durante a montagem visual.","Indica peso potencial de instanciacao no Unity.","Reflete peso da montagem visual da cena gerada pelo grafo."
24,2023,"5BBEC674","Performance","occupiedCellCount","4417","contagem","Medido","Quantidade de celulas ocupadas no grid logico.","Proxy de escala espacial da dungeon.","Proxy de escala espacial resultante do embedding dos nos e corredores."
24,2023,"5BBEC674","Performance","connectionCount","49","contagem","Medido","Quantidade de arestas/conexoes no grafo.","Reflete diretamente a complexidade topologica do grafo.","Metrica muito natural para Room Graph, pois corresponde diretamente ao numero de arestas."
24,2023,"5BBEC674","Performance","managedMemoryDeltaKB","352","KB","Estimado","Variacao aproximada de memoria gerenciada durante a execucao.","Valor aproximado, sensivel a GC e ao estado do Editor.","Estimativa sujeita ao GC da Unity; use como indicio comparativo."
25,2024,"A3B541B9","Quantitativo","numRoomsTarget","46","contagem","Medido","Contagem de nos/salas posicionados pelo Room Graph.","Indica quantos nos do grafo foram efetivamente posicionados como salas.","Room Graph controla salas como nos do grafo; a etapa de embedding pode gerar menos salas se nao houver espaco sem sobreposicao."
25,2024,"A3B541B9","Quantitativo","connectivityRatio","100%","%","Medido","Busca no grafo de salas a partir da sala inicial.","Mostra se as salas ficaram conectadas no componente principal do grafo.","Room Graph e forte neste parametro: a arvore de conexoes garante componente principal conectado quando ha pelo menos duas salas."
25,2024,"A3B541B9","Quantitativo","verticalVariance","1.998","metros","Medido","Desvio padrao das alturas dos nos/salas entre pavimentos.","Valor acima de 0 indica variacao vertical gerada por pavimentos e arestas verticais.","Room Graph puro suporta verticalidade ao criar arestas verticais entre nos de pavimentos adjacentes."
25,2024,"A3B541B9","Quantitativo","fillPercentage","51.45%","%","Medido","Celulas ocupadas por salas e corredores divididas pelo total do grid.","Indica densidade espacial da dungeon.","A densidade depende do numero de nos, tamanhos de sala e sucesso do posicionamento espacial do grafo."
25,2024,"A3B541B9","Quantitativo","branchFactor","2.043","media","Medido","Media de arestas por no/sala no grafo.","Valores maiores indicam mais bifurcacoes e loops no grafo.","O fator de ramificacao e diretamente controlado por arvore inicial e arestas extras de loop."
25,2024,"A3B541B9","Quantitativo","avgPathLength","170.267","metros","Medido","Distancias calculadas no grafo explicito de salas.","Distancia media a partir da sala inicial.","Caminhos sao naturais para Room Graph, pois o algoritmo ja trabalha com grafo explicito."
25,2024,"A3B541B9","Quantitativo","uniqueModules","4","contagem","Medido","Contagem de modulos logicos e prefabs usados pela montagem do Room Graph.","Indica variedade basica de composicao.","A variedade vem das categorias logicas do grafo, conectores, corredores e assets configurados."
25,2024,"A3B541B9","Quantitativo","navigableVolumeRatio","100%","%","Estimado sem NavMesh","Estimativa logica de celulas navegaveis antes de NavMesh.","Use como estimativa inicial, nao como validacao fisica final.","A navegabilidade e estimada no grid logico; validacao fisica final ainda exige NavMesh."
25,2024,"A3B541B9","Quantitativo","criticalPathLength","262","metros","Medido","Maior distancia encontrada no grafo a partir da sala inicial.","Aproxima o percurso principal entre inicio e ponto mais distante no grafo.","Room Graph mede bem percurso principal porque distancias no grafo sao parte central do modelo."
25,2024,"A3B541B9","Quantitativo","avgAlternativePathLength","30","metros","Medido","Media das arestas extras marcadas como loops.","Ha caminhos alternativos mensuraveis.","Loops e atalhos sao uma vantagem direta do Room Graph, bastando adicionar arestas extras."
25,2024,"A3B541B9","Booleano","SupportsRandomEnemySpawns","Sim, testado","sim/nao","Suportado","Verifica se o sistema de spawn usa salas/celulas geradas pelo grafo.","Sistema configurado e com orcamento ativo.","Room Graph oferece salas/nos claros para spawns; balanceamento de combate e camada de gameplay."
25,2024,"A3B541B9","Booleano","SupportsLootDistribution","Sim, testado","sim/nao","Suportado","Verifica se loot pode ser distribuido sobre salas/celulas do grafo.","Sistema configurado e com orcamento ativo.","Loot pode ser distribuido por nos/salas ou por distancia no grafo."
25,2024,"A3B541B9","Booleano","SupportsTraps","Sim, testado","sim/nao","Suportado","Verifica se armadilhas podem ser marcadas em areas navegaveis.","Sistema configurado e com orcamento ativo.","Armadilhas podem ser colocadas em salas, corredores ou arestas especificas do grafo."
25,2024,"A3B541B9","Booleano","SupportsBacktrackingLoops","Sim","sim/nao","Medido","Conta execucoes em que o grafo recebeu ciclos navegaveis.","A dungeon possui loop para retorno/caminho alternativo.","Suporte nativo quando o grafo recebe arestas extras alem da arvore de conectividade."
25,2024,"A3B541B9","Booleano","SupportsVerticalConnectors","Sim","sim/nao","Medido","Conta execucoes com arestas verticais entre pavimentos.","Parametro atendido quando existem arestas verticais Room Graph entre pavimentos.","Implementado como arestas verticais do proprio Room Graph, sem usar BSP ou outro algoritmo auxiliar."
25,2024,"A3B541B9","Booleano","SupportsMultiFloor","Sim","sim/nao","Medido","Conta execucoes com mais de um pavimento conectado por arestas verticais.","Parametro atendido quando ha pavimentos conectados dentro do mesmo grafo.","Implementado por nos distribuidos em pavimentos e arestas verticais entre camadas."
25,2024,"A3B541B9","Booleano","SupportsBossArena","Sim","sim/nao","Medido","Conta execucoes com ao menos uma sala acima da area minima configurada.","Existe ao menos uma sala grande o suficiente.","Suportado se algum no/sala for grande o suficiente; pode exigir parametros de tamanho ou uma regra de no especial."
25,2024,"A3B541B9","Booleano","SeedReproducible","Sim","sim/nao","Medido","Gera a mesma seed duas vezes e compara o hash topologico.","A seed reproduziu a mesma topologia.","O Room Graph e deterministico quando todas as escolhas usam a mesma seed."
25,2024,"A3B541B9","Booleano","RuntimeRegeneration","Sim","sim/nao","Medido","Conta execucoes abaixo do limite de tempo configurado.","Tempo registrado: 3.279 ms.","Room Graph tende a ser rapido; a etapa mais sensivel e o posicionamento sem sobreposicao das salas."
25,2024,"A3B541B9","Booleano","BudgetAwareSpawns","Sim","sim/nao","Suportado","Verifica se os orcamentos de inimigos, loot e armadilhas cabem nas celulas livres.","Orcamentos registrados: inimigos 10, loot 6, armadilhas 4.","Orcamentos sao controlados por camada de spawn sobre os nos/salas gerados."
25,2024,"A3B541B9","Qualitativo","Replayability","5/5","Likert 1-5","Estimado automaticamente","Estimativa baseada na diversidade de hashes topologicos entre seeds.","Diversidade topologica: 100%.","A variacao entre seeds depende da combinacao entre grafo, embedding espacial e arestas extras."
25,2024,"A3B541B9","Qualitativo","Debuggability","5/5","Likert 1-5","Estimado automaticamente","Estimativa baseada na natureza explicita do grafo de nos e arestas.","A estrutura de nos e arestas facilita inspecao, depuracao e reproducao por seed.","Room Graph e facil de depurar porque a topologia pode ser inspecionada como nos e arestas."
25,2024,"A3B541B9","Qualitativo","Flow","5/5","Likert 1-5","Estimado automaticamente","Estimativa baseada em conectividade, caminho critico e ramificacao.","Indica fluidez de navegacao esperada.","O controle de fluxo e uma das maiores vantagens do Room Graph, pois caminhos e ramificacoes sao explicitos."
25,2024,"A3B541B9","Qualitativo","Legibility","4/5","Likert 1-5","Estimado automaticamente","Estimativa baseada em conectividade, densidade e ramificacao do grafo.","Indica se o layout tende a ser compreensivel.","A legibilidade depende do embedding: o grafo e claro, mas corredores podem cruzar se o layout espacial ficar apertado."
25,2024,"A3B541B9","Qualitativo","StructuralVariety","5/5","Likert 1-5","Estimado automaticamente","Estimativa baseada em quantidade de salas, modulos e loops.","Indica variedade estrutural dentro desta execucao.","A variedade estrutural e boa em macrofluxo; variedade local ainda depende de regras de decoracao/assets."
25,2024,"A3B541B9","Performance","layoutGenerationMilliseconds","0.987","ms","Medido","Tempo para criar, posicionar e conectar o Room Graph logico.","Representa o custo algoritmico principal do Room Graph.","Mede custo de criar nos, posiciona-los e conectar o grafo; compare separado da instanciacao Unity."
25,2024,"A3B541B9","Performance","geometryInstantiationMilliseconds","0","ms","Medido","Tempo gasto instanciando prefabs/objetos visuais quando habilitado.","A execucao mediu apenas o layout logico.","Custo visual depende dos prefabs/Unity, nao do Room Graph puro."
25,2024,"A3B541B9","Performance","metricsCalculationMilliseconds","2.291","ms","Medido","Tempo para calcular e consolidar metricas apos a geracao.","Ajuda a quantificar custo da instrumentacao.","Custo da instrumentacao, nao do algoritmo."
25,2024,"A3B541B9","Performance","totalGenerationMilliseconds","3.279","ms","Medido","Tempo total medido da execucao.","Inclui layout, instanciacao visual habilitada e calculo de metricas.","Inclui layout, instanciacao visual e metricas; use junto com o tempo logico."
25,2024,"A3B541B9","Performance","generatedGameObjectCount","0","contagem","Medido","Quantidade de GameObjects criados durante a montagem visual.","Indica peso potencial de instanciacao no Unity.","Reflete peso da montagem visual da cena gerada pelo grafo."
25,2024,"A3B541B9","Performance","occupiedCellCount","4215","contagem","Medido","Quantidade de celulas ocupadas no grid logico.","Proxy de escala espacial da dungeon.","Proxy de escala espacial resultante do embedding dos nos e corredores."
25,2024,"A3B541B9","Performance","connectionCount","47","contagem","Medido","Quantidade de arestas/conexoes no grafo.","Reflete diretamente a complexidade topologica do grafo.","Metrica muito natural para Room Graph, pois corresponde diretamente ao numero de arestas."
25,2024,"A3B541B9","Performance","managedMemoryDeltaKB","336","KB","Estimado","Variacao aproximada de memoria gerenciada durante a execucao.","Valor aproximado, sensivel a GC e ao estado do Editor.","Estimativa sujeita ao GC da Unity; use como indicio comparativo."
26,2025,"1E5F4323","Quantitativo","numRoomsTarget","47","contagem","Medido","Contagem de nos/salas posicionados pelo Room Graph.","Indica quantos nos do grafo foram efetivamente posicionados como salas.","Room Graph controla salas como nos do grafo; a etapa de embedding pode gerar menos salas se nao houver espaco sem sobreposicao."
26,2025,"1E5F4323","Quantitativo","connectivityRatio","100%","%","Medido","Busca no grafo de salas a partir da sala inicial.","Mostra se as salas ficaram conectadas no componente principal do grafo.","Room Graph e forte neste parametro: a arvore de conexoes garante componente principal conectado quando ha pelo menos duas salas."
26,2025,"1E5F4323","Quantitativo","verticalVariance","2","metros","Medido","Desvio padrao das alturas dos nos/salas entre pavimentos.","Valor acima de 0 indica variacao vertical gerada por pavimentos e arestas verticais.","Room Graph puro suporta verticalidade ao criar arestas verticais entre nos de pavimentos adjacentes."
26,2025,"1E5F4323","Quantitativo","fillPercentage","51.35%","%","Medido","Celulas ocupadas por salas e corredores divididas pelo total do grid.","Indica densidade espacial da dungeon.","A densidade depende do numero de nos, tamanhos de sala e sucesso do posicionamento espacial do grafo."
26,2025,"1E5F4323","Quantitativo","branchFactor","2.043","media","Medido","Media de arestas por no/sala no grafo.","Valores maiores indicam mais bifurcacoes e loops no grafo.","O fator de ramificacao e diretamente controlado por arvore inicial e arestas extras de loop."
26,2025,"1E5F4323","Quantitativo","avgPathLength","132.609","metros","Medido","Distancias calculadas no grafo explicito de salas.","Distancia media a partir da sala inicial.","Caminhos sao naturais para Room Graph, pois o algoritmo ja trabalha com grafo explicito."
26,2025,"1E5F4323","Quantitativo","uniqueModules","4","contagem","Medido","Contagem de modulos logicos e prefabs usados pela montagem do Room Graph.","Indica variedade basica de composicao.","A variedade vem das categorias logicas do grafo, conectores, corredores e assets configurados."
26,2025,"1E5F4323","Quantitativo","navigableVolumeRatio","100%","%","Estimado sem NavMesh","Estimativa logica de celulas navegaveis antes de NavMesh.","Use como estimativa inicial, nao como validacao fisica final.","A navegabilidade e estimada no grid logico; validacao fisica final ainda exige NavMesh."
26,2025,"1E5F4323","Quantitativo","criticalPathLength","246","metros","Medido","Maior distancia encontrada no grafo a partir da sala inicial.","Aproxima o percurso principal entre inicio e ponto mais distante no grafo.","Room Graph mede bem percurso principal porque distancias no grafo sao parte central do modelo."
26,2025,"1E5F4323","Quantitativo","avgAlternativePathLength","37","metros","Medido","Media das arestas extras marcadas como loops.","Ha caminhos alternativos mensuraveis.","Loops e atalhos sao uma vantagem direta do Room Graph, bastando adicionar arestas extras."
26,2025,"1E5F4323","Booleano","SupportsRandomEnemySpawns","Sim, testado","sim/nao","Suportado","Verifica se o sistema de spawn usa salas/celulas geradas pelo grafo.","Sistema configurado e com orcamento ativo.","Room Graph oferece salas/nos claros para spawns; balanceamento de combate e camada de gameplay."
26,2025,"1E5F4323","Booleano","SupportsLootDistribution","Sim, testado","sim/nao","Suportado","Verifica se loot pode ser distribuido sobre salas/celulas do grafo.","Sistema configurado e com orcamento ativo.","Loot pode ser distribuido por nos/salas ou por distancia no grafo."
26,2025,"1E5F4323","Booleano","SupportsTraps","Sim, testado","sim/nao","Suportado","Verifica se armadilhas podem ser marcadas em areas navegaveis.","Sistema configurado e com orcamento ativo.","Armadilhas podem ser colocadas em salas, corredores ou arestas especificas do grafo."
26,2025,"1E5F4323","Booleano","SupportsBacktrackingLoops","Sim","sim/nao","Medido","Conta execucoes em que o grafo recebeu ciclos navegaveis.","A dungeon possui loop para retorno/caminho alternativo.","Suporte nativo quando o grafo recebe arestas extras alem da arvore de conectividade."
26,2025,"1E5F4323","Booleano","SupportsVerticalConnectors","Sim","sim/nao","Medido","Conta execucoes com arestas verticais entre pavimentos.","Parametro atendido quando existem arestas verticais Room Graph entre pavimentos.","Implementado como arestas verticais do proprio Room Graph, sem usar BSP ou outro algoritmo auxiliar."
26,2025,"1E5F4323","Booleano","SupportsMultiFloor","Sim","sim/nao","Medido","Conta execucoes com mais de um pavimento conectado por arestas verticais.","Parametro atendido quando ha pavimentos conectados dentro do mesmo grafo.","Implementado por nos distribuidos em pavimentos e arestas verticais entre camadas."
26,2025,"1E5F4323","Booleano","SupportsBossArena","Sim","sim/nao","Medido","Conta execucoes com ao menos uma sala acima da area minima configurada.","Existe ao menos uma sala grande o suficiente.","Suportado se algum no/sala for grande o suficiente; pode exigir parametros de tamanho ou uma regra de no especial."
26,2025,"1E5F4323","Booleano","SeedReproducible","Sim","sim/nao","Medido","Gera a mesma seed duas vezes e compara o hash topologico.","A seed reproduziu a mesma topologia.","O Room Graph e deterministico quando todas as escolhas usam a mesma seed."
26,2025,"1E5F4323","Booleano","RuntimeRegeneration","Sim","sim/nao","Medido","Conta execucoes abaixo do limite de tempo configurado.","Tempo registrado: 2.807 ms.","Room Graph tende a ser rapido; a etapa mais sensivel e o posicionamento sem sobreposicao das salas."
26,2025,"1E5F4323","Booleano","BudgetAwareSpawns","Sim","sim/nao","Suportado","Verifica se os orcamentos de inimigos, loot e armadilhas cabem nas celulas livres.","Orcamentos registrados: inimigos 10, loot 6, armadilhas 4.","Orcamentos sao controlados por camada de spawn sobre os nos/salas gerados."
26,2025,"1E5F4323","Qualitativo","Replayability","5/5","Likert 1-5","Estimado automaticamente","Estimativa baseada na diversidade de hashes topologicos entre seeds.","Diversidade topologica: 100%.","A variacao entre seeds depende da combinacao entre grafo, embedding espacial e arestas extras."
26,2025,"1E5F4323","Qualitativo","Debuggability","5/5","Likert 1-5","Estimado automaticamente","Estimativa baseada na natureza explicita do grafo de nos e arestas.","A estrutura de nos e arestas facilita inspecao, depuracao e reproducao por seed.","Room Graph e facil de depurar porque a topologia pode ser inspecionada como nos e arestas."
26,2025,"1E5F4323","Qualitativo","Flow","5/5","Likert 1-5","Estimado automaticamente","Estimativa baseada em conectividade, caminho critico e ramificacao.","Indica fluidez de navegacao esperada.","O controle de fluxo e uma das maiores vantagens do Room Graph, pois caminhos e ramificacoes sao explicitos."
26,2025,"1E5F4323","Qualitativo","Legibility","4/5","Likert 1-5","Estimado automaticamente","Estimativa baseada em conectividade, densidade e ramificacao do grafo.","Indica se o layout tende a ser compreensivel.","A legibilidade depende do embedding: o grafo e claro, mas corredores podem cruzar se o layout espacial ficar apertado."
26,2025,"1E5F4323","Qualitativo","StructuralVariety","5/5","Likert 1-5","Estimado automaticamente","Estimativa baseada em quantidade de salas, modulos e loops.","Indica variedade estrutural dentro desta execucao.","A variedade estrutural e boa em macrofluxo; variedade local ainda depende de regras de decoracao/assets."
26,2025,"1E5F4323","Performance","layoutGenerationMilliseconds","1.004","ms","Medido","Tempo para criar, posicionar e conectar o Room Graph logico.","Representa o custo algoritmico principal do Room Graph.","Mede custo de criar nos, posiciona-los e conectar o grafo; compare separado da instanciacao Unity."
26,2025,"1E5F4323","Performance","geometryInstantiationMilliseconds","0","ms","Medido","Tempo gasto instanciando prefabs/objetos visuais quando habilitado.","A execucao mediu apenas o layout logico.","Custo visual depende dos prefabs/Unity, nao do Room Graph puro."
26,2025,"1E5F4323","Performance","metricsCalculationMilliseconds","1.803","ms","Medido","Tempo para calcular e consolidar metricas apos a geracao.","Ajuda a quantificar custo da instrumentacao.","Custo da instrumentacao, nao do algoritmo."
26,2025,"1E5F4323","Performance","totalGenerationMilliseconds","2.807","ms","Medido","Tempo total medido da execucao.","Inclui layout, instanciacao visual habilitada e calculo de metricas.","Inclui layout, instanciacao visual e metricas; use junto com o tempo logico."
26,2025,"1E5F4323","Performance","generatedGameObjectCount","0","contagem","Medido","Quantidade de GameObjects criados durante a montagem visual.","Indica peso potencial de instanciacao no Unity.","Reflete peso da montagem visual da cena gerada pelo grafo."
26,2025,"1E5F4323","Performance","occupiedCellCount","4207","contagem","Medido","Quantidade de celulas ocupadas no grid logico.","Proxy de escala espacial da dungeon.","Proxy de escala espacial resultante do embedding dos nos e corredores."
26,2025,"1E5F4323","Performance","connectionCount","48","contagem","Medido","Quantidade de arestas/conexoes no grafo.","Reflete diretamente a complexidade topologica do grafo.","Metrica muito natural para Room Graph, pois corresponde diretamente ao numero de arestas."
26,2025,"1E5F4323","Performance","managedMemoryDeltaKB","332","KB","Estimado","Variacao aproximada de memoria gerenciada durante a execucao.","Valor aproximado, sensivel a GC e ao estado do Editor.","Estimativa sujeita ao GC da Unity; use como indicio comparativo."
27,2026,"E866F0C1","Quantitativo","numRoomsTarget","47","contagem","Medido","Contagem de nos/salas posicionados pelo Room Graph.","Indica quantos nos do grafo foram efetivamente posicionados como salas.","Room Graph controla salas como nos do grafo; a etapa de embedding pode gerar menos salas se nao houver espaco sem sobreposicao."
27,2026,"E866F0C1","Quantitativo","connectivityRatio","100%","%","Medido","Busca no grafo de salas a partir da sala inicial.","Mostra se as salas ficaram conectadas no componente principal do grafo.","Room Graph e forte neste parametro: a arvore de conexoes garante componente principal conectado quando ha pelo menos duas salas."
27,2026,"E866F0C1","Quantitativo","verticalVariance","2","metros","Medido","Desvio padrao das alturas dos nos/salas entre pavimentos.","Valor acima de 0 indica variacao vertical gerada por pavimentos e arestas verticais.","Room Graph puro suporta verticalidade ao criar arestas verticais entre nos de pavimentos adjacentes."
27,2026,"E866F0C1","Quantitativo","fillPercentage","48.69%","%","Medido","Celulas ocupadas por salas e corredores divididas pelo total do grid.","Indica densidade espacial da dungeon.","A densidade depende do numero de nos, tamanhos de sala e sucesso do posicionamento espacial do grafo."
27,2026,"E866F0C1","Quantitativo","branchFactor","2.043","media","Medido","Media de arestas por no/sala no grafo.","Valores maiores indicam mais bifurcacoes e loops no grafo.","O fator de ramificacao e diretamente controlado por arvore inicial e arestas extras de loop."
27,2026,"E866F0C1","Quantitativo","avgPathLength","111.348","metros","Medido","Distancias calculadas no grafo explicito de salas.","Distancia media a partir da sala inicial.","Caminhos sao naturais para Room Graph, pois o algoritmo ja trabalha com grafo explicito."
27,2026,"E866F0C1","Quantitativo","uniqueModules","4","contagem","Medido","Contagem de modulos logicos e prefabs usados pela montagem do Room Graph.","Indica variedade basica de composicao.","A variedade vem das categorias logicas do grafo, conectores, corredores e assets configurados."
27,2026,"E866F0C1","Quantitativo","navigableVolumeRatio","100%","%","Estimado sem NavMesh","Estimativa logica de celulas navegaveis antes de NavMesh.","Use como estimativa inicial, nao como validacao fisica final.","A navegabilidade e estimada no grid logico; validacao fisica final ainda exige NavMesh."
27,2026,"E866F0C1","Quantitativo","criticalPathLength","298","metros","Medido","Maior distancia encontrada no grafo a partir da sala inicial.","Aproxima o percurso principal entre inicio e ponto mais distante no grafo.","Room Graph mede bem percurso principal porque distancias no grafo sao parte central do modelo."
27,2026,"E866F0C1","Quantitativo","avgAlternativePathLength","25","metros","Medido","Media das arestas extras marcadas como loops.","Ha caminhos alternativos mensuraveis.","Loops e atalhos sao uma vantagem direta do Room Graph, bastando adicionar arestas extras."
27,2026,"E866F0C1","Booleano","SupportsRandomEnemySpawns","Sim, testado","sim/nao","Suportado","Verifica se o sistema de spawn usa salas/celulas geradas pelo grafo.","Sistema configurado e com orcamento ativo.","Room Graph oferece salas/nos claros para spawns; balanceamento de combate e camada de gameplay."
27,2026,"E866F0C1","Booleano","SupportsLootDistribution","Sim, testado","sim/nao","Suportado","Verifica se loot pode ser distribuido sobre salas/celulas do grafo.","Sistema configurado e com orcamento ativo.","Loot pode ser distribuido por nos/salas ou por distancia no grafo."
27,2026,"E866F0C1","Booleano","SupportsTraps","Sim, testado","sim/nao","Suportado","Verifica se armadilhas podem ser marcadas em areas navegaveis.","Sistema configurado e com orcamento ativo.","Armadilhas podem ser colocadas em salas, corredores ou arestas especificas do grafo."
27,2026,"E866F0C1","Booleano","SupportsBacktrackingLoops","Sim","sim/nao","Medido","Conta execucoes em que o grafo recebeu ciclos navegaveis.","A dungeon possui loop para retorno/caminho alternativo.","Suporte nativo quando o grafo recebe arestas extras alem da arvore de conectividade."
27,2026,"E866F0C1","Booleano","SupportsVerticalConnectors","Sim","sim/nao","Medido","Conta execucoes com arestas verticais entre pavimentos.","Parametro atendido quando existem arestas verticais Room Graph entre pavimentos.","Implementado como arestas verticais do proprio Room Graph, sem usar BSP ou outro algoritmo auxiliar."
27,2026,"E866F0C1","Booleano","SupportsMultiFloor","Sim","sim/nao","Medido","Conta execucoes com mais de um pavimento conectado por arestas verticais.","Parametro atendido quando ha pavimentos conectados dentro do mesmo grafo.","Implementado por nos distribuidos em pavimentos e arestas verticais entre camadas."
27,2026,"E866F0C1","Booleano","SupportsBossArena","Sim","sim/nao","Medido","Conta execucoes com ao menos uma sala acima da area minima configurada.","Existe ao menos uma sala grande o suficiente.","Suportado se algum no/sala for grande o suficiente; pode exigir parametros de tamanho ou uma regra de no especial."
27,2026,"E866F0C1","Booleano","SeedReproducible","Sim","sim/nao","Medido","Gera a mesma seed duas vezes e compara o hash topologico.","A seed reproduziu a mesma topologia.","O Room Graph e deterministico quando todas as escolhas usam a mesma seed."
27,2026,"E866F0C1","Booleano","RuntimeRegeneration","Sim","sim/nao","Medido","Conta execucoes abaixo do limite de tempo configurado.","Tempo registrado: 2.645 ms.","Room Graph tende a ser rapido; a etapa mais sensivel e o posicionamento sem sobreposicao das salas."
27,2026,"E866F0C1","Booleano","BudgetAwareSpawns","Sim","sim/nao","Suportado","Verifica se os orcamentos de inimigos, loot e armadilhas cabem nas celulas livres.","Orcamentos registrados: inimigos 10, loot 6, armadilhas 4.","Orcamentos sao controlados por camada de spawn sobre os nos/salas gerados."
27,2026,"E866F0C1","Qualitativo","Replayability","5/5","Likert 1-5","Estimado automaticamente","Estimativa baseada na diversidade de hashes topologicos entre seeds.","Diversidade topologica: 100%.","A variacao entre seeds depende da combinacao entre grafo, embedding espacial e arestas extras."
27,2026,"E866F0C1","Qualitativo","Debuggability","5/5","Likert 1-5","Estimado automaticamente","Estimativa baseada na natureza explicita do grafo de nos e arestas.","A estrutura de nos e arestas facilita inspecao, depuracao e reproducao por seed.","Room Graph e facil de depurar porque a topologia pode ser inspecionada como nos e arestas."
27,2026,"E866F0C1","Qualitativo","Flow","5/5","Likert 1-5","Estimado automaticamente","Estimativa baseada em conectividade, caminho critico e ramificacao.","Indica fluidez de navegacao esperada.","O controle de fluxo e uma das maiores vantagens do Room Graph, pois caminhos e ramificacoes sao explicitos."
27,2026,"E866F0C1","Qualitativo","Legibility","4/5","Likert 1-5","Estimado automaticamente","Estimativa baseada em conectividade, densidade e ramificacao do grafo.","Indica se o layout tende a ser compreensivel.","A legibilidade depende do embedding: o grafo e claro, mas corredores podem cruzar se o layout espacial ficar apertado."
27,2026,"E866F0C1","Qualitativo","StructuralVariety","5/5","Likert 1-5","Estimado automaticamente","Estimativa baseada em quantidade de salas, modulos e loops.","Indica variedade estrutural dentro desta execucao.","A variedade estrutural e boa em macrofluxo; variedade local ainda depende de regras de decoracao/assets."
27,2026,"E866F0C1","Performance","layoutGenerationMilliseconds","1.04","ms","Medido","Tempo para criar, posicionar e conectar o Room Graph logico.","Representa o custo algoritmico principal do Room Graph.","Mede custo de criar nos, posiciona-los e conectar o grafo; compare separado da instanciacao Unity."
27,2026,"E866F0C1","Performance","geometryInstantiationMilliseconds","0","ms","Medido","Tempo gasto instanciando prefabs/objetos visuais quando habilitado.","A execucao mediu apenas o layout logico.","Custo visual depende dos prefabs/Unity, nao do Room Graph puro."
27,2026,"E866F0C1","Performance","metricsCalculationMilliseconds","1.605","ms","Medido","Tempo para calcular e consolidar metricas apos a geracao.","Ajuda a quantificar custo da instrumentacao.","Custo da instrumentacao, nao do algoritmo."
27,2026,"E866F0C1","Performance","totalGenerationMilliseconds","2.645","ms","Medido","Tempo total medido da execucao.","Inclui layout, instanciacao visual habilitada e calculo de metricas.","Inclui layout, instanciacao visual e metricas; use junto com o tempo logico."
27,2026,"E866F0C1","Performance","generatedGameObjectCount","0","contagem","Medido","Quantidade de GameObjects criados durante a montagem visual.","Indica peso potencial de instanciacao no Unity.","Reflete peso da montagem visual da cena gerada pelo grafo."
27,2026,"E866F0C1","Performance","occupiedCellCount","3989","contagem","Medido","Quantidade de celulas ocupadas no grid logico.","Proxy de escala espacial da dungeon.","Proxy de escala espacial resultante do embedding dos nos e corredores."
27,2026,"E866F0C1","Performance","connectionCount","48","contagem","Medido","Quantidade de arestas/conexoes no grafo.","Reflete diretamente a complexidade topologica do grafo.","Metrica muito natural para Room Graph, pois corresponde diretamente ao numero de arestas."
27,2026,"E866F0C1","Performance","managedMemoryDeltaKB","312","KB","Estimado","Variacao aproximada de memoria gerenciada durante a execucao.","Valor aproximado, sensivel a GC e ao estado do Editor.","Estimativa sujeita ao GC da Unity; use como indicio comparativo."
28,2027,"4A86B6A8","Quantitativo","numRoomsTarget","46","contagem","Medido","Contagem de nos/salas posicionados pelo Room Graph.","Indica quantos nos do grafo foram efetivamente posicionados como salas.","Room Graph controla salas como nos do grafo; a etapa de embedding pode gerar menos salas se nao houver espaco sem sobreposicao."
28,2027,"4A86B6A8","Quantitativo","connectivityRatio","100%","%","Medido","Busca no grafo de salas a partir da sala inicial.","Mostra se as salas ficaram conectadas no componente principal do grafo.","Room Graph e forte neste parametro: a arvore de conexoes garante componente principal conectado quando ha pelo menos duas salas."
28,2027,"4A86B6A8","Quantitativo","verticalVariance","2","metros","Medido","Desvio padrao das alturas dos nos/salas entre pavimentos.","Valor acima de 0 indica variacao vertical gerada por pavimentos e arestas verticais.","Room Graph puro suporta verticalidade ao criar arestas verticais entre nos de pavimentos adjacentes."
28,2027,"4A86B6A8","Quantitativo","fillPercentage","51.89%","%","Medido","Celulas ocupadas por salas e corredores divididas pelo total do grid.","Indica densidade espacial da dungeon.","A densidade depende do numero de nos, tamanhos de sala e sucesso do posicionamento espacial do grafo."
28,2027,"4A86B6A8","Quantitativo","branchFactor","2.043","media","Medido","Media de arestas por no/sala no grafo.","Valores maiores indicam mais bifurcacoes e loops no grafo.","O fator de ramificacao e diretamente controlado por arvore inicial e arestas extras de loop."
28,2027,"4A86B6A8","Quantitativo","avgPathLength","132.8","metros","Medido","Distancias calculadas no grafo explicito de salas.","Distancia media a partir da sala inicial.","Caminhos sao naturais para Room Graph, pois o algoritmo ja trabalha com grafo explicito."
28,2027,"4A86B6A8","Quantitativo","uniqueModules","4","contagem","Medido","Contagem de modulos logicos e prefabs usados pela montagem do Room Graph.","Indica variedade basica de composicao.","A variedade vem das categorias logicas do grafo, conectores, corredores e assets configurados."
28,2027,"4A86B6A8","Quantitativo","navigableVolumeRatio","100%","%","Estimado sem NavMesh","Estimativa logica de celulas navegaveis antes de NavMesh.","Use como estimativa inicial, nao como validacao fisica final.","A navegabilidade e estimada no grid logico; validacao fisica final ainda exige NavMesh."
28,2027,"4A86B6A8","Quantitativo","criticalPathLength","288","metros","Medido","Maior distancia encontrada no grafo a partir da sala inicial.","Aproxima o percurso principal entre inicio e ponto mais distante no grafo.","Room Graph mede bem percurso principal porque distancias no grafo sao parte central do modelo."
28,2027,"4A86B6A8","Quantitativo","avgAlternativePathLength","15","metros","Medido","Media das arestas extras marcadas como loops.","Ha caminhos alternativos mensuraveis.","Loops e atalhos sao uma vantagem direta do Room Graph, bastando adicionar arestas extras."
28,2027,"4A86B6A8","Booleano","SupportsRandomEnemySpawns","Sim, testado","sim/nao","Suportado","Verifica se o sistema de spawn usa salas/celulas geradas pelo grafo.","Sistema configurado e com orcamento ativo.","Room Graph oferece salas/nos claros para spawns; balanceamento de combate e camada de gameplay."
28,2027,"4A86B6A8","Booleano","SupportsLootDistribution","Sim, testado","sim/nao","Suportado","Verifica se loot pode ser distribuido sobre salas/celulas do grafo.","Sistema configurado e com orcamento ativo.","Loot pode ser distribuido por nos/salas ou por distancia no grafo."
28,2027,"4A86B6A8","Booleano","SupportsTraps","Sim, testado","sim/nao","Suportado","Verifica se armadilhas podem ser marcadas em areas navegaveis.","Sistema configurado e com orcamento ativo.","Armadilhas podem ser colocadas em salas, corredores ou arestas especificas do grafo."
28,2027,"4A86B6A8","Booleano","SupportsBacktrackingLoops","Sim","sim/nao","Medido","Conta execucoes em que o grafo recebeu ciclos navegaveis.","A dungeon possui loop para retorno/caminho alternativo.","Suporte nativo quando o grafo recebe arestas extras alem da arvore de conectividade."
28,2027,"4A86B6A8","Booleano","SupportsVerticalConnectors","Sim","sim/nao","Medido","Conta execucoes com arestas verticais entre pavimentos.","Parametro atendido quando existem arestas verticais Room Graph entre pavimentos.","Implementado como arestas verticais do proprio Room Graph, sem usar BSP ou outro algoritmo auxiliar."
28,2027,"4A86B6A8","Booleano","SupportsMultiFloor","Sim","sim/nao","Medido","Conta execucoes com mais de um pavimento conectado por arestas verticais.","Parametro atendido quando ha pavimentos conectados dentro do mesmo grafo.","Implementado por nos distribuidos em pavimentos e arestas verticais entre camadas."
28,2027,"4A86B6A8","Booleano","SupportsBossArena","Sim","sim/nao","Medido","Conta execucoes com ao menos uma sala acima da area minima configurada.","Existe ao menos uma sala grande o suficiente.","Suportado se algum no/sala for grande o suficiente; pode exigir parametros de tamanho ou uma regra de no especial."
28,2027,"4A86B6A8","Booleano","SeedReproducible","Sim","sim/nao","Medido","Gera a mesma seed duas vezes e compara o hash topologico.","A seed reproduziu a mesma topologia.","O Room Graph e deterministico quando todas as escolhas usam a mesma seed."
28,2027,"4A86B6A8","Booleano","RuntimeRegeneration","Sim","sim/nao","Medido","Conta execucoes abaixo do limite de tempo configurado.","Tempo registrado: 2.874 ms.","Room Graph tende a ser rapido; a etapa mais sensivel e o posicionamento sem sobreposicao das salas."
28,2027,"4A86B6A8","Booleano","BudgetAwareSpawns","Sim","sim/nao","Suportado","Verifica se os orcamentos de inimigos, loot e armadilhas cabem nas celulas livres.","Orcamentos registrados: inimigos 10, loot 6, armadilhas 4.","Orcamentos sao controlados por camada de spawn sobre os nos/salas gerados."
28,2027,"4A86B6A8","Qualitativo","Replayability","5/5","Likert 1-5","Estimado automaticamente","Estimativa baseada na diversidade de hashes topologicos entre seeds.","Diversidade topologica: 100%.","A variacao entre seeds depende da combinacao entre grafo, embedding espacial e arestas extras."
28,2027,"4A86B6A8","Qualitativo","Debuggability","5/5","Likert 1-5","Estimado automaticamente","Estimativa baseada na natureza explicita do grafo de nos e arestas.","A estrutura de nos e arestas facilita inspecao, depuracao e reproducao por seed.","Room Graph e facil de depurar porque a topologia pode ser inspecionada como nos e arestas."
28,2027,"4A86B6A8","Qualitativo","Flow","5/5","Likert 1-5","Estimado automaticamente","Estimativa baseada em conectividade, caminho critico e ramificacao.","Indica fluidez de navegacao esperada.","O controle de fluxo e uma das maiores vantagens do Room Graph, pois caminhos e ramificacoes sao explicitos."
28,2027,"4A86B6A8","Qualitativo","Legibility","4/5","Likert 1-5","Estimado automaticamente","Estimativa baseada em conectividade, densidade e ramificacao do grafo.","Indica se o layout tende a ser compreensivel.","A legibilidade depende do embedding: o grafo e claro, mas corredores podem cruzar se o layout espacial ficar apertado."
28,2027,"4A86B6A8","Qualitativo","StructuralVariety","5/5","Likert 1-5","Estimado automaticamente","Estimativa baseada em quantidade de salas, modulos e loops.","Indica variedade estrutural dentro desta execucao.","A variedade estrutural e boa em macrofluxo; variedade local ainda depende de regras de decoracao/assets."
28,2027,"4A86B6A8","Performance","layoutGenerationMilliseconds","1.058","ms","Medido","Tempo para criar, posicionar e conectar o Room Graph logico.","Representa o custo algoritmico principal do Room Graph.","Mede custo de criar nos, posiciona-los e conectar o grafo; compare separado da instanciacao Unity."
28,2027,"4A86B6A8","Performance","geometryInstantiationMilliseconds","0","ms","Medido","Tempo gasto instanciando prefabs/objetos visuais quando habilitado.","A execucao mediu apenas o layout logico.","Custo visual depende dos prefabs/Unity, nao do Room Graph puro."
28,2027,"4A86B6A8","Performance","metricsCalculationMilliseconds","1.816","ms","Medido","Tempo para calcular e consolidar metricas apos a geracao.","Ajuda a quantificar custo da instrumentacao.","Custo da instrumentacao, nao do algoritmo."
28,2027,"4A86B6A8","Performance","totalGenerationMilliseconds","2.874","ms","Medido","Tempo total medido da execucao.","Inclui layout, instanciacao visual habilitada e calculo de metricas.","Inclui layout, instanciacao visual e metricas; use junto com o tempo logico."
28,2027,"4A86B6A8","Performance","generatedGameObjectCount","0","contagem","Medido","Quantidade de GameObjects criados durante a montagem visual.","Indica peso potencial de instanciacao no Unity.","Reflete peso da montagem visual da cena gerada pelo grafo."
28,2027,"4A86B6A8","Performance","occupiedCellCount","4251","contagem","Medido","Quantidade de celulas ocupadas no grid logico.","Proxy de escala espacial da dungeon.","Proxy de escala espacial resultante do embedding dos nos e corredores."
28,2027,"4A86B6A8","Performance","connectionCount","47","contagem","Medido","Quantidade de arestas/conexoes no grafo.","Reflete diretamente a complexidade topologica do grafo.","Metrica muito natural para Room Graph, pois corresponde diretamente ao numero de arestas."
28,2027,"4A86B6A8","Performance","managedMemoryDeltaKB","340","KB","Estimado","Variacao aproximada de memoria gerenciada durante a execucao.","Valor aproximado, sensivel a GC e ao estado do Editor.","Estimativa sujeita ao GC da Unity; use como indicio comparativo."
29,2028,"71CD5570","Quantitativo","numRoomsTarget","45","contagem","Medido","Contagem de nos/salas posicionados pelo Room Graph.","Indica quantos nos do grafo foram efetivamente posicionados como salas.","Room Graph controla salas como nos do grafo; a etapa de embedding pode gerar menos salas se nao houver espaco sem sobreposicao."
29,2028,"71CD5570","Quantitativo","connectivityRatio","100%","%","Medido","Busca no grafo de salas a partir da sala inicial.","Mostra se as salas ficaram conectadas no componente principal do grafo.","Room Graph e forte neste parametro: a arvore de conexoes garante componente principal conectado quando ha pelo menos duas salas."
29,2028,"71CD5570","Quantitativo","verticalVariance","2","metros","Medido","Desvio padrao das alturas dos nos/salas entre pavimentos.","Valor acima de 0 indica variacao vertical gerada por pavimentos e arestas verticais.","Room Graph puro suporta verticalidade ao criar arestas verticais entre nos de pavimentos adjacentes."
29,2028,"71CD5570","Quantitativo","fillPercentage","55.02%","%","Medido","Celulas ocupadas por salas e corredores divididas pelo total do grid.","Indica densidade espacial da dungeon.","A densidade depende do numero de nos, tamanhos de sala e sucesso do posicionamento espacial do grafo."
29,2028,"71CD5570","Quantitativo","branchFactor","2.044","media","Medido","Media de arestas por no/sala no grafo.","Valores maiores indicam mais bifurcacoes e loops no grafo.","O fator de ramificacao e diretamente controlado por arvore inicial e arestas extras de loop."
29,2028,"71CD5570","Quantitativo","avgPathLength","93.955","metros","Medido","Distancias calculadas no grafo explicito de salas.","Distancia media a partir da sala inicial.","Caminhos sao naturais para Room Graph, pois o algoritmo ja trabalha com grafo explicito."
29,2028,"71CD5570","Quantitativo","uniqueModules","4","contagem","Medido","Contagem de modulos logicos e prefabs usados pela montagem do Room Graph.","Indica variedade basica de composicao.","A variedade vem das categorias logicas do grafo, conectores, corredores e assets configurados."
29,2028,"71CD5570","Quantitativo","navigableVolumeRatio","100%","%","Estimado sem NavMesh","Estimativa logica de celulas navegaveis antes de NavMesh.","Use como estimativa inicial, nao como validacao fisica final.","A navegabilidade e estimada no grid logico; validacao fisica final ainda exige NavMesh."
29,2028,"71CD5570","Quantitativo","criticalPathLength","196","metros","Medido","Maior distancia encontrada no grafo a partir da sala inicial.","Aproxima o percurso principal entre inicio e ponto mais distante no grafo.","Room Graph mede bem percurso principal porque distancias no grafo sao parte central do modelo."
29,2028,"71CD5570","Quantitativo","avgAlternativePathLength","37","metros","Medido","Media das arestas extras marcadas como loops.","Ha caminhos alternativos mensuraveis.","Loops e atalhos sao uma vantagem direta do Room Graph, bastando adicionar arestas extras."
29,2028,"71CD5570","Booleano","SupportsRandomEnemySpawns","Sim, testado","sim/nao","Suportado","Verifica se o sistema de spawn usa salas/celulas geradas pelo grafo.","Sistema configurado e com orcamento ativo.","Room Graph oferece salas/nos claros para spawns; balanceamento de combate e camada de gameplay."
29,2028,"71CD5570","Booleano","SupportsLootDistribution","Sim, testado","sim/nao","Suportado","Verifica se loot pode ser distribuido sobre salas/celulas do grafo.","Sistema configurado e com orcamento ativo.","Loot pode ser distribuido por nos/salas ou por distancia no grafo."
29,2028,"71CD5570","Booleano","SupportsTraps","Sim, testado","sim/nao","Suportado","Verifica se armadilhas podem ser marcadas em areas navegaveis.","Sistema configurado e com orcamento ativo.","Armadilhas podem ser colocadas em salas, corredores ou arestas especificas do grafo."
29,2028,"71CD5570","Booleano","SupportsBacktrackingLoops","Sim","sim/nao","Medido","Conta execucoes em que o grafo recebeu ciclos navegaveis.","A dungeon possui loop para retorno/caminho alternativo.","Suporte nativo quando o grafo recebe arestas extras alem da arvore de conectividade."
29,2028,"71CD5570","Booleano","SupportsVerticalConnectors","Sim","sim/nao","Medido","Conta execucoes com arestas verticais entre pavimentos.","Parametro atendido quando existem arestas verticais Room Graph entre pavimentos.","Implementado como arestas verticais do proprio Room Graph, sem usar BSP ou outro algoritmo auxiliar."
29,2028,"71CD5570","Booleano","SupportsMultiFloor","Sim","sim/nao","Medido","Conta execucoes com mais de um pavimento conectado por arestas verticais.","Parametro atendido quando ha pavimentos conectados dentro do mesmo grafo.","Implementado por nos distribuidos em pavimentos e arestas verticais entre camadas."
29,2028,"71CD5570","Booleano","SupportsBossArena","Sim","sim/nao","Medido","Conta execucoes com ao menos uma sala acima da area minima configurada.","Existe ao menos uma sala grande o suficiente.","Suportado se algum no/sala for grande o suficiente; pode exigir parametros de tamanho ou uma regra de no especial."
29,2028,"71CD5570","Booleano","SeedReproducible","Sim","sim/nao","Medido","Gera a mesma seed duas vezes e compara o hash topologico.","A seed reproduziu a mesma topologia.","O Room Graph e deterministico quando todas as escolhas usam a mesma seed."
29,2028,"71CD5570","Booleano","RuntimeRegeneration","Sim","sim/nao","Medido","Conta execucoes abaixo do limite de tempo configurado.","Tempo registrado: 3.114 ms.","Room Graph tende a ser rapido; a etapa mais sensivel e o posicionamento sem sobreposicao das salas."
29,2028,"71CD5570","Booleano","BudgetAwareSpawns","Sim","sim/nao","Suportado","Verifica se os orcamentos de inimigos, loot e armadilhas cabem nas celulas livres.","Orcamentos registrados: inimigos 10, loot 6, armadilhas 4.","Orcamentos sao controlados por camada de spawn sobre os nos/salas gerados."
29,2028,"71CD5570","Qualitativo","Replayability","5/5","Likert 1-5","Estimado automaticamente","Estimativa baseada na diversidade de hashes topologicos entre seeds.","Diversidade topologica: 100%.","A variacao entre seeds depende da combinacao entre grafo, embedding espacial e arestas extras."
29,2028,"71CD5570","Qualitativo","Debuggability","5/5","Likert 1-5","Estimado automaticamente","Estimativa baseada na natureza explicita do grafo de nos e arestas.","A estrutura de nos e arestas facilita inspecao, depuracao e reproducao por seed.","Room Graph e facil de depurar porque a topologia pode ser inspecionada como nos e arestas."
29,2028,"71CD5570","Qualitativo","Flow","5/5","Likert 1-5","Estimado automaticamente","Estimativa baseada em conectividade, caminho critico e ramificacao.","Indica fluidez de navegacao esperada.","O controle de fluxo e uma das maiores vantagens do Room Graph, pois caminhos e ramificacoes sao explicitos."
29,2028,"71CD5570","Qualitativo","Legibility","4/5","Likert 1-5","Estimado automaticamente","Estimativa baseada em conectividade, densidade e ramificacao do grafo.","Indica se o layout tende a ser compreensivel.","A legibilidade depende do embedding: o grafo e claro, mas corredores podem cruzar se o layout espacial ficar apertado."
29,2028,"71CD5570","Qualitativo","StructuralVariety","5/5","Likert 1-5","Estimado automaticamente","Estimativa baseada em quantidade de salas, modulos e loops.","Indica variedade estrutural dentro desta execucao.","A variedade estrutural e boa em macrofluxo; variedade local ainda depende de regras de decoracao/assets."
29,2028,"71CD5570","Performance","layoutGenerationMilliseconds","1.061","ms","Medido","Tempo para criar, posicionar e conectar o Room Graph logico.","Representa o custo algoritmico principal do Room Graph.","Mede custo de criar nos, posiciona-los e conectar o grafo; compare separado da instanciacao Unity."
29,2028,"71CD5570","Performance","geometryInstantiationMilliseconds","0","ms","Medido","Tempo gasto instanciando prefabs/objetos visuais quando habilitado.","A execucao mediu apenas o layout logico.","Custo visual depende dos prefabs/Unity, nao do Room Graph puro."
29,2028,"71CD5570","Performance","metricsCalculationMilliseconds","2.053","ms","Medido","Tempo para calcular e consolidar metricas apos a geracao.","Ajuda a quantificar custo da instrumentacao.","Custo da instrumentacao, nao do algoritmo."
29,2028,"71CD5570","Performance","totalGenerationMilliseconds","3.114","ms","Medido","Tempo total medido da execucao.","Inclui layout, instanciacao visual habilitada e calculo de metricas.","Inclui layout, instanciacao visual e metricas; use junto com o tempo logico."
29,2028,"71CD5570","Performance","generatedGameObjectCount","0","contagem","Medido","Quantidade de GameObjects criados durante a montagem visual.","Indica peso potencial de instanciacao no Unity.","Reflete peso da montagem visual da cena gerada pelo grafo."
29,2028,"71CD5570","Performance","occupiedCellCount","4507","contagem","Medido","Quantidade de celulas ocupadas no grid logico.","Proxy de escala espacial da dungeon.","Proxy de escala espacial resultante do embedding dos nos e corredores."
29,2028,"71CD5570","Performance","connectionCount","46","contagem","Medido","Quantidade de arestas/conexoes no grafo.","Reflete diretamente a complexidade topologica do grafo.","Metrica muito natural para Room Graph, pois corresponde diretamente ao numero de arestas."
29,2028,"71CD5570","Performance","managedMemoryDeltaKB","360","KB","Estimado","Variacao aproximada de memoria gerenciada durante a execucao.","Valor aproximado, sensivel a GC e ao estado do Editor.","Estimativa sujeita ao GC da Unity; use como indicio comparativo."
30,2029,"3A54F7C7","Quantitativo","numRoomsTarget","48","contagem","Medido","Contagem de nos/salas posicionados pelo Room Graph.","Indica quantos nos do grafo foram efetivamente posicionados como salas.","Room Graph controla salas como nos do grafo; a etapa de embedding pode gerar menos salas se nao houver espaco sem sobreposicao."
30,2029,"3A54F7C7","Quantitativo","connectivityRatio","100%","%","Medido","Busca no grafo de salas a partir da sala inicial.","Mostra se as salas ficaram conectadas no componente principal do grafo.","Room Graph e forte neste parametro: a arvore de conexoes garante componente principal conectado quando ha pelo menos duas salas."
30,2029,"3A54F7C7","Quantitativo","verticalVariance","2","metros","Medido","Desvio padrao das alturas dos nos/salas entre pavimentos.","Valor acima de 0 indica variacao vertical gerada por pavimentos e arestas verticais.","Room Graph puro suporta verticalidade ao criar arestas verticais entre nos de pavimentos adjacentes."
30,2029,"3A54F7C7","Quantitativo","fillPercentage","51.38%","%","Medido","Celulas ocupadas por salas e corredores divididas pelo total do grid.","Indica densidade espacial da dungeon.","A densidade depende do numero de nos, tamanhos de sala e sucesso do posicionamento espacial do grafo."
30,2029,"3A54F7C7","Quantitativo","branchFactor","2.042","media","Medido","Media de arestas por no/sala no grafo.","Valores maiores indicam mais bifurcacoes e loops no grafo.","O fator de ramificacao e diretamente controlado por arvore inicial e arestas extras de loop."
30,2029,"3A54F7C7","Quantitativo","avgPathLength","160.085","metros","Medido","Distancias calculadas no grafo explicito de salas.","Distancia media a partir da sala inicial.","Caminhos sao naturais para Room Graph, pois o algoritmo ja trabalha com grafo explicito."
30,2029,"3A54F7C7","Quantitativo","uniqueModules","4","contagem","Medido","Contagem de modulos logicos e prefabs usados pela montagem do Room Graph.","Indica variedade basica de composicao.","A variedade vem das categorias logicas do grafo, conectores, corredores e assets configurados."
30,2029,"3A54F7C7","Quantitativo","navigableVolumeRatio","100%","%","Estimado sem NavMesh","Estimativa logica de celulas navegaveis antes de NavMesh.","Use como estimativa inicial, nao como validacao fisica final.","A navegabilidade e estimada no grid logico; validacao fisica final ainda exige NavMesh."
30,2029,"3A54F7C7","Quantitativo","criticalPathLength","308","metros","Medido","Maior distancia encontrada no grafo a partir da sala inicial.","Aproxima o percurso principal entre inicio e ponto mais distante no grafo.","Room Graph mede bem percurso principal porque distancias no grafo sao parte central do modelo."
30,2029,"3A54F7C7","Quantitativo","avgAlternativePathLength","32","metros","Medido","Media das arestas extras marcadas como loops.","Ha caminhos alternativos mensuraveis.","Loops e atalhos sao uma vantagem direta do Room Graph, bastando adicionar arestas extras."
30,2029,"3A54F7C7","Booleano","SupportsRandomEnemySpawns","Sim, testado","sim/nao","Suportado","Verifica se o sistema de spawn usa salas/celulas geradas pelo grafo.","Sistema configurado e com orcamento ativo.","Room Graph oferece salas/nos claros para spawns; balanceamento de combate e camada de gameplay."
30,2029,"3A54F7C7","Booleano","SupportsLootDistribution","Sim, testado","sim/nao","Suportado","Verifica se loot pode ser distribuido sobre salas/celulas do grafo.","Sistema configurado e com orcamento ativo.","Loot pode ser distribuido por nos/salas ou por distancia no grafo."
30,2029,"3A54F7C7","Booleano","SupportsTraps","Sim, testado","sim/nao","Suportado","Verifica se armadilhas podem ser marcadas em areas navegaveis.","Sistema configurado e com orcamento ativo.","Armadilhas podem ser colocadas em salas, corredores ou arestas especificas do grafo."
30,2029,"3A54F7C7","Booleano","SupportsBacktrackingLoops","Sim","sim/nao","Medido","Conta execucoes em que o grafo recebeu ciclos navegaveis.","A dungeon possui loop para retorno/caminho alternativo.","Suporte nativo quando o grafo recebe arestas extras alem da arvore de conectividade."
30,2029,"3A54F7C7","Booleano","SupportsVerticalConnectors","Sim","sim/nao","Medido","Conta execucoes com arestas verticais entre pavimentos.","Parametro atendido quando existem arestas verticais Room Graph entre pavimentos.","Implementado como arestas verticais do proprio Room Graph, sem usar BSP ou outro algoritmo auxiliar."
30,2029,"3A54F7C7","Booleano","SupportsMultiFloor","Sim","sim/nao","Medido","Conta execucoes com mais de um pavimento conectado por arestas verticais.","Parametro atendido quando ha pavimentos conectados dentro do mesmo grafo.","Implementado por nos distribuidos em pavimentos e arestas verticais entre camadas."
30,2029,"3A54F7C7","Booleano","SupportsBossArena","Sim","sim/nao","Medido","Conta execucoes com ao menos uma sala acima da area minima configurada.","Existe ao menos uma sala grande o suficiente.","Suportado se algum no/sala for grande o suficiente; pode exigir parametros de tamanho ou uma regra de no especial."
30,2029,"3A54F7C7","Booleano","SeedReproducible","Sim","sim/nao","Medido","Gera a mesma seed duas vezes e compara o hash topologico.","A seed reproduziu a mesma topologia.","O Room Graph e deterministico quando todas as escolhas usam a mesma seed."
30,2029,"3A54F7C7","Booleano","RuntimeRegeneration","Sim","sim/nao","Medido","Conta execucoes abaixo do limite de tempo configurado.","Tempo registrado: 2.767 ms.","Room Graph tende a ser rapido; a etapa mais sensivel e o posicionamento sem sobreposicao das salas."
30,2029,"3A54F7C7","Booleano","BudgetAwareSpawns","Sim","sim/nao","Suportado","Verifica se os orcamentos de inimigos, loot e armadilhas cabem nas celulas livres.","Orcamentos registrados: inimigos 10, loot 6, armadilhas 4.","Orcamentos sao controlados por camada de spawn sobre os nos/salas gerados."
30,2029,"3A54F7C7","Qualitativo","Replayability","5/5","Likert 1-5","Estimado automaticamente","Estimativa baseada na diversidade de hashes topologicos entre seeds.","Diversidade topologica: 100%.","A variacao entre seeds depende da combinacao entre grafo, embedding espacial e arestas extras."
30,2029,"3A54F7C7","Qualitativo","Debuggability","5/5","Likert 1-5","Estimado automaticamente","Estimativa baseada na natureza explicita do grafo de nos e arestas.","A estrutura de nos e arestas facilita inspecao, depuracao e reproducao por seed.","Room Graph e facil de depurar porque a topologia pode ser inspecionada como nos e arestas."
30,2029,"3A54F7C7","Qualitativo","Flow","5/5","Likert 1-5","Estimado automaticamente","Estimativa baseada em conectividade, caminho critico e ramificacao.","Indica fluidez de navegacao esperada.","O controle de fluxo e uma das maiores vantagens do Room Graph, pois caminhos e ramificacoes sao explicitos."
30,2029,"3A54F7C7","Qualitativo","Legibility","4/5","Likert 1-5","Estimado automaticamente","Estimativa baseada em conectividade, densidade e ramificacao do grafo.","Indica se o layout tende a ser compreensivel.","A legibilidade depende do embedding: o grafo e claro, mas corredores podem cruzar se o layout espacial ficar apertado."
30,2029,"3A54F7C7","Qualitativo","StructuralVariety","5/5","Likert 1-5","Estimado automaticamente","Estimativa baseada em quantidade de salas, modulos e loops.","Indica variedade estrutural dentro desta execucao.","A variedade estrutural e boa em macrofluxo; variedade local ainda depende de regras de decoracao/assets."
30,2029,"3A54F7C7","Performance","layoutGenerationMilliseconds","1.026","ms","Medido","Tempo para criar, posicionar e conectar o Room Graph logico.","Representa o custo algoritmico principal do Room Graph.","Mede custo de criar nos, posiciona-los e conectar o grafo; compare separado da instanciacao Unity."
30,2029,"3A54F7C7","Performance","geometryInstantiationMilliseconds","0","ms","Medido","Tempo gasto instanciando prefabs/objetos visuais quando habilitado.","A execucao mediu apenas o layout logico.","Custo visual depende dos prefabs/Unity, nao do Room Graph puro."
30,2029,"3A54F7C7","Performance","metricsCalculationMilliseconds","1.741","ms","Medido","Tempo para calcular e consolidar metricas apos a geracao.","Ajuda a quantificar custo da instrumentacao.","Custo da instrumentacao, nao do algoritmo."
30,2029,"3A54F7C7","Performance","totalGenerationMilliseconds","2.767","ms","Medido","Tempo total medido da execucao.","Inclui layout, instanciacao visual habilitada e calculo de metricas.","Inclui layout, instanciacao visual e metricas; use junto com o tempo logico."
30,2029,"3A54F7C7","Performance","generatedGameObjectCount","0","contagem","Medido","Quantidade de GameObjects criados durante a montagem visual.","Indica peso potencial de instanciacao no Unity.","Reflete peso da montagem visual da cena gerada pelo grafo."
30,2029,"3A54F7C7","Performance","occupiedCellCount","4209","contagem","Medido","Quantidade de celulas ocupadas no grid logico.","Proxy de escala espacial da dungeon.","Proxy de escala espacial resultante do embedding dos nos e corredores."
30,2029,"3A54F7C7","Performance","connectionCount","49","contagem","Medido","Quantidade de arestas/conexoes no grafo.","Reflete diretamente a complexidade topologica do grafo.","Metrica muito natural para Room Graph, pois corresponde diretamente ao numero de arestas."
30,2029,"3A54F7C7","Performance","managedMemoryDeltaKB","744","KB","Estimado","Variacao aproximada de memoria gerenciada durante a execucao.","Valor aproximado, sensivel a GC e ao estado do Editor.","Estimativa sujeita ao GC da Unity; use como indicio comparativo."
