runIndex,seed,topologyHash,category,parameterName,value,unit,status,collectionMethod,interpretation,algorithmApplicability
1,2000,"391DA0F2","Quantitativo","numRoomsTarget","4","contagem","Medido","Extracao de componentes abertos e densos apos iteracoes de Cellular Automata.","Tamanho estrutural da dungeon nesta execucao.","Cellular Automata nao cria salas como entidades planejadas; regioes emergem de celulas abertas."
1,2000,"391DA0F2","Quantitativo","connectivityRatio","25%","%","Medido","Busca no grafo extraido de componentes abertos; nenhuma conexao artificial e criada.","Mostra se as cavernas emergentes ficaram conectadas sem flood-fill reparador, carving ou grafo-guia.","CA puro nao garante conectividade global. Se a metrica ficar baixa, isso e uma limitacao real do algoritmo nesta configuracao."
1,2000,"391DA0F2","Quantitativo","verticalVariance","0","metros","Medido","Desvio padrao das alturas dos componentes extraidos do volume celular.","Sem variacao vertical nesta execucao; verifique se o Cellular Automata multiandar esta ativo.","Verticalidade so aparece em uma variante celular 3D/multiandar; CA 2D simples nao possui altura."
1,2000,"391DA0F2","Quantitativo","fillPercentage","64.89%","%","Medido","Celulas abertas apos a regra celular divididas pelo total do volume.","Indica densidade espacial da dungeon.","Densidade e controlada indiretamente por chance inicial e limites de nascimento/sobrevivencia."
1,2000,"391DA0F2","Quantitativo","branchFactor","0","media","Medido","Media de conexoes entre componentes extraidos por passagens estreitas detectadas.","Layout mais linear, com poucas bifurcacoes.","Ramificacao emerge de gargalos naturais, nao de um grafo explicito."
1,2000,"391DA0F2","Quantitativo","avgPathLength","0","metros","Medido","Distancias no grafo extraido do resultado celular.","Distancia media a partir da sala inicial.","Caminhos sao medidos depois da extracao; CA nao controla caminho critico diretamente."
1,2000,"391DA0F2","Quantitativo","uniqueModules","19","contagem","Medido","Contagem de categorias logicas e prefabs usados na leitura/instanciacao do resultado.","Indica variedade basica de composicao.","CA tende a variar forma organica, mas nao aumenta variedade modular sozinho."
1,2000,"391DA0F2","Quantitativo","navigableVolumeRatio","100%","%","Estimado sem NavMesh","Estimativa logica de celulas abertas antes de NavMesh.","Use como estimativa inicial, nao como validacao fisica final.","Proxy logico; ilhas desconectadas podem inflar area aberta sem criar navegabilidade util."
1,2000,"391DA0F2","Quantitativo","criticalPathLength","0","metros","Medido","Maior distancia no grafo extraido a partir do componente inicial.","Aproxima o percurso principal inicio-objetivo.","CA puro nao direciona progressao inicio-fim sem uma camada adicional."
1,2000,"391DA0F2","Quantitativo","avgAlternativePathLength","0","metros","Medido","Media de conexoes marcadas como ciclos emergentes entre componentes.","Nao houve caminho alternativo nesta execucao.","Loops podem emergir, mas nao sao garantidos."
1,2000,"391DA0F2","Booleano","SupportsRandomEnemySpawns","Sim, testado","sim/nao","Suportado","Parametro medido sobre a saida do Cellular Automata puro.","Sistema configurado e com orcamento ativo.","Spawns usam regioes abertas extraidas; balanceamento nao e propriedade nativa do CA."
1,2000,"391DA0F2","Booleano","SupportsLootDistribution","Sim, testado","sim/nao","Suportado","Parametro medido sobre a saida do Cellular Automata puro.","Sistema configurado e com orcamento ativo.","Loot pode ser colocado nas regioes abertas, mas progressao por risco depende de outra camada."
1,2000,"391DA0F2","Booleano","SupportsTraps","Sim, testado","sim/nao","Suportado","Parametro medido sobre a saida do Cellular Automata puro.","Sistema configurado e com orcamento ativo.","Armadilhas podem usar celulas abertas/gargalos, mas sem semantica global nativa."
1,2000,"391DA0F2","Booleano","SupportsBacktrackingLoops","Nao","sim/nao","Medido","Parametro medido sobre a saida do Cellular Automata puro.","Parametro atendido somente quando as conexoes emergentes formam ciclos no grafo extraido.","CA pode formar ciclos emergentes, mas sem controle direto de loops."
1,2000,"391DA0F2","Booleano","SupportsVerticalConnectors","Nao","sim/nao","Medido","Conta execucoes com celulas abertas alinhadas entre pavimentos e convertidas em conector vertical inferido.","Parametro atendido apenas se o volume celular multiandar gerar alinhamentos abertos entre camadas.","Possivel apenas em uma leitura 3D/multiandar do CA, por alinhamento de celulas abertas entre camadas."
1,2000,"391DA0F2","Booleano","SupportsMultiFloor","Nao","sim/nao","Medido","Conta execucoes com mais de um pavimento e pelo menos uma conexao vertical inferida do volume celular.","Parametro atendido quando existe conexao vertical inferida do proprio volume celular.","CA 2D puro nao e multiandar; a variante 3D continua celular, mas precisa ser relatada como extensao volumetrica."
1,2000,"391DA0F2","Booleano","SupportsBossArena","Sim","sim/nao","Medido","Parametro medido sobre a saida do Cellular Automata puro.","Existe ao menos uma sala grande o suficiente.","Areas grandes podem emergir naturalmente, mas nao como arena semanticamente planejada."
1,2000,"391DA0F2","Booleano","SeedReproducible","Sim","sim/nao","Medido","Parametro medido sobre a saida do Cellular Automata puro.","A seed reproduziu a mesma topologia.","Resultado reproduzivel se ruido inicial e iteracoes usam a mesma seed."
1,2000,"391DA0F2","Booleano","RuntimeRegeneration","Sim","sim/nao","Medido","Parametro medido sobre a saida do Cellular Automata puro.","Tempo registrado: 66.084 ms.","Custo cresce com tamanho do grid, pavimentos e iteracoes."
1,2000,"391DA0F2","Booleano","BudgetAwareSpawns","Sim","sim/nao","Suportado","Parametro medido sobre a saida do Cellular Automata puro.","Orcamentos registrados: inimigos 10, loot 6, armadilhas 4.","Orcamento e aplicado apos a geracao, sobre celulas livres extraidas."
1,2000,"391DA0F2","Qualitativo","Replayability","5/5","Likert 1-5","Estimado automaticamente","Parametro medido sobre a saida do Cellular Automata puro.","Diversidade topologica: 100%.","Alta variacao visual/organica entre seeds e esperada."
1,2000,"391DA0F2","Qualitativo","Debuggability","5/5","Likert 1-5","Estimado automaticamente","Parametro medido sobre a saida do Cellular Automata puro.","Cellular Automata e reproduzivel e simples de parametrizar, mas o efeito de pequenas mudancas nas regras precisa ser observado por bateladas.","Regras sao simples, mas efeitos globais emergentes exigem analise por metricas."
1,2000,"391DA0F2","Qualitativo","Flow","1/5","Likert 1-5","Estimado automaticamente","Parametro medido sobre a saida do Cellular Automata puro.","Indica fluidez de navegacao esperada.","Fluxo global nao e garantido; depende de conectividade emergente."
1,2000,"391DA0F2","Qualitativo","Legibility","3/5","Likert 1-5","Estimado automaticamente","Parametro medido sobre a saida do Cellular Automata puro.","A legibilidade depende do equilibrio entre areas abertas, gargalos e ilhas desconectadas.","Cavernas organicas podem ser bonitas, mas menos legiveis que salas retangulares."
1,2000,"391DA0F2","Qualitativo","StructuralVariety","2/5","Likert 1-5","Estimado automaticamente","Parametro medido sobre a saida do Cellular Automata puro.","Indica variedade estrutural dentro desta execucao.","Boa variedade morfologica; menor controle sobre semantica estrutural."
1,2000,"391DA0F2","Performance","layoutGenerationMilliseconds","16.111","ms","Medido","Tempo para inicializar ruido, executar iteracoes celulares e extrair componentes.","Representa o custo algoritmico principal.","Inclui ruido inicial, iteracoes celulares e extracao de componentes."
1,2000,"391DA0F2","Performance","geometryInstantiationMilliseconds","48.552","ms","Medido","Parametro medido sobre a saida do Cellular Automata puro.","A execucao incluiu custo visual.","Custo visual depende dos prefabs/Unity, nao do CA puro."
1,2000,"391DA0F2","Performance","metricsCalculationMilliseconds","1.403","ms","Medido","Parametro medido sobre a saida do Cellular Automata puro.","Ajuda a quantificar custo da instrumentacao.","Custo da instrumentacao, nao do algoritmo."
1,2000,"391DA0F2","Performance","totalGenerationMilliseconds","66.084","ms","Medido","Parametro medido sobre a saida do Cellular Automata puro.","Inclui layout, instanciacao visual habilitada e calculo de metricas.","Inclui layout, instanciacao visual e metricas; compare junto do tempo logico."
1,2000,"391DA0F2","Performance","generatedGameObjectCount","3786","contagem","Medido","Parametro medido sobre a saida do Cellular Automata puro.","Indica peso potencial de instanciacao no Unity.","Reflete peso da montagem visual das celulas abertas."
1,2000,"391DA0F2","Performance","occupiedCellCount","2658","contagem","Medido","Parametro medido sobre a saida do Cellular Automata puro.","Proxy de escala espacial da dungeon.","Proxy do volume aberto gerado pelo CA."
1,2000,"391DA0F2","Performance","connectionCount","0","contagem","Medido","Quantidade de conexoes inferidas por gargalos/passagens ou sobreposicoes verticais.","Proxy de complexidade topologica.","Conexoes sao inferidas apos a geracao; nao sao primitivas nativas do CA."
1,2000,"391DA0F2","Performance","managedMemoryDeltaKB","8280","KB","Estimado","Parametro medido sobre a saida do Cellular Automata puro.","Valor aproximado, sensivel a GC e ao estado do Editor.","Estimativa sujeita ao GC da Unity; use como indicio comparativo."
2,2001,"C1DC5FDF","Quantitativo","numRoomsTarget","2","contagem","Medido","Extracao de componentes abertos e densos apos iteracoes de Cellular Automata.","Tamanho estrutural da dungeon nesta execucao.","Cellular Automata nao cria salas como entidades planejadas; regioes emergem de celulas abertas."
2,2001,"C1DC5FDF","Quantitativo","connectivityRatio","50%","%","Medido","Busca no grafo extraido de componentes abertos; nenhuma conexao artificial e criada.","Mostra se as cavernas emergentes ficaram conectadas sem flood-fill reparador, carving ou grafo-guia.","CA puro nao garante conectividade global. Se a metrica ficar baixa, isso e uma limitacao real do algoritmo nesta configuracao."
2,2001,"C1DC5FDF","Quantitativo","verticalVariance","0","metros","Medido","Desvio padrao das alturas dos componentes extraidos do volume celular.","Sem variacao vertical nesta execucao; verifique se o Cellular Automata multiandar esta ativo.","Verticalidade so aparece em uma variante celular 3D/multiandar; CA 2D simples nao possui altura."
2,2001,"C1DC5FDF","Quantitativo","fillPercentage","63.92%","%","Medido","Celulas abertas apos a regra celular divididas pelo total do volume.","Indica densidade espacial da dungeon.","Densidade e controlada indiretamente por chance inicial e limites de nascimento/sobrevivencia."
2,2001,"C1DC5FDF","Quantitativo","branchFactor","0","media","Medido","Media de conexoes entre componentes extraidos por passagens estreitas detectadas.","Layout mais linear, com poucas bifurcacoes.","Ramificacao emerge de gargalos naturais, nao de um grafo explicito."
2,2001,"C1DC5FDF","Quantitativo","avgPathLength","0","metros","Medido","Distancias no grafo extraido do resultado celular.","Distancia media a partir da sala inicial.","Caminhos sao medidos depois da extracao; CA nao controla caminho critico diretamente."
2,2001,"C1DC5FDF","Quantitativo","uniqueModules","18","contagem","Medido","Contagem de categorias logicas e prefabs usados na leitura/instanciacao do resultado.","Indica variedade basica de composicao.","CA tende a variar forma organica, mas nao aumenta variedade modular sozinho."
2,2001,"C1DC5FDF","Quantitativo","navigableVolumeRatio","100%","%","Estimado sem NavMesh","Estimativa logica de celulas abertas antes de NavMesh.","Use como estimativa inicial, nao como validacao fisica final.","Proxy logico; ilhas desconectadas podem inflar area aberta sem criar navegabilidade util."
2,2001,"C1DC5FDF","Quantitativo","criticalPathLength","0","metros","Medido","Maior distancia no grafo extraido a partir do componente inicial.","Aproxima o percurso principal inicio-objetivo.","CA puro nao direciona progressao inicio-fim sem uma camada adicional."
2,2001,"C1DC5FDF","Quantitativo","avgAlternativePathLength","0","metros","Medido","Media de conexoes marcadas como ciclos emergentes entre componentes.","Nao houve caminho alternativo nesta execucao.","Loops podem emergir, mas nao sao garantidos."
2,2001,"C1DC5FDF","Booleano","SupportsRandomEnemySpawns","Sim, testado","sim/nao","Suportado","Parametro medido sobre a saida do Cellular Automata puro.","Sistema configurado e com orcamento ativo.","Spawns usam regioes abertas extraidas; balanceamento nao e propriedade nativa do CA."
2,2001,"C1DC5FDF","Booleano","SupportsLootDistribution","Sim, testado","sim/nao","Suportado","Parametro medido sobre a saida do Cellular Automata puro.","Sistema configurado e com orcamento ativo.","Loot pode ser colocado nas regioes abertas, mas progressao por risco depende de outra camada."
2,2001,"C1DC5FDF","Booleano","SupportsTraps","Sim, testado","sim/nao","Suportado","Parametro medido sobre a saida do Cellular Automata puro.","Sistema configurado e com orcamento ativo.","Armadilhas podem usar celulas abertas/gargalos, mas sem semantica global nativa."
2,2001,"C1DC5FDF","Booleano","SupportsBacktrackingLoops","Nao","sim/nao","Medido","Parametro medido sobre a saida do Cellular Automata puro.","Parametro atendido somente quando as conexoes emergentes formam ciclos no grafo extraido.","CA pode formar ciclos emergentes, mas sem controle direto de loops."
2,2001,"C1DC5FDF","Booleano","SupportsVerticalConnectors","Nao","sim/nao","Medido","Conta execucoes com celulas abertas alinhadas entre pavimentos e convertidas em conector vertical inferido.","Parametro atendido apenas se o volume celular multiandar gerar alinhamentos abertos entre camadas.","Possivel apenas em uma leitura 3D/multiandar do CA, por alinhamento de celulas abertas entre camadas."
2,2001,"C1DC5FDF","Booleano","SupportsMultiFloor","Nao","sim/nao","Medido","Conta execucoes com mais de um pavimento e pelo menos uma conexao vertical inferida do volume celular.","Parametro atendido quando existe conexao vertical inferida do proprio volume celular.","CA 2D puro nao e multiandar; a variante 3D continua celular, mas precisa ser relatada como extensao volumetrica."
2,2001,"C1DC5FDF","Booleano","SupportsBossArena","Sim","sim/nao","Medido","Parametro medido sobre a saida do Cellular Automata puro.","Existe ao menos uma sala grande o suficiente.","Areas grandes podem emergir naturalmente, mas nao como arena semanticamente planejada."
2,2001,"C1DC5FDF","Booleano","SeedReproducible","Sim","sim/nao","Medido","Parametro medido sobre a saida do Cellular Automata puro.","A seed reproduziu a mesma topologia.","Resultado reproduzivel se ruido inicial e iteracoes usam a mesma seed."
2,2001,"C1DC5FDF","Booleano","RuntimeRegeneration","Sim","sim/nao","Medido","Parametro medido sobre a saida do Cellular Automata puro.","Tempo registrado: 72.274 ms.","Custo cresce com tamanho do grid, pavimentos e iteracoes."
2,2001,"C1DC5FDF","Booleano","BudgetAwareSpawns","Sim","sim/nao","Suportado","Parametro medido sobre a saida do Cellular Automata puro.","Orcamentos registrados: inimigos 10, loot 6, armadilhas 4.","Orcamento e aplicado apos a geracao, sobre celulas livres extraidas."
2,2001,"C1DC5FDF","Qualitativo","Replayability","5/5","Likert 1-5","Estimado automaticamente","Parametro medido sobre a saida do Cellular Automata puro.","Diversidade topologica: 100%.","Alta variacao visual/organica entre seeds e esperada."
2,2001,"C1DC5FDF","Qualitativo","Debuggability","5/5","Likert 1-5","Estimado automaticamente","Parametro medido sobre a saida do Cellular Automata puro.","Cellular Automata e reproduzivel e simples de parametrizar, mas o efeito de pequenas mudancas nas regras precisa ser observado por bateladas.","Regras sao simples, mas efeitos globais emergentes exigem analise por metricas."
2,2001,"C1DC5FDF","Qualitativo","Flow","1/5","Likert 1-5","Estimado automaticamente","Parametro medido sobre a saida do Cellular Automata puro.","Indica fluidez de navegacao esperada.","Fluxo global nao e garantido; depende de conectividade emergente."
2,2001,"C1DC5FDF","Qualitativo","Legibility","3/5","Likert 1-5","Estimado automaticamente","Parametro medido sobre a saida do Cellular Automata puro.","A legibilidade depende do equilibrio entre areas abertas, gargalos e ilhas desconectadas.","Cavernas organicas podem ser bonitas, mas menos legiveis que salas retangulares."
2,2001,"C1DC5FDF","Qualitativo","StructuralVariety","2/5","Likert 1-5","Estimado automaticamente","Parametro medido sobre a saida do Cellular Automata puro.","Indica variedade estrutural dentro desta execucao.","Boa variedade morfologica; menor controle sobre semantica estrutural."
2,2001,"C1DC5FDF","Performance","layoutGenerationMilliseconds","12.788","ms","Medido","Tempo para inicializar ruido, executar iteracoes celulares e extrair componentes.","Representa o custo algoritmico principal.","Inclui ruido inicial, iteracoes celulares e extracao de componentes."
2,2001,"C1DC5FDF","Performance","geometryInstantiationMilliseconds","58.098","ms","Medido","Parametro medido sobre a saida do Cellular Automata puro.","A execucao incluiu custo visual.","Custo visual depende dos prefabs/Unity, nao do CA puro."
2,2001,"C1DC5FDF","Performance","metricsCalculationMilliseconds","1.385","ms","Medido","Parametro medido sobre a saida do Cellular Automata puro.","Ajuda a quantificar custo da instrumentacao.","Custo da instrumentacao, nao do algoritmo."
2,2001,"C1DC5FDF","Performance","totalGenerationMilliseconds","72.274","ms","Medido","Parametro medido sobre a saida do Cellular Automata puro.","Inclui layout, instanciacao visual habilitada e calculo de metricas.","Inclui layout, instanciacao visual e metricas; compare junto do tempo logico."
2,2001,"C1DC5FDF","Performance","generatedGameObjectCount","3830","contagem","Medido","Parametro medido sobre a saida do Cellular Automata puro.","Indica peso potencial de instanciacao no Unity.","Reflete peso da montagem visual das celulas abertas."
2,2001,"C1DC5FDF","Performance","occupiedCellCount","2618","contagem","Medido","Parametro medido sobre a saida do Cellular Automata puro.","Proxy de escala espacial da dungeon.","Proxy do volume aberto gerado pelo CA."
2,2001,"C1DC5FDF","Performance","connectionCount","0","contagem","Medido","Quantidade de conexoes inferidas por gargalos/passagens ou sobreposicoes verticais.","Proxy de complexidade topologica.","Conexoes sao inferidas apos a geracao; nao sao primitivas nativas do CA."
2,2001,"C1DC5FDF","Performance","managedMemoryDeltaKB","8160","KB","Estimado","Parametro medido sobre a saida do Cellular Automata puro.","Valor aproximado, sensivel a GC e ao estado do Editor.","Estimativa sujeita ao GC da Unity; use como indicio comparativo."
3,2002,"456495B1","Quantitativo","numRoomsTarget","2","contagem","Medido","Extracao de componentes abertos e densos apos iteracoes de Cellular Automata.","Tamanho estrutural da dungeon nesta execucao.","Cellular Automata nao cria salas como entidades planejadas; regioes emergem de celulas abertas."
3,2002,"456495B1","Quantitativo","connectivityRatio","50%","%","Medido","Busca no grafo extraido de componentes abertos; nenhuma conexao artificial e criada.","Mostra se as cavernas emergentes ficaram conectadas sem flood-fill reparador, carving ou grafo-guia.","CA puro nao garante conectividade global. Se a metrica ficar baixa, isso e uma limitacao real do algoritmo nesta configuracao."
3,2002,"456495B1","Quantitativo","verticalVariance","0","metros","Medido","Desvio padrao das alturas dos componentes extraidos do volume celular.","Sem variacao vertical nesta execucao; verifique se o Cellular Automata multiandar esta ativo.","Verticalidade so aparece em uma variante celular 3D/multiandar; CA 2D simples nao possui altura."
3,2002,"456495B1","Quantitativo","fillPercentage","63.92%","%","Medido","Celulas abertas apos a regra celular divididas pelo total do volume.","Indica densidade espacial da dungeon.","Densidade e controlada indiretamente por chance inicial e limites de nascimento/sobrevivencia."
3,2002,"456495B1","Quantitativo","branchFactor","0","media","Medido","Media de conexoes entre componentes extraidos por passagens estreitas detectadas.","Layout mais linear, com poucas bifurcacoes.","Ramificacao emerge de gargalos naturais, nao de um grafo explicito."
3,2002,"456495B1","Quantitativo","avgPathLength","0","metros","Medido","Distancias no grafo extraido do resultado celular.","Distancia media a partir da sala inicial.","Caminhos sao medidos depois da extracao; CA nao controla caminho critico diretamente."
3,2002,"456495B1","Quantitativo","uniqueModules","17","contagem","Medido","Contagem de categorias logicas e prefabs usados na leitura/instanciacao do resultado.","Indica variedade basica de composicao.","CA tende a variar forma organica, mas nao aumenta variedade modular sozinho."
3,2002,"456495B1","Quantitativo","navigableVolumeRatio","100%","%","Estimado sem NavMesh","Estimativa logica de celulas abertas antes de NavMesh.","Use como estimativa inicial, nao como validacao fisica final.","Proxy logico; ilhas desconectadas podem inflar area aberta sem criar navegabilidade util."
3,2002,"456495B1","Quantitativo","criticalPathLength","0","metros","Medido","Maior distancia no grafo extraido a partir do componente inicial.","Aproxima o percurso principal inicio-objetivo.","CA puro nao direciona progressao inicio-fim sem uma camada adicional."
3,2002,"456495B1","Quantitativo","avgAlternativePathLength","0","metros","Medido","Media de conexoes marcadas como ciclos emergentes entre componentes.","Nao houve caminho alternativo nesta execucao.","Loops podem emergir, mas nao sao garantidos."
3,2002,"456495B1","Booleano","SupportsRandomEnemySpawns","Sim, testado","sim/nao","Suportado","Parametro medido sobre a saida do Cellular Automata puro.","Sistema configurado e com orcamento ativo.","Spawns usam regioes abertas extraidas; balanceamento nao e propriedade nativa do CA."
3,2002,"456495B1","Booleano","SupportsLootDistribution","Sim, testado","sim/nao","Suportado","Parametro medido sobre a saida do Cellular Automata puro.","Sistema configurado e com orcamento ativo.","Loot pode ser colocado nas regioes abertas, mas progressao por risco depende de outra camada."
3,2002,"456495B1","Booleano","SupportsTraps","Sim, testado","sim/nao","Suportado","Parametro medido sobre a saida do Cellular Automata puro.","Sistema configurado e com orcamento ativo.","Armadilhas podem usar celulas abertas/gargalos, mas sem semantica global nativa."
3,2002,"456495B1","Booleano","SupportsBacktrackingLoops","Nao","sim/nao","Medido","Parametro medido sobre a saida do Cellular Automata puro.","Parametro atendido somente quando as conexoes emergentes formam ciclos no grafo extraido.","CA pode formar ciclos emergentes, mas sem controle direto de loops."
3,2002,"456495B1","Booleano","SupportsVerticalConnectors","Nao","sim/nao","Medido","Conta execucoes com celulas abertas alinhadas entre pavimentos e convertidas em conector vertical inferido.","Parametro atendido apenas se o volume celular multiandar gerar alinhamentos abertos entre camadas.","Possivel apenas em uma leitura 3D/multiandar do CA, por alinhamento de celulas abertas entre camadas."
3,2002,"456495B1","Booleano","SupportsMultiFloor","Nao","sim/nao","Medido","Conta execucoes com mais de um pavimento e pelo menos uma conexao vertical inferida do volume celular.","Parametro atendido quando existe conexao vertical inferida do proprio volume celular.","CA 2D puro nao e multiandar; a variante 3D continua celular, mas precisa ser relatada como extensao volumetrica."
3,2002,"456495B1","Booleano","SupportsBossArena","Sim","sim/nao","Medido","Parametro medido sobre a saida do Cellular Automata puro.","Existe ao menos uma sala grande o suficiente.","Areas grandes podem emergir naturalmente, mas nao como arena semanticamente planejada."
3,2002,"456495B1","Booleano","SeedReproducible","Sim","sim/nao","Medido","Parametro medido sobre a saida do Cellular Automata puro.","A seed reproduziu a mesma topologia.","Resultado reproduzivel se ruido inicial e iteracoes usam a mesma seed."
3,2002,"456495B1","Booleano","RuntimeRegeneration","Sim","sim/nao","Medido","Parametro medido sobre a saida do Cellular Automata puro.","Tempo registrado: 67.296 ms.","Custo cresce com tamanho do grid, pavimentos e iteracoes."
3,2002,"456495B1","Booleano","BudgetAwareSpawns","Sim","sim/nao","Suportado","Parametro medido sobre a saida do Cellular Automata puro.","Orcamentos registrados: inimigos 10, loot 6, armadilhas 4.","Orcamento e aplicado apos a geracao, sobre celulas livres extraidas."
3,2002,"456495B1","Qualitativo","Replayability","5/5","Likert 1-5","Estimado automaticamente","Parametro medido sobre a saida do Cellular Automata puro.","Diversidade topologica: 100%.","Alta variacao visual/organica entre seeds e esperada."
3,2002,"456495B1","Qualitativo","Debuggability","5/5","Likert 1-5","Estimado automaticamente","Parametro medido sobre a saida do Cellular Automata puro.","Cellular Automata e reproduzivel e simples de parametrizar, mas o efeito de pequenas mudancas nas regras precisa ser observado por bateladas.","Regras sao simples, mas efeitos globais emergentes exigem analise por metricas."
3,2002,"456495B1","Qualitativo","Flow","1/5","Likert 1-5","Estimado automaticamente","Parametro medido sobre a saida do Cellular Automata puro.","Indica fluidez de navegacao esperada.","Fluxo global nao e garantido; depende de conectividade emergente."
3,2002,"456495B1","Qualitativo","Legibility","3/5","Likert 1-5","Estimado automaticamente","Parametro medido sobre a saida do Cellular Automata puro.","A legibilidade depende do equilibrio entre areas abertas, gargalos e ilhas desconectadas.","Cavernas organicas podem ser bonitas, mas menos legiveis que salas retangulares."
3,2002,"456495B1","Qualitativo","StructuralVariety","2/5","Likert 1-5","Estimado automaticamente","Parametro medido sobre a saida do Cellular Automata puro.","Indica variedade estrutural dentro desta execucao.","Boa variedade morfologica; menor controle sobre semantica estrutural."
3,2002,"456495B1","Performance","layoutGenerationMilliseconds","12.088","ms","Medido","Tempo para inicializar ruido, executar iteracoes celulares e extrair componentes.","Representa o custo algoritmico principal.","Inclui ruido inicial, iteracoes celulares e extracao de componentes."
3,2002,"456495B1","Performance","geometryInstantiationMilliseconds","53.86","ms","Medido","Parametro medido sobre a saida do Cellular Automata puro.","A execucao incluiu custo visual.","Custo visual depende dos prefabs/Unity, nao do CA puro."
3,2002,"456495B1","Performance","metricsCalculationMilliseconds","1.345","ms","Medido","Parametro medido sobre a saida do Cellular Automata puro.","Ajuda a quantificar custo da instrumentacao.","Custo da instrumentacao, nao do algoritmo."
3,2002,"456495B1","Performance","totalGenerationMilliseconds","67.296","ms","Medido","Parametro medido sobre a saida do Cellular Automata puro.","Inclui layout, instanciacao visual habilitada e calculo de metricas.","Inclui layout, instanciacao visual e metricas; compare junto do tempo logico."
3,2002,"456495B1","Performance","generatedGameObjectCount","3762","contagem","Medido","Parametro medido sobre a saida do Cellular Automata puro.","Indica peso potencial de instanciacao no Unity.","Reflete peso da montagem visual das celulas abertas."
3,2002,"456495B1","Performance","occupiedCellCount","2618","contagem","Medido","Parametro medido sobre a saida do Cellular Automata puro.","Proxy de escala espacial da dungeon.","Proxy do volume aberto gerado pelo CA."
3,2002,"456495B1","Performance","connectionCount","0","contagem","Medido","Quantidade de conexoes inferidas por gargalos/passagens ou sobreposicoes verticais.","Proxy de complexidade topologica.","Conexoes sao inferidas apos a geracao; nao sao primitivas nativas do CA."
3,2002,"456495B1","Performance","managedMemoryDeltaKB","8160","KB","Estimado","Parametro medido sobre a saida do Cellular Automata puro.","Valor aproximado, sensivel a GC e ao estado do Editor.","Estimativa sujeita ao GC da Unity; use como indicio comparativo."
4,2003,"55DEF7DB","Quantitativo","numRoomsTarget","1","contagem","Medido","Extracao de componentes abertos e densos apos iteracoes de Cellular Automata.","Tamanho estrutural da dungeon nesta execucao.","Cellular Automata nao cria salas como entidades planejadas; regioes emergem de celulas abertas."
4,2003,"55DEF7DB","Quantitativo","connectivityRatio","100%","%","Medido","Busca no grafo extraido de componentes abertos; nenhuma conexao artificial e criada.","Mostra se as cavernas emergentes ficaram conectadas sem flood-fill reparador, carving ou grafo-guia.","CA puro nao garante conectividade global. Se a metrica ficar baixa, isso e uma limitacao real do algoritmo nesta configuracao."
4,2003,"55DEF7DB","Quantitativo","verticalVariance","0","metros","Medido","Desvio padrao das alturas dos componentes extraidos do volume celular.","Sem variacao vertical nesta execucao; verifique se o Cellular Automata multiandar esta ativo.","Verticalidade so aparece em uma variante celular 3D/multiandar; CA 2D simples nao possui altura."
4,2003,"55DEF7DB","Quantitativo","fillPercentage","62.57%","%","Medido","Celulas abertas apos a regra celular divididas pelo total do volume.","Indica densidade espacial da dungeon.","Densidade e controlada indiretamente por chance inicial e limites de nascimento/sobrevivencia."
4,2003,"55DEF7DB","Quantitativo","branchFactor","0","media","Medido","Media de conexoes entre componentes extraidos por passagens estreitas detectadas.","Layout mais linear, com poucas bifurcacoes.","Ramificacao emerge de gargalos naturais, nao de um grafo explicito."
4,2003,"55DEF7DB","Quantitativo","avgPathLength","0","metros","Medido","Distancias no grafo extraido do resultado celular.","Distancia media a partir da sala inicial.","Caminhos sao medidos depois da extracao; CA nao controla caminho critico diretamente."
4,2003,"55DEF7DB","Quantitativo","uniqueModules","16","contagem","Medido","Contagem de categorias logicas e prefabs usados na leitura/instanciacao do resultado.","Indica variedade basica de composicao.","CA tende a variar forma organica, mas nao aumenta variedade modular sozinho."
4,2003,"55DEF7DB","Quantitativo","navigableVolumeRatio","100%","%","Estimado sem NavMesh","Estimativa logica de celulas abertas antes de NavMesh.","Use como estimativa inicial, nao como validacao fisica final.","Proxy logico; ilhas desconectadas podem inflar area aberta sem criar navegabilidade util."
4,2003,"55DEF7DB","Quantitativo","criticalPathLength","0","metros","Medido","Maior distancia no grafo extraido a partir do componente inicial.","Aproxima o percurso principal inicio-objetivo.","CA puro nao direciona progressao inicio-fim sem uma camada adicional."
4,2003,"55DEF7DB","Quantitativo","avgAlternativePathLength","0","metros","Medido","Media de conexoes marcadas como ciclos emergentes entre componentes.","Nao houve caminho alternativo nesta execucao.","Loops podem emergir, mas nao sao garantidos."
4,2003,"55DEF7DB","Booleano","SupportsRandomEnemySpawns","Sim, testado","sim/nao","Suportado","Parametro medido sobre a saida do Cellular Automata puro.","Sistema configurado e com orcamento ativo.","Spawns usam regioes abertas extraidas; balanceamento nao e propriedade nativa do CA."
4,2003,"55DEF7DB","Booleano","SupportsLootDistribution","Sim, testado","sim/nao","Suportado","Parametro medido sobre a saida do Cellular Automata puro.","Sistema configurado e com orcamento ativo.","Loot pode ser colocado nas regioes abertas, mas progressao por risco depende de outra camada."
4,2003,"55DEF7DB","Booleano","SupportsTraps","Sim, testado","sim/nao","Suportado","Parametro medido sobre a saida do Cellular Automata puro.","Sistema configurado e com orcamento ativo.","Armadilhas podem usar celulas abertas/gargalos, mas sem semantica global nativa."
4,2003,"55DEF7DB","Booleano","SupportsBacktrackingLoops","Nao","sim/nao","Medido","Parametro medido sobre a saida do Cellular Automata puro.","Parametro atendido somente quando as conexoes emergentes formam ciclos no grafo extraido.","CA pode formar ciclos emergentes, mas sem controle direto de loops."
4,2003,"55DEF7DB","Booleano","SupportsVerticalConnectors","Nao","sim/nao","Medido","Conta execucoes com celulas abertas alinhadas entre pavimentos e convertidas em conector vertical inferido.","Parametro atendido apenas se o volume celular multiandar gerar alinhamentos abertos entre camadas.","Possivel apenas em uma leitura 3D/multiandar do CA, por alinhamento de celulas abertas entre camadas."
4,2003,"55DEF7DB","Booleano","SupportsMultiFloor","Nao","sim/nao","Medido","Conta execucoes com mais de um pavimento e pelo menos uma conexao vertical inferida do volume celular.","Parametro atendido quando existe conexao vertical inferida do proprio volume celular.","CA 2D puro nao e multiandar; a variante 3D continua celular, mas precisa ser relatada como extensao volumetrica."
4,2003,"55DEF7DB","Booleano","SupportsBossArena","Sim","sim/nao","Medido","Parametro medido sobre a saida do Cellular Automata puro.","Existe ao menos uma sala grande o suficiente.","Areas grandes podem emergir naturalmente, mas nao como arena semanticamente planejada."
4,2003,"55DEF7DB","Booleano","SeedReproducible","Sim","sim/nao","Medido","Parametro medido sobre a saida do Cellular Automata puro.","A seed reproduziu a mesma topologia.","Resultado reproduzivel se ruido inicial e iteracoes usam a mesma seed."
4,2003,"55DEF7DB","Booleano","RuntimeRegeneration","Sim","sim/nao","Medido","Parametro medido sobre a saida do Cellular Automata puro.","Tempo registrado: 86.446 ms.","Custo cresce com tamanho do grid, pavimentos e iteracoes."
4,2003,"55DEF7DB","Booleano","BudgetAwareSpawns","Sim","sim/nao","Suportado","Parametro medido sobre a saida do Cellular Automata puro.","Orcamentos registrados: inimigos 10, loot 6, armadilhas 4.","Orcamento e aplicado apos a geracao, sobre celulas livres extraidas."
4,2003,"55DEF7DB","Qualitativo","Replayability","5/5","Likert 1-5","Estimado automaticamente","Parametro medido sobre a saida do Cellular Automata puro.","Diversidade topologica: 100%.","Alta variacao visual/organica entre seeds e esperada."
4,2003,"55DEF7DB","Qualitativo","Debuggability","5/5","Likert 1-5","Estimado automaticamente","Parametro medido sobre a saida do Cellular Automata puro.","Cellular Automata e reproduzivel e simples de parametrizar, mas o efeito de pequenas mudancas nas regras precisa ser observado por bateladas.","Regras sao simples, mas efeitos globais emergentes exigem analise por metricas."
4,2003,"55DEF7DB","Qualitativo","Flow","3/5","Likert 1-5","Estimado automaticamente","Parametro medido sobre a saida do Cellular Automata puro.","Indica fluidez de navegacao esperada.","Fluxo global nao e garantido; depende de conectividade emergente."
4,2003,"55DEF7DB","Qualitativo","Legibility","4/5","Likert 1-5","Estimado automaticamente","Parametro medido sobre a saida do Cellular Automata puro.","A legibilidade depende do equilibrio entre areas abertas, gargalos e ilhas desconectadas.","Cavernas organicas podem ser bonitas, mas menos legiveis que salas retangulares."
4,2003,"55DEF7DB","Qualitativo","StructuralVariety","2/5","Likert 1-5","Estimado automaticamente","Parametro medido sobre a saida do Cellular Automata puro.","Indica variedade estrutural dentro desta execucao.","Boa variedade morfologica; menor controle sobre semantica estrutural."
4,2003,"55DEF7DB","Performance","layoutGenerationMilliseconds","15.218","ms","Medido","Tempo para inicializar ruido, executar iteracoes celulares e extrair componentes.","Representa o custo algoritmico principal.","Inclui ruido inicial, iteracoes celulares e extracao de componentes."
4,2003,"55DEF7DB","Performance","geometryInstantiationMilliseconds","66.535","ms","Medido","Parametro medido sobre a saida do Cellular Automata puro.","A execucao incluiu custo visual.","Custo visual depende dos prefabs/Unity, nao do CA puro."
4,2003,"55DEF7DB","Performance","metricsCalculationMilliseconds","4.689","ms","Medido","Parametro medido sobre a saida do Cellular Automata puro.","Ajuda a quantificar custo da instrumentacao.","Custo da instrumentacao, nao do algoritmo."
4,2003,"55DEF7DB","Performance","totalGenerationMilliseconds","86.446","ms","Medido","Parametro medido sobre a saida do Cellular Automata puro.","Inclui layout, instanciacao visual habilitada e calculo de metricas.","Inclui layout, instanciacao visual e metricas; compare junto do tempo logico."
4,2003,"55DEF7DB","Performance","generatedGameObjectCount","3794","contagem","Medido","Parametro medido sobre a saida do Cellular Automata puro.","Indica peso potencial de instanciacao no Unity.","Reflete peso da montagem visual das celulas abertas."
4,2003,"55DEF7DB","Performance","occupiedCellCount","2563","contagem","Medido","Parametro medido sobre a saida do Cellular Automata puro.","Proxy de escala espacial da dungeon.","Proxy do volume aberto gerado pelo CA."
4,2003,"55DEF7DB","Performance","connectionCount","0","contagem","Medido","Quantidade de conexoes inferidas por gargalos/passagens ou sobreposicoes verticais.","Proxy de complexidade topologica.","Conexoes sao inferidas apos a geracao; nao sao primitivas nativas do CA."
4,2003,"55DEF7DB","Performance","managedMemoryDeltaKB","7996","KB","Estimado","Parametro medido sobre a saida do Cellular Automata puro.","Valor aproximado, sensivel a GC e ao estado do Editor.","Estimativa sujeita ao GC da Unity; use como indicio comparativo."
5,2004,"B0F99AED","Quantitativo","numRoomsTarget","3","contagem","Medido","Extracao de componentes abertos e densos apos iteracoes de Cellular Automata.","Tamanho estrutural da dungeon nesta execucao.","Cellular Automata nao cria salas como entidades planejadas; regioes emergem de celulas abertas."
5,2004,"B0F99AED","Quantitativo","connectivityRatio","33.33%","%","Medido","Busca no grafo extraido de componentes abertos; nenhuma conexao artificial e criada.","Mostra se as cavernas emergentes ficaram conectadas sem flood-fill reparador, carving ou grafo-guia.","CA puro nao garante conectividade global. Se a metrica ficar baixa, isso e uma limitacao real do algoritmo nesta configuracao."
5,2004,"B0F99AED","Quantitativo","verticalVariance","0","metros","Medido","Desvio padrao das alturas dos componentes extraidos do volume celular.","Sem variacao vertical nesta execucao; verifique se o Cellular Automata multiandar esta ativo.","Verticalidade so aparece em uma variante celular 3D/multiandar; CA 2D simples nao possui altura."
5,2004,"B0F99AED","Quantitativo","fillPercentage","65.65%","%","Medido","Celulas abertas apos a regra celular divididas pelo total do volume.","Indica densidade espacial da dungeon.","Densidade e controlada indiretamente por chance inicial e limites de nascimento/sobrevivencia."
5,2004,"B0F99AED","Quantitativo","branchFactor","0","media","Medido","Media de conexoes entre componentes extraidos por passagens estreitas detectadas.","Layout mais linear, com poucas bifurcacoes.","Ramificacao emerge de gargalos naturais, nao de um grafo explicito."
5,2004,"B0F99AED","Quantitativo","avgPathLength","0","metros","Medido","Distancias no grafo extraido do resultado celular.","Distancia media a partir da sala inicial.","Caminhos sao medidos depois da extracao; CA nao controla caminho critico diretamente."
5,2004,"B0F99AED","Quantitativo","uniqueModules","19","contagem","Medido","Contagem de categorias logicas e prefabs usados na leitura/instanciacao do resultado.","Indica variedade basica de composicao.","CA tende a variar forma organica, mas nao aumenta variedade modular sozinho."
5,2004,"B0F99AED","Quantitativo","navigableVolumeRatio","100%","%","Estimado sem NavMesh","Estimativa logica de celulas abertas antes de NavMesh.","Use como estimativa inicial, nao como validacao fisica final.","Proxy logico; ilhas desconectadas podem inflar area aberta sem criar navegabilidade util."
5,2004,"B0F99AED","Quantitativo","criticalPathLength","0","metros","Medido","Maior distancia no grafo extraido a partir do componente inicial.","Aproxima o percurso principal inicio-objetivo.","CA puro nao direciona progressao inicio-fim sem uma camada adicional."
5,2004,"B0F99AED","Quantitativo","avgAlternativePathLength","0","metros","Medido","Media de conexoes marcadas como ciclos emergentes entre componentes.","Nao houve caminho alternativo nesta execucao.","Loops podem emergir, mas nao sao garantidos."
5,2004,"B0F99AED","Booleano","SupportsRandomEnemySpawns","Sim, testado","sim/nao","Suportado","Parametro medido sobre a saida do Cellular Automata puro.","Sistema configurado e com orcamento ativo.","Spawns usam regioes abertas extraidas; balanceamento nao e propriedade nativa do CA."
5,2004,"B0F99AED","Booleano","SupportsLootDistribution","Sim, testado","sim/nao","Suportado","Parametro medido sobre a saida do Cellular Automata puro.","Sistema configurado e com orcamento ativo.","Loot pode ser colocado nas regioes abertas, mas progressao por risco depende de outra camada."
5,2004,"B0F99AED","Booleano","SupportsTraps","Sim, testado","sim/nao","Suportado","Parametro medido sobre a saida do Cellular Automata puro.","Sistema configurado e com orcamento ativo.","Armadilhas podem usar celulas abertas/gargalos, mas sem semantica global nativa."
5,2004,"B0F99AED","Booleano","SupportsBacktrackingLoops","Nao","sim/nao","Medido","Parametro medido sobre a saida do Cellular Automata puro.","Parametro atendido somente quando as conexoes emergentes formam ciclos no grafo extraido.","CA pode formar ciclos emergentes, mas sem controle direto de loops."
5,2004,"B0F99AED","Booleano","SupportsVerticalConnectors","Nao","sim/nao","Medido","Conta execucoes com celulas abertas alinhadas entre pavimentos e convertidas em conector vertical inferido.","Parametro atendido apenas se o volume celular multiandar gerar alinhamentos abertos entre camadas.","Possivel apenas em uma leitura 3D/multiandar do CA, por alinhamento de celulas abertas entre camadas."
5,2004,"B0F99AED","Booleano","SupportsMultiFloor","Nao","sim/nao","Medido","Conta execucoes com mais de um pavimento e pelo menos uma conexao vertical inferida do volume celular.","Parametro atendido quando existe conexao vertical inferida do proprio volume celular.","CA 2D puro nao e multiandar; a variante 3D continua celular, mas precisa ser relatada como extensao volumetrica."
5,2004,"B0F99AED","Booleano","SupportsBossArena","Sim","sim/nao","Medido","Parametro medido sobre a saida do Cellular Automata puro.","Existe ao menos uma sala grande o suficiente.","Areas grandes podem emergir naturalmente, mas nao como arena semanticamente planejada."
5,2004,"B0F99AED","Booleano","SeedReproducible","Sim","sim/nao","Medido","Parametro medido sobre a saida do Cellular Automata puro.","A seed reproduziu a mesma topologia.","Resultado reproduzivel se ruido inicial e iteracoes usam a mesma seed."
5,2004,"B0F99AED","Booleano","RuntimeRegeneration","Sim","sim/nao","Medido","Parametro medido sobre a saida do Cellular Automata puro.","Tempo registrado: 102.168 ms.","Custo cresce com tamanho do grid, pavimentos e iteracoes."
5,2004,"B0F99AED","Booleano","BudgetAwareSpawns","Sim","sim/nao","Suportado","Parametro medido sobre a saida do Cellular Automata puro.","Orcamentos registrados: inimigos 10, loot 6, armadilhas 4.","Orcamento e aplicado apos a geracao, sobre celulas livres extraidas."
5,2004,"B0F99AED","Qualitativo","Replayability","5/5","Likert 1-5","Estimado automaticamente","Parametro medido sobre a saida do Cellular Automata puro.","Diversidade topologica: 100%.","Alta variacao visual/organica entre seeds e esperada."
5,2004,"B0F99AED","Qualitativo","Debuggability","5/5","Likert 1-5","Estimado automaticamente","Parametro medido sobre a saida do Cellular Automata puro.","Cellular Automata e reproduzivel e simples de parametrizar, mas o efeito de pequenas mudancas nas regras precisa ser observado por bateladas.","Regras sao simples, mas efeitos globais emergentes exigem analise por metricas."
5,2004,"B0F99AED","Qualitativo","Flow","1/5","Likert 1-5","Estimado automaticamente","Parametro medido sobre a saida do Cellular Automata puro.","Indica fluidez de navegacao esperada.","Fluxo global nao e garantido; depende de conectividade emergente."
5,2004,"B0F99AED","Qualitativo","Legibility","3/5","Likert 1-5","Estimado automaticamente","Parametro medido sobre a saida do Cellular Automata puro.","A legibilidade depende do equilibrio entre areas abertas, gargalos e ilhas desconectadas.","Cavernas organicas podem ser bonitas, mas menos legiveis que salas retangulares."
5,2004,"B0F99AED","Qualitativo","StructuralVariety","2/5","Likert 1-5","Estimado automaticamente","Parametro medido sobre a saida do Cellular Automata puro.","Indica variedade estrutural dentro desta execucao.","Boa variedade morfologica; menor controle sobre semantica estrutural."
5,2004,"B0F99AED","Performance","layoutGenerationMilliseconds","49.575","ms","Medido","Tempo para inicializar ruido, executar iteracoes celulares e extrair componentes.","Representa o custo algoritmico principal.","Inclui ruido inicial, iteracoes celulares e extracao de componentes."
5,2004,"B0F99AED","Performance","geometryInstantiationMilliseconds","51.15","ms","Medido","Parametro medido sobre a saida do Cellular Automata puro.","A execucao incluiu custo visual.","Custo visual depende dos prefabs/Unity, nao do CA puro."
5,2004,"B0F99AED","Performance","metricsCalculationMilliseconds","1.437","ms","Medido","Parametro medido sobre a saida do Cellular Automata puro.","Ajuda a quantificar custo da instrumentacao.","Custo da instrumentacao, nao do algoritmo."
5,2004,"B0F99AED","Performance","totalGenerationMilliseconds","102.168","ms","Medido","Parametro medido sobre a saida do Cellular Automata puro.","Inclui layout, instanciacao visual habilitada e calculo de metricas.","Inclui layout, instanciacao visual e metricas; compare junto do tempo logico."
5,2004,"B0F99AED","Performance","generatedGameObjectCount","3802","contagem","Medido","Parametro medido sobre a saida do Cellular Automata puro.","Indica peso potencial de instanciacao no Unity.","Reflete peso da montagem visual das celulas abertas."
5,2004,"B0F99AED","Performance","occupiedCellCount","2689","contagem","Medido","Parametro medido sobre a saida do Cellular Automata puro.","Proxy de escala espacial da dungeon.","Proxy do volume aberto gerado pelo CA."
5,2004,"B0F99AED","Performance","connectionCount","0","contagem","Medido","Quantidade de conexoes inferidas por gargalos/passagens ou sobreposicoes verticais.","Proxy de complexidade topologica.","Conexoes sao inferidas apos a geracao; nao sao primitivas nativas do CA."
5,2004,"B0F99AED","Performance","managedMemoryDeltaKB","-105628","KB","Estimado","Parametro medido sobre a saida do Cellular Automata puro.","Valor aproximado, sensivel a GC e ao estado do Editor.","Estimativa sujeita ao GC da Unity; use como indicio comparativo."
6,2005,"748282CC","Quantitativo","numRoomsTarget","1","contagem","Medido","Extracao de componentes abertos e densos apos iteracoes de Cellular Automata.","Tamanho estrutural da dungeon nesta execucao.","Cellular Automata nao cria salas como entidades planejadas; regioes emergem de celulas abertas."
6,2005,"748282CC","Quantitativo","connectivityRatio","100%","%","Medido","Busca no grafo extraido de componentes abertos; nenhuma conexao artificial e criada.","Mostra se as cavernas emergentes ficaram conectadas sem flood-fill reparador, carving ou grafo-guia.","CA puro nao garante conectividade global. Se a metrica ficar baixa, isso e uma limitacao real do algoritmo nesta configuracao."
6,2005,"748282CC","Quantitativo","verticalVariance","0","metros","Medido","Desvio padrao das alturas dos componentes extraidos do volume celular.","Sem variacao vertical nesta execucao; verifique se o Cellular Automata multiandar esta ativo.","Verticalidade so aparece em uma variante celular 3D/multiandar; CA 2D simples nao possui altura."
6,2005,"748282CC","Quantitativo","fillPercentage","66.06%","%","Medido","Celulas abertas apos a regra celular divididas pelo total do volume.","Indica densidade espacial da dungeon.","Densidade e controlada indiretamente por chance inicial e limites de nascimento/sobrevivencia."
6,2005,"748282CC","Quantitativo","branchFactor","0","media","Medido","Media de conexoes entre componentes extraidos por passagens estreitas detectadas.","Layout mais linear, com poucas bifurcacoes.","Ramificacao emerge de gargalos naturais, nao de um grafo explicito."
6,2005,"748282CC","Quantitativo","avgPathLength","0","metros","Medido","Distancias no grafo extraido do resultado celular.","Distancia media a partir da sala inicial.","Caminhos sao medidos depois da extracao; CA nao controla caminho critico diretamente."
6,2005,"748282CC","Quantitativo","uniqueModules","13","contagem","Medido","Contagem de categorias logicas e prefabs usados na leitura/instanciacao do resultado.","Indica variedade basica de composicao.","CA tende a variar forma organica, mas nao aumenta variedade modular sozinho."
6,2005,"748282CC","Quantitativo","navigableVolumeRatio","100%","%","Estimado sem NavMesh","Estimativa logica de celulas abertas antes de NavMesh.","Use como estimativa inicial, nao como validacao fisica final.","Proxy logico; ilhas desconectadas podem inflar area aberta sem criar navegabilidade util."
6,2005,"748282CC","Quantitativo","criticalPathLength","0","metros","Medido","Maior distancia no grafo extraido a partir do componente inicial.","Aproxima o percurso principal inicio-objetivo.","CA puro nao direciona progressao inicio-fim sem uma camada adicional."
6,2005,"748282CC","Quantitativo","avgAlternativePathLength","0","metros","Medido","Media de conexoes marcadas como ciclos emergentes entre componentes.","Nao houve caminho alternativo nesta execucao.","Loops podem emergir, mas nao sao garantidos."
6,2005,"748282CC","Booleano","SupportsRandomEnemySpawns","Sim, testado","sim/nao","Suportado","Parametro medido sobre a saida do Cellular Automata puro.","Sistema configurado e com orcamento ativo.","Spawns usam regioes abertas extraidas; balanceamento nao e propriedade nativa do CA."
6,2005,"748282CC","Booleano","SupportsLootDistribution","Sim, testado","sim/nao","Suportado","Parametro medido sobre a saida do Cellular Automata puro.","Sistema configurado e com orcamento ativo.","Loot pode ser colocado nas regioes abertas, mas progressao por risco depende de outra camada."
6,2005,"748282CC","Booleano","SupportsTraps","Sim, testado","sim/nao","Suportado","Parametro medido sobre a saida do Cellular Automata puro.","Sistema configurado e com orcamento ativo.","Armadilhas podem usar celulas abertas/gargalos, mas sem semantica global nativa."
6,2005,"748282CC","Booleano","SupportsBacktrackingLoops","Nao","sim/nao","Medido","Parametro medido sobre a saida do Cellular Automata puro.","Parametro atendido somente quando as conexoes emergentes formam ciclos no grafo extraido.","CA pode formar ciclos emergentes, mas sem controle direto de loops."
6,2005,"748282CC","Booleano","SupportsVerticalConnectors","Nao","sim/nao","Medido","Conta execucoes com celulas abertas alinhadas entre pavimentos e convertidas em conector vertical inferido.","Parametro atendido apenas se o volume celular multiandar gerar alinhamentos abertos entre camadas.","Possivel apenas em uma leitura 3D/multiandar do CA, por alinhamento de celulas abertas entre camadas."
6,2005,"748282CC","Booleano","SupportsMultiFloor","Nao","sim/nao","Medido","Conta execucoes com mais de um pavimento e pelo menos uma conexao vertical inferida do volume celular.","Parametro atendido quando existe conexao vertical inferida do proprio volume celular.","CA 2D puro nao e multiandar; a variante 3D continua celular, mas precisa ser relatada como extensao volumetrica."
6,2005,"748282CC","Booleano","SupportsBossArena","Sim","sim/nao","Medido","Parametro medido sobre a saida do Cellular Automata puro.","Existe ao menos uma sala grande o suficiente.","Areas grandes podem emergir naturalmente, mas nao como arena semanticamente planejada."
6,2005,"748282CC","Booleano","SeedReproducible","Sim","sim/nao","Medido","Parametro medido sobre a saida do Cellular Automata puro.","A seed reproduziu a mesma topologia.","Resultado reproduzivel se ruido inicial e iteracoes usam a mesma seed."
6,2005,"748282CC","Booleano","RuntimeRegeneration","Sim","sim/nao","Medido","Parametro medido sobre a saida do Cellular Automata puro.","Tempo registrado: 65.863 ms.","Custo cresce com tamanho do grid, pavimentos e iteracoes."
6,2005,"748282CC","Booleano","BudgetAwareSpawns","Sim","sim/nao","Suportado","Parametro medido sobre a saida do Cellular Automata puro.","Orcamentos registrados: inimigos 10, loot 6, armadilhas 4.","Orcamento e aplicado apos a geracao, sobre celulas livres extraidas."
6,2005,"748282CC","Qualitativo","Replayability","5/5","Likert 1-5","Estimado automaticamente","Parametro medido sobre a saida do Cellular Automata puro.","Diversidade topologica: 100%.","Alta variacao visual/organica entre seeds e esperada."
6,2005,"748282CC","Qualitativo","Debuggability","5/5","Likert 1-5","Estimado automaticamente","Parametro medido sobre a saida do Cellular Automata puro.","Cellular Automata e reproduzivel e simples de parametrizar, mas o efeito de pequenas mudancas nas regras precisa ser observado por bateladas.","Regras sao simples, mas efeitos globais emergentes exigem analise por metricas."
6,2005,"748282CC","Qualitativo","Flow","3/5","Likert 1-5","Estimado automaticamente","Parametro medido sobre a saida do Cellular Automata puro.","Indica fluidez de navegacao esperada.","Fluxo global nao e garantido; depende de conectividade emergente."
6,2005,"748282CC","Qualitativo","Legibility","4/5","Likert 1-5","Estimado automaticamente","Parametro medido sobre a saida do Cellular Automata puro.","A legibilidade depende do equilibrio entre areas abertas, gargalos e ilhas desconectadas.","Cavernas organicas podem ser bonitas, mas menos legiveis que salas retangulares."
6,2005,"748282CC","Qualitativo","StructuralVariety","2/5","Likert 1-5","Estimado automaticamente","Parametro medido sobre a saida do Cellular Automata puro.","Indica variedade estrutural dentro desta execucao.","Boa variedade morfologica; menor controle sobre semantica estrutural."
6,2005,"748282CC","Performance","layoutGenerationMilliseconds","12.855","ms","Medido","Tempo para inicializar ruido, executar iteracoes celulares e extrair componentes.","Representa o custo algoritmico principal.","Inclui ruido inicial, iteracoes celulares e extracao de componentes."
6,2005,"748282CC","Performance","geometryInstantiationMilliseconds","51.346","ms","Medido","Parametro medido sobre a saida do Cellular Automata puro.","A execucao incluiu custo visual.","Custo visual depende dos prefabs/Unity, nao do CA puro."
6,2005,"748282CC","Performance","metricsCalculationMilliseconds","1.659","ms","Medido","Parametro medido sobre a saida do Cellular Automata puro.","Ajuda a quantificar custo da instrumentacao.","Custo da instrumentacao, nao do algoritmo."
6,2005,"748282CC","Performance","totalGenerationMilliseconds","65.863","ms","Medido","Parametro medido sobre a saida do Cellular Automata puro.","Inclui layout, instanciacao visual habilitada e calculo de metricas.","Inclui layout, instanciacao visual e metricas; compare junto do tempo logico."
6,2005,"748282CC","Performance","generatedGameObjectCount","3834","contagem","Medido","Parametro medido sobre a saida do Cellular Automata puro.","Indica peso potencial de instanciacao no Unity.","Reflete peso da montagem visual das celulas abertas."
6,2005,"748282CC","Performance","occupiedCellCount","2706","contagem","Medido","Parametro medido sobre a saida do Cellular Automata puro.","Proxy de escala espacial da dungeon.","Proxy do volume aberto gerado pelo CA."
6,2005,"748282CC","Performance","connectionCount","0","contagem","Medido","Quantidade de conexoes inferidas por gargalos/passagens ou sobreposicoes verticais.","Proxy de complexidade topologica.","Conexoes sao inferidas apos a geracao; nao sao primitivas nativas do CA."
6,2005,"748282CC","Performance","managedMemoryDeltaKB","3684","KB","Estimado","Parametro medido sobre a saida do Cellular Automata puro.","Valor aproximado, sensivel a GC e ao estado do Editor.","Estimativa sujeita ao GC da Unity; use como indicio comparativo."
7,2006,"6E2E32B8","Quantitativo","numRoomsTarget","2","contagem","Medido","Extracao de componentes abertos e densos apos iteracoes de Cellular Automata.","Tamanho estrutural da dungeon nesta execucao.","Cellular Automata nao cria salas como entidades planejadas; regioes emergem de celulas abertas."
7,2006,"6E2E32B8","Quantitativo","connectivityRatio","50%","%","Medido","Busca no grafo extraido de componentes abertos; nenhuma conexao artificial e criada.","Mostra se as cavernas emergentes ficaram conectadas sem flood-fill reparador, carving ou grafo-guia.","CA puro nao garante conectividade global. Se a metrica ficar baixa, isso e uma limitacao real do algoritmo nesta configuracao."
7,2006,"6E2E32B8","Quantitativo","verticalVariance","0","metros","Medido","Desvio padrao das alturas dos componentes extraidos do volume celular.","Sem variacao vertical nesta execucao; verifique se o Cellular Automata multiandar esta ativo.","Verticalidade so aparece em uma variante celular 3D/multiandar; CA 2D simples nao possui altura."
7,2006,"6E2E32B8","Quantitativo","fillPercentage","65.26%","%","Medido","Celulas abertas apos a regra celular divididas pelo total do volume.","Indica densidade espacial da dungeon.","Densidade e controlada indiretamente por chance inicial e limites de nascimento/sobrevivencia."
7,2006,"6E2E32B8","Quantitativo","branchFactor","0","media","Medido","Media de conexoes entre componentes extraidos por passagens estreitas detectadas.","Layout mais linear, com poucas bifurcacoes.","Ramificacao emerge de gargalos naturais, nao de um grafo explicito."
7,2006,"6E2E32B8","Quantitativo","avgPathLength","0","metros","Medido","Distancias no grafo extraido do resultado celular.","Distancia media a partir da sala inicial.","Caminhos sao medidos depois da extracao; CA nao controla caminho critico diretamente."
7,2006,"6E2E32B8","Quantitativo","uniqueModules","16","contagem","Medido","Contagem de categorias logicas e prefabs usados na leitura/instanciacao do resultado.","Indica variedade basica de composicao.","CA tende a variar forma organica, mas nao aumenta variedade modular sozinho."
7,2006,"6E2E32B8","Quantitativo","navigableVolumeRatio","100%","%","Estimado sem NavMesh","Estimativa logica de celulas abertas antes de NavMesh.","Use como estimativa inicial, nao como validacao fisica final.","Proxy logico; ilhas desconectadas podem inflar area aberta sem criar navegabilidade util."
7,2006,"6E2E32B8","Quantitativo","criticalPathLength","0","metros","Medido","Maior distancia no grafo extraido a partir do componente inicial.","Aproxima o percurso principal inicio-objetivo.","CA puro nao direciona progressao inicio-fim sem uma camada adicional."
7,2006,"6E2E32B8","Quantitativo","avgAlternativePathLength","0","metros","Medido","Media de conexoes marcadas como ciclos emergentes entre componentes.","Nao houve caminho alternativo nesta execucao.","Loops podem emergir, mas nao sao garantidos."
7,2006,"6E2E32B8","Booleano","SupportsRandomEnemySpawns","Sim, testado","sim/nao","Suportado","Parametro medido sobre a saida do Cellular Automata puro.","Sistema configurado e com orcamento ativo.","Spawns usam regioes abertas extraidas; balanceamento nao e propriedade nativa do CA."
7,2006,"6E2E32B8","Booleano","SupportsLootDistribution","Sim, testado","sim/nao","Suportado","Parametro medido sobre a saida do Cellular Automata puro.","Sistema configurado e com orcamento ativo.","Loot pode ser colocado nas regioes abertas, mas progressao por risco depende de outra camada."
7,2006,"6E2E32B8","Booleano","SupportsTraps","Sim, testado","sim/nao","Suportado","Parametro medido sobre a saida do Cellular Automata puro.","Sistema configurado e com orcamento ativo.","Armadilhas podem usar celulas abertas/gargalos, mas sem semantica global nativa."
7,2006,"6E2E32B8","Booleano","SupportsBacktrackingLoops","Nao","sim/nao","Medido","Parametro medido sobre a saida do Cellular Automata puro.","Parametro atendido somente quando as conexoes emergentes formam ciclos no grafo extraido.","CA pode formar ciclos emergentes, mas sem controle direto de loops."
7,2006,"6E2E32B8","Booleano","SupportsVerticalConnectors","Nao","sim/nao","Medido","Conta execucoes com celulas abertas alinhadas entre pavimentos e convertidas em conector vertical inferido.","Parametro atendido apenas se o volume celular multiandar gerar alinhamentos abertos entre camadas.","Possivel apenas em uma leitura 3D/multiandar do CA, por alinhamento de celulas abertas entre camadas."
7,2006,"6E2E32B8","Booleano","SupportsMultiFloor","Nao","sim/nao","Medido","Conta execucoes com mais de um pavimento e pelo menos uma conexao vertical inferida do volume celular.","Parametro atendido quando existe conexao vertical inferida do proprio volume celular.","CA 2D puro nao e multiandar; a variante 3D continua celular, mas precisa ser relatada como extensao volumetrica."
7,2006,"6E2E32B8","Booleano","SupportsBossArena","Sim","sim/nao","Medido","Parametro medido sobre a saida do Cellular Automata puro.","Existe ao menos uma sala grande o suficiente.","Areas grandes podem emergir naturalmente, mas nao como arena semanticamente planejada."
7,2006,"6E2E32B8","Booleano","SeedReproducible","Sim","sim/nao","Medido","Parametro medido sobre a saida do Cellular Automata puro.","A seed reproduziu a mesma topologia.","Resultado reproduzivel se ruido inicial e iteracoes usam a mesma seed."
7,2006,"6E2E32B8","Booleano","RuntimeRegeneration","Sim","sim/nao","Medido","Parametro medido sobre a saida do Cellular Automata puro.","Tempo registrado: 68.845 ms.","Custo cresce com tamanho do grid, pavimentos e iteracoes."
7,2006,"6E2E32B8","Booleano","BudgetAwareSpawns","Sim","sim/nao","Suportado","Parametro medido sobre a saida do Cellular Automata puro.","Orcamentos registrados: inimigos 10, loot 6, armadilhas 4.","Orcamento e aplicado apos a geracao, sobre celulas livres extraidas."
7,2006,"6E2E32B8","Qualitativo","Replayability","5/5","Likert 1-5","Estimado automaticamente","Parametro medido sobre a saida do Cellular Automata puro.","Diversidade topologica: 100%.","Alta variacao visual/organica entre seeds e esperada."
7,2006,"6E2E32B8","Qualitativo","Debuggability","5/5","Likert 1-5","Estimado automaticamente","Parametro medido sobre a saida do Cellular Automata puro.","Cellular Automata e reproduzivel e simples de parametrizar, mas o efeito de pequenas mudancas nas regras precisa ser observado por bateladas.","Regras sao simples, mas efeitos globais emergentes exigem analise por metricas."
7,2006,"6E2E32B8","Qualitativo","Flow","1/5","Likert 1-5","Estimado automaticamente","Parametro medido sobre a saida do Cellular Automata puro.","Indica fluidez de navegacao esperada.","Fluxo global nao e garantido; depende de conectividade emergente."
7,2006,"6E2E32B8","Qualitativo","Legibility","3/5","Likert 1-5","Estimado automaticamente","Parametro medido sobre a saida do Cellular Automata puro.","A legibilidade depende do equilibrio entre areas abertas, gargalos e ilhas desconectadas.","Cavernas organicas podem ser bonitas, mas menos legiveis que salas retangulares."
7,2006,"6E2E32B8","Qualitativo","StructuralVariety","2/5","Likert 1-5","Estimado automaticamente","Parametro medido sobre a saida do Cellular Automata puro.","Indica variedade estrutural dentro desta execucao.","Boa variedade morfologica; menor controle sobre semantica estrutural."
7,2006,"6E2E32B8","Performance","layoutGenerationMilliseconds","12.418","ms","Medido","Tempo para inicializar ruido, executar iteracoes celulares e extrair componentes.","Representa o custo algoritmico principal.","Inclui ruido inicial, iteracoes celulares e extracao de componentes."
7,2006,"6E2E32B8","Performance","geometryInstantiationMilliseconds","54.818","ms","Medido","Parametro medido sobre a saida do Cellular Automata puro.","A execucao incluiu custo visual.","Custo visual depende dos prefabs/Unity, nao do CA puro."
7,2006,"6E2E32B8","Performance","metricsCalculationMilliseconds","1.607","ms","Medido","Parametro medido sobre a saida do Cellular Automata puro.","Ajuda a quantificar custo da instrumentacao.","Custo da instrumentacao, nao do algoritmo."
7,2006,"6E2E32B8","Performance","totalGenerationMilliseconds","68.845","ms","Medido","Parametro medido sobre a saida do Cellular Automata puro.","Inclui layout, instanciacao visual habilitada e calculo de metricas.","Inclui layout, instanciacao visual e metricas; compare junto do tempo logico."
7,2006,"6E2E32B8","Performance","generatedGameObjectCount","3776","contagem","Medido","Parametro medido sobre a saida do Cellular Automata puro.","Indica peso potencial de instanciacao no Unity.","Reflete peso da montagem visual das celulas abertas."
7,2006,"6E2E32B8","Performance","occupiedCellCount","2673","contagem","Medido","Parametro medido sobre a saida do Cellular Automata puro.","Proxy de escala espacial da dungeon.","Proxy do volume aberto gerado pelo CA."
7,2006,"6E2E32B8","Performance","connectionCount","0","contagem","Medido","Quantidade de conexoes inferidas por gargalos/passagens ou sobreposicoes verticais.","Proxy de complexidade topologica.","Conexoes sao inferidas apos a geracao; nao sao primitivas nativas do CA."
7,2006,"6E2E32B8","Performance","managedMemoryDeltaKB","6508","KB","Estimado","Parametro medido sobre a saida do Cellular Automata puro.","Valor aproximado, sensivel a GC e ao estado do Editor.","Estimativa sujeita ao GC da Unity; use como indicio comparativo."
8,2007,"A1A85A89","Quantitativo","numRoomsTarget","2","contagem","Medido","Extracao de componentes abertos e densos apos iteracoes de Cellular Automata.","Tamanho estrutural da dungeon nesta execucao.","Cellular Automata nao cria salas como entidades planejadas; regioes emergem de celulas abertas."
8,2007,"A1A85A89","Quantitativo","connectivityRatio","50%","%","Medido","Busca no grafo extraido de componentes abertos; nenhuma conexao artificial e criada.","Mostra se as cavernas emergentes ficaram conectadas sem flood-fill reparador, carving ou grafo-guia.","CA puro nao garante conectividade global. Se a metrica ficar baixa, isso e uma limitacao real do algoritmo nesta configuracao."
8,2007,"A1A85A89","Quantitativo","verticalVariance","0","metros","Medido","Desvio padrao das alturas dos componentes extraidos do volume celular.","Sem variacao vertical nesta execucao; verifique se o Cellular Automata multiandar esta ativo.","Verticalidade so aparece em uma variante celular 3D/multiandar; CA 2D simples nao possui altura."
8,2007,"A1A85A89","Quantitativo","fillPercentage","63.84%","%","Medido","Celulas abertas apos a regra celular divididas pelo total do volume.","Indica densidade espacial da dungeon.","Densidade e controlada indiretamente por chance inicial e limites de nascimento/sobrevivencia."
8,2007,"A1A85A89","Quantitativo","branchFactor","0","media","Medido","Media de conexoes entre componentes extraidos por passagens estreitas detectadas.","Layout mais linear, com poucas bifurcacoes.","Ramificacao emerge de gargalos naturais, nao de um grafo explicito."
8,2007,"A1A85A89","Quantitativo","avgPathLength","0","metros","Medido","Distancias no grafo extraido do resultado celular.","Distancia media a partir da sala inicial.","Caminhos sao medidos depois da extracao; CA nao controla caminho critico diretamente."
8,2007,"A1A85A89","Quantitativo","uniqueModules","15","contagem","Medido","Contagem de categorias logicas e prefabs usados na leitura/instanciacao do resultado.","Indica variedade basica de composicao.","CA tende a variar forma organica, mas nao aumenta variedade modular sozinho."
8,2007,"A1A85A89","Quantitativo","navigableVolumeRatio","100%","%","Estimado sem NavMesh","Estimativa logica de celulas abertas antes de NavMesh.","Use como estimativa inicial, nao como validacao fisica final.","Proxy logico; ilhas desconectadas podem inflar area aberta sem criar navegabilidade util."
8,2007,"A1A85A89","Quantitativo","criticalPathLength","0","metros","Medido","Maior distancia no grafo extraido a partir do componente inicial.","Aproxima o percurso principal inicio-objetivo.","CA puro nao direciona progressao inicio-fim sem uma camada adicional."
8,2007,"A1A85A89","Quantitativo","avgAlternativePathLength","0","metros","Medido","Media de conexoes marcadas como ciclos emergentes entre componentes.","Nao houve caminho alternativo nesta execucao.","Loops podem emergir, mas nao sao garantidos."
8,2007,"A1A85A89","Booleano","SupportsRandomEnemySpawns","Sim, testado","sim/nao","Suportado","Parametro medido sobre a saida do Cellular Automata puro.","Sistema configurado e com orcamento ativo.","Spawns usam regioes abertas extraidas; balanceamento nao e propriedade nativa do CA."
8,2007,"A1A85A89","Booleano","SupportsLootDistribution","Sim, testado","sim/nao","Suportado","Parametro medido sobre a saida do Cellular Automata puro.","Sistema configurado e com orcamento ativo.","Loot pode ser colocado nas regioes abertas, mas progressao por risco depende de outra camada."
8,2007,"A1A85A89","Booleano","SupportsTraps","Sim, testado","sim/nao","Suportado","Parametro medido sobre a saida do Cellular Automata puro.","Sistema configurado e com orcamento ativo.","Armadilhas podem usar celulas abertas/gargalos, mas sem semantica global nativa."
8,2007,"A1A85A89","Booleano","SupportsBacktrackingLoops","Nao","sim/nao","Medido","Parametro medido sobre a saida do Cellular Automata puro.","Parametro atendido somente quando as conexoes emergentes formam ciclos no grafo extraido.","CA pode formar ciclos emergentes, mas sem controle direto de loops."
8,2007,"A1A85A89","Booleano","SupportsVerticalConnectors","Nao","sim/nao","Medido","Conta execucoes com celulas abertas alinhadas entre pavimentos e convertidas em conector vertical inferido.","Parametro atendido apenas se o volume celular multiandar gerar alinhamentos abertos entre camadas.","Possivel apenas em uma leitura 3D/multiandar do CA, por alinhamento de celulas abertas entre camadas."
8,2007,"A1A85A89","Booleano","SupportsMultiFloor","Nao","sim/nao","Medido","Conta execucoes com mais de um pavimento e pelo menos uma conexao vertical inferida do volume celular.","Parametro atendido quando existe conexao vertical inferida do proprio volume celular.","CA 2D puro nao e multiandar; a variante 3D continua celular, mas precisa ser relatada como extensao volumetrica."
8,2007,"A1A85A89","Booleano","SupportsBossArena","Sim","sim/nao","Medido","Parametro medido sobre a saida do Cellular Automata puro.","Existe ao menos uma sala grande o suficiente.","Areas grandes podem emergir naturalmente, mas nao como arena semanticamente planejada."
8,2007,"A1A85A89","Booleano","SeedReproducible","Sim","sim/nao","Medido","Parametro medido sobre a saida do Cellular Automata puro.","A seed reproduziu a mesma topologia.","Resultado reproduzivel se ruido inicial e iteracoes usam a mesma seed."
8,2007,"A1A85A89","Booleano","RuntimeRegeneration","Sim","sim/nao","Medido","Parametro medido sobre a saida do Cellular Automata puro.","Tempo registrado: 71.294 ms.","Custo cresce com tamanho do grid, pavimentos e iteracoes."
8,2007,"A1A85A89","Booleano","BudgetAwareSpawns","Sim","sim/nao","Suportado","Parametro medido sobre a saida do Cellular Automata puro.","Orcamentos registrados: inimigos 10, loot 6, armadilhas 4.","Orcamento e aplicado apos a geracao, sobre celulas livres extraidas."
8,2007,"A1A85A89","Qualitativo","Replayability","5/5","Likert 1-5","Estimado automaticamente","Parametro medido sobre a saida do Cellular Automata puro.","Diversidade topologica: 100%.","Alta variacao visual/organica entre seeds e esperada."
8,2007,"A1A85A89","Qualitativo","Debuggability","5/5","Likert 1-5","Estimado automaticamente","Parametro medido sobre a saida do Cellular Automata puro.","Cellular Automata e reproduzivel e simples de parametrizar, mas o efeito de pequenas mudancas nas regras precisa ser observado por bateladas.","Regras sao simples, mas efeitos globais emergentes exigem analise por metricas."
8,2007,"A1A85A89","Qualitativo","Flow","1/5","Likert 1-5","Estimado automaticamente","Parametro medido sobre a saida do Cellular Automata puro.","Indica fluidez de navegacao esperada.","Fluxo global nao e garantido; depende de conectividade emergente."
8,2007,"A1A85A89","Qualitativo","Legibility","3/5","Likert 1-5","Estimado automaticamente","Parametro medido sobre a saida do Cellular Automata puro.","A legibilidade depende do equilibrio entre areas abertas, gargalos e ilhas desconectadas.","Cavernas organicas podem ser bonitas, mas menos legiveis que salas retangulares."
8,2007,"A1A85A89","Qualitativo","StructuralVariety","2/5","Likert 1-5","Estimado automaticamente","Parametro medido sobre a saida do Cellular Automata puro.","Indica variedade estrutural dentro desta execucao.","Boa variedade morfologica; menor controle sobre semantica estrutural."
8,2007,"A1A85A89","Performance","layoutGenerationMilliseconds","14.017","ms","Medido","Tempo para inicializar ruido, executar iteracoes celulares e extrair componentes.","Representa o custo algoritmico principal.","Inclui ruido inicial, iteracoes celulares e extracao de componentes."
8,2007,"A1A85A89","Performance","geometryInstantiationMilliseconds","55.273","ms","Medido","Parametro medido sobre a saida do Cellular Automata puro.","A execucao incluiu custo visual.","Custo visual depende dos prefabs/Unity, nao do CA puro."
8,2007,"A1A85A89","Performance","metricsCalculationMilliseconds","2","ms","Medido","Parametro medido sobre a saida do Cellular Automata puro.","Ajuda a quantificar custo da instrumentacao.","Custo da instrumentacao, nao do algoritmo."
8,2007,"A1A85A89","Performance","totalGenerationMilliseconds","71.294","ms","Medido","Parametro medido sobre a saida do Cellular Automata puro.","Inclui layout, instanciacao visual habilitada e calculo de metricas.","Inclui layout, instanciacao visual e metricas; compare junto do tempo logico."
8,2007,"A1A85A89","Performance","generatedGameObjectCount","3886","contagem","Medido","Parametro medido sobre a saida do Cellular Automata puro.","Indica peso potencial de instanciacao no Unity.","Reflete peso da montagem visual das celulas abertas."
8,2007,"A1A85A89","Performance","occupiedCellCount","2615","contagem","Medido","Parametro medido sobre a saida do Cellular Automata puro.","Proxy de escala espacial da dungeon.","Proxy do volume aberto gerado pelo CA."
8,2007,"A1A85A89","Performance","connectionCount","0","contagem","Medido","Quantidade de conexoes inferidas por gargalos/passagens ou sobreposicoes verticais.","Proxy de complexidade topologica.","Conexoes sao inferidas apos a geracao; nao sao primitivas nativas do CA."
8,2007,"A1A85A89","Performance","managedMemoryDeltaKB","6700","KB","Estimado","Parametro medido sobre a saida do Cellular Automata puro.","Valor aproximado, sensivel a GC e ao estado do Editor.","Estimativa sujeita ao GC da Unity; use como indicio comparativo."
9,2008,"67438BF3","Quantitativo","numRoomsTarget","1","contagem","Medido","Extracao de componentes abertos e densos apos iteracoes de Cellular Automata.","Tamanho estrutural da dungeon nesta execucao.","Cellular Automata nao cria salas como entidades planejadas; regioes emergem de celulas abertas."
9,2008,"67438BF3","Quantitativo","connectivityRatio","100%","%","Medido","Busca no grafo extraido de componentes abertos; nenhuma conexao artificial e criada.","Mostra se as cavernas emergentes ficaram conectadas sem flood-fill reparador, carving ou grafo-guia.","CA puro nao garante conectividade global. Se a metrica ficar baixa, isso e uma limitacao real do algoritmo nesta configuracao."
9,2008,"67438BF3","Quantitativo","verticalVariance","0","metros","Medido","Desvio padrao das alturas dos componentes extraidos do volume celular.","Sem variacao vertical nesta execucao; verifique se o Cellular Automata multiandar esta ativo.","Verticalidade so aparece em uma variante celular 3D/multiandar; CA 2D simples nao possui altura."
9,2008,"67438BF3","Quantitativo","fillPercentage","65.31%","%","Medido","Celulas abertas apos a regra celular divididas pelo total do volume.","Indica densidade espacial da dungeon.","Densidade e controlada indiretamente por chance inicial e limites de nascimento/sobrevivencia."
9,2008,"67438BF3","Quantitativo","branchFactor","0","media","Medido","Media de conexoes entre componentes extraidos por passagens estreitas detectadas.","Layout mais linear, com poucas bifurcacoes.","Ramificacao emerge de gargalos naturais, nao de um grafo explicito."
9,2008,"67438BF3","Quantitativo","avgPathLength","0","metros","Medido","Distancias no grafo extraido do resultado celular.","Distancia media a partir da sala inicial.","Caminhos sao medidos depois da extracao; CA nao controla caminho critico diretamente."
9,2008,"67438BF3","Quantitativo","uniqueModules","14","contagem","Medido","Contagem de categorias logicas e prefabs usados na leitura/instanciacao do resultado.","Indica variedade basica de composicao.","CA tende a variar forma organica, mas nao aumenta variedade modular sozinho."
9,2008,"67438BF3","Quantitativo","navigableVolumeRatio","100%","%","Estimado sem NavMesh","Estimativa logica de celulas abertas antes de NavMesh.","Use como estimativa inicial, nao como validacao fisica final.","Proxy logico; ilhas desconectadas podem inflar area aberta sem criar navegabilidade util."
9,2008,"67438BF3","Quantitativo","criticalPathLength","0","metros","Medido","Maior distancia no grafo extraido a partir do componente inicial.","Aproxima o percurso principal inicio-objetivo.","CA puro nao direciona progressao inicio-fim sem uma camada adicional."
9,2008,"67438BF3","Quantitativo","avgAlternativePathLength","0","metros","Medido","Media de conexoes marcadas como ciclos emergentes entre componentes.","Nao houve caminho alternativo nesta execucao.","Loops podem emergir, mas nao sao garantidos."
9,2008,"67438BF3","Booleano","SupportsRandomEnemySpawns","Sim, testado","sim/nao","Suportado","Parametro medido sobre a saida do Cellular Automata puro.","Sistema configurado e com orcamento ativo.","Spawns usam regioes abertas extraidas; balanceamento nao e propriedade nativa do CA."
9,2008,"67438BF3","Booleano","SupportsLootDistribution","Sim, testado","sim/nao","Suportado","Parametro medido sobre a saida do Cellular Automata puro.","Sistema configurado e com orcamento ativo.","Loot pode ser colocado nas regioes abertas, mas progressao por risco depende de outra camada."
9,2008,"67438BF3","Booleano","SupportsTraps","Sim, testado","sim/nao","Suportado","Parametro medido sobre a saida do Cellular Automata puro.","Sistema configurado e com orcamento ativo.","Armadilhas podem usar celulas abertas/gargalos, mas sem semantica global nativa."
9,2008,"67438BF3","Booleano","SupportsBacktrackingLoops","Nao","sim/nao","Medido","Parametro medido sobre a saida do Cellular Automata puro.","Parametro atendido somente quando as conexoes emergentes formam ciclos no grafo extraido.","CA pode formar ciclos emergentes, mas sem controle direto de loops."
9,2008,"67438BF3","Booleano","SupportsVerticalConnectors","Nao","sim/nao","Medido","Conta execucoes com celulas abertas alinhadas entre pavimentos e convertidas em conector vertical inferido.","Parametro atendido apenas se o volume celular multiandar gerar alinhamentos abertos entre camadas.","Possivel apenas em uma leitura 3D/multiandar do CA, por alinhamento de celulas abertas entre camadas."
9,2008,"67438BF3","Booleano","SupportsMultiFloor","Nao","sim/nao","Medido","Conta execucoes com mais de um pavimento e pelo menos uma conexao vertical inferida do volume celular.","Parametro atendido quando existe conexao vertical inferida do proprio volume celular.","CA 2D puro nao e multiandar; a variante 3D continua celular, mas precisa ser relatada como extensao volumetrica."
9,2008,"67438BF3","Booleano","SupportsBossArena","Sim","sim/nao","Medido","Parametro medido sobre a saida do Cellular Automata puro.","Existe ao menos uma sala grande o suficiente.","Areas grandes podem emergir naturalmente, mas nao como arena semanticamente planejada."
9,2008,"67438BF3","Booleano","SeedReproducible","Sim","sim/nao","Medido","Parametro medido sobre a saida do Cellular Automata puro.","A seed reproduziu a mesma topologia.","Resultado reproduzivel se ruido inicial e iteracoes usam a mesma seed."
9,2008,"67438BF3","Booleano","RuntimeRegeneration","Sim","sim/nao","Medido","Parametro medido sobre a saida do Cellular Automata puro.","Tempo registrado: 70.363 ms.","Custo cresce com tamanho do grid, pavimentos e iteracoes."
9,2008,"67438BF3","Booleano","BudgetAwareSpawns","Sim","sim/nao","Suportado","Parametro medido sobre a saida do Cellular Automata puro.","Orcamentos registrados: inimigos 10, loot 6, armadilhas 4.","Orcamento e aplicado apos a geracao, sobre celulas livres extraidas."
9,2008,"67438BF3","Qualitativo","Replayability","5/5","Likert 1-5","Estimado automaticamente","Parametro medido sobre a saida do Cellular Automata puro.","Diversidade topologica: 100%.","Alta variacao visual/organica entre seeds e esperada."
9,2008,"67438BF3","Qualitativo","Debuggability","5/5","Likert 1-5","Estimado automaticamente","Parametro medido sobre a saida do Cellular Automata puro.","Cellular Automata e reproduzivel e simples de parametrizar, mas o efeito de pequenas mudancas nas regras precisa ser observado por bateladas.","Regras sao simples, mas efeitos globais emergentes exigem analise por metricas."
9,2008,"67438BF3","Qualitativo","Flow","3/5","Likert 1-5","Estimado automaticamente","Parametro medido sobre a saida do Cellular Automata puro.","Indica fluidez de navegacao esperada.","Fluxo global nao e garantido; depende de conectividade emergente."
9,2008,"67438BF3","Qualitativo","Legibility","4/5","Likert 1-5","Estimado automaticamente","Parametro medido sobre a saida do Cellular Automata puro.","A legibilidade depende do equilibrio entre areas abertas, gargalos e ilhas desconectadas.","Cavernas organicas podem ser bonitas, mas menos legiveis que salas retangulares."
9,2008,"67438BF3","Qualitativo","StructuralVariety","2/5","Likert 1-5","Estimado automaticamente","Parametro medido sobre a saida do Cellular Automata puro.","Indica variedade estrutural dentro desta execucao.","Boa variedade morfologica; menor controle sobre semantica estrutural."
9,2008,"67438BF3","Performance","layoutGenerationMilliseconds","12.238","ms","Medido","Tempo para inicializar ruido, executar iteracoes celulares e extrair componentes.","Representa o custo algoritmico principal.","Inclui ruido inicial, iteracoes celulares e extracao de componentes."
9,2008,"67438BF3","Performance","geometryInstantiationMilliseconds","55.884","ms","Medido","Parametro medido sobre a saida do Cellular Automata puro.","A execucao incluiu custo visual.","Custo visual depende dos prefabs/Unity, nao do CA puro."
9,2008,"67438BF3","Performance","metricsCalculationMilliseconds","2.237","ms","Medido","Parametro medido sobre a saida do Cellular Automata puro.","Ajuda a quantificar custo da instrumentacao.","Custo da instrumentacao, nao do algoritmo."
9,2008,"67438BF3","Performance","totalGenerationMilliseconds","70.363","ms","Medido","Parametro medido sobre a saida do Cellular Automata puro.","Inclui layout, instanciacao visual habilitada e calculo de metricas.","Inclui layout, instanciacao visual e metricas; compare junto do tempo logico."
9,2008,"67438BF3","Performance","generatedGameObjectCount","3821","contagem","Medido","Parametro medido sobre a saida do Cellular Automata puro.","Indica peso potencial de instanciacao no Unity.","Reflete peso da montagem visual das celulas abertas."
9,2008,"67438BF3","Performance","occupiedCellCount","2675","contagem","Medido","Parametro medido sobre a saida do Cellular Automata puro.","Proxy de escala espacial da dungeon.","Proxy do volume aberto gerado pelo CA."
9,2008,"67438BF3","Performance","connectionCount","0","contagem","Medido","Quantidade de conexoes inferidas por gargalos/passagens ou sobreposicoes verticais.","Proxy de complexidade topologica.","Conexoes sao inferidas apos a geracao; nao sao primitivas nativas do CA."
9,2008,"67438BF3","Performance","managedMemoryDeltaKB","6976","KB","Estimado","Parametro medido sobre a saida do Cellular Automata puro.","Valor aproximado, sensivel a GC e ao estado do Editor.","Estimativa sujeita ao GC da Unity; use como indicio comparativo."
10,2009,"9C4051C4","Quantitativo","numRoomsTarget","4","contagem","Medido","Extracao de componentes abertos e densos apos iteracoes de Cellular Automata.","Tamanho estrutural da dungeon nesta execucao.","Cellular Automata nao cria salas como entidades planejadas; regioes emergem de celulas abertas."
10,2009,"9C4051C4","Quantitativo","connectivityRatio","25%","%","Medido","Busca no grafo extraido de componentes abertos; nenhuma conexao artificial e criada.","Mostra se as cavernas emergentes ficaram conectadas sem flood-fill reparador, carving ou grafo-guia.","CA puro nao garante conectividade global. Se a metrica ficar baixa, isso e uma limitacao real do algoritmo nesta configuracao."
10,2009,"9C4051C4","Quantitativo","verticalVariance","0","metros","Medido","Desvio padrao das alturas dos componentes extraidos do volume celular.","Sem variacao vertical nesta execucao; verifique se o Cellular Automata multiandar esta ativo.","Verticalidade so aparece em uma variante celular 3D/multiandar; CA 2D simples nao possui altura."
10,2009,"9C4051C4","Quantitativo","fillPercentage","59.69%","%","Medido","Celulas abertas apos a regra celular divididas pelo total do volume.","Indica densidade espacial da dungeon.","Densidade e controlada indiretamente por chance inicial e limites de nascimento/sobrevivencia."
10,2009,"9C4051C4","Quantitativo","branchFactor","0.5","media","Medido","Media de conexoes entre componentes extraidos por passagens estreitas detectadas.","Layout mais linear, com poucas bifurcacoes.","Ramificacao emerge de gargalos naturais, nao de um grafo explicito."
10,2009,"9C4051C4","Quantitativo","avgPathLength","0","metros","Medido","Distancias no grafo extraido do resultado celular.","Distancia media a partir da sala inicial.","Caminhos sao medidos depois da extracao; CA nao controla caminho critico diretamente."
10,2009,"9C4051C4","Quantitativo","uniqueModules","20","contagem","Medido","Contagem de categorias logicas e prefabs usados na leitura/instanciacao do resultado.","Indica variedade basica de composicao.","CA tende a variar forma organica, mas nao aumenta variedade modular sozinho."
10,2009,"9C4051C4","Quantitativo","navigableVolumeRatio","100%","%","Estimado sem NavMesh","Estimativa logica de celulas abertas antes de NavMesh.","Use como estimativa inicial, nao como validacao fisica final.","Proxy logico; ilhas desconectadas podem inflar area aberta sem criar navegabilidade util."
10,2009,"9C4051C4","Quantitativo","criticalPathLength","0","metros","Medido","Maior distancia no grafo extraido a partir do componente inicial.","Aproxima o percurso principal inicio-objetivo.","CA puro nao direciona progressao inicio-fim sem uma camada adicional."
10,2009,"9C4051C4","Quantitativo","avgAlternativePathLength","0","metros","Medido","Media de conexoes marcadas como ciclos emergentes entre componentes.","Nao houve caminho alternativo nesta execucao.","Loops podem emergir, mas nao sao garantidos."
10,2009,"9C4051C4","Booleano","SupportsRandomEnemySpawns","Sim, testado","sim/nao","Suportado","Parametro medido sobre a saida do Cellular Automata puro.","Sistema configurado e com orcamento ativo.","Spawns usam regioes abertas extraidas; balanceamento nao e propriedade nativa do CA."
10,2009,"9C4051C4","Booleano","SupportsLootDistribution","Sim, testado","sim/nao","Suportado","Parametro medido sobre a saida do Cellular Automata puro.","Sistema configurado e com orcamento ativo.","Loot pode ser colocado nas regioes abertas, mas progressao por risco depende de outra camada."
10,2009,"9C4051C4","Booleano","SupportsTraps","Sim, testado","sim/nao","Suportado","Parametro medido sobre a saida do Cellular Automata puro.","Sistema configurado e com orcamento ativo.","Armadilhas podem usar celulas abertas/gargalos, mas sem semantica global nativa."
10,2009,"9C4051C4","Booleano","SupportsBacktrackingLoops","Nao","sim/nao","Medido","Parametro medido sobre a saida do Cellular Automata puro.","Parametro atendido somente quando as conexoes emergentes formam ciclos no grafo extraido.","CA pode formar ciclos emergentes, mas sem controle direto de loops."
10,2009,"9C4051C4","Booleano","SupportsVerticalConnectors","Nao","sim/nao","Medido","Conta execucoes com celulas abertas alinhadas entre pavimentos e convertidas em conector vertical inferido.","Parametro atendido apenas se o volume celular multiandar gerar alinhamentos abertos entre camadas.","Possivel apenas em uma leitura 3D/multiandar do CA, por alinhamento de celulas abertas entre camadas."
10,2009,"9C4051C4","Booleano","SupportsMultiFloor","Nao","sim/nao","Medido","Conta execucoes com mais de um pavimento e pelo menos uma conexao vertical inferida do volume celular.","Parametro atendido quando existe conexao vertical inferida do proprio volume celular.","CA 2D puro nao e multiandar; a variante 3D continua celular, mas precisa ser relatada como extensao volumetrica."
10,2009,"9C4051C4","Booleano","SupportsBossArena","Sim","sim/nao","Medido","Parametro medido sobre a saida do Cellular Automata puro.","Existe ao menos uma sala grande o suficiente.","Areas grandes podem emergir naturalmente, mas nao como arena semanticamente planejada."
10,2009,"9C4051C4","Booleano","SeedReproducible","Sim","sim/nao","Medido","Parametro medido sobre a saida do Cellular Automata puro.","A seed reproduziu a mesma topologia.","Resultado reproduzivel se ruido inicial e iteracoes usam a mesma seed."
10,2009,"9C4051C4","Booleano","RuntimeRegeneration","Sim","sim/nao","Medido","Parametro medido sobre a saida do Cellular Automata puro.","Tempo registrado: 64.448 ms.","Custo cresce com tamanho do grid, pavimentos e iteracoes."
10,2009,"9C4051C4","Booleano","BudgetAwareSpawns","Sim","sim/nao","Suportado","Parametro medido sobre a saida do Cellular Automata puro.","Orcamentos registrados: inimigos 10, loot 6, armadilhas 4.","Orcamento e aplicado apos a geracao, sobre celulas livres extraidas."
10,2009,"9C4051C4","Qualitativo","Replayability","5/5","Likert 1-5","Estimado automaticamente","Parametro medido sobre a saida do Cellular Automata puro.","Diversidade topologica: 100%.","Alta variacao visual/organica entre seeds e esperada."
10,2009,"9C4051C4","Qualitativo","Debuggability","5/5","Likert 1-5","Estimado automaticamente","Parametro medido sobre a saida do Cellular Automata puro.","Cellular Automata e reproduzivel e simples de parametrizar, mas o efeito de pequenas mudancas nas regras precisa ser observado por bateladas.","Regras sao simples, mas efeitos globais emergentes exigem analise por metricas."
10,2009,"9C4051C4","Qualitativo","Flow","1/5","Likert 1-5","Estimado automaticamente","Parametro medido sobre a saida do Cellular Automata puro.","Indica fluidez de navegacao esperada.","Fluxo global nao e garantido; depende de conectividade emergente."
10,2009,"9C4051C4","Qualitativo","Legibility","3/5","Likert 1-5","Estimado automaticamente","Parametro medido sobre a saida do Cellular Automata puro.","A legibilidade depende do equilibrio entre areas abertas, gargalos e ilhas desconectadas.","Cavernas organicas podem ser bonitas, mas menos legiveis que salas retangulares."
10,2009,"9C4051C4","Qualitativo","StructuralVariety","2/5","Likert 1-5","Estimado automaticamente","Parametro medido sobre a saida do Cellular Automata puro.","Indica variedade estrutural dentro desta execucao.","Boa variedade morfologica; menor controle sobre semantica estrutural."
10,2009,"9C4051C4","Performance","layoutGenerationMilliseconds","13.574","ms","Medido","Tempo para inicializar ruido, executar iteracoes celulares e extrair componentes.","Representa o custo algoritmico principal.","Inclui ruido inicial, iteracoes celulares e extracao de componentes."
10,2009,"9C4051C4","Performance","geometryInstantiationMilliseconds","49.446","ms","Medido","Parametro medido sobre a saida do Cellular Automata puro.","A execucao incluiu custo visual.","Custo visual depende dos prefabs/Unity, nao do CA puro."
10,2009,"9C4051C4","Performance","metricsCalculationMilliseconds","1.424","ms","Medido","Parametro medido sobre a saida do Cellular Automata puro.","Ajuda a quantificar custo da instrumentacao.","Custo da instrumentacao, nao do algoritmo."
10,2009,"9C4051C4","Performance","totalGenerationMilliseconds","64.448","ms","Medido","Parametro medido sobre a saida do Cellular Automata puro.","Inclui layout, instanciacao visual habilitada e calculo de metricas.","Inclui layout, instanciacao visual e metricas; compare junto do tempo logico."
10,2009,"9C4051C4","Performance","generatedGameObjectCount","3695","contagem","Medido","Parametro medido sobre a saida do Cellular Automata puro.","Indica peso potencial de instanciacao no Unity.","Reflete peso da montagem visual das celulas abertas."
10,2009,"9C4051C4","Performance","occupiedCellCount","2445","contagem","Medido","Parametro medido sobre a saida do Cellular Automata puro.","Proxy de escala espacial da dungeon.","Proxy do volume aberto gerado pelo CA."
10,2009,"9C4051C4","Performance","connectionCount","1","contagem","Medido","Quantidade de conexoes inferidas por gargalos/passagens ou sobreposicoes verticais.","Proxy de complexidade topologica.","Conexoes sao inferidas apos a geracao; nao sao primitivas nativas do CA."
10,2009,"9C4051C4","Performance","managedMemoryDeltaKB","6404","KB","Estimado","Parametro medido sobre a saida do Cellular Automata puro.","Valor aproximado, sensivel a GC e ao estado do Editor.","Estimativa sujeita ao GC da Unity; use como indicio comparativo."
11,2010,"BAA29ACC","Quantitativo","numRoomsTarget","1","contagem","Medido","Extracao de componentes abertos e densos apos iteracoes de Cellular Automata.","Tamanho estrutural da dungeon nesta execucao.","Cellular Automata nao cria salas como entidades planejadas; regioes emergem de celulas abertas."
11,2010,"BAA29ACC","Quantitativo","connectivityRatio","100%","%","Medido","Busca no grafo extraido de componentes abertos; nenhuma conexao artificial e criada.","Mostra se as cavernas emergentes ficaram conectadas sem flood-fill reparador, carving ou grafo-guia.","CA puro nao garante conectividade global. Se a metrica ficar baixa, isso e uma limitacao real do algoritmo nesta configuracao."
11,2010,"BAA29ACC","Quantitativo","verticalVariance","0","metros","Medido","Desvio padrao das alturas dos componentes extraidos do volume celular.","Sem variacao vertical nesta execucao; verifique se o Cellular Automata multiandar esta ativo.","Verticalidade so aparece em uma variante celular 3D/multiandar; CA 2D simples nao possui altura."
11,2010,"BAA29ACC","Quantitativo","fillPercentage","62.5%","%","Medido","Celulas abertas apos a regra celular divididas pelo total do volume.","Indica densidade espacial da dungeon.","Densidade e controlada indiretamente por chance inicial e limites de nascimento/sobrevivencia."
11,2010,"BAA29ACC","Quantitativo","branchFactor","0","media","Medido","Media de conexoes entre componentes extraidos por passagens estreitas detectadas.","Layout mais linear, com poucas bifurcacoes.","Ramificacao emerge de gargalos naturais, nao de um grafo explicito."
11,2010,"BAA29ACC","Quantitativo","avgPathLength","0","metros","Medido","Distancias no grafo extraido do resultado celular.","Distancia media a partir da sala inicial.","Caminhos sao medidos depois da extracao; CA nao controla caminho critico diretamente."
11,2010,"BAA29ACC","Quantitativo","uniqueModules","14","contagem","Medido","Contagem de categorias logicas e prefabs usados na leitura/instanciacao do resultado.","Indica variedade basica de composicao.","CA tende a variar forma organica, mas nao aumenta variedade modular sozinho."
11,2010,"BAA29ACC","Quantitativo","navigableVolumeRatio","100%","%","Estimado sem NavMesh","Estimativa logica de celulas abertas antes de NavMesh.","Use como estimativa inicial, nao como validacao fisica final.","Proxy logico; ilhas desconectadas podem inflar area aberta sem criar navegabilidade util."
11,2010,"BAA29ACC","Quantitativo","criticalPathLength","0","metros","Medido","Maior distancia no grafo extraido a partir do componente inicial.","Aproxima o percurso principal inicio-objetivo.","CA puro nao direciona progressao inicio-fim sem uma camada adicional."
11,2010,"BAA29ACC","Quantitativo","avgAlternativePathLength","0","metros","Medido","Media de conexoes marcadas como ciclos emergentes entre componentes.","Nao houve caminho alternativo nesta execucao.","Loops podem emergir, mas nao sao garantidos."
11,2010,"BAA29ACC","Booleano","SupportsRandomEnemySpawns","Sim, testado","sim/nao","Suportado","Parametro medido sobre a saida do Cellular Automata puro.","Sistema configurado e com orcamento ativo.","Spawns usam regioes abertas extraidas; balanceamento nao e propriedade nativa do CA."
11,2010,"BAA29ACC","Booleano","SupportsLootDistribution","Sim, testado","sim/nao","Suportado","Parametro medido sobre a saida do Cellular Automata puro.","Sistema configurado e com orcamento ativo.","Loot pode ser colocado nas regioes abertas, mas progressao por risco depende de outra camada."
11,2010,"BAA29ACC","Booleano","SupportsTraps","Sim, testado","sim/nao","Suportado","Parametro medido sobre a saida do Cellular Automata puro.","Sistema configurado e com orcamento ativo.","Armadilhas podem usar celulas abertas/gargalos, mas sem semantica global nativa."
11,2010,"BAA29ACC","Booleano","SupportsBacktrackingLoops","Nao","sim/nao","Medido","Parametro medido sobre a saida do Cellular Automata puro.","Parametro atendido somente quando as conexoes emergentes formam ciclos no grafo extraido.","CA pode formar ciclos emergentes, mas sem controle direto de loops."
11,2010,"BAA29ACC","Booleano","SupportsVerticalConnectors","Nao","sim/nao","Medido","Conta execucoes com celulas abertas alinhadas entre pavimentos e convertidas em conector vertical inferido.","Parametro atendido apenas se o volume celular multiandar gerar alinhamentos abertos entre camadas.","Possivel apenas em uma leitura 3D/multiandar do CA, por alinhamento de celulas abertas entre camadas."
11,2010,"BAA29ACC","Booleano","SupportsMultiFloor","Nao","sim/nao","Medido","Conta execucoes com mais de um pavimento e pelo menos uma conexao vertical inferida do volume celular.","Parametro atendido quando existe conexao vertical inferida do proprio volume celular.","CA 2D puro nao e multiandar; a variante 3D continua celular, mas precisa ser relatada como extensao volumetrica."
11,2010,"BAA29ACC","Booleano","SupportsBossArena","Sim","sim/nao","Medido","Parametro medido sobre a saida do Cellular Automata puro.","Existe ao menos uma sala grande o suficiente.","Areas grandes podem emergir naturalmente, mas nao como arena semanticamente planejada."
11,2010,"BAA29ACC","Booleano","SeedReproducible","Sim","sim/nao","Medido","Parametro medido sobre a saida do Cellular Automata puro.","A seed reproduziu a mesma topologia.","Resultado reproduzivel se ruido inicial e iteracoes usam a mesma seed."
11,2010,"BAA29ACC","Booleano","RuntimeRegeneration","Sim","sim/nao","Medido","Parametro medido sobre a saida do Cellular Automata puro.","Tempo registrado: 73.606 ms.","Custo cresce com tamanho do grid, pavimentos e iteracoes."
11,2010,"BAA29ACC","Booleano","BudgetAwareSpawns","Sim","sim/nao","Suportado","Parametro medido sobre a saida do Cellular Automata puro.","Orcamentos registrados: inimigos 10, loot 6, armadilhas 4.","Orcamento e aplicado apos a geracao, sobre celulas livres extraidas."
11,2010,"BAA29ACC","Qualitativo","Replayability","5/5","Likert 1-5","Estimado automaticamente","Parametro medido sobre a saida do Cellular Automata puro.","Diversidade topologica: 100%.","Alta variacao visual/organica entre seeds e esperada."
11,2010,"BAA29ACC","Qualitativo","Debuggability","5/5","Likert 1-5","Estimado automaticamente","Parametro medido sobre a saida do Cellular Automata puro.","Cellular Automata e reproduzivel e simples de parametrizar, mas o efeito de pequenas mudancas nas regras precisa ser observado por bateladas.","Regras sao simples, mas efeitos globais emergentes exigem analise por metricas."
11,2010,"BAA29ACC","Qualitativo","Flow","3/5","Likert 1-5","Estimado automaticamente","Parametro medido sobre a saida do Cellular Automata puro.","Indica fluidez de navegacao esperada.","Fluxo global nao e garantido; depende de conectividade emergente."
11,2010,"BAA29ACC","Qualitativo","Legibility","4/5","Likert 1-5","Estimado automaticamente","Parametro medido sobre a saida do Cellular Automata puro.","A legibilidade depende do equilibrio entre areas abertas, gargalos e ilhas desconectadas.","Cavernas organicas podem ser bonitas, mas menos legiveis que salas retangulares."
11,2010,"BAA29ACC","Qualitativo","StructuralVariety","2/5","Likert 1-5","Estimado automaticamente","Parametro medido sobre a saida do Cellular Automata puro.","Indica variedade estrutural dentro desta execucao.","Boa variedade morfologica; menor controle sobre semantica estrutural."
11,2010,"BAA29ACC","Performance","layoutGenerationMilliseconds","14.241","ms","Medido","Tempo para inicializar ruido, executar iteracoes celulares e extrair componentes.","Representa o custo algoritmico principal.","Inclui ruido inicial, iteracoes celulares e extracao de componentes."
11,2010,"BAA29ACC","Performance","geometryInstantiationMilliseconds","57.002","ms","Medido","Parametro medido sobre a saida do Cellular Automata puro.","A execucao incluiu custo visual.","Custo visual depende dos prefabs/Unity, nao do CA puro."
11,2010,"BAA29ACC","Performance","metricsCalculationMilliseconds","2.359","ms","Medido","Parametro medido sobre a saida do Cellular Automata puro.","Ajuda a quantificar custo da instrumentacao.","Custo da instrumentacao, nao do algoritmo."
11,2010,"BAA29ACC","Performance","totalGenerationMilliseconds","73.606","ms","Medido","Parametro medido sobre a saida do Cellular Automata puro.","Inclui layout, instanciacao visual habilitada e calculo de metricas.","Inclui layout, instanciacao visual e metricas; compare junto do tempo logico."
11,2010,"BAA29ACC","Performance","generatedGameObjectCount","3788","contagem","Medido","Parametro medido sobre a saida do Cellular Automata puro.","Indica peso potencial de instanciacao no Unity.","Reflete peso da montagem visual das celulas abertas."
11,2010,"BAA29ACC","Performance","occupiedCellCount","2560","contagem","Medido","Parametro medido sobre a saida do Cellular Automata puro.","Proxy de escala espacial da dungeon.","Proxy do volume aberto gerado pelo CA."
11,2010,"BAA29ACC","Performance","connectionCount","0","contagem","Medido","Quantidade de conexoes inferidas por gargalos/passagens ou sobreposicoes verticais.","Proxy de complexidade topologica.","Conexoes sao inferidas apos a geracao; nao sao primitivas nativas do CA."
11,2010,"BAA29ACC","Performance","managedMemoryDeltaKB","6580","KB","Estimado","Parametro medido sobre a saida do Cellular Automata puro.","Valor aproximado, sensivel a GC e ao estado do Editor.","Estimativa sujeita ao GC da Unity; use como indicio comparativo."
12,2011,"618E880B","Quantitativo","numRoomsTarget","2","contagem","Medido","Extracao de componentes abertos e densos apos iteracoes de Cellular Automata.","Tamanho estrutural da dungeon nesta execucao.","Cellular Automata nao cria salas como entidades planejadas; regioes emergem de celulas abertas."
12,2011,"618E880B","Quantitativo","connectivityRatio","50%","%","Medido","Busca no grafo extraido de componentes abertos; nenhuma conexao artificial e criada.","Mostra se as cavernas emergentes ficaram conectadas sem flood-fill reparador, carving ou grafo-guia.","CA puro nao garante conectividade global. Se a metrica ficar baixa, isso e uma limitacao real do algoritmo nesta configuracao."
12,2011,"618E880B","Quantitativo","verticalVariance","0","metros","Medido","Desvio padrao das alturas dos componentes extraidos do volume celular.","Sem variacao vertical nesta execucao; verifique se o Cellular Automata multiandar esta ativo.","Verticalidade so aparece em uma variante celular 3D/multiandar; CA 2D simples nao possui altura."
12,2011,"618E880B","Quantitativo","fillPercentage","65.97%","%","Medido","Celulas abertas apos a regra celular divididas pelo total do volume.","Indica densidade espacial da dungeon.","Densidade e controlada indiretamente por chance inicial e limites de nascimento/sobrevivencia."
12,2011,"618E880B","Quantitativo","branchFactor","0","media","Medido","Media de conexoes entre componentes extraidos por passagens estreitas detectadas.","Layout mais linear, com poucas bifurcacoes.","Ramificacao emerge de gargalos naturais, nao de um grafo explicito."
12,2011,"618E880B","Quantitativo","avgPathLength","0","metros","Medido","Distancias no grafo extraido do resultado celular.","Distancia media a partir da sala inicial.","Caminhos sao medidos depois da extracao; CA nao controla caminho critico diretamente."
12,2011,"618E880B","Quantitativo","uniqueModules","16","contagem","Medido","Contagem de categorias logicas e prefabs usados na leitura/instanciacao do resultado.","Indica variedade basica de composicao.","CA tende a variar forma organica, mas nao aumenta variedade modular sozinho."
12,2011,"618E880B","Quantitativo","navigableVolumeRatio","100%","%","Estimado sem NavMesh","Estimativa logica de celulas abertas antes de NavMesh.","Use como estimativa inicial, nao como validacao fisica final.","Proxy logico; ilhas desconectadas podem inflar area aberta sem criar navegabilidade util."
12,2011,"618E880B","Quantitativo","criticalPathLength","0","metros","Medido","Maior distancia no grafo extraido a partir do componente inicial.","Aproxima o percurso principal inicio-objetivo.","CA puro nao direciona progressao inicio-fim sem uma camada adicional."
12,2011,"618E880B","Quantitativo","avgAlternativePathLength","0","metros","Medido","Media de conexoes marcadas como ciclos emergentes entre componentes.","Nao houve caminho alternativo nesta execucao.","Loops podem emergir, mas nao sao garantidos."
12,2011,"618E880B","Booleano","SupportsRandomEnemySpawns","Sim, testado","sim/nao","Suportado","Parametro medido sobre a saida do Cellular Automata puro.","Sistema configurado e com orcamento ativo.","Spawns usam regioes abertas extraidas; balanceamento nao e propriedade nativa do CA."
12,2011,"618E880B","Booleano","SupportsLootDistribution","Sim, testado","sim/nao","Suportado","Parametro medido sobre a saida do Cellular Automata puro.","Sistema configurado e com orcamento ativo.","Loot pode ser colocado nas regioes abertas, mas progressao por risco depende de outra camada."
12,2011,"618E880B","Booleano","SupportsTraps","Sim, testado","sim/nao","Suportado","Parametro medido sobre a saida do Cellular Automata puro.","Sistema configurado e com orcamento ativo.","Armadilhas podem usar celulas abertas/gargalos, mas sem semantica global nativa."
12,2011,"618E880B","Booleano","SupportsBacktrackingLoops","Nao","sim/nao","Medido","Parametro medido sobre a saida do Cellular Automata puro.","Parametro atendido somente quando as conexoes emergentes formam ciclos no grafo extraido.","CA pode formar ciclos emergentes, mas sem controle direto de loops."
12,2011,"618E880B","Booleano","SupportsVerticalConnectors","Nao","sim/nao","Medido","Conta execucoes com celulas abertas alinhadas entre pavimentos e convertidas em conector vertical inferido.","Parametro atendido apenas se o volume celular multiandar gerar alinhamentos abertos entre camadas.","Possivel apenas em uma leitura 3D/multiandar do CA, por alinhamento de celulas abertas entre camadas."
12,2011,"618E880B","Booleano","SupportsMultiFloor","Nao","sim/nao","Medido","Conta execucoes com mais de um pavimento e pelo menos uma conexao vertical inferida do volume celular.","Parametro atendido quando existe conexao vertical inferida do proprio volume celular.","CA 2D puro nao e multiandar; a variante 3D continua celular, mas precisa ser relatada como extensao volumetrica."
12,2011,"618E880B","Booleano","SupportsBossArena","Sim","sim/nao","Medido","Parametro medido sobre a saida do Cellular Automata puro.","Existe ao menos uma sala grande o suficiente.","Areas grandes podem emergir naturalmente, mas nao como arena semanticamente planejada."
12,2011,"618E880B","Booleano","SeedReproducible","Sim","sim/nao","Medido","Parametro medido sobre a saida do Cellular Automata puro.","A seed reproduziu a mesma topologia.","Resultado reproduzivel se ruido inicial e iteracoes usam a mesma seed."
12,2011,"618E880B","Booleano","RuntimeRegeneration","Sim","sim/nao","Medido","Parametro medido sobre a saida do Cellular Automata puro.","Tempo registrado: 75.709 ms.","Custo cresce com tamanho do grid, pavimentos e iteracoes."
12,2011,"618E880B","Booleano","BudgetAwareSpawns","Sim","sim/nao","Suportado","Parametro medido sobre a saida do Cellular Automata puro.","Orcamentos registrados: inimigos 10, loot 6, armadilhas 4.","Orcamento e aplicado apos a geracao, sobre celulas livres extraidas."
12,2011,"618E880B","Qualitativo","Replayability","5/5","Likert 1-5","Estimado automaticamente","Parametro medido sobre a saida do Cellular Automata puro.","Diversidade topologica: 100%.","Alta variacao visual/organica entre seeds e esperada."
12,2011,"618E880B","Qualitativo","Debuggability","5/5","Likert 1-5","Estimado automaticamente","Parametro medido sobre a saida do Cellular Automata puro.","Cellular Automata e reproduzivel e simples de parametrizar, mas o efeito de pequenas mudancas nas regras precisa ser observado por bateladas.","Regras sao simples, mas efeitos globais emergentes exigem analise por metricas."
12,2011,"618E880B","Qualitativo","Flow","1/5","Likert 1-5","Estimado automaticamente","Parametro medido sobre a saida do Cellular Automata puro.","Indica fluidez de navegacao esperada.","Fluxo global nao e garantido; depende de conectividade emergente."
12,2011,"618E880B","Qualitativo","Legibility","3/5","Likert 1-5","Estimado automaticamente","Parametro medido sobre a saida do Cellular Automata puro.","A legibilidade depende do equilibrio entre areas abertas, gargalos e ilhas desconectadas.","Cavernas organicas podem ser bonitas, mas menos legiveis que salas retangulares."
12,2011,"618E880B","Qualitativo","StructuralVariety","2/5","Likert 1-5","Estimado automaticamente","Parametro medido sobre a saida do Cellular Automata puro.","Indica variedade estrutural dentro desta execucao.","Boa variedade morfologica; menor controle sobre semantica estrutural."
12,2011,"618E880B","Performance","layoutGenerationMilliseconds","19.939","ms","Medido","Tempo para inicializar ruido, executar iteracoes celulares e extrair componentes.","Representa o custo algoritmico principal.","Inclui ruido inicial, iteracoes celulares e extracao de componentes."
12,2011,"618E880B","Performance","geometryInstantiationMilliseconds","54.158","ms","Medido","Parametro medido sobre a saida do Cellular Automata puro.","A execucao incluiu custo visual.","Custo visual depende dos prefabs/Unity, nao do CA puro."
12,2011,"618E880B","Performance","metricsCalculationMilliseconds","1.609","ms","Medido","Parametro medido sobre a saida do Cellular Automata puro.","Ajuda a quantificar custo da instrumentacao.","Custo da instrumentacao, nao do algoritmo."
12,2011,"618E880B","Performance","totalGenerationMilliseconds","75.709","ms","Medido","Parametro medido sobre a saida do Cellular Automata puro.","Inclui layout, instanciacao visual habilitada e calculo de metricas.","Inclui layout, instanciacao visual e metricas; compare junto do tempo logico."
12,2011,"618E880B","Performance","generatedGameObjectCount","3814","contagem","Medido","Parametro medido sobre a saida do Cellular Automata puro.","Indica peso potencial de instanciacao no Unity.","Reflete peso da montagem visual das celulas abertas."
12,2011,"618E880B","Performance","occupiedCellCount","2702","contagem","Medido","Parametro medido sobre a saida do Cellular Automata puro.","Proxy de escala espacial da dungeon.","Proxy do volume aberto gerado pelo CA."
12,2011,"618E880B","Performance","connectionCount","0","contagem","Medido","Quantidade de conexoes inferidas por gargalos/passagens ou sobreposicoes verticais.","Proxy de complexidade topologica.","Conexoes sao inferidas apos a geracao; nao sao primitivas nativas do CA."
12,2011,"618E880B","Performance","managedMemoryDeltaKB","7856","KB","Estimado","Parametro medido sobre a saida do Cellular Automata puro.","Valor aproximado, sensivel a GC e ao estado do Editor.","Estimativa sujeita ao GC da Unity; use como indicio comparativo."
13,2012,"AD76F455","Quantitativo","numRoomsTarget","2","contagem","Medido","Extracao de componentes abertos e densos apos iteracoes de Cellular Automata.","Tamanho estrutural da dungeon nesta execucao.","Cellular Automata nao cria salas como entidades planejadas; regioes emergem de celulas abertas."
13,2012,"AD76F455","Quantitativo","connectivityRatio","50%","%","Medido","Busca no grafo extraido de componentes abertos; nenhuma conexao artificial e criada.","Mostra se as cavernas emergentes ficaram conectadas sem flood-fill reparador, carving ou grafo-guia.","CA puro nao garante conectividade global. Se a metrica ficar baixa, isso e uma limitacao real do algoritmo nesta configuracao."
13,2012,"AD76F455","Quantitativo","verticalVariance","0","metros","Medido","Desvio padrao das alturas dos componentes extraidos do volume celular.","Sem variacao vertical nesta execucao; verifique se o Cellular Automata multiandar esta ativo.","Verticalidade so aparece em uma variante celular 3D/multiandar; CA 2D simples nao possui altura."
13,2012,"AD76F455","Quantitativo","fillPercentage","68.02%","%","Medido","Celulas abertas apos a regra celular divididas pelo total do volume.","Indica densidade espacial da dungeon.","Densidade e controlada indiretamente por chance inicial e limites de nascimento/sobrevivencia."
13,2012,"AD76F455","Quantitativo","branchFactor","0","media","Medido","Media de conexoes entre componentes extraidos por passagens estreitas detectadas.","Layout mais linear, com poucas bifurcacoes.","Ramificacao emerge de gargalos naturais, nao de um grafo explicito."
13,2012,"AD76F455","Quantitativo","avgPathLength","0","metros","Medido","Distancias no grafo extraido do resultado celular.","Distancia media a partir da sala inicial.","Caminhos sao medidos depois da extracao; CA nao controla caminho critico diretamente."
13,2012,"AD76F455","Quantitativo","uniqueModules","17","contagem","Medido","Contagem de categorias logicas e prefabs usados na leitura/instanciacao do resultado.","Indica variedade basica de composicao.","CA tende a variar forma organica, mas nao aumenta variedade modular sozinho."
13,2012,"AD76F455","Quantitativo","navigableVolumeRatio","100%","%","Estimado sem NavMesh","Estimativa logica de celulas abertas antes de NavMesh.","Use como estimativa inicial, nao como validacao fisica final.","Proxy logico; ilhas desconectadas podem inflar area aberta sem criar navegabilidade util."
13,2012,"AD76F455","Quantitativo","criticalPathLength","0","metros","Medido","Maior distancia no grafo extraido a partir do componente inicial.","Aproxima o percurso principal inicio-objetivo.","CA puro nao direciona progressao inicio-fim sem uma camada adicional."
13,2012,"AD76F455","Quantitativo","avgAlternativePathLength","0","metros","Medido","Media de conexoes marcadas como ciclos emergentes entre componentes.","Nao houve caminho alternativo nesta execucao.","Loops podem emergir, mas nao sao garantidos."
13,2012,"AD76F455","Booleano","SupportsRandomEnemySpawns","Sim, testado","sim/nao","Suportado","Parametro medido sobre a saida do Cellular Automata puro.","Sistema configurado e com orcamento ativo.","Spawns usam regioes abertas extraidas; balanceamento nao e propriedade nativa do CA."
13,2012,"AD76F455","Booleano","SupportsLootDistribution","Sim, testado","sim/nao","Suportado","Parametro medido sobre a saida do Cellular Automata puro.","Sistema configurado e com orcamento ativo.","Loot pode ser colocado nas regioes abertas, mas progressao por risco depende de outra camada."
13,2012,"AD76F455","Booleano","SupportsTraps","Sim, testado","sim/nao","Suportado","Parametro medido sobre a saida do Cellular Automata puro.","Sistema configurado e com orcamento ativo.","Armadilhas podem usar celulas abertas/gargalos, mas sem semantica global nativa."
13,2012,"AD76F455","Booleano","SupportsBacktrackingLoops","Nao","sim/nao","Medido","Parametro medido sobre a saida do Cellular Automata puro.","Parametro atendido somente quando as conexoes emergentes formam ciclos no grafo extraido.","CA pode formar ciclos emergentes, mas sem controle direto de loops."
13,2012,"AD76F455","Booleano","SupportsVerticalConnectors","Nao","sim/nao","Medido","Conta execucoes com celulas abertas alinhadas entre pavimentos e convertidas em conector vertical inferido.","Parametro atendido apenas se o volume celular multiandar gerar alinhamentos abertos entre camadas.","Possivel apenas em uma leitura 3D/multiandar do CA, por alinhamento de celulas abertas entre camadas."
13,2012,"AD76F455","Booleano","SupportsMultiFloor","Nao","sim/nao","Medido","Conta execucoes com mais de um pavimento e pelo menos uma conexao vertical inferida do volume celular.","Parametro atendido quando existe conexao vertical inferida do proprio volume celular.","CA 2D puro nao e multiandar; a variante 3D continua celular, mas precisa ser relatada como extensao volumetrica."
13,2012,"AD76F455","Booleano","SupportsBossArena","Sim","sim/nao","Medido","Parametro medido sobre a saida do Cellular Automata puro.","Existe ao menos uma sala grande o suficiente.","Areas grandes podem emergir naturalmente, mas nao como arena semanticamente planejada."
13,2012,"AD76F455","Booleano","SeedReproducible","Sim","sim/nao","Medido","Parametro medido sobre a saida do Cellular Automata puro.","A seed reproduziu a mesma topologia.","Resultado reproduzivel se ruido inicial e iteracoes usam a mesma seed."
13,2012,"AD76F455","Booleano","RuntimeRegeneration","Sim","sim/nao","Medido","Parametro medido sobre a saida do Cellular Automata puro.","Tempo registrado: 73.344 ms.","Custo cresce com tamanho do grid, pavimentos e iteracoes."
13,2012,"AD76F455","Booleano","BudgetAwareSpawns","Sim","sim/nao","Suportado","Parametro medido sobre a saida do Cellular Automata puro.","Orcamentos registrados: inimigos 10, loot 6, armadilhas 4.","Orcamento e aplicado apos a geracao, sobre celulas livres extraidas."
13,2012,"AD76F455","Qualitativo","Replayability","5/5","Likert 1-5","Estimado automaticamente","Parametro medido sobre a saida do Cellular Automata puro.","Diversidade topologica: 100%.","Alta variacao visual/organica entre seeds e esperada."
13,2012,"AD76F455","Qualitativo","Debuggability","5/5","Likert 1-5","Estimado automaticamente","Parametro medido sobre a saida do Cellular Automata puro.","Cellular Automata e reproduzivel e simples de parametrizar, mas o efeito de pequenas mudancas nas regras precisa ser observado por bateladas.","Regras sao simples, mas efeitos globais emergentes exigem analise por metricas."
13,2012,"AD76F455","Qualitativo","Flow","1/5","Likert 1-5","Estimado automaticamente","Parametro medido sobre a saida do Cellular Automata puro.","Indica fluidez de navegacao esperada.","Fluxo global nao e garantido; depende de conectividade emergente."
13,2012,"AD76F455","Qualitativo","Legibility","3/5","Likert 1-5","Estimado automaticamente","Parametro medido sobre a saida do Cellular Automata puro.","A legibilidade depende do equilibrio entre areas abertas, gargalos e ilhas desconectadas.","Cavernas organicas podem ser bonitas, mas menos legiveis que salas retangulares."
13,2012,"AD76F455","Qualitativo","StructuralVariety","2/5","Likert 1-5","Estimado automaticamente","Parametro medido sobre a saida do Cellular Automata puro.","Indica variedade estrutural dentro desta execucao.","Boa variedade morfologica; menor controle sobre semantica estrutural."
13,2012,"AD76F455","Performance","layoutGenerationMilliseconds","14.38","ms","Medido","Tempo para inicializar ruido, executar iteracoes celulares e extrair componentes.","Representa o custo algoritmico principal.","Inclui ruido inicial, iteracoes celulares e extracao de componentes."
13,2012,"AD76F455","Performance","geometryInstantiationMilliseconds","57.526","ms","Medido","Parametro medido sobre a saida do Cellular Automata puro.","A execucao incluiu custo visual.","Custo visual depende dos prefabs/Unity, nao do CA puro."
13,2012,"AD76F455","Performance","metricsCalculationMilliseconds","1.435","ms","Medido","Parametro medido sobre a saida do Cellular Automata puro.","Ajuda a quantificar custo da instrumentacao.","Custo da instrumentacao, nao do algoritmo."
13,2012,"AD76F455","Performance","totalGenerationMilliseconds","73.344","ms","Medido","Parametro medido sobre a saida do Cellular Automata puro.","Inclui layout, instanciacao visual habilitada e calculo de metricas.","Inclui layout, instanciacao visual e metricas; compare junto do tempo logico."
13,2012,"AD76F455","Performance","generatedGameObjectCount","3912","contagem","Medido","Parametro medido sobre a saida do Cellular Automata puro.","Indica peso potencial de instanciacao no Unity.","Reflete peso da montagem visual das celulas abertas."
13,2012,"AD76F455","Performance","occupiedCellCount","2786","contagem","Medido","Parametro medido sobre a saida do Cellular Automata puro.","Proxy de escala espacial da dungeon.","Proxy do volume aberto gerado pelo CA."
13,2012,"AD76F455","Performance","connectionCount","0","contagem","Medido","Quantidade de conexoes inferidas por gargalos/passagens ou sobreposicoes verticais.","Proxy de complexidade topologica.","Conexoes sao inferidas apos a geracao; nao sao primitivas nativas do CA."
13,2012,"AD76F455","Performance","managedMemoryDeltaKB","8460","KB","Estimado","Parametro medido sobre a saida do Cellular Automata puro.","Valor aproximado, sensivel a GC e ao estado do Editor.","Estimativa sujeita ao GC da Unity; use como indicio comparativo."
14,2013,"561C3505","Quantitativo","numRoomsTarget","2","contagem","Medido","Extracao de componentes abertos e densos apos iteracoes de Cellular Automata.","Tamanho estrutural da dungeon nesta execucao.","Cellular Automata nao cria salas como entidades planejadas; regioes emergem de celulas abertas."
14,2013,"561C3505","Quantitativo","connectivityRatio","50%","%","Medido","Busca no grafo extraido de componentes abertos; nenhuma conexao artificial e criada.","Mostra se as cavernas emergentes ficaram conectadas sem flood-fill reparador, carving ou grafo-guia.","CA puro nao garante conectividade global. Se a metrica ficar baixa, isso e uma limitacao real do algoritmo nesta configuracao."
14,2013,"561C3505","Quantitativo","verticalVariance","0","metros","Medido","Desvio padrao das alturas dos componentes extraidos do volume celular.","Sem variacao vertical nesta execucao; verifique se o Cellular Automata multiandar esta ativo.","Verticalidade so aparece em uma variante celular 3D/multiandar; CA 2D simples nao possui altura."
14,2013,"561C3505","Quantitativo","fillPercentage","65.36%","%","Medido","Celulas abertas apos a regra celular divididas pelo total do volume.","Indica densidade espacial da dungeon.","Densidade e controlada indiretamente por chance inicial e limites de nascimento/sobrevivencia."
14,2013,"561C3505","Quantitativo","branchFactor","0","media","Medido","Media de conexoes entre componentes extraidos por passagens estreitas detectadas.","Layout mais linear, com poucas bifurcacoes.","Ramificacao emerge de gargalos naturais, nao de um grafo explicito."
14,2013,"561C3505","Quantitativo","avgPathLength","0","metros","Medido","Distancias no grafo extraido do resultado celular.","Distancia media a partir da sala inicial.","Caminhos sao medidos depois da extracao; CA nao controla caminho critico diretamente."
14,2013,"561C3505","Quantitativo","uniqueModules","17","contagem","Medido","Contagem de categorias logicas e prefabs usados na leitura/instanciacao do resultado.","Indica variedade basica de composicao.","CA tende a variar forma organica, mas nao aumenta variedade modular sozinho."
14,2013,"561C3505","Quantitativo","navigableVolumeRatio","100%","%","Estimado sem NavMesh","Estimativa logica de celulas abertas antes de NavMesh.","Use como estimativa inicial, nao como validacao fisica final.","Proxy logico; ilhas desconectadas podem inflar area aberta sem criar navegabilidade util."
14,2013,"561C3505","Quantitativo","criticalPathLength","0","metros","Medido","Maior distancia no grafo extraido a partir do componente inicial.","Aproxima o percurso principal inicio-objetivo.","CA puro nao direciona progressao inicio-fim sem uma camada adicional."
14,2013,"561C3505","Quantitativo","avgAlternativePathLength","0","metros","Medido","Media de conexoes marcadas como ciclos emergentes entre componentes.","Nao houve caminho alternativo nesta execucao.","Loops podem emergir, mas nao sao garantidos."
14,2013,"561C3505","Booleano","SupportsRandomEnemySpawns","Sim, testado","sim/nao","Suportado","Parametro medido sobre a saida do Cellular Automata puro.","Sistema configurado e com orcamento ativo.","Spawns usam regioes abertas extraidas; balanceamento nao e propriedade nativa do CA."
14,2013,"561C3505","Booleano","SupportsLootDistribution","Sim, testado","sim/nao","Suportado","Parametro medido sobre a saida do Cellular Automata puro.","Sistema configurado e com orcamento ativo.","Loot pode ser colocado nas regioes abertas, mas progressao por risco depende de outra camada."
14,2013,"561C3505","Booleano","SupportsTraps","Sim, testado","sim/nao","Suportado","Parametro medido sobre a saida do Cellular Automata puro.","Sistema configurado e com orcamento ativo.","Armadilhas podem usar celulas abertas/gargalos, mas sem semantica global nativa."
14,2013,"561C3505","Booleano","SupportsBacktrackingLoops","Nao","sim/nao","Medido","Parametro medido sobre a saida do Cellular Automata puro.","Parametro atendido somente quando as conexoes emergentes formam ciclos no grafo extraido.","CA pode formar ciclos emergentes, mas sem controle direto de loops."
14,2013,"561C3505","Booleano","SupportsVerticalConnectors","Nao","sim/nao","Medido","Conta execucoes com celulas abertas alinhadas entre pavimentos e convertidas em conector vertical inferido.","Parametro atendido apenas se o volume celular multiandar gerar alinhamentos abertos entre camadas.","Possivel apenas em uma leitura 3D/multiandar do CA, por alinhamento de celulas abertas entre camadas."
14,2013,"561C3505","Booleano","SupportsMultiFloor","Nao","sim/nao","Medido","Conta execucoes com mais de um pavimento e pelo menos uma conexao vertical inferida do volume celular.","Parametro atendido quando existe conexao vertical inferida do proprio volume celular.","CA 2D puro nao e multiandar; a variante 3D continua celular, mas precisa ser relatada como extensao volumetrica."
14,2013,"561C3505","Booleano","SupportsBossArena","Sim","sim/nao","Medido","Parametro medido sobre a saida do Cellular Automata puro.","Existe ao menos uma sala grande o suficiente.","Areas grandes podem emergir naturalmente, mas nao como arena semanticamente planejada."
14,2013,"561C3505","Booleano","SeedReproducible","Sim","sim/nao","Medido","Parametro medido sobre a saida do Cellular Automata puro.","A seed reproduziu a mesma topologia.","Resultado reproduzivel se ruido inicial e iteracoes usam a mesma seed."
14,2013,"561C3505","Booleano","RuntimeRegeneration","Sim","sim/nao","Medido","Parametro medido sobre a saida do Cellular Automata puro.","Tempo registrado: 64.707 ms.","Custo cresce com tamanho do grid, pavimentos e iteracoes."
14,2013,"561C3505","Booleano","BudgetAwareSpawns","Sim","sim/nao","Suportado","Parametro medido sobre a saida do Cellular Automata puro.","Orcamentos registrados: inimigos 10, loot 6, armadilhas 4.","Orcamento e aplicado apos a geracao, sobre celulas livres extraidas."
14,2013,"561C3505","Qualitativo","Replayability","5/5","Likert 1-5","Estimado automaticamente","Parametro medido sobre a saida do Cellular Automata puro.","Diversidade topologica: 100%.","Alta variacao visual/organica entre seeds e esperada."
14,2013,"561C3505","Qualitativo","Debuggability","5/5","Likert 1-5","Estimado automaticamente","Parametro medido sobre a saida do Cellular Automata puro.","Cellular Automata e reproduzivel e simples de parametrizar, mas o efeito de pequenas mudancas nas regras precisa ser observado por bateladas.","Regras sao simples, mas efeitos globais emergentes exigem analise por metricas."
14,2013,"561C3505","Qualitativo","Flow","1/5","Likert 1-5","Estimado automaticamente","Parametro medido sobre a saida do Cellular Automata puro.","Indica fluidez de navegacao esperada.","Fluxo global nao e garantido; depende de conectividade emergente."
14,2013,"561C3505","Qualitativo","Legibility","3/5","Likert 1-5","Estimado automaticamente","Parametro medido sobre a saida do Cellular Automata puro.","A legibilidade depende do equilibrio entre areas abertas, gargalos e ilhas desconectadas.","Cavernas organicas podem ser bonitas, mas menos legiveis que salas retangulares."
14,2013,"561C3505","Qualitativo","StructuralVariety","2/5","Likert 1-5","Estimado automaticamente","Parametro medido sobre a saida do Cellular Automata puro.","Indica variedade estrutural dentro desta execucao.","Boa variedade morfologica; menor controle sobre semantica estrutural."
14,2013,"561C3505","Performance","layoutGenerationMilliseconds","12.016","ms","Medido","Tempo para inicializar ruido, executar iteracoes celulares e extrair componentes.","Representa o custo algoritmico principal.","Inclui ruido inicial, iteracoes celulares e extracao de componentes."
14,2013,"561C3505","Performance","geometryInstantiationMilliseconds","50.62","ms","Medido","Parametro medido sobre a saida do Cellular Automata puro.","A execucao incluiu custo visual.","Custo visual depende dos prefabs/Unity, nao do CA puro."
14,2013,"561C3505","Performance","metricsCalculationMilliseconds","2.067","ms","Medido","Parametro medido sobre a saida do Cellular Automata puro.","Ajuda a quantificar custo da instrumentacao.","Custo da instrumentacao, nao do algoritmo."
14,2013,"561C3505","Performance","totalGenerationMilliseconds","64.707","ms","Medido","Parametro medido sobre a saida do Cellular Automata puro.","Inclui layout, instanciacao visual habilitada e calculo de metricas.","Inclui layout, instanciacao visual e metricas; compare junto do tempo logico."
14,2013,"561C3505","Performance","generatedGameObjectCount","3814","contagem","Medido","Parametro medido sobre a saida do Cellular Automata puro.","Indica peso potencial de instanciacao no Unity.","Reflete peso da montagem visual das celulas abertas."
14,2013,"561C3505","Performance","occupiedCellCount","2677","contagem","Medido","Parametro medido sobre a saida do Cellular Automata puro.","Proxy de escala espacial da dungeon.","Proxy do volume aberto gerado pelo CA."
14,2013,"561C3505","Performance","connectionCount","0","contagem","Medido","Quantidade de conexoes inferidas por gargalos/passagens ou sobreposicoes verticais.","Proxy de complexidade topologica.","Conexoes sao inferidas apos a geracao; nao sao primitivas nativas do CA."
14,2013,"561C3505","Performance","managedMemoryDeltaKB","8152","KB","Estimado","Parametro medido sobre a saida do Cellular Automata puro.","Valor aproximado, sensivel a GC e ao estado do Editor.","Estimativa sujeita ao GC da Unity; use como indicio comparativo."
15,2014,"882865B4","Quantitativo","numRoomsTarget","1","contagem","Medido","Extracao de componentes abertos e densos apos iteracoes de Cellular Automata.","Tamanho estrutural da dungeon nesta execucao.","Cellular Automata nao cria salas como entidades planejadas; regioes emergem de celulas abertas."
15,2014,"882865B4","Quantitativo","connectivityRatio","100%","%","Medido","Busca no grafo extraido de componentes abertos; nenhuma conexao artificial e criada.","Mostra se as cavernas emergentes ficaram conectadas sem flood-fill reparador, carving ou grafo-guia.","CA puro nao garante conectividade global. Se a metrica ficar baixa, isso e uma limitacao real do algoritmo nesta configuracao."
15,2014,"882865B4","Quantitativo","verticalVariance","0","metros","Medido","Desvio padrao das alturas dos componentes extraidos do volume celular.","Sem variacao vertical nesta execucao; verifique se o Cellular Automata multiandar esta ativo.","Verticalidade so aparece em uma variante celular 3D/multiandar; CA 2D simples nao possui altura."
15,2014,"882865B4","Quantitativo","fillPercentage","70.8%","%","Medido","Celulas abertas apos a regra celular divididas pelo total do volume.","Indica densidade espacial da dungeon.","Densidade e controlada indiretamente por chance inicial e limites de nascimento/sobrevivencia."
15,2014,"882865B4","Quantitativo","branchFactor","0","media","Medido","Media de conexoes entre componentes extraidos por passagens estreitas detectadas.","Layout mais linear, com poucas bifurcacoes.","Ramificacao emerge de gargalos naturais, nao de um grafo explicito."
15,2014,"882865B4","Quantitativo","avgPathLength","0","metros","Medido","Distancias no grafo extraido do resultado celular.","Distancia media a partir da sala inicial.","Caminhos sao medidos depois da extracao; CA nao controla caminho critico diretamente."
15,2014,"882865B4","Quantitativo","uniqueModules","14","contagem","Medido","Contagem de categorias logicas e prefabs usados na leitura/instanciacao do resultado.","Indica variedade basica de composicao.","CA tende a variar forma organica, mas nao aumenta variedade modular sozinho."
15,2014,"882865B4","Quantitativo","navigableVolumeRatio","100%","%","Estimado sem NavMesh","Estimativa logica de celulas abertas antes de NavMesh.","Use como estimativa inicial, nao como validacao fisica final.","Proxy logico; ilhas desconectadas podem inflar area aberta sem criar navegabilidade util."
15,2014,"882865B4","Quantitativo","criticalPathLength","0","metros","Medido","Maior distancia no grafo extraido a partir do componente inicial.","Aproxima o percurso principal inicio-objetivo.","CA puro nao direciona progressao inicio-fim sem uma camada adicional."
15,2014,"882865B4","Quantitativo","avgAlternativePathLength","0","metros","Medido","Media de conexoes marcadas como ciclos emergentes entre componentes.","Nao houve caminho alternativo nesta execucao.","Loops podem emergir, mas nao sao garantidos."
15,2014,"882865B4","Booleano","SupportsRandomEnemySpawns","Sim, testado","sim/nao","Suportado","Parametro medido sobre a saida do Cellular Automata puro.","Sistema configurado e com orcamento ativo.","Spawns usam regioes abertas extraidas; balanceamento nao e propriedade nativa do CA."
15,2014,"882865B4","Booleano","SupportsLootDistribution","Sim, testado","sim/nao","Suportado","Parametro medido sobre a saida do Cellular Automata puro.","Sistema configurado e com orcamento ativo.","Loot pode ser colocado nas regioes abertas, mas progressao por risco depende de outra camada."
15,2014,"882865B4","Booleano","SupportsTraps","Sim, testado","sim/nao","Suportado","Parametro medido sobre a saida do Cellular Automata puro.","Sistema configurado e com orcamento ativo.","Armadilhas podem usar celulas abertas/gargalos, mas sem semantica global nativa."
15,2014,"882865B4","Booleano","SupportsBacktrackingLoops","Nao","sim/nao","Medido","Parametro medido sobre a saida do Cellular Automata puro.","Parametro atendido somente quando as conexoes emergentes formam ciclos no grafo extraido.","CA pode formar ciclos emergentes, mas sem controle direto de loops."
15,2014,"882865B4","Booleano","SupportsVerticalConnectors","Nao","sim/nao","Medido","Conta execucoes com celulas abertas alinhadas entre pavimentos e convertidas em conector vertical inferido.","Parametro atendido apenas se o volume celular multiandar gerar alinhamentos abertos entre camadas.","Possivel apenas em uma leitura 3D/multiandar do CA, por alinhamento de celulas abertas entre camadas."
15,2014,"882865B4","Booleano","SupportsMultiFloor","Nao","sim/nao","Medido","Conta execucoes com mais de um pavimento e pelo menos uma conexao vertical inferida do volume celular.","Parametro atendido quando existe conexao vertical inferida do proprio volume celular.","CA 2D puro nao e multiandar; a variante 3D continua celular, mas precisa ser relatada como extensao volumetrica."
15,2014,"882865B4","Booleano","SupportsBossArena","Sim","sim/nao","Medido","Parametro medido sobre a saida do Cellular Automata puro.","Existe ao menos uma sala grande o suficiente.","Areas grandes podem emergir naturalmente, mas nao como arena semanticamente planejada."
15,2014,"882865B4","Booleano","SeedReproducible","Sim","sim/nao","Medido","Parametro medido sobre a saida do Cellular Automata puro.","A seed reproduziu a mesma topologia.","Resultado reproduzivel se ruido inicial e iteracoes usam a mesma seed."
15,2014,"882865B4","Booleano","RuntimeRegeneration","Sim","sim/nao","Medido","Parametro medido sobre a saida do Cellular Automata puro.","Tempo registrado: 67.471 ms.","Custo cresce com tamanho do grid, pavimentos e iteracoes."
15,2014,"882865B4","Booleano","BudgetAwareSpawns","Sim","sim/nao","Suportado","Parametro medido sobre a saida do Cellular Automata puro.","Orcamentos registrados: inimigos 10, loot 6, armadilhas 4.","Orcamento e aplicado apos a geracao, sobre celulas livres extraidas."
15,2014,"882865B4","Qualitativo","Replayability","5/5","Likert 1-5","Estimado automaticamente","Parametro medido sobre a saida do Cellular Automata puro.","Diversidade topologica: 100%.","Alta variacao visual/organica entre seeds e esperada."
15,2014,"882865B4","Qualitativo","Debuggability","5/5","Likert 1-5","Estimado automaticamente","Parametro medido sobre a saida do Cellular Automata puro.","Cellular Automata e reproduzivel e simples de parametrizar, mas o efeito de pequenas mudancas nas regras precisa ser observado por bateladas.","Regras sao simples, mas efeitos globais emergentes exigem analise por metricas."
15,2014,"882865B4","Qualitativo","Flow","3/5","Likert 1-5","Estimado automaticamente","Parametro medido sobre a saida do Cellular Automata puro.","Indica fluidez de navegacao esperada.","Fluxo global nao e garantido; depende de conectividade emergente."
15,2014,"882865B4","Qualitativo","Legibility","4/5","Likert 1-5","Estimado automaticamente","Parametro medido sobre a saida do Cellular Automata puro.","A legibilidade depende do equilibrio entre areas abertas, gargalos e ilhas desconectadas.","Cavernas organicas podem ser bonitas, mas menos legiveis que salas retangulares."
15,2014,"882865B4","Qualitativo","StructuralVariety","2/5","Likert 1-5","Estimado automaticamente","Parametro medido sobre a saida do Cellular Automata puro.","Indica variedade estrutural dentro desta execucao.","Boa variedade morfologica; menor controle sobre semantica estrutural."
15,2014,"882865B4","Performance","layoutGenerationMilliseconds","13.926","ms","Medido","Tempo para inicializar ruido, executar iteracoes celulares e extrair componentes.","Representa o custo algoritmico principal.","Inclui ruido inicial, iteracoes celulares e extracao de componentes."
15,2014,"882865B4","Performance","geometryInstantiationMilliseconds","52.191","ms","Medido","Parametro medido sobre a saida do Cellular Automata puro.","A execucao incluiu custo visual.","Custo visual depende dos prefabs/Unity, nao do CA puro."
15,2014,"882865B4","Performance","metricsCalculationMilliseconds","1.351","ms","Medido","Parametro medido sobre a saida do Cellular Automata puro.","Ajuda a quantificar custo da instrumentacao.","Custo da instrumentacao, nao do algoritmo."
15,2014,"882865B4","Performance","totalGenerationMilliseconds","67.471","ms","Medido","Parametro medido sobre a saida do Cellular Automata puro.","Inclui layout, instanciacao visual habilitada e calculo de metricas.","Inclui layout, instanciacao visual e metricas; compare junto do tempo logico."
15,2014,"882865B4","Performance","generatedGameObjectCount","3890","contagem","Medido","Parametro medido sobre a saida do Cellular Automata puro.","Indica peso potencial de instanciacao no Unity.","Reflete peso da montagem visual das celulas abertas."
15,2014,"882865B4","Performance","occupiedCellCount","2900","contagem","Medido","Parametro medido sobre a saida do Cellular Automata puro.","Proxy de escala espacial da dungeon.","Proxy do volume aberto gerado pelo CA."
15,2014,"882865B4","Performance","connectionCount","0","contagem","Medido","Quantidade de conexoes inferidas por gargalos/passagens ou sobreposicoes verticais.","Proxy de complexidade topologica.","Conexoes sao inferidas apos a geracao; nao sao primitivas nativas do CA."
15,2014,"882865B4","Performance","managedMemoryDeltaKB","8800","KB","Estimado","Parametro medido sobre a saida do Cellular Automata puro.","Valor aproximado, sensivel a GC e ao estado do Editor.","Estimativa sujeita ao GC da Unity; use como indicio comparativo."
16,2015,"CA7BCD04","Quantitativo","numRoomsTarget","1","contagem","Medido","Extracao de componentes abertos e densos apos iteracoes de Cellular Automata.","Tamanho estrutural da dungeon nesta execucao.","Cellular Automata nao cria salas como entidades planejadas; regioes emergem de celulas abertas."
16,2015,"CA7BCD04","Quantitativo","connectivityRatio","100%","%","Medido","Busca no grafo extraido de componentes abertos; nenhuma conexao artificial e criada.","Mostra se as cavernas emergentes ficaram conectadas sem flood-fill reparador, carving ou grafo-guia.","CA puro nao garante conectividade global. Se a metrica ficar baixa, isso e uma limitacao real do algoritmo nesta configuracao."
16,2015,"CA7BCD04","Quantitativo","verticalVariance","0","metros","Medido","Desvio padrao das alturas dos componentes extraidos do volume celular.","Sem variacao vertical nesta execucao; verifique se o Cellular Automata multiandar esta ativo.","Verticalidade so aparece em uma variante celular 3D/multiandar; CA 2D simples nao possui altura."
16,2015,"CA7BCD04","Quantitativo","fillPercentage","63.62%","%","Medido","Celulas abertas apos a regra celular divididas pelo total do volume.","Indica densidade espacial da dungeon.","Densidade e controlada indiretamente por chance inicial e limites de nascimento/sobrevivencia."
16,2015,"CA7BCD04","Quantitativo","branchFactor","0","media","Medido","Media de conexoes entre componentes extraidos por passagens estreitas detectadas.","Layout mais linear, com poucas bifurcacoes.","Ramificacao emerge de gargalos naturais, nao de um grafo explicito."
16,2015,"CA7BCD04","Quantitativo","avgPathLength","0","metros","Medido","Distancias no grafo extraido do resultado celular.","Distancia media a partir da sala inicial.","Caminhos sao medidos depois da extracao; CA nao controla caminho critico diretamente."
16,2015,"CA7BCD04","Quantitativo","uniqueModules","13","contagem","Medido","Contagem de categorias logicas e prefabs usados na leitura/instanciacao do resultado.","Indica variedade basica de composicao.","CA tende a variar forma organica, mas nao aumenta variedade modular sozinho."
16,2015,"CA7BCD04","Quantitativo","navigableVolumeRatio","100%","%","Estimado sem NavMesh","Estimativa logica de celulas abertas antes de NavMesh.","Use como estimativa inicial, nao como validacao fisica final.","Proxy logico; ilhas desconectadas podem inflar area aberta sem criar navegabilidade util."
16,2015,"CA7BCD04","Quantitativo","criticalPathLength","0","metros","Medido","Maior distancia no grafo extraido a partir do componente inicial.","Aproxima o percurso principal inicio-objetivo.","CA puro nao direciona progressao inicio-fim sem uma camada adicional."
16,2015,"CA7BCD04","Quantitativo","avgAlternativePathLength","0","metros","Medido","Media de conexoes marcadas como ciclos emergentes entre componentes.","Nao houve caminho alternativo nesta execucao.","Loops podem emergir, mas nao sao garantidos."
16,2015,"CA7BCD04","Booleano","SupportsRandomEnemySpawns","Sim, testado","sim/nao","Suportado","Parametro medido sobre a saida do Cellular Automata puro.","Sistema configurado e com orcamento ativo.","Spawns usam regioes abertas extraidas; balanceamento nao e propriedade nativa do CA."
16,2015,"CA7BCD04","Booleano","SupportsLootDistribution","Sim, testado","sim/nao","Suportado","Parametro medido sobre a saida do Cellular Automata puro.","Sistema configurado e com orcamento ativo.","Loot pode ser colocado nas regioes abertas, mas progressao por risco depende de outra camada."
16,2015,"CA7BCD04","Booleano","SupportsTraps","Sim, testado","sim/nao","Suportado","Parametro medido sobre a saida do Cellular Automata puro.","Sistema configurado e com orcamento ativo.","Armadilhas podem usar celulas abertas/gargalos, mas sem semantica global nativa."
16,2015,"CA7BCD04","Booleano","SupportsBacktrackingLoops","Nao","sim/nao","Medido","Parametro medido sobre a saida do Cellular Automata puro.","Parametro atendido somente quando as conexoes emergentes formam ciclos no grafo extraido.","CA pode formar ciclos emergentes, mas sem controle direto de loops."
16,2015,"CA7BCD04","Booleano","SupportsVerticalConnectors","Nao","sim/nao","Medido","Conta execucoes com celulas abertas alinhadas entre pavimentos e convertidas em conector vertical inferido.","Parametro atendido apenas se o volume celular multiandar gerar alinhamentos abertos entre camadas.","Possivel apenas em uma leitura 3D/multiandar do CA, por alinhamento de celulas abertas entre camadas."
16,2015,"CA7BCD04","Booleano","SupportsMultiFloor","Nao","sim/nao","Medido","Conta execucoes com mais de um pavimento e pelo menos uma conexao vertical inferida do volume celular.","Parametro atendido quando existe conexao vertical inferida do proprio volume celular.","CA 2D puro nao e multiandar; a variante 3D continua celular, mas precisa ser relatada como extensao volumetrica."
16,2015,"CA7BCD04","Booleano","SupportsBossArena","Sim","sim/nao","Medido","Parametro medido sobre a saida do Cellular Automata puro.","Existe ao menos uma sala grande o suficiente.","Areas grandes podem emergir naturalmente, mas nao como arena semanticamente planejada."
16,2015,"CA7BCD04","Booleano","SeedReproducible","Sim","sim/nao","Medido","Parametro medido sobre a saida do Cellular Automata puro.","A seed reproduziu a mesma topologia.","Resultado reproduzivel se ruido inicial e iteracoes usam a mesma seed."
16,2015,"CA7BCD04","Booleano","RuntimeRegeneration","Sim","sim/nao","Medido","Parametro medido sobre a saida do Cellular Automata puro.","Tempo registrado: 65.083 ms.","Custo cresce com tamanho do grid, pavimentos e iteracoes."
16,2015,"CA7BCD04","Booleano","BudgetAwareSpawns","Sim","sim/nao","Suportado","Parametro medido sobre a saida do Cellular Automata puro.","Orcamentos registrados: inimigos 10, loot 6, armadilhas 4.","Orcamento e aplicado apos a geracao, sobre celulas livres extraidas."
16,2015,"CA7BCD04","Qualitativo","Replayability","5/5","Likert 1-5","Estimado automaticamente","Parametro medido sobre a saida do Cellular Automata puro.","Diversidade topologica: 100%.","Alta variacao visual/organica entre seeds e esperada."
16,2015,"CA7BCD04","Qualitativo","Debuggability","5/5","Likert 1-5","Estimado automaticamente","Parametro medido sobre a saida do Cellular Automata puro.","Cellular Automata e reproduzivel e simples de parametrizar, mas o efeito de pequenas mudancas nas regras precisa ser observado por bateladas.","Regras sao simples, mas efeitos globais emergentes exigem analise por metricas."
16,2015,"CA7BCD04","Qualitativo","Flow","3/5","Likert 1-5","Estimado automaticamente","Parametro medido sobre a saida do Cellular Automata puro.","Indica fluidez de navegacao esperada.","Fluxo global nao e garantido; depende de conectividade emergente."
16,2015,"CA7BCD04","Qualitativo","Legibility","4/5","Likert 1-5","Estimado automaticamente","Parametro medido sobre a saida do Cellular Automata puro.","A legibilidade depende do equilibrio entre areas abertas, gargalos e ilhas desconectadas.","Cavernas organicas podem ser bonitas, mas menos legiveis que salas retangulares."
16,2015,"CA7BCD04","Qualitativo","StructuralVariety","2/5","Likert 1-5","Estimado automaticamente","Parametro medido sobre a saida do Cellular Automata puro.","Indica variedade estrutural dentro desta execucao.","Boa variedade morfologica; menor controle sobre semantica estrutural."
16,2015,"CA7BCD04","Performance","layoutGenerationMilliseconds","13.633","ms","Medido","Tempo para inicializar ruido, executar iteracoes celulares e extrair componentes.","Representa o custo algoritmico principal.","Inclui ruido inicial, iteracoes celulares e extracao de componentes."
16,2015,"CA7BCD04","Performance","geometryInstantiationMilliseconds","50.077","ms","Medido","Parametro medido sobre a saida do Cellular Automata puro.","A execucao incluiu custo visual.","Custo visual depende dos prefabs/Unity, nao do CA puro."
16,2015,"CA7BCD04","Performance","metricsCalculationMilliseconds","1.369","ms","Medido","Parametro medido sobre a saida do Cellular Automata puro.","Ajuda a quantificar custo da instrumentacao.","Custo da instrumentacao, nao do algoritmo."
16,2015,"CA7BCD04","Performance","totalGenerationMilliseconds","65.083","ms","Medido","Parametro medido sobre a saida do Cellular Automata puro.","Inclui layout, instanciacao visual habilitada e calculo de metricas.","Inclui layout, instanciacao visual e metricas; compare junto do tempo logico."
16,2015,"CA7BCD04","Performance","generatedGameObjectCount","3800","contagem","Medido","Parametro medido sobre a saida do Cellular Automata puro.","Indica peso potencial de instanciacao no Unity.","Reflete peso da montagem visual das celulas abertas."
16,2015,"CA7BCD04","Performance","occupiedCellCount","2606","contagem","Medido","Parametro medido sobre a saida do Cellular Automata puro.","Proxy de escala espacial da dungeon.","Proxy do volume aberto gerado pelo CA."
16,2015,"CA7BCD04","Performance","connectionCount","0","contagem","Medido","Quantidade de conexoes inferidas por gargalos/passagens ou sobreposicoes verticais.","Proxy de complexidade topologica.","Conexoes sao inferidas apos a geracao; nao sao primitivas nativas do CA."
16,2015,"CA7BCD04","Performance","managedMemoryDeltaKB","7908","KB","Estimado","Parametro medido sobre a saida do Cellular Automata puro.","Valor aproximado, sensivel a GC e ao estado do Editor.","Estimativa sujeita ao GC da Unity; use como indicio comparativo."
17,2016,"6BEC6FF5","Quantitativo","numRoomsTarget","2","contagem","Medido","Extracao de componentes abertos e densos apos iteracoes de Cellular Automata.","Tamanho estrutural da dungeon nesta execucao.","Cellular Automata nao cria salas como entidades planejadas; regioes emergem de celulas abertas."
17,2016,"6BEC6FF5","Quantitativo","connectivityRatio","50%","%","Medido","Busca no grafo extraido de componentes abertos; nenhuma conexao artificial e criada.","Mostra se as cavernas emergentes ficaram conectadas sem flood-fill reparador, carving ou grafo-guia.","CA puro nao garante conectividade global. Se a metrica ficar baixa, isso e uma limitacao real do algoritmo nesta configuracao."
17,2016,"6BEC6FF5","Quantitativo","verticalVariance","0","metros","Medido","Desvio padrao das alturas dos componentes extraidos do volume celular.","Sem variacao vertical nesta execucao; verifique se o Cellular Automata multiandar esta ativo.","Verticalidade so aparece em uma variante celular 3D/multiandar; CA 2D simples nao possui altura."
17,2016,"6BEC6FF5","Quantitativo","fillPercentage","69.04%","%","Medido","Celulas abertas apos a regra celular divididas pelo total do volume.","Indica densidade espacial da dungeon.","Densidade e controlada indiretamente por chance inicial e limites de nascimento/sobrevivencia."
17,2016,"6BEC6FF5","Quantitativo","branchFactor","0","media","Medido","Media de conexoes entre componentes extraidos por passagens estreitas detectadas.","Layout mais linear, com poucas bifurcacoes.","Ramificacao emerge de gargalos naturais, nao de um grafo explicito."
17,2016,"6BEC6FF5","Quantitativo","avgPathLength","0","metros","Medido","Distancias no grafo extraido do resultado celular.","Distancia media a partir da sala inicial.","Caminhos sao medidos depois da extracao; CA nao controla caminho critico diretamente."
17,2016,"6BEC6FF5","Quantitativo","uniqueModules","15","contagem","Medido","Contagem de categorias logicas e prefabs usados na leitura/instanciacao do resultado.","Indica variedade basica de composicao.","CA tende a variar forma organica, mas nao aumenta variedade modular sozinho."
17,2016,"6BEC6FF5","Quantitativo","navigableVolumeRatio","100%","%","Estimado sem NavMesh","Estimativa logica de celulas abertas antes de NavMesh.","Use como estimativa inicial, nao como validacao fisica final.","Proxy logico; ilhas desconectadas podem inflar area aberta sem criar navegabilidade util."
17,2016,"6BEC6FF5","Quantitativo","criticalPathLength","0","metros","Medido","Maior distancia no grafo extraido a partir do componente inicial.","Aproxima o percurso principal inicio-objetivo.","CA puro nao direciona progressao inicio-fim sem uma camada adicional."
17,2016,"6BEC6FF5","Quantitativo","avgAlternativePathLength","0","metros","Medido","Media de conexoes marcadas como ciclos emergentes entre componentes.","Nao houve caminho alternativo nesta execucao.","Loops podem emergir, mas nao sao garantidos."
17,2016,"6BEC6FF5","Booleano","SupportsRandomEnemySpawns","Sim, testado","sim/nao","Suportado","Parametro medido sobre a saida do Cellular Automata puro.","Sistema configurado e com orcamento ativo.","Spawns usam regioes abertas extraidas; balanceamento nao e propriedade nativa do CA."
17,2016,"6BEC6FF5","Booleano","SupportsLootDistribution","Sim, testado","sim/nao","Suportado","Parametro medido sobre a saida do Cellular Automata puro.","Sistema configurado e com orcamento ativo.","Loot pode ser colocado nas regioes abertas, mas progressao por risco depende de outra camada."
17,2016,"6BEC6FF5","Booleano","SupportsTraps","Sim, testado","sim/nao","Suportado","Parametro medido sobre a saida do Cellular Automata puro.","Sistema configurado e com orcamento ativo.","Armadilhas podem usar celulas abertas/gargalos, mas sem semantica global nativa."
17,2016,"6BEC6FF5","Booleano","SupportsBacktrackingLoops","Nao","sim/nao","Medido","Parametro medido sobre a saida do Cellular Automata puro.","Parametro atendido somente quando as conexoes emergentes formam ciclos no grafo extraido.","CA pode formar ciclos emergentes, mas sem controle direto de loops."
17,2016,"6BEC6FF5","Booleano","SupportsVerticalConnectors","Nao","sim/nao","Medido","Conta execucoes com celulas abertas alinhadas entre pavimentos e convertidas em conector vertical inferido.","Parametro atendido apenas se o volume celular multiandar gerar alinhamentos abertos entre camadas.","Possivel apenas em uma leitura 3D/multiandar do CA, por alinhamento de celulas abertas entre camadas."
17,2016,"6BEC6FF5","Booleano","SupportsMultiFloor","Nao","sim/nao","Medido","Conta execucoes com mais de um pavimento e pelo menos uma conexao vertical inferida do volume celular.","Parametro atendido quando existe conexao vertical inferida do proprio volume celular.","CA 2D puro nao e multiandar; a variante 3D continua celular, mas precisa ser relatada como extensao volumetrica."
17,2016,"6BEC6FF5","Booleano","SupportsBossArena","Sim","sim/nao","Medido","Parametro medido sobre a saida do Cellular Automata puro.","Existe ao menos uma sala grande o suficiente.","Areas grandes podem emergir naturalmente, mas nao como arena semanticamente planejada."
17,2016,"6BEC6FF5","Booleano","SeedReproducible","Sim","sim/nao","Medido","Parametro medido sobre a saida do Cellular Automata puro.","A seed reproduziu a mesma topologia.","Resultado reproduzivel se ruido inicial e iteracoes usam a mesma seed."
17,2016,"6BEC6FF5","Booleano","RuntimeRegeneration","Sim","sim/nao","Medido","Parametro medido sobre a saida do Cellular Automata puro.","Tempo registrado: 65.42 ms.","Custo cresce com tamanho do grid, pavimentos e iteracoes."
17,2016,"6BEC6FF5","Booleano","BudgetAwareSpawns","Sim","sim/nao","Suportado","Parametro medido sobre a saida do Cellular Automata puro.","Orcamentos registrados: inimigos 10, loot 6, armadilhas 4.","Orcamento e aplicado apos a geracao, sobre celulas livres extraidas."
17,2016,"6BEC6FF5","Qualitativo","Replayability","5/5","Likert 1-5","Estimado automaticamente","Parametro medido sobre a saida do Cellular Automata puro.","Diversidade topologica: 100%.","Alta variacao visual/organica entre seeds e esperada."
17,2016,"6BEC6FF5","Qualitativo","Debuggability","5/5","Likert 1-5","Estimado automaticamente","Parametro medido sobre a saida do Cellular Automata puro.","Cellular Automata e reproduzivel e simples de parametrizar, mas o efeito de pequenas mudancas nas regras precisa ser observado por bateladas.","Regras sao simples, mas efeitos globais emergentes exigem analise por metricas."
17,2016,"6BEC6FF5","Qualitativo","Flow","1/5","Likert 1-5","Estimado automaticamente","Parametro medido sobre a saida do Cellular Automata puro.","Indica fluidez de navegacao esperada.","Fluxo global nao e garantido; depende de conectividade emergente."
17,2016,"6BEC6FF5","Qualitativo","Legibility","3/5","Likert 1-5","Estimado automaticamente","Parametro medido sobre a saida do Cellular Automata puro.","A legibilidade depende do equilibrio entre areas abertas, gargalos e ilhas desconectadas.","Cavernas organicas podem ser bonitas, mas menos legiveis que salas retangulares."
17,2016,"6BEC6FF5","Qualitativo","StructuralVariety","2/5","Likert 1-5","Estimado automaticamente","Parametro medido sobre a saida do Cellular Automata puro.","Indica variedade estrutural dentro desta execucao.","Boa variedade morfologica; menor controle sobre semantica estrutural."
17,2016,"6BEC6FF5","Performance","layoutGenerationMilliseconds","15.423","ms","Medido","Tempo para inicializar ruido, executar iteracoes celulares e extrair componentes.","Representa o custo algoritmico principal.","Inclui ruido inicial, iteracoes celulares e extracao de componentes."
17,2016,"6BEC6FF5","Performance","geometryInstantiationMilliseconds","48.361","ms","Medido","Parametro medido sobre a saida do Cellular Automata puro.","A execucao incluiu custo visual.","Custo visual depende dos prefabs/Unity, nao do CA puro."
17,2016,"6BEC6FF5","Performance","metricsCalculationMilliseconds","1.632","ms","Medido","Parametro medido sobre a saida do Cellular Automata puro.","Ajuda a quantificar custo da instrumentacao.","Custo da instrumentacao, nao do algoritmo."
17,2016,"6BEC6FF5","Performance","totalGenerationMilliseconds","65.42","ms","Medido","Parametro medido sobre a saida do Cellular Automata puro.","Inclui layout, instanciacao visual habilitada e calculo de metricas.","Inclui layout, instanciacao visual e metricas; compare junto do tempo logico."
17,2016,"6BEC6FF5","Performance","generatedGameObjectCount","3961","contagem","Medido","Parametro medido sobre a saida do Cellular Automata puro.","Indica peso potencial de instanciacao no Unity.","Reflete peso da montagem visual das celulas abertas."
17,2016,"6BEC6FF5","Performance","occupiedCellCount","2828","contagem","Medido","Parametro medido sobre a saida do Cellular Automata puro.","Proxy de escala espacial da dungeon.","Proxy do volume aberto gerado pelo CA."
17,2016,"6BEC6FF5","Performance","connectionCount","0","contagem","Medido","Quantidade de conexoes inferidas por gargalos/passagens ou sobreposicoes verticais.","Proxy de complexidade topologica.","Conexoes sao inferidas apos a geracao; nao sao primitivas nativas do CA."
17,2016,"6BEC6FF5","Performance","managedMemoryDeltaKB","8588","KB","Estimado","Parametro medido sobre a saida do Cellular Automata puro.","Valor aproximado, sensivel a GC e ao estado do Editor.","Estimativa sujeita ao GC da Unity; use como indicio comparativo."
18,2017,"DFB128DF","Quantitativo","numRoomsTarget","1","contagem","Medido","Extracao de componentes abertos e densos apos iteracoes de Cellular Automata.","Tamanho estrutural da dungeon nesta execucao.","Cellular Automata nao cria salas como entidades planejadas; regioes emergem de celulas abertas."
18,2017,"DFB128DF","Quantitativo","connectivityRatio","100%","%","Medido","Busca no grafo extraido de componentes abertos; nenhuma conexao artificial e criada.","Mostra se as cavernas emergentes ficaram conectadas sem flood-fill reparador, carving ou grafo-guia.","CA puro nao garante conectividade global. Se a metrica ficar baixa, isso e uma limitacao real do algoritmo nesta configuracao."
18,2017,"DFB128DF","Quantitativo","verticalVariance","0","metros","Medido","Desvio padrao das alturas dos componentes extraidos do volume celular.","Sem variacao vertical nesta execucao; verifique se o Cellular Automata multiandar esta ativo.","Verticalidade so aparece em uma variante celular 3D/multiandar; CA 2D simples nao possui altura."
18,2017,"DFB128DF","Quantitativo","fillPercentage","62.94%","%","Medido","Celulas abertas apos a regra celular divididas pelo total do volume.","Indica densidade espacial da dungeon.","Densidade e controlada indiretamente por chance inicial e limites de nascimento/sobrevivencia."
18,2017,"DFB128DF","Quantitativo","branchFactor","0","media","Medido","Media de conexoes entre componentes extraidos por passagens estreitas detectadas.","Layout mais linear, com poucas bifurcacoes.","Ramificacao emerge de gargalos naturais, nao de um grafo explicito."
18,2017,"DFB128DF","Quantitativo","avgPathLength","0","metros","Medido","Distancias no grafo extraido do resultado celular.","Distancia media a partir da sala inicial.","Caminhos sao medidos depois da extracao; CA nao controla caminho critico diretamente."
18,2017,"DFB128DF","Quantitativo","uniqueModules","15","contagem","Medido","Contagem de categorias logicas e prefabs usados na leitura/instanciacao do resultado.","Indica variedade basica de composicao.","CA tende a variar forma organica, mas nao aumenta variedade modular sozinho."
18,2017,"DFB128DF","Quantitativo","navigableVolumeRatio","100%","%","Estimado sem NavMesh","Estimativa logica de celulas abertas antes de NavMesh.","Use como estimativa inicial, nao como validacao fisica final.","Proxy logico; ilhas desconectadas podem inflar area aberta sem criar navegabilidade util."
18,2017,"DFB128DF","Quantitativo","criticalPathLength","0","metros","Medido","Maior distancia no grafo extraido a partir do componente inicial.","Aproxima o percurso principal inicio-objetivo.","CA puro nao direciona progressao inicio-fim sem uma camada adicional."
18,2017,"DFB128DF","Quantitativo","avgAlternativePathLength","0","metros","Medido","Media de conexoes marcadas como ciclos emergentes entre componentes.","Nao houve caminho alternativo nesta execucao.","Loops podem emergir, mas nao sao garantidos."
18,2017,"DFB128DF","Booleano","SupportsRandomEnemySpawns","Sim, testado","sim/nao","Suportado","Parametro medido sobre a saida do Cellular Automata puro.","Sistema configurado e com orcamento ativo.","Spawns usam regioes abertas extraidas; balanceamento nao e propriedade nativa do CA."
18,2017,"DFB128DF","Booleano","SupportsLootDistribution","Sim, testado","sim/nao","Suportado","Parametro medido sobre a saida do Cellular Automata puro.","Sistema configurado e com orcamento ativo.","Loot pode ser colocado nas regioes abertas, mas progressao por risco depende de outra camada."
18,2017,"DFB128DF","Booleano","SupportsTraps","Sim, testado","sim/nao","Suportado","Parametro medido sobre a saida do Cellular Automata puro.","Sistema configurado e com orcamento ativo.","Armadilhas podem usar celulas abertas/gargalos, mas sem semantica global nativa."
18,2017,"DFB128DF","Booleano","SupportsBacktrackingLoops","Nao","sim/nao","Medido","Parametro medido sobre a saida do Cellular Automata puro.","Parametro atendido somente quando as conexoes emergentes formam ciclos no grafo extraido.","CA pode formar ciclos emergentes, mas sem controle direto de loops."
18,2017,"DFB128DF","Booleano","SupportsVerticalConnectors","Nao","sim/nao","Medido","Conta execucoes com celulas abertas alinhadas entre pavimentos e convertidas em conector vertical inferido.","Parametro atendido apenas se o volume celular multiandar gerar alinhamentos abertos entre camadas.","Possivel apenas em uma leitura 3D/multiandar do CA, por alinhamento de celulas abertas entre camadas."
18,2017,"DFB128DF","Booleano","SupportsMultiFloor","Nao","sim/nao","Medido","Conta execucoes com mais de um pavimento e pelo menos uma conexao vertical inferida do volume celular.","Parametro atendido quando existe conexao vertical inferida do proprio volume celular.","CA 2D puro nao e multiandar; a variante 3D continua celular, mas precisa ser relatada como extensao volumetrica."
18,2017,"DFB128DF","Booleano","SupportsBossArena","Sim","sim/nao","Medido","Parametro medido sobre a saida do Cellular Automata puro.","Existe ao menos uma sala grande o suficiente.","Areas grandes podem emergir naturalmente, mas nao como arena semanticamente planejada."
18,2017,"DFB128DF","Booleano","SeedReproducible","Sim","sim/nao","Medido","Parametro medido sobre a saida do Cellular Automata puro.","A seed reproduziu a mesma topologia.","Resultado reproduzivel se ruido inicial e iteracoes usam a mesma seed."
18,2017,"DFB128DF","Booleano","RuntimeRegeneration","Sim","sim/nao","Medido","Parametro medido sobre a saida do Cellular Automata puro.","Tempo registrado: 63.027 ms.","Custo cresce com tamanho do grid, pavimentos e iteracoes."
18,2017,"DFB128DF","Booleano","BudgetAwareSpawns","Sim","sim/nao","Suportado","Parametro medido sobre a saida do Cellular Automata puro.","Orcamentos registrados: inimigos 10, loot 6, armadilhas 4.","Orcamento e aplicado apos a geracao, sobre celulas livres extraidas."
18,2017,"DFB128DF","Qualitativo","Replayability","5/5","Likert 1-5","Estimado automaticamente","Parametro medido sobre a saida do Cellular Automata puro.","Diversidade topologica: 100%.","Alta variacao visual/organica entre seeds e esperada."
18,2017,"DFB128DF","Qualitativo","Debuggability","5/5","Likert 1-5","Estimado automaticamente","Parametro medido sobre a saida do Cellular Automata puro.","Cellular Automata e reproduzivel e simples de parametrizar, mas o efeito de pequenas mudancas nas regras precisa ser observado por bateladas.","Regras sao simples, mas efeitos globais emergentes exigem analise por metricas."
18,2017,"DFB128DF","Qualitativo","Flow","3/5","Likert 1-5","Estimado automaticamente","Parametro medido sobre a saida do Cellular Automata puro.","Indica fluidez de navegacao esperada.","Fluxo global nao e garantido; depende de conectividade emergente."
18,2017,"DFB128DF","Qualitativo","Legibility","4/5","Likert 1-5","Estimado automaticamente","Parametro medido sobre a saida do Cellular Automata puro.","A legibilidade depende do equilibrio entre areas abertas, gargalos e ilhas desconectadas.","Cavernas organicas podem ser bonitas, mas menos legiveis que salas retangulares."
18,2017,"DFB128DF","Qualitativo","StructuralVariety","2/5","Likert 1-5","Estimado automaticamente","Parametro medido sobre a saida do Cellular Automata puro.","Indica variedade estrutural dentro desta execucao.","Boa variedade morfologica; menor controle sobre semantica estrutural."
18,2017,"DFB128DF","Performance","layoutGenerationMilliseconds","11.756","ms","Medido","Tempo para inicializar ruido, executar iteracoes celulares e extrair componentes.","Representa o custo algoritmico principal.","Inclui ruido inicial, iteracoes celulares e extracao de componentes."
18,2017,"DFB128DF","Performance","geometryInstantiationMilliseconds","49.633","ms","Medido","Parametro medido sobre a saida do Cellular Automata puro.","A execucao incluiu custo visual.","Custo visual depende dos prefabs/Unity, nao do CA puro."
18,2017,"DFB128DF","Performance","metricsCalculationMilliseconds","1.629","ms","Medido","Parametro medido sobre a saida do Cellular Automata puro.","Ajuda a quantificar custo da instrumentacao.","Custo da instrumentacao, nao do algoritmo."
18,2017,"DFB128DF","Performance","totalGenerationMilliseconds","63.027","ms","Medido","Parametro medido sobre a saida do Cellular Automata puro.","Inclui layout, instanciacao visual habilitada e calculo de metricas.","Inclui layout, instanciacao visual e metricas; compare junto do tempo logico."
18,2017,"DFB128DF","Performance","generatedGameObjectCount","3814","contagem","Medido","Parametro medido sobre a saida do Cellular Automata puro.","Indica peso potencial de instanciacao no Unity.","Reflete peso da montagem visual das celulas abertas."
18,2017,"DFB128DF","Performance","occupiedCellCount","2578","contagem","Medido","Parametro medido sobre a saida do Cellular Automata puro.","Proxy de escala espacial da dungeon.","Proxy do volume aberto gerado pelo CA."
18,2017,"DFB128DF","Performance","connectionCount","0","contagem","Medido","Quantidade de conexoes inferidas por gargalos/passagens ou sobreposicoes verticais.","Proxy de complexidade topologica.","Conexoes sao inferidas apos a geracao; nao sao primitivas nativas do CA."
18,2017,"DFB128DF","Performance","managedMemoryDeltaKB","7864","KB","Estimado","Parametro medido sobre a saida do Cellular Automata puro.","Valor aproximado, sensivel a GC e ao estado do Editor.","Estimativa sujeita ao GC da Unity; use como indicio comparativo."
19,2018,"9C08D84E","Quantitativo","numRoomsTarget","3","contagem","Medido","Extracao de componentes abertos e densos apos iteracoes de Cellular Automata.","Tamanho estrutural da dungeon nesta execucao.","Cellular Automata nao cria salas como entidades planejadas; regioes emergem de celulas abertas."
19,2018,"9C08D84E","Quantitativo","connectivityRatio","33.33%","%","Medido","Busca no grafo extraido de componentes abertos; nenhuma conexao artificial e criada.","Mostra se as cavernas emergentes ficaram conectadas sem flood-fill reparador, carving ou grafo-guia.","CA puro nao garante conectividade global. Se a metrica ficar baixa, isso e uma limitacao real do algoritmo nesta configuracao."
19,2018,"9C08D84E","Quantitativo","verticalVariance","0","metros","Medido","Desvio padrao das alturas dos componentes extraidos do volume celular.","Sem variacao vertical nesta execucao; verifique se o Cellular Automata multiandar esta ativo.","Verticalidade so aparece em uma variante celular 3D/multiandar; CA 2D simples nao possui altura."
19,2018,"9C08D84E","Quantitativo","fillPercentage","64.62%","%","Medido","Celulas abertas apos a regra celular divididas pelo total do volume.","Indica densidade espacial da dungeon.","Densidade e controlada indiretamente por chance inicial e limites de nascimento/sobrevivencia."
19,2018,"9C08D84E","Quantitativo","branchFactor","0","media","Medido","Media de conexoes entre componentes extraidos por passagens estreitas detectadas.","Layout mais linear, com poucas bifurcacoes.","Ramificacao emerge de gargalos naturais, nao de um grafo explicito."
19,2018,"9C08D84E","Quantitativo","avgPathLength","0","metros","Medido","Distancias no grafo extraido do resultado celular.","Distancia media a partir da sala inicial.","Caminhos sao medidos depois da extracao; CA nao controla caminho critico diretamente."
19,2018,"9C08D84E","Quantitativo","uniqueModules","16","contagem","Medido","Contagem de categorias logicas e prefabs usados na leitura/instanciacao do resultado.","Indica variedade basica de composicao.","CA tende a variar forma organica, mas nao aumenta variedade modular sozinho."
19,2018,"9C08D84E","Quantitativo","navigableVolumeRatio","100%","%","Estimado sem NavMesh","Estimativa logica de celulas abertas antes de NavMesh.","Use como estimativa inicial, nao como validacao fisica final.","Proxy logico; ilhas desconectadas podem inflar area aberta sem criar navegabilidade util."
19,2018,"9C08D84E","Quantitativo","criticalPathLength","0","metros","Medido","Maior distancia no grafo extraido a partir do componente inicial.","Aproxima o percurso principal inicio-objetivo.","CA puro nao direciona progressao inicio-fim sem uma camada adicional."
19,2018,"9C08D84E","Quantitativo","avgAlternativePathLength","0","metros","Medido","Media de conexoes marcadas como ciclos emergentes entre componentes.","Nao houve caminho alternativo nesta execucao.","Loops podem emergir, mas nao sao garantidos."
19,2018,"9C08D84E","Booleano","SupportsRandomEnemySpawns","Sim, testado","sim/nao","Suportado","Parametro medido sobre a saida do Cellular Automata puro.","Sistema configurado e com orcamento ativo.","Spawns usam regioes abertas extraidas; balanceamento nao e propriedade nativa do CA."
19,2018,"9C08D84E","Booleano","SupportsLootDistribution","Sim, testado","sim/nao","Suportado","Parametro medido sobre a saida do Cellular Automata puro.","Sistema configurado e com orcamento ativo.","Loot pode ser colocado nas regioes abertas, mas progressao por risco depende de outra camada."
19,2018,"9C08D84E","Booleano","SupportsTraps","Sim, testado","sim/nao","Suportado","Parametro medido sobre a saida do Cellular Automata puro.","Sistema configurado e com orcamento ativo.","Armadilhas podem usar celulas abertas/gargalos, mas sem semantica global nativa."
19,2018,"9C08D84E","Booleano","SupportsBacktrackingLoops","Nao","sim/nao","Medido","Parametro medido sobre a saida do Cellular Automata puro.","Parametro atendido somente quando as conexoes emergentes formam ciclos no grafo extraido.","CA pode formar ciclos emergentes, mas sem controle direto de loops."
19,2018,"9C08D84E","Booleano","SupportsVerticalConnectors","Nao","sim/nao","Medido","Conta execucoes com celulas abertas alinhadas entre pavimentos e convertidas em conector vertical inferido.","Parametro atendido apenas se o volume celular multiandar gerar alinhamentos abertos entre camadas.","Possivel apenas em uma leitura 3D/multiandar do CA, por alinhamento de celulas abertas entre camadas."
19,2018,"9C08D84E","Booleano","SupportsMultiFloor","Nao","sim/nao","Medido","Conta execucoes com mais de um pavimento e pelo menos uma conexao vertical inferida do volume celular.","Parametro atendido quando existe conexao vertical inferida do proprio volume celular.","CA 2D puro nao e multiandar; a variante 3D continua celular, mas precisa ser relatada como extensao volumetrica."
19,2018,"9C08D84E","Booleano","SupportsBossArena","Sim","sim/nao","Medido","Parametro medido sobre a saida do Cellular Automata puro.","Existe ao menos uma sala grande o suficiente.","Areas grandes podem emergir naturalmente, mas nao como arena semanticamente planejada."
19,2018,"9C08D84E","Booleano","SeedReproducible","Sim","sim/nao","Medido","Parametro medido sobre a saida do Cellular Automata puro.","A seed reproduziu a mesma topologia.","Resultado reproduzivel se ruido inicial e iteracoes usam a mesma seed."
19,2018,"9C08D84E","Booleano","RuntimeRegeneration","Sim","sim/nao","Medido","Parametro medido sobre a saida do Cellular Automata puro.","Tempo registrado: 58.176 ms.","Custo cresce com tamanho do grid, pavimentos e iteracoes."
19,2018,"9C08D84E","Booleano","BudgetAwareSpawns","Sim","sim/nao","Suportado","Parametro medido sobre a saida do Cellular Automata puro.","Orcamentos registrados: inimigos 10, loot 6, armadilhas 4.","Orcamento e aplicado apos a geracao, sobre celulas livres extraidas."
19,2018,"9C08D84E","Qualitativo","Replayability","5/5","Likert 1-5","Estimado automaticamente","Parametro medido sobre a saida do Cellular Automata puro.","Diversidade topologica: 100%.","Alta variacao visual/organica entre seeds e esperada."
19,2018,"9C08D84E","Qualitativo","Debuggability","5/5","Likert 1-5","Estimado automaticamente","Parametro medido sobre a saida do Cellular Automata puro.","Cellular Automata e reproduzivel e simples de parametrizar, mas o efeito de pequenas mudancas nas regras precisa ser observado por bateladas.","Regras sao simples, mas efeitos globais emergentes exigem analise por metricas."
19,2018,"9C08D84E","Qualitativo","Flow","1/5","Likert 1-5","Estimado automaticamente","Parametro medido sobre a saida do Cellular Automata puro.","Indica fluidez de navegacao esperada.","Fluxo global nao e garantido; depende de conectividade emergente."
19,2018,"9C08D84E","Qualitativo","Legibility","3/5","Likert 1-5","Estimado automaticamente","Parametro medido sobre a saida do Cellular Automata puro.","A legibilidade depende do equilibrio entre areas abertas, gargalos e ilhas desconectadas.","Cavernas organicas podem ser bonitas, mas menos legiveis que salas retangulares."
19,2018,"9C08D84E","Qualitativo","StructuralVariety","2/5","Likert 1-5","Estimado automaticamente","Parametro medido sobre a saida do Cellular Automata puro.","Indica variedade estrutural dentro desta execucao.","Boa variedade morfologica; menor controle sobre semantica estrutural."
19,2018,"9C08D84E","Performance","layoutGenerationMilliseconds","11.214","ms","Medido","Tempo para inicializar ruido, executar iteracoes celulares e extrair componentes.","Representa o custo algoritmico principal.","Inclui ruido inicial, iteracoes celulares e extracao de componentes."
19,2018,"9C08D84E","Performance","geometryInstantiationMilliseconds","45.558","ms","Medido","Parametro medido sobre a saida do Cellular Automata puro.","A execucao incluiu custo visual.","Custo visual depende dos prefabs/Unity, nao do CA puro."
19,2018,"9C08D84E","Performance","metricsCalculationMilliseconds","1.401","ms","Medido","Parametro medido sobre a saida do Cellular Automata puro.","Ajuda a quantificar custo da instrumentacao.","Custo da instrumentacao, nao do algoritmo."
19,2018,"9C08D84E","Performance","totalGenerationMilliseconds","58.176","ms","Medido","Parametro medido sobre a saida do Cellular Automata puro.","Inclui layout, instanciacao visual habilitada e calculo de metricas.","Inclui layout, instanciacao visual e metricas; compare junto do tempo logico."
19,2018,"9C08D84E","Performance","generatedGameObjectCount","3809","contagem","Medido","Parametro medido sobre a saida do Cellular Automata puro.","Indica peso potencial de instanciacao no Unity.","Reflete peso da montagem visual das celulas abertas."
19,2018,"9C08D84E","Performance","occupiedCellCount","2647","contagem","Medido","Parametro medido sobre a saida do Cellular Automata puro.","Proxy de escala espacial da dungeon.","Proxy do volume aberto gerado pelo CA."
19,2018,"9C08D84E","Performance","connectionCount","0","contagem","Medido","Quantidade de conexoes inferidas por gargalos/passagens ou sobreposicoes verticais.","Proxy de complexidade topologica.","Conexoes sao inferidas apos a geracao; nao sao primitivas nativas do CA."
19,2018,"9C08D84E","Performance","managedMemoryDeltaKB","8204","KB","Estimado","Parametro medido sobre a saida do Cellular Automata puro.","Valor aproximado, sensivel a GC e ao estado do Editor.","Estimativa sujeita ao GC da Unity; use como indicio comparativo."
20,2019,"2EA31189","Quantitativo","numRoomsTarget","3","contagem","Medido","Extracao de componentes abertos e densos apos iteracoes de Cellular Automata.","Tamanho estrutural da dungeon nesta execucao.","Cellular Automata nao cria salas como entidades planejadas; regioes emergem de celulas abertas."
20,2019,"2EA31189","Quantitativo","connectivityRatio","33.33%","%","Medido","Busca no grafo extraido de componentes abertos; nenhuma conexao artificial e criada.","Mostra se as cavernas emergentes ficaram conectadas sem flood-fill reparador, carving ou grafo-guia.","CA puro nao garante conectividade global. Se a metrica ficar baixa, isso e uma limitacao real do algoritmo nesta configuracao."
20,2019,"2EA31189","Quantitativo","verticalVariance","0","metros","Medido","Desvio padrao das alturas dos componentes extraidos do volume celular.","Sem variacao vertical nesta execucao; verifique se o Cellular Automata multiandar esta ativo.","Verticalidade so aparece em uma variante celular 3D/multiandar; CA 2D simples nao possui altura."
20,2019,"2EA31189","Quantitativo","fillPercentage","65.5%","%","Medido","Celulas abertas apos a regra celular divididas pelo total do volume.","Indica densidade espacial da dungeon.","Densidade e controlada indiretamente por chance inicial e limites de nascimento/sobrevivencia."
20,2019,"2EA31189","Quantitativo","branchFactor","0","media","Medido","Media de conexoes entre componentes extraidos por passagens estreitas detectadas.","Layout mais linear, com poucas bifurcacoes.","Ramificacao emerge de gargalos naturais, nao de um grafo explicito."
20,2019,"2EA31189","Quantitativo","avgPathLength","0","metros","Medido","Distancias no grafo extraido do resultado celular.","Distancia media a partir da sala inicial.","Caminhos sao medidos depois da extracao; CA nao controla caminho critico diretamente."
20,2019,"2EA31189","Quantitativo","uniqueModules","19","contagem","Medido","Contagem de categorias logicas e prefabs usados na leitura/instanciacao do resultado.","Indica variedade basica de composicao.","CA tende a variar forma organica, mas nao aumenta variedade modular sozinho."
20,2019,"2EA31189","Quantitativo","navigableVolumeRatio","100%","%","Estimado sem NavMesh","Estimativa logica de celulas abertas antes de NavMesh.","Use como estimativa inicial, nao como validacao fisica final.","Proxy logico; ilhas desconectadas podem inflar area aberta sem criar navegabilidade util."
20,2019,"2EA31189","Quantitativo","criticalPathLength","0","metros","Medido","Maior distancia no grafo extraido a partir do componente inicial.","Aproxima o percurso principal inicio-objetivo.","CA puro nao direciona progressao inicio-fim sem uma camada adicional."
20,2019,"2EA31189","Quantitativo","avgAlternativePathLength","0","metros","Medido","Media de conexoes marcadas como ciclos emergentes entre componentes.","Nao houve caminho alternativo nesta execucao.","Loops podem emergir, mas nao sao garantidos."
20,2019,"2EA31189","Booleano","SupportsRandomEnemySpawns","Sim, testado","sim/nao","Suportado","Parametro medido sobre a saida do Cellular Automata puro.","Sistema configurado e com orcamento ativo.","Spawns usam regioes abertas extraidas; balanceamento nao e propriedade nativa do CA."
20,2019,"2EA31189","Booleano","SupportsLootDistribution","Sim, testado","sim/nao","Suportado","Parametro medido sobre a saida do Cellular Automata puro.","Sistema configurado e com orcamento ativo.","Loot pode ser colocado nas regioes abertas, mas progressao por risco depende de outra camada."
20,2019,"2EA31189","Booleano","SupportsTraps","Sim, testado","sim/nao","Suportado","Parametro medido sobre a saida do Cellular Automata puro.","Sistema configurado e com orcamento ativo.","Armadilhas podem usar celulas abertas/gargalos, mas sem semantica global nativa."
20,2019,"2EA31189","Booleano","SupportsBacktrackingLoops","Nao","sim/nao","Medido","Parametro medido sobre a saida do Cellular Automata puro.","Parametro atendido somente quando as conexoes emergentes formam ciclos no grafo extraido.","CA pode formar ciclos emergentes, mas sem controle direto de loops."
20,2019,"2EA31189","Booleano","SupportsVerticalConnectors","Nao","sim/nao","Medido","Conta execucoes com celulas abertas alinhadas entre pavimentos e convertidas em conector vertical inferido.","Parametro atendido apenas se o volume celular multiandar gerar alinhamentos abertos entre camadas.","Possivel apenas em uma leitura 3D/multiandar do CA, por alinhamento de celulas abertas entre camadas."
20,2019,"2EA31189","Booleano","SupportsMultiFloor","Nao","sim/nao","Medido","Conta execucoes com mais de um pavimento e pelo menos uma conexao vertical inferida do volume celular.","Parametro atendido quando existe conexao vertical inferida do proprio volume celular.","CA 2D puro nao e multiandar; a variante 3D continua celular, mas precisa ser relatada como extensao volumetrica."
20,2019,"2EA31189","Booleano","SupportsBossArena","Sim","sim/nao","Medido","Parametro medido sobre a saida do Cellular Automata puro.","Existe ao menos uma sala grande o suficiente.","Areas grandes podem emergir naturalmente, mas nao como arena semanticamente planejada."
20,2019,"2EA31189","Booleano","SeedReproducible","Sim","sim/nao","Medido","Parametro medido sobre a saida do Cellular Automata puro.","A seed reproduziu a mesma topologia.","Resultado reproduzivel se ruido inicial e iteracoes usam a mesma seed."
20,2019,"2EA31189","Booleano","RuntimeRegeneration","Sim","sim/nao","Medido","Parametro medido sobre a saida do Cellular Automata puro.","Tempo registrado: 76.706 ms.","Custo cresce com tamanho do grid, pavimentos e iteracoes."
20,2019,"2EA31189","Booleano","BudgetAwareSpawns","Sim","sim/nao","Suportado","Parametro medido sobre a saida do Cellular Automata puro.","Orcamentos registrados: inimigos 10, loot 6, armadilhas 4.","Orcamento e aplicado apos a geracao, sobre celulas livres extraidas."
20,2019,"2EA31189","Qualitativo","Replayability","5/5","Likert 1-5","Estimado automaticamente","Parametro medido sobre a saida do Cellular Automata puro.","Diversidade topologica: 100%.","Alta variacao visual/organica entre seeds e esperada."
20,2019,"2EA31189","Qualitativo","Debuggability","5/5","Likert 1-5","Estimado automaticamente","Parametro medido sobre a saida do Cellular Automata puro.","Cellular Automata e reproduzivel e simples de parametrizar, mas o efeito de pequenas mudancas nas regras precisa ser observado por bateladas.","Regras sao simples, mas efeitos globais emergentes exigem analise por metricas."
20,2019,"2EA31189","Qualitativo","Flow","1/5","Likert 1-5","Estimado automaticamente","Parametro medido sobre a saida do Cellular Automata puro.","Indica fluidez de navegacao esperada.","Fluxo global nao e garantido; depende de conectividade emergente."
20,2019,"2EA31189","Qualitativo","Legibility","3/5","Likert 1-5","Estimado automaticamente","Parametro medido sobre a saida do Cellular Automata puro.","A legibilidade depende do equilibrio entre areas abertas, gargalos e ilhas desconectadas.","Cavernas organicas podem ser bonitas, mas menos legiveis que salas retangulares."
20,2019,"2EA31189","Qualitativo","StructuralVariety","2/5","Likert 1-5","Estimado automaticamente","Parametro medido sobre a saida do Cellular Automata puro.","Indica variedade estrutural dentro desta execucao.","Boa variedade morfologica; menor controle sobre semantica estrutural."
20,2019,"2EA31189","Performance","layoutGenerationMilliseconds","11.559","ms","Medido","Tempo para inicializar ruido, executar iteracoes celulares e extrair componentes.","Representa o custo algoritmico principal.","Inclui ruido inicial, iteracoes celulares e extracao de componentes."
20,2019,"2EA31189","Performance","geometryInstantiationMilliseconds","62.656","ms","Medido","Parametro medido sobre a saida do Cellular Automata puro.","A execucao incluiu custo visual.","Custo visual depende dos prefabs/Unity, nao do CA puro."
20,2019,"2EA31189","Performance","metricsCalculationMilliseconds","2.489","ms","Medido","Parametro medido sobre a saida do Cellular Automata puro.","Ajuda a quantificar custo da instrumentacao.","Custo da instrumentacao, nao do algoritmo."
20,2019,"2EA31189","Performance","totalGenerationMilliseconds","76.706","ms","Medido","Parametro medido sobre a saida do Cellular Automata puro.","Inclui layout, instanciacao visual habilitada e calculo de metricas.","Inclui layout, instanciacao visual e metricas; compare junto do tempo logico."
20,2019,"2EA31189","Performance","generatedGameObjectCount","3859","contagem","Medido","Parametro medido sobre a saida do Cellular Automata puro.","Indica peso potencial de instanciacao no Unity.","Reflete peso da montagem visual das celulas abertas."
20,2019,"2EA31189","Performance","occupiedCellCount","2683","contagem","Medido","Parametro medido sobre a saida do Cellular Automata puro.","Proxy de escala espacial da dungeon.","Proxy do volume aberto gerado pelo CA."
20,2019,"2EA31189","Performance","connectionCount","0","contagem","Medido","Quantidade de conexoes inferidas por gargalos/passagens ou sobreposicoes verticais.","Proxy de complexidade topologica.","Conexoes sao inferidas apos a geracao; nao sao primitivas nativas do CA."
20,2019,"2EA31189","Performance","managedMemoryDeltaKB","8392","KB","Estimado","Parametro medido sobre a saida do Cellular Automata puro.","Valor aproximado, sensivel a GC e ao estado do Editor.","Estimativa sujeita ao GC da Unity; use como indicio comparativo."
21,2020,"EF577186","Quantitativo","numRoomsTarget","3","contagem","Medido","Extracao de componentes abertos e densos apos iteracoes de Cellular Automata.","Tamanho estrutural da dungeon nesta execucao.","Cellular Automata nao cria salas como entidades planejadas; regioes emergem de celulas abertas."
21,2020,"EF577186","Quantitativo","connectivityRatio","33.33%","%","Medido","Busca no grafo extraido de componentes abertos; nenhuma conexao artificial e criada.","Mostra se as cavernas emergentes ficaram conectadas sem flood-fill reparador, carving ou grafo-guia.","CA puro nao garante conectividade global. Se a metrica ficar baixa, isso e uma limitacao real do algoritmo nesta configuracao."
21,2020,"EF577186","Quantitativo","verticalVariance","0","metros","Medido","Desvio padrao das alturas dos componentes extraidos do volume celular.","Sem variacao vertical nesta execucao; verifique se o Cellular Automata multiandar esta ativo.","Verticalidade so aparece em uma variante celular 3D/multiandar; CA 2D simples nao possui altura."
21,2020,"EF577186","Quantitativo","fillPercentage","66.33%","%","Medido","Celulas abertas apos a regra celular divididas pelo total do volume.","Indica densidade espacial da dungeon.","Densidade e controlada indiretamente por chance inicial e limites de nascimento/sobrevivencia."
21,2020,"EF577186","Quantitativo","branchFactor","0","media","Medido","Media de conexoes entre componentes extraidos por passagens estreitas detectadas.","Layout mais linear, com poucas bifurcacoes.","Ramificacao emerge de gargalos naturais, nao de um grafo explicito."
21,2020,"EF577186","Quantitativo","avgPathLength","0","metros","Medido","Distancias no grafo extraido do resultado celular.","Distancia media a partir da sala inicial.","Caminhos sao medidos depois da extracao; CA nao controla caminho critico diretamente."
21,2020,"EF577186","Quantitativo","uniqueModules","14","contagem","Medido","Contagem de categorias logicas e prefabs usados na leitura/instanciacao do resultado.","Indica variedade basica de composicao.","CA tende a variar forma organica, mas nao aumenta variedade modular sozinho."
21,2020,"EF577186","Quantitativo","navigableVolumeRatio","100%","%","Estimado sem NavMesh","Estimativa logica de celulas abertas antes de NavMesh.","Use como estimativa inicial, nao como validacao fisica final.","Proxy logico; ilhas desconectadas podem inflar area aberta sem criar navegabilidade util."
21,2020,"EF577186","Quantitativo","criticalPathLength","0","metros","Medido","Maior distancia no grafo extraido a partir do componente inicial.","Aproxima o percurso principal inicio-objetivo.","CA puro nao direciona progressao inicio-fim sem uma camada adicional."
21,2020,"EF577186","Quantitativo","avgAlternativePathLength","0","metros","Medido","Media de conexoes marcadas como ciclos emergentes entre componentes.","Nao houve caminho alternativo nesta execucao.","Loops podem emergir, mas nao sao garantidos."
21,2020,"EF577186","Booleano","SupportsRandomEnemySpawns","Sim, testado","sim/nao","Suportado","Parametro medido sobre a saida do Cellular Automata puro.","Sistema configurado e com orcamento ativo.","Spawns usam regioes abertas extraidas; balanceamento nao e propriedade nativa do CA."
21,2020,"EF577186","Booleano","SupportsLootDistribution","Sim, testado","sim/nao","Suportado","Parametro medido sobre a saida do Cellular Automata puro.","Sistema configurado e com orcamento ativo.","Loot pode ser colocado nas regioes abertas, mas progressao por risco depende de outra camada."
21,2020,"EF577186","Booleano","SupportsTraps","Sim, testado","sim/nao","Suportado","Parametro medido sobre a saida do Cellular Automata puro.","Sistema configurado e com orcamento ativo.","Armadilhas podem usar celulas abertas/gargalos, mas sem semantica global nativa."
21,2020,"EF577186","Booleano","SupportsBacktrackingLoops","Nao","sim/nao","Medido","Parametro medido sobre a saida do Cellular Automata puro.","Parametro atendido somente quando as conexoes emergentes formam ciclos no grafo extraido.","CA pode formar ciclos emergentes, mas sem controle direto de loops."
21,2020,"EF577186","Booleano","SupportsVerticalConnectors","Nao","sim/nao","Medido","Conta execucoes com celulas abertas alinhadas entre pavimentos e convertidas em conector vertical inferido.","Parametro atendido apenas se o volume celular multiandar gerar alinhamentos abertos entre camadas.","Possivel apenas em uma leitura 3D/multiandar do CA, por alinhamento de celulas abertas entre camadas."
21,2020,"EF577186","Booleano","SupportsMultiFloor","Nao","sim/nao","Medido","Conta execucoes com mais de um pavimento e pelo menos uma conexao vertical inferida do volume celular.","Parametro atendido quando existe conexao vertical inferida do proprio volume celular.","CA 2D puro nao e multiandar; a variante 3D continua celular, mas precisa ser relatada como extensao volumetrica."
21,2020,"EF577186","Booleano","SupportsBossArena","Sim","sim/nao","Medido","Parametro medido sobre a saida do Cellular Automata puro.","Existe ao menos uma sala grande o suficiente.","Areas grandes podem emergir naturalmente, mas nao como arena semanticamente planejada."
21,2020,"EF577186","Booleano","SeedReproducible","Sim","sim/nao","Medido","Parametro medido sobre a saida do Cellular Automata puro.","A seed reproduziu a mesma topologia.","Resultado reproduzivel se ruido inicial e iteracoes usam a mesma seed."
21,2020,"EF577186","Booleano","RuntimeRegeneration","Sim","sim/nao","Medido","Parametro medido sobre a saida do Cellular Automata puro.","Tempo registrado: 102.424 ms.","Custo cresce com tamanho do grid, pavimentos e iteracoes."
21,2020,"EF577186","Booleano","BudgetAwareSpawns","Sim","sim/nao","Suportado","Parametro medido sobre a saida do Cellular Automata puro.","Orcamentos registrados: inimigos 10, loot 6, armadilhas 4.","Orcamento e aplicado apos a geracao, sobre celulas livres extraidas."
21,2020,"EF577186","Qualitativo","Replayability","5/5","Likert 1-5","Estimado automaticamente","Parametro medido sobre a saida do Cellular Automata puro.","Diversidade topologica: 100%.","Alta variacao visual/organica entre seeds e esperada."
21,2020,"EF577186","Qualitativo","Debuggability","5/5","Likert 1-5","Estimado automaticamente","Parametro medido sobre a saida do Cellular Automata puro.","Cellular Automata e reproduzivel e simples de parametrizar, mas o efeito de pequenas mudancas nas regras precisa ser observado por bateladas.","Regras sao simples, mas efeitos globais emergentes exigem analise por metricas."
21,2020,"EF577186","Qualitativo","Flow","1/5","Likert 1-5","Estimado automaticamente","Parametro medido sobre a saida do Cellular Automata puro.","Indica fluidez de navegacao esperada.","Fluxo global nao e garantido; depende de conectividade emergente."
21,2020,"EF577186","Qualitativo","Legibility","3/5","Likert 1-5","Estimado automaticamente","Parametro medido sobre a saida do Cellular Automata puro.","A legibilidade depende do equilibrio entre areas abertas, gargalos e ilhas desconectadas.","Cavernas organicas podem ser bonitas, mas menos legiveis que salas retangulares."
21,2020,"EF577186","Qualitativo","StructuralVariety","2/5","Likert 1-5","Estimado automaticamente","Parametro medido sobre a saida do Cellular Automata puro.","Indica variedade estrutural dentro desta execucao.","Boa variedade morfologica; menor controle sobre semantica estrutural."
21,2020,"EF577186","Performance","layoutGenerationMilliseconds","53.75","ms","Medido","Tempo para inicializar ruido, executar iteracoes celulares e extrair componentes.","Representa o custo algoritmico principal.","Inclui ruido inicial, iteracoes celulares e extracao de componentes."
21,2020,"EF577186","Performance","geometryInstantiationMilliseconds","47.249","ms","Medido","Parametro medido sobre a saida do Cellular Automata puro.","A execucao incluiu custo visual.","Custo visual depende dos prefabs/Unity, nao do CA puro."
21,2020,"EF577186","Performance","metricsCalculationMilliseconds","1.423","ms","Medido","Parametro medido sobre a saida do Cellular Automata puro.","Ajuda a quantificar custo da instrumentacao.","Custo da instrumentacao, nao do algoritmo."
21,2020,"EF577186","Performance","totalGenerationMilliseconds","102.424","ms","Medido","Parametro medido sobre a saida do Cellular Automata puro.","Inclui layout, instanciacao visual habilitada e calculo de metricas.","Inclui layout, instanciacao visual e metricas; compare junto do tempo logico."
21,2020,"EF577186","Performance","generatedGameObjectCount","3837","contagem","Medido","Parametro medido sobre a saida do Cellular Automata puro.","Indica peso potencial de instanciacao no Unity.","Reflete peso da montagem visual das celulas abertas."
21,2020,"EF577186","Performance","occupiedCellCount","2717","contagem","Medido","Parametro medido sobre a saida do Cellular Automata puro.","Proxy de escala espacial da dungeon.","Proxy do volume aberto gerado pelo CA."
21,2020,"EF577186","Performance","connectionCount","0","contagem","Medido","Quantidade de conexoes inferidas por gargalos/passagens ou sobreposicoes verticais.","Proxy de complexidade topologica.","Conexoes sao inferidas apos a geracao; nao sao primitivas nativas do CA."
21,2020,"EF577186","Performance","managedMemoryDeltaKB","-111312","KB","Estimado","Parametro medido sobre a saida do Cellular Automata puro.","Valor aproximado, sensivel a GC e ao estado do Editor.","Estimativa sujeita ao GC da Unity; use como indicio comparativo."
22,2021,"5ED0D661","Quantitativo","numRoomsTarget","6","contagem","Medido","Extracao de componentes abertos e densos apos iteracoes de Cellular Automata.","Tamanho estrutural da dungeon nesta execucao.","Cellular Automata nao cria salas como entidades planejadas; regioes emergem de celulas abertas."
22,2021,"5ED0D661","Quantitativo","connectivityRatio","16.67%","%","Medido","Busca no grafo extraido de componentes abertos; nenhuma conexao artificial e criada.","Mostra se as cavernas emergentes ficaram conectadas sem flood-fill reparador, carving ou grafo-guia.","CA puro nao garante conectividade global. Se a metrica ficar baixa, isso e uma limitacao real do algoritmo nesta configuracao."
22,2021,"5ED0D661","Quantitativo","verticalVariance","0","metros","Medido","Desvio padrao das alturas dos componentes extraidos do volume celular.","Sem variacao vertical nesta execucao; verifique se o Cellular Automata multiandar esta ativo.","Verticalidade so aparece em uma variante celular 3D/multiandar; CA 2D simples nao possui altura."
22,2021,"5ED0D661","Quantitativo","fillPercentage","61.04%","%","Medido","Celulas abertas apos a regra celular divididas pelo total do volume.","Indica densidade espacial da dungeon.","Densidade e controlada indiretamente por chance inicial e limites de nascimento/sobrevivencia."
22,2021,"5ED0D661","Quantitativo","branchFactor","0","media","Medido","Media de conexoes entre componentes extraidos por passagens estreitas detectadas.","Layout mais linear, com poucas bifurcacoes.","Ramificacao emerge de gargalos naturais, nao de um grafo explicito."
22,2021,"5ED0D661","Quantitativo","avgPathLength","0","metros","Medido","Distancias no grafo extraido do resultado celular.","Distancia media a partir da sala inicial.","Caminhos sao medidos depois da extracao; CA nao controla caminho critico diretamente."
22,2021,"5ED0D661","Quantitativo","uniqueModules","21","contagem","Medido","Contagem de categorias logicas e prefabs usados na leitura/instanciacao do resultado.","Indica variedade basica de composicao.","CA tende a variar forma organica, mas nao aumenta variedade modular sozinho."
22,2021,"5ED0D661","Quantitativo","navigableVolumeRatio","100%","%","Estimado sem NavMesh","Estimativa logica de celulas abertas antes de NavMesh.","Use como estimativa inicial, nao como validacao fisica final.","Proxy logico; ilhas desconectadas podem inflar area aberta sem criar navegabilidade util."
22,2021,"5ED0D661","Quantitativo","criticalPathLength","0","metros","Medido","Maior distancia no grafo extraido a partir do componente inicial.","Aproxima o percurso principal inicio-objetivo.","CA puro nao direciona progressao inicio-fim sem uma camada adicional."
22,2021,"5ED0D661","Quantitativo","avgAlternativePathLength","0","metros","Medido","Media de conexoes marcadas como ciclos emergentes entre componentes.","Nao houve caminho alternativo nesta execucao.","Loops podem emergir, mas nao sao garantidos."
22,2021,"5ED0D661","Booleano","SupportsRandomEnemySpawns","Sim, testado","sim/nao","Suportado","Parametro medido sobre a saida do Cellular Automata puro.","Sistema configurado e com orcamento ativo.","Spawns usam regioes abertas extraidas; balanceamento nao e propriedade nativa do CA."
22,2021,"5ED0D661","Booleano","SupportsLootDistribution","Sim, testado","sim/nao","Suportado","Parametro medido sobre a saida do Cellular Automata puro.","Sistema configurado e com orcamento ativo.","Loot pode ser colocado nas regioes abertas, mas progressao por risco depende de outra camada."
22,2021,"5ED0D661","Booleano","SupportsTraps","Sim, testado","sim/nao","Suportado","Parametro medido sobre a saida do Cellular Automata puro.","Sistema configurado e com orcamento ativo.","Armadilhas podem usar celulas abertas/gargalos, mas sem semantica global nativa."
22,2021,"5ED0D661","Booleano","SupportsBacktrackingLoops","Nao","sim/nao","Medido","Parametro medido sobre a saida do Cellular Automata puro.","Parametro atendido somente quando as conexoes emergentes formam ciclos no grafo extraido.","CA pode formar ciclos emergentes, mas sem controle direto de loops."
22,2021,"5ED0D661","Booleano","SupportsVerticalConnectors","Nao","sim/nao","Medido","Conta execucoes com celulas abertas alinhadas entre pavimentos e convertidas em conector vertical inferido.","Parametro atendido apenas se o volume celular multiandar gerar alinhamentos abertos entre camadas.","Possivel apenas em uma leitura 3D/multiandar do CA, por alinhamento de celulas abertas entre camadas."
22,2021,"5ED0D661","Booleano","SupportsMultiFloor","Nao","sim/nao","Medido","Conta execucoes com mais de um pavimento e pelo menos uma conexao vertical inferida do volume celular.","Parametro atendido quando existe conexao vertical inferida do proprio volume celular.","CA 2D puro nao e multiandar; a variante 3D continua celular, mas precisa ser relatada como extensao volumetrica."
22,2021,"5ED0D661","Booleano","SupportsBossArena","Sim","sim/nao","Medido","Parametro medido sobre a saida do Cellular Automata puro.","Existe ao menos uma sala grande o suficiente.","Areas grandes podem emergir naturalmente, mas nao como arena semanticamente planejada."
22,2021,"5ED0D661","Booleano","SeedReproducible","Sim","sim/nao","Medido","Parametro medido sobre a saida do Cellular Automata puro.","A seed reproduziu a mesma topologia.","Resultado reproduzivel se ruido inicial e iteracoes usam a mesma seed."
22,2021,"5ED0D661","Booleano","RuntimeRegeneration","Sim","sim/nao","Medido","Parametro medido sobre a saida do Cellular Automata puro.","Tempo registrado: 64.365 ms.","Custo cresce com tamanho do grid, pavimentos e iteracoes."
22,2021,"5ED0D661","Booleano","BudgetAwareSpawns","Sim","sim/nao","Suportado","Parametro medido sobre a saida do Cellular Automata puro.","Orcamentos registrados: inimigos 10, loot 6, armadilhas 4.","Orcamento e aplicado apos a geracao, sobre celulas livres extraidas."
22,2021,"5ED0D661","Qualitativo","Replayability","5/5","Likert 1-5","Estimado automaticamente","Parametro medido sobre a saida do Cellular Automata puro.","Diversidade topologica: 100%.","Alta variacao visual/organica entre seeds e esperada."
22,2021,"5ED0D661","Qualitativo","Debuggability","5/5","Likert 1-5","Estimado automaticamente","Parametro medido sobre a saida do Cellular Automata puro.","Cellular Automata e reproduzivel e simples de parametrizar, mas o efeito de pequenas mudancas nas regras precisa ser observado por bateladas.","Regras sao simples, mas efeitos globais emergentes exigem analise por metricas."
22,2021,"5ED0D661","Qualitativo","Flow","1/5","Likert 1-5","Estimado automaticamente","Parametro medido sobre a saida do Cellular Automata puro.","Indica fluidez de navegacao esperada.","Fluxo global nao e garantido; depende de conectividade emergente."
22,2021,"5ED0D661","Qualitativo","Legibility","3/5","Likert 1-5","Estimado automaticamente","Parametro medido sobre a saida do Cellular Automata puro.","A legibilidade depende do equilibrio entre areas abertas, gargalos e ilhas desconectadas.","Cavernas organicas podem ser bonitas, mas menos legiveis que salas retangulares."
22,2021,"5ED0D661","Qualitativo","StructuralVariety","2/5","Likert 1-5","Estimado automaticamente","Parametro medido sobre a saida do Cellular Automata puro.","Indica variedade estrutural dentro desta execucao.","Boa variedade morfologica; menor controle sobre semantica estrutural."
22,2021,"5ED0D661","Performance","layoutGenerationMilliseconds","10.637","ms","Medido","Tempo para inicializar ruido, executar iteracoes celulares e extrair componentes.","Representa o custo algoritmico principal.","Inclui ruido inicial, iteracoes celulares e extracao de componentes."
22,2021,"5ED0D661","Performance","geometryInstantiationMilliseconds","52.16","ms","Medido","Parametro medido sobre a saida do Cellular Automata puro.","A execucao incluiu custo visual.","Custo visual depende dos prefabs/Unity, nao do CA puro."
22,2021,"5ED0D661","Performance","metricsCalculationMilliseconds","1.564","ms","Medido","Parametro medido sobre a saida do Cellular Automata puro.","Ajuda a quantificar custo da instrumentacao.","Custo da instrumentacao, nao do algoritmo."
22,2021,"5ED0D661","Performance","totalGenerationMilliseconds","64.365","ms","Medido","Parametro medido sobre a saida do Cellular Automata puro.","Inclui layout, instanciacao visual habilitada e calculo de metricas.","Inclui layout, instanciacao visual e metricas; compare junto do tempo logico."
22,2021,"5ED0D661","Performance","generatedGameObjectCount","3816","contagem","Medido","Parametro medido sobre a saida do Cellular Automata puro.","Indica peso potencial de instanciacao no Unity.","Reflete peso da montagem visual das celulas abertas."
22,2021,"5ED0D661","Performance","occupiedCellCount","2500","contagem","Medido","Parametro medido sobre a saida do Cellular Automata puro.","Proxy de escala espacial da dungeon.","Proxy do volume aberto gerado pelo CA."
22,2021,"5ED0D661","Performance","connectionCount","0","contagem","Medido","Quantidade de conexoes inferidas por gargalos/passagens ou sobreposicoes verticais.","Proxy de complexidade topologica.","Conexoes sao inferidas apos a geracao; nao sao primitivas nativas do CA."
22,2021,"5ED0D661","Performance","managedMemoryDeltaKB","2888","KB","Estimado","Parametro medido sobre a saida do Cellular Automata puro.","Valor aproximado, sensivel a GC e ao estado do Editor.","Estimativa sujeita ao GC da Unity; use como indicio comparativo."
23,2022,"44E568B3","Quantitativo","numRoomsTarget","2","contagem","Medido","Extracao de componentes abertos e densos apos iteracoes de Cellular Automata.","Tamanho estrutural da dungeon nesta execucao.","Cellular Automata nao cria salas como entidades planejadas; regioes emergem de celulas abertas."
23,2022,"44E568B3","Quantitativo","connectivityRatio","50%","%","Medido","Busca no grafo extraido de componentes abertos; nenhuma conexao artificial e criada.","Mostra se as cavernas emergentes ficaram conectadas sem flood-fill reparador, carving ou grafo-guia.","CA puro nao garante conectividade global. Se a metrica ficar baixa, isso e uma limitacao real do algoritmo nesta configuracao."
23,2022,"44E568B3","Quantitativo","verticalVariance","0","metros","Medido","Desvio padrao das alturas dos componentes extraidos do volume celular.","Sem variacao vertical nesta execucao; verifique se o Cellular Automata multiandar esta ativo.","Verticalidade so aparece em uma variante celular 3D/multiandar; CA 2D simples nao possui altura."
23,2022,"44E568B3","Quantitativo","fillPercentage","66.92%","%","Medido","Celulas abertas apos a regra celular divididas pelo total do volume.","Indica densidade espacial da dungeon.","Densidade e controlada indiretamente por chance inicial e limites de nascimento/sobrevivencia."
23,2022,"44E568B3","Quantitativo","branchFactor","0","media","Medido","Media de conexoes entre componentes extraidos por passagens estreitas detectadas.","Layout mais linear, com poucas bifurcacoes.","Ramificacao emerge de gargalos naturais, nao de um grafo explicito."
23,2022,"44E568B3","Quantitativo","avgPathLength","0","metros","Medido","Distancias no grafo extraido do resultado celular.","Distancia media a partir da sala inicial.","Caminhos sao medidos depois da extracao; CA nao controla caminho critico diretamente."
23,2022,"44E568B3","Quantitativo","uniqueModules","12","contagem","Medido","Contagem de categorias logicas e prefabs usados na leitura/instanciacao do resultado.","Indica variedade basica de composicao.","CA tende a variar forma organica, mas nao aumenta variedade modular sozinho."
23,2022,"44E568B3","Quantitativo","navigableVolumeRatio","100%","%","Estimado sem NavMesh","Estimativa logica de celulas abertas antes de NavMesh.","Use como estimativa inicial, nao como validacao fisica final.","Proxy logico; ilhas desconectadas podem inflar area aberta sem criar navegabilidade util."
23,2022,"44E568B3","Quantitativo","criticalPathLength","0","metros","Medido","Maior distancia no grafo extraido a partir do componente inicial.","Aproxima o percurso principal inicio-objetivo.","CA puro nao direciona progressao inicio-fim sem uma camada adicional."
23,2022,"44E568B3","Quantitativo","avgAlternativePathLength","0","metros","Medido","Media de conexoes marcadas como ciclos emergentes entre componentes.","Nao houve caminho alternativo nesta execucao.","Loops podem emergir, mas nao sao garantidos."
23,2022,"44E568B3","Booleano","SupportsRandomEnemySpawns","Sim, testado","sim/nao","Suportado","Parametro medido sobre a saida do Cellular Automata puro.","Sistema configurado e com orcamento ativo.","Spawns usam regioes abertas extraidas; balanceamento nao e propriedade nativa do CA."
23,2022,"44E568B3","Booleano","SupportsLootDistribution","Sim, testado","sim/nao","Suportado","Parametro medido sobre a saida do Cellular Automata puro.","Sistema configurado e com orcamento ativo.","Loot pode ser colocado nas regioes abertas, mas progressao por risco depende de outra camada."
23,2022,"44E568B3","Booleano","SupportsTraps","Sim, testado","sim/nao","Suportado","Parametro medido sobre a saida do Cellular Automata puro.","Sistema configurado e com orcamento ativo.","Armadilhas podem usar celulas abertas/gargalos, mas sem semantica global nativa."
23,2022,"44E568B3","Booleano","SupportsBacktrackingLoops","Nao","sim/nao","Medido","Parametro medido sobre a saida do Cellular Automata puro.","Parametro atendido somente quando as conexoes emergentes formam ciclos no grafo extraido.","CA pode formar ciclos emergentes, mas sem controle direto de loops."
23,2022,"44E568B3","Booleano","SupportsVerticalConnectors","Nao","sim/nao","Medido","Conta execucoes com celulas abertas alinhadas entre pavimentos e convertidas em conector vertical inferido.","Parametro atendido apenas se o volume celular multiandar gerar alinhamentos abertos entre camadas.","Possivel apenas em uma leitura 3D/multiandar do CA, por alinhamento de celulas abertas entre camadas."
23,2022,"44E568B3","Booleano","SupportsMultiFloor","Nao","sim/nao","Medido","Conta execucoes com mais de um pavimento e pelo menos uma conexao vertical inferida do volume celular.","Parametro atendido quando existe conexao vertical inferida do proprio volume celular.","CA 2D puro nao e multiandar; a variante 3D continua celular, mas precisa ser relatada como extensao volumetrica."
23,2022,"44E568B3","Booleano","SupportsBossArena","Sim","sim/nao","Medido","Parametro medido sobre a saida do Cellular Automata puro.","Existe ao menos uma sala grande o suficiente.","Areas grandes podem emergir naturalmente, mas nao como arena semanticamente planejada."
23,2022,"44E568B3","Booleano","SeedReproducible","Sim","sim/nao","Medido","Parametro medido sobre a saida do Cellular Automata puro.","A seed reproduziu a mesma topologia.","Resultado reproduzivel se ruido inicial e iteracoes usam a mesma seed."
23,2022,"44E568B3","Booleano","RuntimeRegeneration","Sim","sim/nao","Medido","Parametro medido sobre a saida do Cellular Automata puro.","Tempo registrado: 63.777 ms.","Custo cresce com tamanho do grid, pavimentos e iteracoes."
23,2022,"44E568B3","Booleano","BudgetAwareSpawns","Sim","sim/nao","Suportado","Parametro medido sobre a saida do Cellular Automata puro.","Orcamentos registrados: inimigos 10, loot 6, armadilhas 4.","Orcamento e aplicado apos a geracao, sobre celulas livres extraidas."
23,2022,"44E568B3","Qualitativo","Replayability","5/5","Likert 1-5","Estimado automaticamente","Parametro medido sobre a saida do Cellular Automata puro.","Diversidade topologica: 100%.","Alta variacao visual/organica entre seeds e esperada."
23,2022,"44E568B3","Qualitativo","Debuggability","5/5","Likert 1-5","Estimado automaticamente","Parametro medido sobre a saida do Cellular Automata puro.","Cellular Automata e reproduzivel e simples de parametrizar, mas o efeito de pequenas mudancas nas regras precisa ser observado por bateladas.","Regras sao simples, mas efeitos globais emergentes exigem analise por metricas."
23,2022,"44E568B3","Qualitativo","Flow","1/5","Likert 1-5","Estimado automaticamente","Parametro medido sobre a saida do Cellular Automata puro.","Indica fluidez de navegacao esperada.","Fluxo global nao e garantido; depende de conectividade emergente."
23,2022,"44E568B3","Qualitativo","Legibility","3/5","Likert 1-5","Estimado automaticamente","Parametro medido sobre a saida do Cellular Automata puro.","A legibilidade depende do equilibrio entre areas abertas, gargalos e ilhas desconectadas.","Cavernas organicas podem ser bonitas, mas menos legiveis que salas retangulares."
23,2022,"44E568B3","Qualitativo","StructuralVariety","2/5","Likert 1-5","Estimado automaticamente","Parametro medido sobre a saida do Cellular Automata puro.","Indica variedade estrutural dentro desta execucao.","Boa variedade morfologica; menor controle sobre semantica estrutural."
23,2022,"44E568B3","Performance","layoutGenerationMilliseconds","11.555","ms","Medido","Tempo para inicializar ruido, executar iteracoes celulares e extrair componentes.","Representa o custo algoritmico principal.","Inclui ruido inicial, iteracoes celulares e extracao de componentes."
23,2022,"44E568B3","Performance","geometryInstantiationMilliseconds","50.596","ms","Medido","Parametro medido sobre a saida do Cellular Automata puro.","A execucao incluiu custo visual.","Custo visual depende dos prefabs/Unity, nao do CA puro."
23,2022,"44E568B3","Performance","metricsCalculationMilliseconds","1.622","ms","Medido","Parametro medido sobre a saida do Cellular Automata puro.","Ajuda a quantificar custo da instrumentacao.","Custo da instrumentacao, nao do algoritmo."
23,2022,"44E568B3","Performance","totalGenerationMilliseconds","63.777","ms","Medido","Parametro medido sobre a saida do Cellular Automata puro.","Inclui layout, instanciacao visual habilitada e calculo de metricas.","Inclui layout, instanciacao visual e metricas; compare junto do tempo logico."
23,2022,"44E568B3","Performance","generatedGameObjectCount","3841","contagem","Medido","Parametro medido sobre a saida do Cellular Automata puro.","Indica peso potencial de instanciacao no Unity.","Reflete peso da montagem visual das celulas abertas."
23,2022,"44E568B3","Performance","occupiedCellCount","2741","contagem","Medido","Parametro medido sobre a saida do Cellular Automata puro.","Proxy de escala espacial da dungeon.","Proxy do volume aberto gerado pelo CA."
23,2022,"44E568B3","Performance","connectionCount","0","contagem","Medido","Quantidade de conexoes inferidas por gargalos/passagens ou sobreposicoes verticais.","Proxy de complexidade topologica.","Conexoes sao inferidas apos a geracao; nao sao primitivas nativas do CA."
23,2022,"44E568B3","Performance","managedMemoryDeltaKB","6620","KB","Estimado","Parametro medido sobre a saida do Cellular Automata puro.","Valor aproximado, sensivel a GC e ao estado do Editor.","Estimativa sujeita ao GC da Unity; use como indicio comparativo."
24,2023,"DB8290D7","Quantitativo","numRoomsTarget","1","contagem","Medido","Extracao de componentes abertos e densos apos iteracoes de Cellular Automata.","Tamanho estrutural da dungeon nesta execucao.","Cellular Automata nao cria salas como entidades planejadas; regioes emergem de celulas abertas."
24,2023,"DB8290D7","Quantitativo","connectivityRatio","100%","%","Medido","Busca no grafo extraido de componentes abertos; nenhuma conexao artificial e criada.","Mostra se as cavernas emergentes ficaram conectadas sem flood-fill reparador, carving ou grafo-guia.","CA puro nao garante conectividade global. Se a metrica ficar baixa, isso e uma limitacao real do algoritmo nesta configuracao."
24,2023,"DB8290D7","Quantitativo","verticalVariance","0","metros","Medido","Desvio padrao das alturas dos componentes extraidos do volume celular.","Sem variacao vertical nesta execucao; verifique se o Cellular Automata multiandar esta ativo.","Verticalidade so aparece em uma variante celular 3D/multiandar; CA 2D simples nao possui altura."
24,2023,"DB8290D7","Quantitativo","fillPercentage","65.92%","%","Medido","Celulas abertas apos a regra celular divididas pelo total do volume.","Indica densidade espacial da dungeon.","Densidade e controlada indiretamente por chance inicial e limites de nascimento/sobrevivencia."
24,2023,"DB8290D7","Quantitativo","branchFactor","0","media","Medido","Media de conexoes entre componentes extraidos por passagens estreitas detectadas.","Layout mais linear, com poucas bifurcacoes.","Ramificacao emerge de gargalos naturais, nao de um grafo explicito."
24,2023,"DB8290D7","Quantitativo","avgPathLength","0","metros","Medido","Distancias no grafo extraido do resultado celular.","Distancia media a partir da sala inicial.","Caminhos sao medidos depois da extracao; CA nao controla caminho critico diretamente."
24,2023,"DB8290D7","Quantitativo","uniqueModules","13","contagem","Medido","Contagem de categorias logicas e prefabs usados na leitura/instanciacao do resultado.","Indica variedade basica de composicao.","CA tende a variar forma organica, mas nao aumenta variedade modular sozinho."
24,2023,"DB8290D7","Quantitativo","navigableVolumeRatio","100%","%","Estimado sem NavMesh","Estimativa logica de celulas abertas antes de NavMesh.","Use como estimativa inicial, nao como validacao fisica final.","Proxy logico; ilhas desconectadas podem inflar area aberta sem criar navegabilidade util."
24,2023,"DB8290D7","Quantitativo","criticalPathLength","0","metros","Medido","Maior distancia no grafo extraido a partir do componente inicial.","Aproxima o percurso principal inicio-objetivo.","CA puro nao direciona progressao inicio-fim sem uma camada adicional."
24,2023,"DB8290D7","Quantitativo","avgAlternativePathLength","0","metros","Medido","Media de conexoes marcadas como ciclos emergentes entre componentes.","Nao houve caminho alternativo nesta execucao.","Loops podem emergir, mas nao sao garantidos."
24,2023,"DB8290D7","Booleano","SupportsRandomEnemySpawns","Sim, testado","sim/nao","Suportado","Parametro medido sobre a saida do Cellular Automata puro.","Sistema configurado e com orcamento ativo.","Spawns usam regioes abertas extraidas; balanceamento nao e propriedade nativa do CA."
24,2023,"DB8290D7","Booleano","SupportsLootDistribution","Sim, testado","sim/nao","Suportado","Parametro medido sobre a saida do Cellular Automata puro.","Sistema configurado e com orcamento ativo.","Loot pode ser colocado nas regioes abertas, mas progressao por risco depende de outra camada."
24,2023,"DB8290D7","Booleano","SupportsTraps","Sim, testado","sim/nao","Suportado","Parametro medido sobre a saida do Cellular Automata puro.","Sistema configurado e com orcamento ativo.","Armadilhas podem usar celulas abertas/gargalos, mas sem semantica global nativa."
24,2023,"DB8290D7","Booleano","SupportsBacktrackingLoops","Nao","sim/nao","Medido","Parametro medido sobre a saida do Cellular Automata puro.","Parametro atendido somente quando as conexoes emergentes formam ciclos no grafo extraido.","CA pode formar ciclos emergentes, mas sem controle direto de loops."
24,2023,"DB8290D7","Booleano","SupportsVerticalConnectors","Nao","sim/nao","Medido","Conta execucoes com celulas abertas alinhadas entre pavimentos e convertidas em conector vertical inferido.","Parametro atendido apenas se o volume celular multiandar gerar alinhamentos abertos entre camadas.","Possivel apenas em uma leitura 3D/multiandar do CA, por alinhamento de celulas abertas entre camadas."
24,2023,"DB8290D7","Booleano","SupportsMultiFloor","Nao","sim/nao","Medido","Conta execucoes com mais de um pavimento e pelo menos uma conexao vertical inferida do volume celular.","Parametro atendido quando existe conexao vertical inferida do proprio volume celular.","CA 2D puro nao e multiandar; a variante 3D continua celular, mas precisa ser relatada como extensao volumetrica."
24,2023,"DB8290D7","Booleano","SupportsBossArena","Sim","sim/nao","Medido","Parametro medido sobre a saida do Cellular Automata puro.","Existe ao menos uma sala grande o suficiente.","Areas grandes podem emergir naturalmente, mas nao como arena semanticamente planejada."
24,2023,"DB8290D7","Booleano","SeedReproducible","Sim","sim/nao","Medido","Parametro medido sobre a saida do Cellular Automata puro.","A seed reproduziu a mesma topologia.","Resultado reproduzivel se ruido inicial e iteracoes usam a mesma seed."
24,2023,"DB8290D7","Booleano","RuntimeRegeneration","Sim","sim/nao","Medido","Parametro medido sobre a saida do Cellular Automata puro.","Tempo registrado: 65.661 ms.","Custo cresce com tamanho do grid, pavimentos e iteracoes."
24,2023,"DB8290D7","Booleano","BudgetAwareSpawns","Sim","sim/nao","Suportado","Parametro medido sobre a saida do Cellular Automata puro.","Orcamentos registrados: inimigos 10, loot 6, armadilhas 4.","Orcamento e aplicado apos a geracao, sobre celulas livres extraidas."
24,2023,"DB8290D7","Qualitativo","Replayability","5/5","Likert 1-5","Estimado automaticamente","Parametro medido sobre a saida do Cellular Automata puro.","Diversidade topologica: 100%.","Alta variacao visual/organica entre seeds e esperada."
24,2023,"DB8290D7","Qualitativo","Debuggability","5/5","Likert 1-5","Estimado automaticamente","Parametro medido sobre a saida do Cellular Automata puro.","Cellular Automata e reproduzivel e simples de parametrizar, mas o efeito de pequenas mudancas nas regras precisa ser observado por bateladas.","Regras sao simples, mas efeitos globais emergentes exigem analise por metricas."
24,2023,"DB8290D7","Qualitativo","Flow","3/5","Likert 1-5","Estimado automaticamente","Parametro medido sobre a saida do Cellular Automata puro.","Indica fluidez de navegacao esperada.","Fluxo global nao e garantido; depende de conectividade emergente."
24,2023,"DB8290D7","Qualitativo","Legibility","4/5","Likert 1-5","Estimado automaticamente","Parametro medido sobre a saida do Cellular Automata puro.","A legibilidade depende do equilibrio entre areas abertas, gargalos e ilhas desconectadas.","Cavernas organicas podem ser bonitas, mas menos legiveis que salas retangulares."
24,2023,"DB8290D7","Qualitativo","StructuralVariety","2/5","Likert 1-5","Estimado automaticamente","Parametro medido sobre a saida do Cellular Automata puro.","Indica variedade estrutural dentro desta execucao.","Boa variedade morfologica; menor controle sobre semantica estrutural."
24,2023,"DB8290D7","Performance","layoutGenerationMilliseconds","13.755","ms","Medido","Tempo para inicializar ruido, executar iteracoes celulares e extrair componentes.","Representa o custo algoritmico principal.","Inclui ruido inicial, iteracoes celulares e extracao de componentes."
24,2023,"DB8290D7","Performance","geometryInstantiationMilliseconds","50.625","ms","Medido","Parametro medido sobre a saida do Cellular Automata puro.","A execucao incluiu custo visual.","Custo visual depende dos prefabs/Unity, nao do CA puro."
24,2023,"DB8290D7","Performance","metricsCalculationMilliseconds","1.278","ms","Medido","Parametro medido sobre a saida do Cellular Automata puro.","Ajuda a quantificar custo da instrumentacao.","Custo da instrumentacao, nao do algoritmo."
24,2023,"DB8290D7","Performance","totalGenerationMilliseconds","65.661","ms","Medido","Parametro medido sobre a saida do Cellular Automata puro.","Inclui layout, instanciacao visual habilitada e calculo de metricas.","Inclui layout, instanciacao visual e metricas; compare junto do tempo logico."
24,2023,"DB8290D7","Performance","generatedGameObjectCount","3866","contagem","Medido","Parametro medido sobre a saida do Cellular Automata puro.","Indica peso potencial de instanciacao no Unity.","Reflete peso da montagem visual das celulas abertas."
24,2023,"DB8290D7","Performance","occupiedCellCount","2700","contagem","Medido","Parametro medido sobre a saida do Cellular Automata puro.","Proxy de escala espacial da dungeon.","Proxy do volume aberto gerado pelo CA."
24,2023,"DB8290D7","Performance","connectionCount","0","contagem","Medido","Quantidade de conexoes inferidas por gargalos/passagens ou sobreposicoes verticais.","Proxy de complexidade topologica.","Conexoes sao inferidas apos a geracao; nao sao primitivas nativas do CA."
24,2023,"DB8290D7","Performance","managedMemoryDeltaKB","6884","KB","Estimado","Parametro medido sobre a saida do Cellular Automata puro.","Valor aproximado, sensivel a GC e ao estado do Editor.","Estimativa sujeita ao GC da Unity; use como indicio comparativo."
25,2024,"00FF1EC5","Quantitativo","numRoomsTarget","1","contagem","Medido","Extracao de componentes abertos e densos apos iteracoes de Cellular Automata.","Tamanho estrutural da dungeon nesta execucao.","Cellular Automata nao cria salas como entidades planejadas; regioes emergem de celulas abertas."
25,2024,"00FF1EC5","Quantitativo","connectivityRatio","100%","%","Medido","Busca no grafo extraido de componentes abertos; nenhuma conexao artificial e criada.","Mostra se as cavernas emergentes ficaram conectadas sem flood-fill reparador, carving ou grafo-guia.","CA puro nao garante conectividade global. Se a metrica ficar baixa, isso e uma limitacao real do algoritmo nesta configuracao."
25,2024,"00FF1EC5","Quantitativo","verticalVariance","0","metros","Medido","Desvio padrao das alturas dos componentes extraidos do volume celular.","Sem variacao vertical nesta execucao; verifique se o Cellular Automata multiandar esta ativo.","Verticalidade so aparece em uma variante celular 3D/multiandar; CA 2D simples nao possui altura."
25,2024,"00FF1EC5","Quantitativo","fillPercentage","65.75%","%","Medido","Celulas abertas apos a regra celular divididas pelo total do volume.","Indica densidade espacial da dungeon.","Densidade e controlada indiretamente por chance inicial e limites de nascimento/sobrevivencia."
25,2024,"00FF1EC5","Quantitativo","branchFactor","0","media","Medido","Media de conexoes entre componentes extraidos por passagens estreitas detectadas.","Layout mais linear, com poucas bifurcacoes.","Ramificacao emerge de gargalos naturais, nao de um grafo explicito."
25,2024,"00FF1EC5","Quantitativo","avgPathLength","0","metros","Medido","Distancias no grafo extraido do resultado celular.","Distancia media a partir da sala inicial.","Caminhos sao medidos depois da extracao; CA nao controla caminho critico diretamente."
25,2024,"00FF1EC5","Quantitativo","uniqueModules","14","contagem","Medido","Contagem de categorias logicas e prefabs usados na leitura/instanciacao do resultado.","Indica variedade basica de composicao.","CA tende a variar forma organica, mas nao aumenta variedade modular sozinho."
25,2024,"00FF1EC5","Quantitativo","navigableVolumeRatio","100%","%","Estimado sem NavMesh","Estimativa logica de celulas abertas antes de NavMesh.","Use como estimativa inicial, nao como validacao fisica final.","Proxy logico; ilhas desconectadas podem inflar area aberta sem criar navegabilidade util."
25,2024,"00FF1EC5","Quantitativo","criticalPathLength","0","metros","Medido","Maior distancia no grafo extraido a partir do componente inicial.","Aproxima o percurso principal inicio-objetivo.","CA puro nao direciona progressao inicio-fim sem uma camada adicional."
25,2024,"00FF1EC5","Quantitativo","avgAlternativePathLength","0","metros","Medido","Media de conexoes marcadas como ciclos emergentes entre componentes.","Nao houve caminho alternativo nesta execucao.","Loops podem emergir, mas nao sao garantidos."
25,2024,"00FF1EC5","Booleano","SupportsRandomEnemySpawns","Sim, testado","sim/nao","Suportado","Parametro medido sobre a saida do Cellular Automata puro.","Sistema configurado e com orcamento ativo.","Spawns usam regioes abertas extraidas; balanceamento nao e propriedade nativa do CA."
25,2024,"00FF1EC5","Booleano","SupportsLootDistribution","Sim, testado","sim/nao","Suportado","Parametro medido sobre a saida do Cellular Automata puro.","Sistema configurado e com orcamento ativo.","Loot pode ser colocado nas regioes abertas, mas progressao por risco depende de outra camada."
25,2024,"00FF1EC5","Booleano","SupportsTraps","Sim, testado","sim/nao","Suportado","Parametro medido sobre a saida do Cellular Automata puro.","Sistema configurado e com orcamento ativo.","Armadilhas podem usar celulas abertas/gargalos, mas sem semantica global nativa."
25,2024,"00FF1EC5","Booleano","SupportsBacktrackingLoops","Nao","sim/nao","Medido","Parametro medido sobre a saida do Cellular Automata puro.","Parametro atendido somente quando as conexoes emergentes formam ciclos no grafo extraido.","CA pode formar ciclos emergentes, mas sem controle direto de loops."
25,2024,"00FF1EC5","Booleano","SupportsVerticalConnectors","Nao","sim/nao","Medido","Conta execucoes com celulas abertas alinhadas entre pavimentos e convertidas em conector vertical inferido.","Parametro atendido apenas se o volume celular multiandar gerar alinhamentos abertos entre camadas.","Possivel apenas em uma leitura 3D/multiandar do CA, por alinhamento de celulas abertas entre camadas."
25,2024,"00FF1EC5","Booleano","SupportsMultiFloor","Nao","sim/nao","Medido","Conta execucoes com mais de um pavimento e pelo menos uma conexao vertical inferida do volume celular.","Parametro atendido quando existe conexao vertical inferida do proprio volume celular.","CA 2D puro nao e multiandar; a variante 3D continua celular, mas precisa ser relatada como extensao volumetrica."
25,2024,"00FF1EC5","Booleano","SupportsBossArena","Sim","sim/nao","Medido","Parametro medido sobre a saida do Cellular Automata puro.","Existe ao menos uma sala grande o suficiente.","Areas grandes podem emergir naturalmente, mas nao como arena semanticamente planejada."
25,2024,"00FF1EC5","Booleano","SeedReproducible","Sim","sim/nao","Medido","Parametro medido sobre a saida do Cellular Automata puro.","A seed reproduziu a mesma topologia.","Resultado reproduzivel se ruido inicial e iteracoes usam a mesma seed."
25,2024,"00FF1EC5","Booleano","RuntimeRegeneration","Sim","sim/nao","Medido","Parametro medido sobre a saida do Cellular Automata puro.","Tempo registrado: 72 ms.","Custo cresce com tamanho do grid, pavimentos e iteracoes."
25,2024,"00FF1EC5","Booleano","BudgetAwareSpawns","Sim","sim/nao","Suportado","Parametro medido sobre a saida do Cellular Automata puro.","Orcamentos registrados: inimigos 10, loot 6, armadilhas 4.","Orcamento e aplicado apos a geracao, sobre celulas livres extraidas."
25,2024,"00FF1EC5","Qualitativo","Replayability","5/5","Likert 1-5","Estimado automaticamente","Parametro medido sobre a saida do Cellular Automata puro.","Diversidade topologica: 100%.","Alta variacao visual/organica entre seeds e esperada."
25,2024,"00FF1EC5","Qualitativo","Debuggability","5/5","Likert 1-5","Estimado automaticamente","Parametro medido sobre a saida do Cellular Automata puro.","Cellular Automata e reproduzivel e simples de parametrizar, mas o efeito de pequenas mudancas nas regras precisa ser observado por bateladas.","Regras sao simples, mas efeitos globais emergentes exigem analise por metricas."
25,2024,"00FF1EC5","Qualitativo","Flow","3/5","Likert 1-5","Estimado automaticamente","Parametro medido sobre a saida do Cellular Automata puro.","Indica fluidez de navegacao esperada.","Fluxo global nao e garantido; depende de conectividade emergente."
25,2024,"00FF1EC5","Qualitativo","Legibility","4/5","Likert 1-5","Estimado automaticamente","Parametro medido sobre a saida do Cellular Automata puro.","A legibilidade depende do equilibrio entre areas abertas, gargalos e ilhas desconectadas.","Cavernas organicas podem ser bonitas, mas menos legiveis que salas retangulares."
25,2024,"00FF1EC5","Qualitativo","StructuralVariety","2/5","Likert 1-5","Estimado automaticamente","Parametro medido sobre a saida do Cellular Automata puro.","Indica variedade estrutural dentro desta execucao.","Boa variedade morfologica; menor controle sobre semantica estrutural."
25,2024,"00FF1EC5","Performance","layoutGenerationMilliseconds","14.878","ms","Medido","Tempo para inicializar ruido, executar iteracoes celulares e extrair componentes.","Representa o custo algoritmico principal.","Inclui ruido inicial, iteracoes celulares e extracao de componentes."
25,2024,"00FF1EC5","Performance","geometryInstantiationMilliseconds","55.343","ms","Medido","Parametro medido sobre a saida do Cellular Automata puro.","A execucao incluiu custo visual.","Custo visual depende dos prefabs/Unity, nao do CA puro."
25,2024,"00FF1EC5","Performance","metricsCalculationMilliseconds","1.775","ms","Medido","Parametro medido sobre a saida do Cellular Automata puro.","Ajuda a quantificar custo da instrumentacao.","Custo da instrumentacao, nao do algoritmo."
25,2024,"00FF1EC5","Performance","totalGenerationMilliseconds","72","ms","Medido","Parametro medido sobre a saida do Cellular Automata puro.","Inclui layout, instanciacao visual habilitada e calculo de metricas.","Inclui layout, instanciacao visual e metricas; compare junto do tempo logico."
25,2024,"00FF1EC5","Performance","generatedGameObjectCount","3801","contagem","Medido","Parametro medido sobre a saida do Cellular Automata puro.","Indica peso potencial de instanciacao no Unity.","Reflete peso da montagem visual das celulas abertas."
25,2024,"00FF1EC5","Performance","occupiedCellCount","2693","contagem","Medido","Parametro medido sobre a saida do Cellular Automata puro.","Proxy de escala espacial da dungeon.","Proxy do volume aberto gerado pelo CA."
25,2024,"00FF1EC5","Performance","connectionCount","0","contagem","Medido","Quantidade de conexoes inferidas por gargalos/passagens ou sobreposicoes verticais.","Proxy de complexidade topologica.","Conexoes sao inferidas apos a geracao; nao sao primitivas nativas do CA."
25,2024,"00FF1EC5","Performance","managedMemoryDeltaKB","7028","KB","Estimado","Parametro medido sobre a saida do Cellular Automata puro.","Valor aproximado, sensivel a GC e ao estado do Editor.","Estimativa sujeita ao GC da Unity; use como indicio comparativo."
26,2025,"8CFA022E","Quantitativo","numRoomsTarget","5","contagem","Medido","Extracao de componentes abertos e densos apos iteracoes de Cellular Automata.","Tamanho estrutural da dungeon nesta execucao.","Cellular Automata nao cria salas como entidades planejadas; regioes emergem de celulas abertas."
26,2025,"8CFA022E","Quantitativo","connectivityRatio","40%","%","Medido","Busca no grafo extraido de componentes abertos; nenhuma conexao artificial e criada.","Mostra se as cavernas emergentes ficaram conectadas sem flood-fill reparador, carving ou grafo-guia.","CA puro nao garante conectividade global. Se a metrica ficar baixa, isso e uma limitacao real do algoritmo nesta configuracao."
26,2025,"8CFA022E","Quantitativo","verticalVariance","0","metros","Medido","Desvio padrao das alturas dos componentes extraidos do volume celular.","Sem variacao vertical nesta execucao; verifique se o Cellular Automata multiandar esta ativo.","Verticalidade so aparece em uma variante celular 3D/multiandar; CA 2D simples nao possui altura."
26,2025,"8CFA022E","Quantitativo","fillPercentage","64.26%","%","Medido","Celulas abertas apos a regra celular divididas pelo total do volume.","Indica densidade espacial da dungeon.","Densidade e controlada indiretamente por chance inicial e limites de nascimento/sobrevivencia."
26,2025,"8CFA022E","Quantitativo","branchFactor","0.4","media","Medido","Media de conexoes entre componentes extraidos por passagens estreitas detectadas.","Layout mais linear, com poucas bifurcacoes.","Ramificacao emerge de gargalos naturais, nao de um grafo explicito."
26,2025,"8CFA022E","Quantitativo","avgPathLength","54.406","metros","Medido","Distancias no grafo extraido do resultado celular.","Distancia media a partir da sala inicial.","Caminhos sao medidos depois da extracao; CA nao controla caminho critico diretamente."
26,2025,"8CFA022E","Quantitativo","uniqueModules","21","contagem","Medido","Contagem de categorias logicas e prefabs usados na leitura/instanciacao do resultado.","Indica variedade basica de composicao.","CA tende a variar forma organica, mas nao aumenta variedade modular sozinho."
26,2025,"8CFA022E","Quantitativo","navigableVolumeRatio","100%","%","Estimado sem NavMesh","Estimativa logica de celulas abertas antes de NavMesh.","Use como estimativa inicial, nao como validacao fisica final.","Proxy logico; ilhas desconectadas podem inflar area aberta sem criar navegabilidade util."
26,2025,"8CFA022E","Quantitativo","criticalPathLength","54.406","metros","Medido","Maior distancia no grafo extraido a partir do componente inicial.","Aproxima o percurso principal inicio-objetivo.","CA puro nao direciona progressao inicio-fim sem uma camada adicional."
26,2025,"8CFA022E","Quantitativo","avgAlternativePathLength","0","metros","Medido","Media de conexoes marcadas como ciclos emergentes entre componentes.","Nao houve caminho alternativo nesta execucao.","Loops podem emergir, mas nao sao garantidos."
26,2025,"8CFA022E","Booleano","SupportsRandomEnemySpawns","Sim, testado","sim/nao","Suportado","Parametro medido sobre a saida do Cellular Automata puro.","Sistema configurado e com orcamento ativo.","Spawns usam regioes abertas extraidas; balanceamento nao e propriedade nativa do CA."
26,2025,"8CFA022E","Booleano","SupportsLootDistribution","Sim, testado","sim/nao","Suportado","Parametro medido sobre a saida do Cellular Automata puro.","Sistema configurado e com orcamento ativo.","Loot pode ser colocado nas regioes abertas, mas progressao por risco depende de outra camada."
26,2025,"8CFA022E","Booleano","SupportsTraps","Sim, testado","sim/nao","Suportado","Parametro medido sobre a saida do Cellular Automata puro.","Sistema configurado e com orcamento ativo.","Armadilhas podem usar celulas abertas/gargalos, mas sem semantica global nativa."
26,2025,"8CFA022E","Booleano","SupportsBacktrackingLoops","Nao","sim/nao","Medido","Parametro medido sobre a saida do Cellular Automata puro.","Parametro atendido somente quando as conexoes emergentes formam ciclos no grafo extraido.","CA pode formar ciclos emergentes, mas sem controle direto de loops."
26,2025,"8CFA022E","Booleano","SupportsVerticalConnectors","Nao","sim/nao","Medido","Conta execucoes com celulas abertas alinhadas entre pavimentos e convertidas em conector vertical inferido.","Parametro atendido apenas se o volume celular multiandar gerar alinhamentos abertos entre camadas.","Possivel apenas em uma leitura 3D/multiandar do CA, por alinhamento de celulas abertas entre camadas."
26,2025,"8CFA022E","Booleano","SupportsMultiFloor","Nao","sim/nao","Medido","Conta execucoes com mais de um pavimento e pelo menos uma conexao vertical inferida do volume celular.","Parametro atendido quando existe conexao vertical inferida do proprio volume celular.","CA 2D puro nao e multiandar; a variante 3D continua celular, mas precisa ser relatada como extensao volumetrica."
26,2025,"8CFA022E","Booleano","SupportsBossArena","Sim","sim/nao","Medido","Parametro medido sobre a saida do Cellular Automata puro.","Existe ao menos uma sala grande o suficiente.","Areas grandes podem emergir naturalmente, mas nao como arena semanticamente planejada."
26,2025,"8CFA022E","Booleano","SeedReproducible","Sim","sim/nao","Medido","Parametro medido sobre a saida do Cellular Automata puro.","A seed reproduziu a mesma topologia.","Resultado reproduzivel se ruido inicial e iteracoes usam a mesma seed."
26,2025,"8CFA022E","Booleano","RuntimeRegeneration","Sim","sim/nao","Medido","Parametro medido sobre a saida do Cellular Automata puro.","Tempo registrado: 73.661 ms.","Custo cresce com tamanho do grid, pavimentos e iteracoes."
26,2025,"8CFA022E","Booleano","BudgetAwareSpawns","Sim","sim/nao","Suportado","Parametro medido sobre a saida do Cellular Automata puro.","Orcamentos registrados: inimigos 10, loot 6, armadilhas 4.","Orcamento e aplicado apos a geracao, sobre celulas livres extraidas."
26,2025,"8CFA022E","Qualitativo","Replayability","5/5","Likert 1-5","Estimado automaticamente","Parametro medido sobre a saida do Cellular Automata puro.","Diversidade topologica: 100%.","Alta variacao visual/organica entre seeds e esperada."
26,2025,"8CFA022E","Qualitativo","Debuggability","5/5","Likert 1-5","Estimado automaticamente","Parametro medido sobre a saida do Cellular Automata puro.","Cellular Automata e reproduzivel e simples de parametrizar, mas o efeito de pequenas mudancas nas regras precisa ser observado por bateladas.","Regras sao simples, mas efeitos globais emergentes exigem analise por metricas."
26,2025,"8CFA022E","Qualitativo","Flow","2/5","Likert 1-5","Estimado automaticamente","Parametro medido sobre a saida do Cellular Automata puro.","Indica fluidez de navegacao esperada.","Fluxo global nao e garantido; depende de conectividade emergente."
26,2025,"8CFA022E","Qualitativo","Legibility","3/5","Likert 1-5","Estimado automaticamente","Parametro medido sobre a saida do Cellular Automata puro.","A legibilidade depende do equilibrio entre areas abertas, gargalos e ilhas desconectadas.","Cavernas organicas podem ser bonitas, mas menos legiveis que salas retangulares."
26,2025,"8CFA022E","Qualitativo","StructuralVariety","2/5","Likert 1-5","Estimado automaticamente","Parametro medido sobre a saida do Cellular Automata puro.","Indica variedade estrutural dentro desta execucao.","Boa variedade morfologica; menor controle sobre semantica estrutural."
26,2025,"8CFA022E","Performance","layoutGenerationMilliseconds","13.632","ms","Medido","Tempo para inicializar ruido, executar iteracoes celulares e extrair componentes.","Representa o custo algoritmico principal.","Inclui ruido inicial, iteracoes celulares e extracao de componentes."
26,2025,"8CFA022E","Performance","geometryInstantiationMilliseconds","58.241","ms","Medido","Parametro medido sobre a saida do Cellular Automata puro.","A execucao incluiu custo visual.","Custo visual depende dos prefabs/Unity, nao do CA puro."
26,2025,"8CFA022E","Performance","metricsCalculationMilliseconds","1.784","ms","Medido","Parametro medido sobre a saida do Cellular Automata puro.","Ajuda a quantificar custo da instrumentacao.","Custo da instrumentacao, nao do algoritmo."
26,2025,"8CFA022E","Performance","totalGenerationMilliseconds","73.661","ms","Medido","Parametro medido sobre a saida do Cellular Automata puro.","Inclui layout, instanciacao visual habilitada e calculo de metricas.","Inclui layout, instanciacao visual e metricas; compare junto do tempo logico."
26,2025,"8CFA022E","Performance","generatedGameObjectCount","3908","contagem","Medido","Parametro medido sobre a saida do Cellular Automata puro.","Indica peso potencial de instanciacao no Unity.","Reflete peso da montagem visual das celulas abertas."
26,2025,"8CFA022E","Performance","occupiedCellCount","2632","contagem","Medido","Parametro medido sobre a saida do Cellular Automata puro.","Proxy de escala espacial da dungeon.","Proxy do volume aberto gerado pelo CA."
26,2025,"8CFA022E","Performance","connectionCount","1","contagem","Medido","Quantidade de conexoes inferidas por gargalos/passagens ou sobreposicoes verticais.","Proxy de complexidade topologica.","Conexoes sao inferidas apos a geracao; nao sao primitivas nativas do CA."
26,2025,"8CFA022E","Performance","managedMemoryDeltaKB","6852","KB","Estimado","Parametro medido sobre a saida do Cellular Automata puro.","Valor aproximado, sensivel a GC e ao estado do Editor.","Estimativa sujeita ao GC da Unity; use como indicio comparativo."
27,2026,"C7720854","Quantitativo","numRoomsTarget","2","contagem","Medido","Extracao de componentes abertos e densos apos iteracoes de Cellular Automata.","Tamanho estrutural da dungeon nesta execucao.","Cellular Automata nao cria salas como entidades planejadas; regioes emergem de celulas abertas."
27,2026,"C7720854","Quantitativo","connectivityRatio","50%","%","Medido","Busca no grafo extraido de componentes abertos; nenhuma conexao artificial e criada.","Mostra se as cavernas emergentes ficaram conectadas sem flood-fill reparador, carving ou grafo-guia.","CA puro nao garante conectividade global. Se a metrica ficar baixa, isso e uma limitacao real do algoritmo nesta configuracao."
27,2026,"C7720854","Quantitativo","verticalVariance","0","metros","Medido","Desvio padrao das alturas dos componentes extraidos do volume celular.","Sem variacao vertical nesta execucao; verifique se o Cellular Automata multiandar esta ativo.","Verticalidade so aparece em uma variante celular 3D/multiandar; CA 2D simples nao possui altura."
27,2026,"C7720854","Quantitativo","fillPercentage","67.85%","%","Medido","Celulas abertas apos a regra celular divididas pelo total do volume.","Indica densidade espacial da dungeon.","Densidade e controlada indiretamente por chance inicial e limites de nascimento/sobrevivencia."
27,2026,"C7720854","Quantitativo","branchFactor","0","media","Medido","Media de conexoes entre componentes extraidos por passagens estreitas detectadas.","Layout mais linear, com poucas bifurcacoes.","Ramificacao emerge de gargalos naturais, nao de um grafo explicito."
27,2026,"C7720854","Quantitativo","avgPathLength","0","metros","Medido","Distancias no grafo extraido do resultado celular.","Distancia media a partir da sala inicial.","Caminhos sao medidos depois da extracao; CA nao controla caminho critico diretamente."
27,2026,"C7720854","Quantitativo","uniqueModules","16","contagem","Medido","Contagem de categorias logicas e prefabs usados na leitura/instanciacao do resultado.","Indica variedade basica de composicao.","CA tende a variar forma organica, mas nao aumenta variedade modular sozinho."
27,2026,"C7720854","Quantitativo","navigableVolumeRatio","100%","%","Estimado sem NavMesh","Estimativa logica de celulas abertas antes de NavMesh.","Use como estimativa inicial, nao como validacao fisica final.","Proxy logico; ilhas desconectadas podem inflar area aberta sem criar navegabilidade util."
27,2026,"C7720854","Quantitativo","criticalPathLength","0","metros","Medido","Maior distancia no grafo extraido a partir do componente inicial.","Aproxima o percurso principal inicio-objetivo.","CA puro nao direciona progressao inicio-fim sem uma camada adicional."
27,2026,"C7720854","Quantitativo","avgAlternativePathLength","0","metros","Medido","Media de conexoes marcadas como ciclos emergentes entre componentes.","Nao houve caminho alternativo nesta execucao.","Loops podem emergir, mas nao sao garantidos."
27,2026,"C7720854","Booleano","SupportsRandomEnemySpawns","Sim, testado","sim/nao","Suportado","Parametro medido sobre a saida do Cellular Automata puro.","Sistema configurado e com orcamento ativo.","Spawns usam regioes abertas extraidas; balanceamento nao e propriedade nativa do CA."
27,2026,"C7720854","Booleano","SupportsLootDistribution","Sim, testado","sim/nao","Suportado","Parametro medido sobre a saida do Cellular Automata puro.","Sistema configurado e com orcamento ativo.","Loot pode ser colocado nas regioes abertas, mas progressao por risco depende de outra camada."
27,2026,"C7720854","Booleano","SupportsTraps","Sim, testado","sim/nao","Suportado","Parametro medido sobre a saida do Cellular Automata puro.","Sistema configurado e com orcamento ativo.","Armadilhas podem usar celulas abertas/gargalos, mas sem semantica global nativa."
27,2026,"C7720854","Booleano","SupportsBacktrackingLoops","Nao","sim/nao","Medido","Parametro medido sobre a saida do Cellular Automata puro.","Parametro atendido somente quando as conexoes emergentes formam ciclos no grafo extraido.","CA pode formar ciclos emergentes, mas sem controle direto de loops."
27,2026,"C7720854","Booleano","SupportsVerticalConnectors","Nao","sim/nao","Medido","Conta execucoes com celulas abertas alinhadas entre pavimentos e convertidas em conector vertical inferido.","Parametro atendido apenas se o volume celular multiandar gerar alinhamentos abertos entre camadas.","Possivel apenas em uma leitura 3D/multiandar do CA, por alinhamento de celulas abertas entre camadas."
27,2026,"C7720854","Booleano","SupportsMultiFloor","Nao","sim/nao","Medido","Conta execucoes com mais de um pavimento e pelo menos uma conexao vertical inferida do volume celular.","Parametro atendido quando existe conexao vertical inferida do proprio volume celular.","CA 2D puro nao e multiandar; a variante 3D continua celular, mas precisa ser relatada como extensao volumetrica."
27,2026,"C7720854","Booleano","SupportsBossArena","Sim","sim/nao","Medido","Parametro medido sobre a saida do Cellular Automata puro.","Existe ao menos uma sala grande o suficiente.","Areas grandes podem emergir naturalmente, mas nao como arena semanticamente planejada."
27,2026,"C7720854","Booleano","SeedReproducible","Sim","sim/nao","Medido","Parametro medido sobre a saida do Cellular Automata puro.","A seed reproduziu a mesma topologia.","Resultado reproduzivel se ruido inicial e iteracoes usam a mesma seed."
27,2026,"C7720854","Booleano","RuntimeRegeneration","Sim","sim/nao","Medido","Parametro medido sobre a saida do Cellular Automata puro.","Tempo registrado: 74.573 ms.","Custo cresce com tamanho do grid, pavimentos e iteracoes."
27,2026,"C7720854","Booleano","BudgetAwareSpawns","Sim","sim/nao","Suportado","Parametro medido sobre a saida do Cellular Automata puro.","Orcamentos registrados: inimigos 10, loot 6, armadilhas 4.","Orcamento e aplicado apos a geracao, sobre celulas livres extraidas."
27,2026,"C7720854","Qualitativo","Replayability","5/5","Likert 1-5","Estimado automaticamente","Parametro medido sobre a saida do Cellular Automata puro.","Diversidade topologica: 100%.","Alta variacao visual/organica entre seeds e esperada."
27,2026,"C7720854","Qualitativo","Debuggability","5/5","Likert 1-5","Estimado automaticamente","Parametro medido sobre a saida do Cellular Automata puro.","Cellular Automata e reproduzivel e simples de parametrizar, mas o efeito de pequenas mudancas nas regras precisa ser observado por bateladas.","Regras sao simples, mas efeitos globais emergentes exigem analise por metricas."
27,2026,"C7720854","Qualitativo","Flow","1/5","Likert 1-5","Estimado automaticamente","Parametro medido sobre a saida do Cellular Automata puro.","Indica fluidez de navegacao esperada.","Fluxo global nao e garantido; depende de conectividade emergente."
27,2026,"C7720854","Qualitativo","Legibility","3/5","Likert 1-5","Estimado automaticamente","Parametro medido sobre a saida do Cellular Automata puro.","A legibilidade depende do equilibrio entre areas abertas, gargalos e ilhas desconectadas.","Cavernas organicas podem ser bonitas, mas menos legiveis que salas retangulares."
27,2026,"C7720854","Qualitativo","StructuralVariety","2/5","Likert 1-5","Estimado automaticamente","Parametro medido sobre a saida do Cellular Automata puro.","Indica variedade estrutural dentro desta execucao.","Boa variedade morfologica; menor controle sobre semantica estrutural."
27,2026,"C7720854","Performance","layoutGenerationMilliseconds","12.922","ms","Medido","Tempo para inicializar ruido, executar iteracoes celulares e extrair componentes.","Representa o custo algoritmico principal.","Inclui ruido inicial, iteracoes celulares e extracao de componentes."
27,2026,"C7720854","Performance","geometryInstantiationMilliseconds","59.8","ms","Medido","Parametro medido sobre a saida do Cellular Automata puro.","A execucao incluiu custo visual.","Custo visual depende dos prefabs/Unity, nao do CA puro."
27,2026,"C7720854","Performance","metricsCalculationMilliseconds","1.846","ms","Medido","Parametro medido sobre a saida do Cellular Automata puro.","Ajuda a quantificar custo da instrumentacao.","Custo da instrumentacao, nao do algoritmo."
27,2026,"C7720854","Performance","totalGenerationMilliseconds","74.573","ms","Medido","Parametro medido sobre a saida do Cellular Automata puro.","Inclui layout, instanciacao visual habilitada e calculo de metricas.","Inclui layout, instanciacao visual e metricas; compare junto do tempo logico."
27,2026,"C7720854","Performance","generatedGameObjectCount","3869","contagem","Medido","Parametro medido sobre a saida do Cellular Automata puro.","Indica peso potencial de instanciacao no Unity.","Reflete peso da montagem visual das celulas abertas."
27,2026,"C7720854","Performance","occupiedCellCount","2779","contagem","Medido","Parametro medido sobre a saida do Cellular Automata puro.","Proxy de escala espacial da dungeon.","Proxy do volume aberto gerado pelo CA."
27,2026,"C7720854","Performance","connectionCount","0","contagem","Medido","Quantidade de conexoes inferidas por gargalos/passagens ou sobreposicoes verticais.","Proxy de complexidade topologica.","Conexoes sao inferidas apos a geracao; nao sao primitivas nativas do CA."
27,2026,"C7720854","Performance","managedMemoryDeltaKB","7124","KB","Estimado","Parametro medido sobre a saida do Cellular Automata puro.","Valor aproximado, sensivel a GC e ao estado do Editor.","Estimativa sujeita ao GC da Unity; use como indicio comparativo."
28,2027,"53F32175","Quantitativo","numRoomsTarget","2","contagem","Medido","Extracao de componentes abertos e densos apos iteracoes de Cellular Automata.","Tamanho estrutural da dungeon nesta execucao.","Cellular Automata nao cria salas como entidades planejadas; regioes emergem de celulas abertas."
28,2027,"53F32175","Quantitativo","connectivityRatio","50%","%","Medido","Busca no grafo extraido de componentes abertos; nenhuma conexao artificial e criada.","Mostra se as cavernas emergentes ficaram conectadas sem flood-fill reparador, carving ou grafo-guia.","CA puro nao garante conectividade global. Se a metrica ficar baixa, isso e uma limitacao real do algoritmo nesta configuracao."
28,2027,"53F32175","Quantitativo","verticalVariance","0","metros","Medido","Desvio padrao das alturas dos componentes extraidos do volume celular.","Sem variacao vertical nesta execucao; verifique se o Cellular Automata multiandar esta ativo.","Verticalidade so aparece em uma variante celular 3D/multiandar; CA 2D simples nao possui altura."
28,2027,"53F32175","Quantitativo","fillPercentage","63.79%","%","Medido","Celulas abertas apos a regra celular divididas pelo total do volume.","Indica densidade espacial da dungeon.","Densidade e controlada indiretamente por chance inicial e limites de nascimento/sobrevivencia."
28,2027,"53F32175","Quantitativo","branchFactor","0","media","Medido","Media de conexoes entre componentes extraidos por passagens estreitas detectadas.","Layout mais linear, com poucas bifurcacoes.","Ramificacao emerge de gargalos naturais, nao de um grafo explicito."
28,2027,"53F32175","Quantitativo","avgPathLength","0","metros","Medido","Distancias no grafo extraido do resultado celular.","Distancia media a partir da sala inicial.","Caminhos sao medidos depois da extracao; CA nao controla caminho critico diretamente."
28,2027,"53F32175","Quantitativo","uniqueModules","18","contagem","Medido","Contagem de categorias logicas e prefabs usados na leitura/instanciacao do resultado.","Indica variedade basica de composicao.","CA tende a variar forma organica, mas nao aumenta variedade modular sozinho."
28,2027,"53F32175","Quantitativo","navigableVolumeRatio","100%","%","Estimado sem NavMesh","Estimativa logica de celulas abertas antes de NavMesh.","Use como estimativa inicial, nao como validacao fisica final.","Proxy logico; ilhas desconectadas podem inflar area aberta sem criar navegabilidade util."
28,2027,"53F32175","Quantitativo","criticalPathLength","0","metros","Medido","Maior distancia no grafo extraido a partir do componente inicial.","Aproxima o percurso principal inicio-objetivo.","CA puro nao direciona progressao inicio-fim sem uma camada adicional."
28,2027,"53F32175","Quantitativo","avgAlternativePathLength","0","metros","Medido","Media de conexoes marcadas como ciclos emergentes entre componentes.","Nao houve caminho alternativo nesta execucao.","Loops podem emergir, mas nao sao garantidos."
28,2027,"53F32175","Booleano","SupportsRandomEnemySpawns","Sim, testado","sim/nao","Suportado","Parametro medido sobre a saida do Cellular Automata puro.","Sistema configurado e com orcamento ativo.","Spawns usam regioes abertas extraidas; balanceamento nao e propriedade nativa do CA."
28,2027,"53F32175","Booleano","SupportsLootDistribution","Sim, testado","sim/nao","Suportado","Parametro medido sobre a saida do Cellular Automata puro.","Sistema configurado e com orcamento ativo.","Loot pode ser colocado nas regioes abertas, mas progressao por risco depende de outra camada."
28,2027,"53F32175","Booleano","SupportsTraps","Sim, testado","sim/nao","Suportado","Parametro medido sobre a saida do Cellular Automata puro.","Sistema configurado e com orcamento ativo.","Armadilhas podem usar celulas abertas/gargalos, mas sem semantica global nativa."
28,2027,"53F32175","Booleano","SupportsBacktrackingLoops","Nao","sim/nao","Medido","Parametro medido sobre a saida do Cellular Automata puro.","Parametro atendido somente quando as conexoes emergentes formam ciclos no grafo extraido.","CA pode formar ciclos emergentes, mas sem controle direto de loops."
28,2027,"53F32175","Booleano","SupportsVerticalConnectors","Nao","sim/nao","Medido","Conta execucoes com celulas abertas alinhadas entre pavimentos e convertidas em conector vertical inferido.","Parametro atendido apenas se o volume celular multiandar gerar alinhamentos abertos entre camadas.","Possivel apenas em uma leitura 3D/multiandar do CA, por alinhamento de celulas abertas entre camadas."
28,2027,"53F32175","Booleano","SupportsMultiFloor","Nao","sim/nao","Medido","Conta execucoes com mais de um pavimento e pelo menos uma conexao vertical inferida do volume celular.","Parametro atendido quando existe conexao vertical inferida do proprio volume celular.","CA 2D puro nao e multiandar; a variante 3D continua celular, mas precisa ser relatada como extensao volumetrica."
28,2027,"53F32175","Booleano","SupportsBossArena","Sim","sim/nao","Medido","Parametro medido sobre a saida do Cellular Automata puro.","Existe ao menos uma sala grande o suficiente.","Areas grandes podem emergir naturalmente, mas nao como arena semanticamente planejada."
28,2027,"53F32175","Booleano","SeedReproducible","Sim","sim/nao","Medido","Parametro medido sobre a saida do Cellular Automata puro.","A seed reproduziu a mesma topologia.","Resultado reproduzivel se ruido inicial e iteracoes usam a mesma seed."
28,2027,"53F32175","Booleano","RuntimeRegeneration","Sim","sim/nao","Medido","Parametro medido sobre a saida do Cellular Automata puro.","Tempo registrado: 70.83 ms.","Custo cresce com tamanho do grid, pavimentos e iteracoes."
28,2027,"53F32175","Booleano","BudgetAwareSpawns","Sim","sim/nao","Suportado","Parametro medido sobre a saida do Cellular Automata puro.","Orcamentos registrados: inimigos 10, loot 6, armadilhas 4.","Orcamento e aplicado apos a geracao, sobre celulas livres extraidas."
28,2027,"53F32175","Qualitativo","Replayability","5/5","Likert 1-5","Estimado automaticamente","Parametro medido sobre a saida do Cellular Automata puro.","Diversidade topologica: 100%.","Alta variacao visual/organica entre seeds e esperada."
28,2027,"53F32175","Qualitativo","Debuggability","5/5","Likert 1-5","Estimado automaticamente","Parametro medido sobre a saida do Cellular Automata puro.","Cellular Automata e reproduzivel e simples de parametrizar, mas o efeito de pequenas mudancas nas regras precisa ser observado por bateladas.","Regras sao simples, mas efeitos globais emergentes exigem analise por metricas."
28,2027,"53F32175","Qualitativo","Flow","1/5","Likert 1-5","Estimado automaticamente","Parametro medido sobre a saida do Cellular Automata puro.","Indica fluidez de navegacao esperada.","Fluxo global nao e garantido; depende de conectividade emergente."
28,2027,"53F32175","Qualitativo","Legibility","3/5","Likert 1-5","Estimado automaticamente","Parametro medido sobre a saida do Cellular Automata puro.","A legibilidade depende do equilibrio entre areas abertas, gargalos e ilhas desconectadas.","Cavernas organicas podem ser bonitas, mas menos legiveis que salas retangulares."
28,2027,"53F32175","Qualitativo","StructuralVariety","2/5","Likert 1-5","Estimado automaticamente","Parametro medido sobre a saida do Cellular Automata puro.","Indica variedade estrutural dentro desta execucao.","Boa variedade morfologica; menor controle sobre semantica estrutural."
28,2027,"53F32175","Performance","layoutGenerationMilliseconds","12.051","ms","Medido","Tempo para inicializar ruido, executar iteracoes celulares e extrair componentes.","Representa o custo algoritmico principal.","Inclui ruido inicial, iteracoes celulares e extracao de componentes."
28,2027,"53F32175","Performance","geometryInstantiationMilliseconds","57.443","ms","Medido","Parametro medido sobre a saida do Cellular Automata puro.","A execucao incluiu custo visual.","Custo visual depende dos prefabs/Unity, nao do CA puro."
28,2027,"53F32175","Performance","metricsCalculationMilliseconds","1.333","ms","Medido","Parametro medido sobre a saida do Cellular Automata puro.","Ajuda a quantificar custo da instrumentacao.","Custo da instrumentacao, nao do algoritmo."
28,2027,"53F32175","Performance","totalGenerationMilliseconds","70.83","ms","Medido","Parametro medido sobre a saida do Cellular Automata puro.","Inclui layout, instanciacao visual habilitada e calculo de metricas.","Inclui layout, instanciacao visual e metricas; compare junto do tempo logico."
28,2027,"53F32175","Performance","generatedGameObjectCount","3782","contagem","Medido","Parametro medido sobre a saida do Cellular Automata puro.","Indica peso potencial de instanciacao no Unity.","Reflete peso da montagem visual das celulas abertas."
28,2027,"53F32175","Performance","occupiedCellCount","2613","contagem","Medido","Parametro medido sobre a saida do Cellular Automata puro.","Proxy de escala espacial da dungeon.","Proxy do volume aberto gerado pelo CA."
28,2027,"53F32175","Performance","connectionCount","0","contagem","Medido","Quantidade de conexoes inferidas por gargalos/passagens ou sobreposicoes verticais.","Proxy de complexidade topologica.","Conexoes sao inferidas apos a geracao; nao sao primitivas nativas do CA."
28,2027,"53F32175","Performance","managedMemoryDeltaKB","7544","KB","Estimado","Parametro medido sobre a saida do Cellular Automata puro.","Valor aproximado, sensivel a GC e ao estado do Editor.","Estimativa sujeita ao GC da Unity; use como indicio comparativo."
29,2028,"72C7435E","Quantitativo","numRoomsTarget","1","contagem","Medido","Extracao de componentes abertos e densos apos iteracoes de Cellular Automata.","Tamanho estrutural da dungeon nesta execucao.","Cellular Automata nao cria salas como entidades planejadas; regioes emergem de celulas abertas."
29,2028,"72C7435E","Quantitativo","connectivityRatio","100%","%","Medido","Busca no grafo extraido de componentes abertos; nenhuma conexao artificial e criada.","Mostra se as cavernas emergentes ficaram conectadas sem flood-fill reparador, carving ou grafo-guia.","CA puro nao garante conectividade global. Se a metrica ficar baixa, isso e uma limitacao real do algoritmo nesta configuracao."
29,2028,"72C7435E","Quantitativo","verticalVariance","0","metros","Medido","Desvio padrao das alturas dos componentes extraidos do volume celular.","Sem variacao vertical nesta execucao; verifique se o Cellular Automata multiandar esta ativo.","Verticalidade so aparece em uma variante celular 3D/multiandar; CA 2D simples nao possui altura."
29,2028,"72C7435E","Quantitativo","fillPercentage","68.55%","%","Medido","Celulas abertas apos a regra celular divididas pelo total do volume.","Indica densidade espacial da dungeon.","Densidade e controlada indiretamente por chance inicial e limites de nascimento/sobrevivencia."
29,2028,"72C7435E","Quantitativo","branchFactor","0","media","Medido","Media de conexoes entre componentes extraidos por passagens estreitas detectadas.","Layout mais linear, com poucas bifurcacoes.","Ramificacao emerge de gargalos naturais, nao de um grafo explicito."
29,2028,"72C7435E","Quantitativo","avgPathLength","0","metros","Medido","Distancias no grafo extraido do resultado celular.","Distancia media a partir da sala inicial.","Caminhos sao medidos depois da extracao; CA nao controla caminho critico diretamente."
29,2028,"72C7435E","Quantitativo","uniqueModules","16","contagem","Medido","Contagem de categorias logicas e prefabs usados na leitura/instanciacao do resultado.","Indica variedade basica de composicao.","CA tende a variar forma organica, mas nao aumenta variedade modular sozinho."
29,2028,"72C7435E","Quantitativo","navigableVolumeRatio","100%","%","Estimado sem NavMesh","Estimativa logica de celulas abertas antes de NavMesh.","Use como estimativa inicial, nao como validacao fisica final.","Proxy logico; ilhas desconectadas podem inflar area aberta sem criar navegabilidade util."
29,2028,"72C7435E","Quantitativo","criticalPathLength","0","metros","Medido","Maior distancia no grafo extraido a partir do componente inicial.","Aproxima o percurso principal inicio-objetivo.","CA puro nao direciona progressao inicio-fim sem uma camada adicional."
29,2028,"72C7435E","Quantitativo","avgAlternativePathLength","0","metros","Medido","Media de conexoes marcadas como ciclos emergentes entre componentes.","Nao houve caminho alternativo nesta execucao.","Loops podem emergir, mas nao sao garantidos."
29,2028,"72C7435E","Booleano","SupportsRandomEnemySpawns","Sim, testado","sim/nao","Suportado","Parametro medido sobre a saida do Cellular Automata puro.","Sistema configurado e com orcamento ativo.","Spawns usam regioes abertas extraidas; balanceamento nao e propriedade nativa do CA."
29,2028,"72C7435E","Booleano","SupportsLootDistribution","Sim, testado","sim/nao","Suportado","Parametro medido sobre a saida do Cellular Automata puro.","Sistema configurado e com orcamento ativo.","Loot pode ser colocado nas regioes abertas, mas progressao por risco depende de outra camada."
29,2028,"72C7435E","Booleano","SupportsTraps","Sim, testado","sim/nao","Suportado","Parametro medido sobre a saida do Cellular Automata puro.","Sistema configurado e com orcamento ativo.","Armadilhas podem usar celulas abertas/gargalos, mas sem semantica global nativa."
29,2028,"72C7435E","Booleano","SupportsBacktrackingLoops","Nao","sim/nao","Medido","Parametro medido sobre a saida do Cellular Automata puro.","Parametro atendido somente quando as conexoes emergentes formam ciclos no grafo extraido.","CA pode formar ciclos emergentes, mas sem controle direto de loops."
29,2028,"72C7435E","Booleano","SupportsVerticalConnectors","Nao","sim/nao","Medido","Conta execucoes com celulas abertas alinhadas entre pavimentos e convertidas em conector vertical inferido.","Parametro atendido apenas se o volume celular multiandar gerar alinhamentos abertos entre camadas.","Possivel apenas em uma leitura 3D/multiandar do CA, por alinhamento de celulas abertas entre camadas."
29,2028,"72C7435E","Booleano","SupportsMultiFloor","Nao","sim/nao","Medido","Conta execucoes com mais de um pavimento e pelo menos uma conexao vertical inferida do volume celular.","Parametro atendido quando existe conexao vertical inferida do proprio volume celular.","CA 2D puro nao e multiandar; a variante 3D continua celular, mas precisa ser relatada como extensao volumetrica."
29,2028,"72C7435E","Booleano","SupportsBossArena","Sim","sim/nao","Medido","Parametro medido sobre a saida do Cellular Automata puro.","Existe ao menos uma sala grande o suficiente.","Areas grandes podem emergir naturalmente, mas nao como arena semanticamente planejada."
29,2028,"72C7435E","Booleano","SeedReproducible","Sim","sim/nao","Medido","Parametro medido sobre a saida do Cellular Automata puro.","A seed reproduziu a mesma topologia.","Resultado reproduzivel se ruido inicial e iteracoes usam a mesma seed."
29,2028,"72C7435E","Booleano","RuntimeRegeneration","Sim","sim/nao","Medido","Parametro medido sobre a saida do Cellular Automata puro.","Tempo registrado: 67.495 ms.","Custo cresce com tamanho do grid, pavimentos e iteracoes."
29,2028,"72C7435E","Booleano","BudgetAwareSpawns","Sim","sim/nao","Suportado","Parametro medido sobre a saida do Cellular Automata puro.","Orcamentos registrados: inimigos 10, loot 6, armadilhas 4.","Orcamento e aplicado apos a geracao, sobre celulas livres extraidas."
29,2028,"72C7435E","Qualitativo","Replayability","5/5","Likert 1-5","Estimado automaticamente","Parametro medido sobre a saida do Cellular Automata puro.","Diversidade topologica: 100%.","Alta variacao visual/organica entre seeds e esperada."
29,2028,"72C7435E","Qualitativo","Debuggability","5/5","Likert 1-5","Estimado automaticamente","Parametro medido sobre a saida do Cellular Automata puro.","Cellular Automata e reproduzivel e simples de parametrizar, mas o efeito de pequenas mudancas nas regras precisa ser observado por bateladas.","Regras sao simples, mas efeitos globais emergentes exigem analise por metricas."
29,2028,"72C7435E","Qualitativo","Flow","3/5","Likert 1-5","Estimado automaticamente","Parametro medido sobre a saida do Cellular Automata puro.","Indica fluidez de navegacao esperada.","Fluxo global nao e garantido; depende de conectividade emergente."
29,2028,"72C7435E","Qualitativo","Legibility","4/5","Likert 1-5","Estimado automaticamente","Parametro medido sobre a saida do Cellular Automata puro.","A legibilidade depende do equilibrio entre areas abertas, gargalos e ilhas desconectadas.","Cavernas organicas podem ser bonitas, mas menos legiveis que salas retangulares."
29,2028,"72C7435E","Qualitativo","StructuralVariety","2/5","Likert 1-5","Estimado automaticamente","Parametro medido sobre a saida do Cellular Automata puro.","Indica variedade estrutural dentro desta execucao.","Boa variedade morfologica; menor controle sobre semantica estrutural."
29,2028,"72C7435E","Performance","layoutGenerationMilliseconds","12.912","ms","Medido","Tempo para inicializar ruido, executar iteracoes celulares e extrair componentes.","Representa o custo algoritmico principal.","Inclui ruido inicial, iteracoes celulares e extracao de componentes."
29,2028,"72C7435E","Performance","geometryInstantiationMilliseconds","53.107","ms","Medido","Parametro medido sobre a saida do Cellular Automata puro.","A execucao incluiu custo visual.","Custo visual depende dos prefabs/Unity, nao do CA puro."
29,2028,"72C7435E","Performance","metricsCalculationMilliseconds","1.474","ms","Medido","Parametro medido sobre a saida do Cellular Automata puro.","Ajuda a quantificar custo da instrumentacao.","Custo da instrumentacao, nao do algoritmo."
29,2028,"72C7435E","Performance","totalGenerationMilliseconds","67.495","ms","Medido","Parametro medido sobre a saida do Cellular Automata puro.","Inclui layout, instanciacao visual habilitada e calculo de metricas.","Inclui layout, instanciacao visual e metricas; compare junto do tempo logico."
29,2028,"72C7435E","Performance","generatedGameObjectCount","3822","contagem","Medido","Parametro medido sobre a saida do Cellular Automata puro.","Indica peso potencial de instanciacao no Unity.","Reflete peso da montagem visual das celulas abertas."
29,2028,"72C7435E","Performance","occupiedCellCount","2808","contagem","Medido","Parametro medido sobre a saida do Cellular Automata puro.","Proxy de escala espacial da dungeon.","Proxy do volume aberto gerado pelo CA."
29,2028,"72C7435E","Performance","connectionCount","0","contagem","Medido","Quantidade de conexoes inferidas por gargalos/passagens ou sobreposicoes verticais.","Proxy de complexidade topologica.","Conexoes sao inferidas apos a geracao; nao sao primitivas nativas do CA."
29,2028,"72C7435E","Performance","managedMemoryDeltaKB","8516","KB","Estimado","Parametro medido sobre a saida do Cellular Automata puro.","Valor aproximado, sensivel a GC e ao estado do Editor.","Estimativa sujeita ao GC da Unity; use como indicio comparativo."
30,2029,"ED7EC54B","Quantitativo","numRoomsTarget","1","contagem","Medido","Extracao de componentes abertos e densos apos iteracoes de Cellular Automata.","Tamanho estrutural da dungeon nesta execucao.","Cellular Automata nao cria salas como entidades planejadas; regioes emergem de celulas abertas."
30,2029,"ED7EC54B","Quantitativo","connectivityRatio","100%","%","Medido","Busca no grafo extraido de componentes abertos; nenhuma conexao artificial e criada.","Mostra se as cavernas emergentes ficaram conectadas sem flood-fill reparador, carving ou grafo-guia.","CA puro nao garante conectividade global. Se a metrica ficar baixa, isso e uma limitacao real do algoritmo nesta configuracao."
30,2029,"ED7EC54B","Quantitativo","verticalVariance","0","metros","Medido","Desvio padrao das alturas dos componentes extraidos do volume celular.","Sem variacao vertical nesta execucao; verifique se o Cellular Automata multiandar esta ativo.","Verticalidade so aparece em uma variante celular 3D/multiandar; CA 2D simples nao possui altura."
30,2029,"ED7EC54B","Quantitativo","fillPercentage","66.67%","%","Medido","Celulas abertas apos a regra celular divididas pelo total do volume.","Indica densidade espacial da dungeon.","Densidade e controlada indiretamente por chance inicial e limites de nascimento/sobrevivencia."
30,2029,"ED7EC54B","Quantitativo","branchFactor","0","media","Medido","Media de conexoes entre componentes extraidos por passagens estreitas detectadas.","Layout mais linear, com poucas bifurcacoes.","Ramificacao emerge de gargalos naturais, nao de um grafo explicito."
30,2029,"ED7EC54B","Quantitativo","avgPathLength","0","metros","Medido","Distancias no grafo extraido do resultado celular.","Distancia media a partir da sala inicial.","Caminhos sao medidos depois da extracao; CA nao controla caminho critico diretamente."
30,2029,"ED7EC54B","Quantitativo","uniqueModules","15","contagem","Medido","Contagem de categorias logicas e prefabs usados na leitura/instanciacao do resultado.","Indica variedade basica de composicao.","CA tende a variar forma organica, mas nao aumenta variedade modular sozinho."
30,2029,"ED7EC54B","Quantitativo","navigableVolumeRatio","100%","%","Estimado sem NavMesh","Estimativa logica de celulas abertas antes de NavMesh.","Use como estimativa inicial, nao como validacao fisica final.","Proxy logico; ilhas desconectadas podem inflar area aberta sem criar navegabilidade util."
30,2029,"ED7EC54B","Quantitativo","criticalPathLength","0","metros","Medido","Maior distancia no grafo extraido a partir do componente inicial.","Aproxima o percurso principal inicio-objetivo.","CA puro nao direciona progressao inicio-fim sem uma camada adicional."
30,2029,"ED7EC54B","Quantitativo","avgAlternativePathLength","0","metros","Medido","Media de conexoes marcadas como ciclos emergentes entre componentes.","Nao houve caminho alternativo nesta execucao.","Loops podem emergir, mas nao sao garantidos."
30,2029,"ED7EC54B","Booleano","SupportsRandomEnemySpawns","Sim, testado","sim/nao","Suportado","Parametro medido sobre a saida do Cellular Automata puro.","Sistema configurado e com orcamento ativo.","Spawns usam regioes abertas extraidas; balanceamento nao e propriedade nativa do CA."
30,2029,"ED7EC54B","Booleano","SupportsLootDistribution","Sim, testado","sim/nao","Suportado","Parametro medido sobre a saida do Cellular Automata puro.","Sistema configurado e com orcamento ativo.","Loot pode ser colocado nas regioes abertas, mas progressao por risco depende de outra camada."
30,2029,"ED7EC54B","Booleano","SupportsTraps","Sim, testado","sim/nao","Suportado","Parametro medido sobre a saida do Cellular Automata puro.","Sistema configurado e com orcamento ativo.","Armadilhas podem usar celulas abertas/gargalos, mas sem semantica global nativa."
30,2029,"ED7EC54B","Booleano","SupportsBacktrackingLoops","Nao","sim/nao","Medido","Parametro medido sobre a saida do Cellular Automata puro.","Parametro atendido somente quando as conexoes emergentes formam ciclos no grafo extraido.","CA pode formar ciclos emergentes, mas sem controle direto de loops."
30,2029,"ED7EC54B","Booleano","SupportsVerticalConnectors","Nao","sim/nao","Medido","Conta execucoes com celulas abertas alinhadas entre pavimentos e convertidas em conector vertical inferido.","Parametro atendido apenas se o volume celular multiandar gerar alinhamentos abertos entre camadas.","Possivel apenas em uma leitura 3D/multiandar do CA, por alinhamento de celulas abertas entre camadas."
30,2029,"ED7EC54B","Booleano","SupportsMultiFloor","Nao","sim/nao","Medido","Conta execucoes com mais de um pavimento e pelo menos uma conexao vertical inferida do volume celular.","Parametro atendido quando existe conexao vertical inferida do proprio volume celular.","CA 2D puro nao e multiandar; a variante 3D continua celular, mas precisa ser relatada como extensao volumetrica."
30,2029,"ED7EC54B","Booleano","SupportsBossArena","Sim","sim/nao","Medido","Parametro medido sobre a saida do Cellular Automata puro.","Existe ao menos uma sala grande o suficiente.","Areas grandes podem emergir naturalmente, mas nao como arena semanticamente planejada."
30,2029,"ED7EC54B","Booleano","SeedReproducible","Sim","sim/nao","Medido","Parametro medido sobre a saida do Cellular Automata puro.","A seed reproduziu a mesma topologia.","Resultado reproduzivel se ruido inicial e iteracoes usam a mesma seed."
30,2029,"ED7EC54B","Booleano","RuntimeRegeneration","Sim","sim/nao","Medido","Parametro medido sobre a saida do Cellular Automata puro.","Tempo registrado: 76.951 ms.","Custo cresce com tamanho do grid, pavimentos e iteracoes."
30,2029,"ED7EC54B","Booleano","BudgetAwareSpawns","Sim","sim/nao","Suportado","Parametro medido sobre a saida do Cellular Automata puro.","Orcamentos registrados: inimigos 10, loot 6, armadilhas 4.","Orcamento e aplicado apos a geracao, sobre celulas livres extraidas."
30,2029,"ED7EC54B","Qualitativo","Replayability","5/5","Likert 1-5","Estimado automaticamente","Parametro medido sobre a saida do Cellular Automata puro.","Diversidade topologica: 100%.","Alta variacao visual/organica entre seeds e esperada."
30,2029,"ED7EC54B","Qualitativo","Debuggability","5/5","Likert 1-5","Estimado automaticamente","Parametro medido sobre a saida do Cellular Automata puro.","Cellular Automata e reproduzivel e simples de parametrizar, mas o efeito de pequenas mudancas nas regras precisa ser observado por bateladas.","Regras sao simples, mas efeitos globais emergentes exigem analise por metricas."
30,2029,"ED7EC54B","Qualitativo","Flow","3/5","Likert 1-5","Estimado automaticamente","Parametro medido sobre a saida do Cellular Automata puro.","Indica fluidez de navegacao esperada.","Fluxo global nao e garantido; depende de conectividade emergente."
30,2029,"ED7EC54B","Qualitativo","Legibility","4/5","Likert 1-5","Estimado automaticamente","Parametro medido sobre a saida do Cellular Automata puro.","A legibilidade depende do equilibrio entre areas abertas, gargalos e ilhas desconectadas.","Cavernas organicas podem ser bonitas, mas menos legiveis que salas retangulares."
30,2029,"ED7EC54B","Qualitativo","StructuralVariety","2/5","Likert 1-5","Estimado automaticamente","Parametro medido sobre a saida do Cellular Automata puro.","Indica variedade estrutural dentro desta execucao.","Boa variedade morfologica; menor controle sobre semantica estrutural."
30,2029,"ED7EC54B","Performance","layoutGenerationMilliseconds","13.931","ms","Medido","Tempo para inicializar ruido, executar iteracoes celulares e extrair componentes.","Representa o custo algoritmico principal.","Inclui ruido inicial, iteracoes celulares e extracao de componentes."
30,2029,"ED7EC54B","Performance","geometryInstantiationMilliseconds","60.956","ms","Medido","Parametro medido sobre a saida do Cellular Automata puro.","A execucao incluiu custo visual.","Custo visual depende dos prefabs/Unity, nao do CA puro."
30,2029,"ED7EC54B","Performance","metricsCalculationMilliseconds","2.06","ms","Medido","Parametro medido sobre a saida do Cellular Automata puro.","Ajuda a quantificar custo da instrumentacao.","Custo da instrumentacao, nao do algoritmo."
30,2029,"ED7EC54B","Performance","totalGenerationMilliseconds","76.951","ms","Medido","Parametro medido sobre a saida do Cellular Automata puro.","Inclui layout, instanciacao visual habilitada e calculo de metricas.","Inclui layout, instanciacao visual e metricas; compare junto do tempo logico."
30,2029,"ED7EC54B","Performance","generatedGameObjectCount","3894","contagem","Medido","Parametro medido sobre a saida do Cellular Automata puro.","Indica peso potencial de instanciacao no Unity.","Reflete peso da montagem visual das celulas abertas."
30,2029,"ED7EC54B","Performance","occupiedCellCount","2731","contagem","Medido","Parametro medido sobre a saida do Cellular Automata puro.","Proxy de escala espacial da dungeon.","Proxy do volume aberto gerado pelo CA."
30,2029,"ED7EC54B","Performance","connectionCount","0","contagem","Medido","Quantidade de conexoes inferidas por gargalos/passagens ou sobreposicoes verticais.","Proxy de complexidade topologica.","Conexoes sao inferidas apos a geracao; nao sao primitivas nativas do CA."
30,2029,"ED7EC54B","Performance","managedMemoryDeltaKB","8316","KB","Estimado","Parametro medido sobre a saida do Cellular Automata puro.","Valor aproximado, sensivel a GC e ao estado do Editor.","Estimativa sujeita ao GC da Unity; use como indicio comparativo."
