runIndex,seed,topologyHash,category,parameterName,value,unit,status,collectionMethod,interpretation,algorithmApplicability
1,2000,"7B040F57","Quantitativo","numRoomsTarget","2","contagem","Medido","Extracao de componentes abertos e densos apos iteracoes de Cellular Automata.","Tamanho estrutural da dungeon nesta execucao.","Cellular Automata nao cria salas como entidades planejadas; regioes emergem de celulas abertas."
1,2000,"7B040F57","Quantitativo","connectivityRatio","100%","%","Medido","Busca no grafo extraido de componentes abertos; nenhuma conexao artificial e criada.","Mostra se as cavernas emergentes ficaram conectadas sem flood-fill reparador, carving ou grafo-guia.","CA puro nao garante conectividade global. Se a metrica ficar baixa, isso e uma limitacao real do algoritmo nesta configuracao."
1,2000,"7B040F57","Quantitativo","verticalVariance","2","metros","Medido","Desvio padrao das alturas dos componentes extraidos do volume celular.","Ha variacao vertical mensuravel entre salas.","Verticalidade so aparece em uma variante celular 3D/multiandar; CA 2D simples nao possui altura."
1,2000,"7B040F57","Quantitativo","fillPercentage","84.7%","%","Medido","Celulas abertas apos a regra celular divididas pelo total do volume.","Indica densidade espacial da dungeon.","Densidade e controlada indiretamente por chance inicial e limites de nascimento/sobrevivencia."
1,2000,"7B040F57","Quantitativo","branchFactor","1","media","Medido","Media de conexoes entre componentes extraidos por passagens estreitas detectadas.","Layout mais linear, com poucas bifurcacoes.","Ramificacao emerge de gargalos naturais, nao de um grafo explicito."
1,2000,"7B040F57","Quantitativo","avgPathLength","6","metros","Medido","Distancias no grafo extraido do resultado celular.","Distancia media a partir da sala inicial.","Caminhos sao medidos depois da extracao; CA nao controla caminho critico diretamente."
1,2000,"7B040F57","Quantitativo","uniqueModules","20","contagem","Medido","Contagem de categorias logicas e prefabs usados na leitura/instanciacao do resultado.","Indica variedade basica de composicao.","CA tende a variar forma organica, mas nao aumenta variedade modular sozinho."
1,2000,"7B040F57","Quantitativo","navigableVolumeRatio","100%","%","Estimado sem NavMesh","Estimativa logica de celulas abertas antes de NavMesh.","Use como estimativa inicial, nao como validacao fisica final.","Proxy logico; ilhas desconectadas podem inflar area aberta sem criar navegabilidade util."
1,2000,"7B040F57","Quantitativo","criticalPathLength","6","metros","Medido","Maior distancia no grafo extraido a partir do componente inicial.","Aproxima o percurso principal inicio-objetivo.","CA puro nao direciona progressao inicio-fim sem uma camada adicional."
1,2000,"7B040F57","Quantitativo","avgAlternativePathLength","0","metros","Medido","Media de conexoes marcadas como ciclos emergentes entre componentes.","Nao houve caminho alternativo nesta execucao.","Loops podem emergir, mas nao sao garantidos."
1,2000,"7B040F57","Booleano","SupportsRandomEnemySpawns","Sim, testado","sim/nao","Suportado","Parametro medido sobre a saida do Cellular Automata puro.","Sistema configurado e com orcamento ativo.","Spawns usam regioes abertas extraidas; balanceamento nao e propriedade nativa do CA."
1,2000,"7B040F57","Booleano","SupportsLootDistribution","Sim, testado","sim/nao","Suportado","Parametro medido sobre a saida do Cellular Automata puro.","Sistema configurado e com orcamento ativo.","Loot pode ser colocado nas regioes abertas, mas progressao por risco depende de outra camada."
1,2000,"7B040F57","Booleano","SupportsTraps","Sim, testado","sim/nao","Suportado","Parametro medido sobre a saida do Cellular Automata puro.","Sistema configurado e com orcamento ativo.","Armadilhas podem usar celulas abertas/gargalos, mas sem semantica global nativa."
1,2000,"7B040F57","Booleano","SupportsBacktrackingLoops","Nao","sim/nao","Medido","Parametro medido sobre a saida do Cellular Automata puro.","Parametro atendido somente quando as conexoes emergentes formam ciclos no grafo extraido.","CA pode formar ciclos emergentes, mas sem controle direto de loops."
1,2000,"7B040F57","Booleano","SupportsVerticalConnectors","Sim","sim/nao","Medido","Conta execucoes com celulas abertas alinhadas entre pavimentos e convertidas em conector vertical inferido.","Parametro atendido apenas se o volume celular multiandar gerar alinhamentos abertos entre camadas.","Possivel apenas em uma leitura 3D/multiandar do CA, por alinhamento de celulas abertas entre camadas."
1,2000,"7B040F57","Booleano","SupportsMultiFloor","Sim","sim/nao","Medido","Conta execucoes com mais de um pavimento e pelo menos uma conexao vertical inferida do volume celular.","Parametro atendido quando existe conexao vertical inferida do proprio volume celular.","CA 2D puro nao e multiandar; a variante 3D continua celular, mas precisa ser relatada como extensao volumetrica."
1,2000,"7B040F57","Booleano","SupportsBossArena","Sim","sim/nao","Medido","Parametro medido sobre a saida do Cellular Automata puro.","Existe ao menos uma sala grande o suficiente.","Areas grandes podem emergir naturalmente, mas nao como arena semanticamente planejada."
1,2000,"7B040F57","Booleano","SeedReproducible","Sim","sim/nao","Medido","Parametro medido sobre a saida do Cellular Automata puro.","A seed reproduziu a mesma topologia.","Resultado reproduzivel se ruido inicial e iteracoes usam a mesma seed."
1,2000,"7B040F57","Booleano","RuntimeRegeneration","Sim","sim/nao","Medido","Parametro medido sobre a saida do Cellular Automata puro.","Tempo registrado: 119.829 ms.","Custo cresce com tamanho do grid, pavimentos e iteracoes."
1,2000,"7B040F57","Booleano","BudgetAwareSpawns","Sim","sim/nao","Suportado","Parametro medido sobre a saida do Cellular Automata puro.","Orcamentos registrados: inimigos 10, loot 6, armadilhas 4.","Orcamento e aplicado apos a geracao, sobre celulas livres extraidas."
1,2000,"7B040F57","Qualitativo","Replayability","5/5","Likert 1-5","Estimado automaticamente","Parametro medido sobre a saida do Cellular Automata puro.","Diversidade topologica: 100%.","Alta variacao visual/organica entre seeds e esperada."
1,2000,"7B040F57","Qualitativo","Debuggability","5/5","Likert 1-5","Estimado automaticamente","Parametro medido sobre a saida do Cellular Automata puro.","Cellular Automata e reproduzivel e simples de parametrizar, mas o efeito de pequenas mudancas nas regras precisa ser observado por bateladas.","Regras sao simples, mas efeitos globais emergentes exigem analise por metricas."
1,2000,"7B040F57","Qualitativo","Flow","4/5","Likert 1-5","Estimado automaticamente","Parametro medido sobre a saida do Cellular Automata puro.","Indica fluidez de navegacao esperada.","Fluxo global nao e garantido; depende de conectividade emergente."
1,2000,"7B040F57","Qualitativo","Legibility","4/5","Likert 1-5","Estimado automaticamente","Parametro medido sobre a saida do Cellular Automata puro.","A legibilidade depende do equilibrio entre areas abertas, gargalos e ilhas desconectadas.","Cavernas organicas podem ser bonitas, mas menos legiveis que salas retangulares."
1,2000,"7B040F57","Qualitativo","StructuralVariety","2/5","Likert 1-5","Estimado automaticamente","Parametro medido sobre a saida do Cellular Automata puro.","Indica variedade estrutural dentro desta execucao.","Boa variedade morfologica; menor controle sobre semantica estrutural."
1,2000,"7B040F57","Performance","layoutGenerationMilliseconds","29.235","ms","Medido","Tempo para inicializar ruido, executar iteracoes celulares e extrair componentes.","Representa o custo algoritmico principal.","Inclui ruido inicial, iteracoes celulares e extracao de componentes."
1,2000,"7B040F57","Performance","geometryInstantiationMilliseconds","87.234","ms","Medido","Parametro medido sobre a saida do Cellular Automata puro.","A execucao incluiu custo visual.","Custo visual depende dos prefabs/Unity, nao do CA puro."
1,2000,"7B040F57","Performance","metricsCalculationMilliseconds","3.356","ms","Medido","Parametro medido sobre a saida do Cellular Automata puro.","Ajuda a quantificar custo da instrumentacao.","Custo da instrumentacao, nao do algoritmo."
1,2000,"7B040F57","Performance","totalGenerationMilliseconds","119.829","ms","Medido","Parametro medido sobre a saida do Cellular Automata puro.","Inclui layout, instanciacao visual habilitada e calculo de metricas.","Inclui layout, instanciacao visual e metricas; compare junto do tempo logico."
1,2000,"7B040F57","Performance","generatedGameObjectCount","8091","contagem","Medido","Parametro medido sobre a saida do Cellular Automata puro.","Indica peso potencial de instanciacao no Unity.","Reflete peso da montagem visual das celulas abertas."
1,2000,"7B040F57","Performance","occupiedCellCount","6939","contagem","Medido","Parametro medido sobre a saida do Cellular Automata puro.","Proxy de escala espacial da dungeon.","Proxy do volume aberto gerado pelo CA."
1,2000,"7B040F57","Performance","connectionCount","1","contagem","Medido","Quantidade de conexoes inferidas por gargalos/passagens ou sobreposicoes verticais.","Proxy de complexidade topologica.","Conexoes sao inferidas apos a geracao; nao sao primitivas nativas do CA."
1,2000,"7B040F57","Performance","managedMemoryDeltaKB","17764","KB","Estimado","Parametro medido sobre a saida do Cellular Automata puro.","Valor aproximado, sensivel a GC e ao estado do Editor.","Estimativa sujeita ao GC da Unity; use como indicio comparativo."
2,2001,"40998080","Quantitativo","numRoomsTarget","2","contagem","Medido","Extracao de componentes abertos e densos apos iteracoes de Cellular Automata.","Tamanho estrutural da dungeon nesta execucao.","Cellular Automata nao cria salas como entidades planejadas; regioes emergem de celulas abertas."
2,2001,"40998080","Quantitativo","connectivityRatio","100%","%","Medido","Busca no grafo extraido de componentes abertos; nenhuma conexao artificial e criada.","Mostra se as cavernas emergentes ficaram conectadas sem flood-fill reparador, carving ou grafo-guia.","CA puro nao garante conectividade global. Se a metrica ficar baixa, isso e uma limitacao real do algoritmo nesta configuracao."
2,2001,"40998080","Quantitativo","verticalVariance","2","metros","Medido","Desvio padrao das alturas dos componentes extraidos do volume celular.","Ha variacao vertical mensuravel entre salas.","Verticalidade so aparece em uma variante celular 3D/multiandar; CA 2D simples nao possui altura."
2,2001,"40998080","Quantitativo","fillPercentage","82.86%","%","Medido","Celulas abertas apos a regra celular divididas pelo total do volume.","Indica densidade espacial da dungeon.","Densidade e controlada indiretamente por chance inicial e limites de nascimento/sobrevivencia."
2,2001,"40998080","Quantitativo","branchFactor","1","media","Medido","Media de conexoes entre componentes extraidos por passagens estreitas detectadas.","Layout mais linear, com poucas bifurcacoes.","Ramificacao emerge de gargalos naturais, nao de um grafo explicito."
2,2001,"40998080","Quantitativo","avgPathLength","6","metros","Medido","Distancias no grafo extraido do resultado celular.","Distancia media a partir da sala inicial.","Caminhos sao medidos depois da extracao; CA nao controla caminho critico diretamente."
2,2001,"40998080","Quantitativo","uniqueModules","17","contagem","Medido","Contagem de categorias logicas e prefabs usados na leitura/instanciacao do resultado.","Indica variedade basica de composicao.","CA tende a variar forma organica, mas nao aumenta variedade modular sozinho."
2,2001,"40998080","Quantitativo","navigableVolumeRatio","100%","%","Estimado sem NavMesh","Estimativa logica de celulas abertas antes de NavMesh.","Use como estimativa inicial, nao como validacao fisica final.","Proxy logico; ilhas desconectadas podem inflar area aberta sem criar navegabilidade util."
2,2001,"40998080","Quantitativo","criticalPathLength","6","metros","Medido","Maior distancia no grafo extraido a partir do componente inicial.","Aproxima o percurso principal inicio-objetivo.","CA puro nao direciona progressao inicio-fim sem uma camada adicional."
2,2001,"40998080","Quantitativo","avgAlternativePathLength","0","metros","Medido","Media de conexoes marcadas como ciclos emergentes entre componentes.","Nao houve caminho alternativo nesta execucao.","Loops podem emergir, mas nao sao garantidos."
2,2001,"40998080","Booleano","SupportsRandomEnemySpawns","Sim, testado","sim/nao","Suportado","Parametro medido sobre a saida do Cellular Automata puro.","Sistema configurado e com orcamento ativo.","Spawns usam regioes abertas extraidas; balanceamento nao e propriedade nativa do CA."
2,2001,"40998080","Booleano","SupportsLootDistribution","Sim, testado","sim/nao","Suportado","Parametro medido sobre a saida do Cellular Automata puro.","Sistema configurado e com orcamento ativo.","Loot pode ser colocado nas regioes abertas, mas progressao por risco depende de outra camada."
2,2001,"40998080","Booleano","SupportsTraps","Sim, testado","sim/nao","Suportado","Parametro medido sobre a saida do Cellular Automata puro.","Sistema configurado e com orcamento ativo.","Armadilhas podem usar celulas abertas/gargalos, mas sem semantica global nativa."
2,2001,"40998080","Booleano","SupportsBacktrackingLoops","Nao","sim/nao","Medido","Parametro medido sobre a saida do Cellular Automata puro.","Parametro atendido somente quando as conexoes emergentes formam ciclos no grafo extraido.","CA pode formar ciclos emergentes, mas sem controle direto de loops."
2,2001,"40998080","Booleano","SupportsVerticalConnectors","Sim","sim/nao","Medido","Conta execucoes com celulas abertas alinhadas entre pavimentos e convertidas em conector vertical inferido.","Parametro atendido apenas se o volume celular multiandar gerar alinhamentos abertos entre camadas.","Possivel apenas em uma leitura 3D/multiandar do CA, por alinhamento de celulas abertas entre camadas."
2,2001,"40998080","Booleano","SupportsMultiFloor","Sim","sim/nao","Medido","Conta execucoes com mais de um pavimento e pelo menos uma conexao vertical inferida do volume celular.","Parametro atendido quando existe conexao vertical inferida do proprio volume celular.","CA 2D puro nao e multiandar; a variante 3D continua celular, mas precisa ser relatada como extensao volumetrica."
2,2001,"40998080","Booleano","SupportsBossArena","Sim","sim/nao","Medido","Parametro medido sobre a saida do Cellular Automata puro.","Existe ao menos uma sala grande o suficiente.","Areas grandes podem emergir naturalmente, mas nao como arena semanticamente planejada."
2,2001,"40998080","Booleano","SeedReproducible","Sim","sim/nao","Medido","Parametro medido sobre a saida do Cellular Automata puro.","A seed reproduziu a mesma topologia.","Resultado reproduzivel se ruido inicial e iteracoes usam a mesma seed."
2,2001,"40998080","Booleano","RuntimeRegeneration","Sim","sim/nao","Medido","Parametro medido sobre a saida do Cellular Automata puro.","Tempo registrado: 122.239 ms.","Custo cresce com tamanho do grid, pavimentos e iteracoes."
2,2001,"40998080","Booleano","BudgetAwareSpawns","Sim","sim/nao","Suportado","Parametro medido sobre a saida do Cellular Automata puro.","Orcamentos registrados: inimigos 10, loot 6, armadilhas 4.","Orcamento e aplicado apos a geracao, sobre celulas livres extraidas."
2,2001,"40998080","Qualitativo","Replayability","5/5","Likert 1-5","Estimado automaticamente","Parametro medido sobre a saida do Cellular Automata puro.","Diversidade topologica: 100%.","Alta variacao visual/organica entre seeds e esperada."
2,2001,"40998080","Qualitativo","Debuggability","5/5","Likert 1-5","Estimado automaticamente","Parametro medido sobre a saida do Cellular Automata puro.","Cellular Automata e reproduzivel e simples de parametrizar, mas o efeito de pequenas mudancas nas regras precisa ser observado por bateladas.","Regras sao simples, mas efeitos globais emergentes exigem analise por metricas."
2,2001,"40998080","Qualitativo","Flow","4/5","Likert 1-5","Estimado automaticamente","Parametro medido sobre a saida do Cellular Automata puro.","Indica fluidez de navegacao esperada.","Fluxo global nao e garantido; depende de conectividade emergente."
2,2001,"40998080","Qualitativo","Legibility","4/5","Likert 1-5","Estimado automaticamente","Parametro medido sobre a saida do Cellular Automata puro.","A legibilidade depende do equilibrio entre areas abertas, gargalos e ilhas desconectadas.","Cavernas organicas podem ser bonitas, mas menos legiveis que salas retangulares."
2,2001,"40998080","Qualitativo","StructuralVariety","2/5","Likert 1-5","Estimado automaticamente","Parametro medido sobre a saida do Cellular Automata puro.","Indica variedade estrutural dentro desta execucao.","Boa variedade morfologica; menor controle sobre semantica estrutural."
2,2001,"40998080","Performance","layoutGenerationMilliseconds","28.784","ms","Medido","Tempo para inicializar ruido, executar iteracoes celulares e extrair componentes.","Representa o custo algoritmico principal.","Inclui ruido inicial, iteracoes celulares e extracao de componentes."
2,2001,"40998080","Performance","geometryInstantiationMilliseconds","90.063","ms","Medido","Parametro medido sobre a saida do Cellular Automata puro.","A execucao incluiu custo visual.","Custo visual depende dos prefabs/Unity, nao do CA puro."
2,2001,"40998080","Performance","metricsCalculationMilliseconds","3.389","ms","Medido","Parametro medido sobre a saida do Cellular Automata puro.","Ajuda a quantificar custo da instrumentacao.","Custo da instrumentacao, nao do algoritmo."
2,2001,"40998080","Performance","totalGenerationMilliseconds","122.239","ms","Medido","Parametro medido sobre a saida do Cellular Automata puro.","Inclui layout, instanciacao visual habilitada e calculo de metricas.","Inclui layout, instanciacao visual e metricas; compare junto do tempo logico."
2,2001,"40998080","Performance","generatedGameObjectCount","8064","contagem","Medido","Parametro medido sobre a saida do Cellular Automata puro.","Indica peso potencial de instanciacao no Unity.","Reflete peso da montagem visual das celulas abertas."
2,2001,"40998080","Performance","occupiedCellCount","6788","contagem","Medido","Parametro medido sobre a saida do Cellular Automata puro.","Proxy de escala espacial da dungeon.","Proxy do volume aberto gerado pelo CA."
2,2001,"40998080","Performance","connectionCount","1","contagem","Medido","Quantidade de conexoes inferidas por gargalos/passagens ou sobreposicoes verticais.","Proxy de complexidade topologica.","Conexoes sao inferidas apos a geracao; nao sao primitivas nativas do CA."
2,2001,"40998080","Performance","managedMemoryDeltaKB","20444","KB","Estimado","Parametro medido sobre a saida do Cellular Automata puro.","Valor aproximado, sensivel a GC e ao estado do Editor.","Estimativa sujeita ao GC da Unity; use como indicio comparativo."
3,2002,"13628002","Quantitativo","numRoomsTarget","2","contagem","Medido","Extracao de componentes abertos e densos apos iteracoes de Cellular Automata.","Tamanho estrutural da dungeon nesta execucao.","Cellular Automata nao cria salas como entidades planejadas; regioes emergem de celulas abertas."
3,2002,"13628002","Quantitativo","connectivityRatio","100%","%","Medido","Busca no grafo extraido de componentes abertos; nenhuma conexao artificial e criada.","Mostra se as cavernas emergentes ficaram conectadas sem flood-fill reparador, carving ou grafo-guia.","CA puro nao garante conectividade global. Se a metrica ficar baixa, isso e uma limitacao real do algoritmo nesta configuracao."
3,2002,"13628002","Quantitativo","verticalVariance","2","metros","Medido","Desvio padrao das alturas dos componentes extraidos do volume celular.","Ha variacao vertical mensuravel entre salas.","Verticalidade so aparece em uma variante celular 3D/multiandar; CA 2D simples nao possui altura."
3,2002,"13628002","Quantitativo","fillPercentage","84.2%","%","Medido","Celulas abertas apos a regra celular divididas pelo total do volume.","Indica densidade espacial da dungeon.","Densidade e controlada indiretamente por chance inicial e limites de nascimento/sobrevivencia."
3,2002,"13628002","Quantitativo","branchFactor","1","media","Medido","Media de conexoes entre componentes extraidos por passagens estreitas detectadas.","Layout mais linear, com poucas bifurcacoes.","Ramificacao emerge de gargalos naturais, nao de um grafo explicito."
3,2002,"13628002","Quantitativo","avgPathLength","6","metros","Medido","Distancias no grafo extraido do resultado celular.","Distancia media a partir da sala inicial.","Caminhos sao medidos depois da extracao; CA nao controla caminho critico diretamente."
3,2002,"13628002","Quantitativo","uniqueModules","20","contagem","Medido","Contagem de categorias logicas e prefabs usados na leitura/instanciacao do resultado.","Indica variedade basica de composicao.","CA tende a variar forma organica, mas nao aumenta variedade modular sozinho."
3,2002,"13628002","Quantitativo","navigableVolumeRatio","100%","%","Estimado sem NavMesh","Estimativa logica de celulas abertas antes de NavMesh.","Use como estimativa inicial, nao como validacao fisica final.","Proxy logico; ilhas desconectadas podem inflar area aberta sem criar navegabilidade util."
3,2002,"13628002","Quantitativo","criticalPathLength","6","metros","Medido","Maior distancia no grafo extraido a partir do componente inicial.","Aproxima o percurso principal inicio-objetivo.","CA puro nao direciona progressao inicio-fim sem uma camada adicional."
3,2002,"13628002","Quantitativo","avgAlternativePathLength","0","metros","Medido","Media de conexoes marcadas como ciclos emergentes entre componentes.","Nao houve caminho alternativo nesta execucao.","Loops podem emergir, mas nao sao garantidos."
3,2002,"13628002","Booleano","SupportsRandomEnemySpawns","Sim, testado","sim/nao","Suportado","Parametro medido sobre a saida do Cellular Automata puro.","Sistema configurado e com orcamento ativo.","Spawns usam regioes abertas extraidas; balanceamento nao e propriedade nativa do CA."
3,2002,"13628002","Booleano","SupportsLootDistribution","Sim, testado","sim/nao","Suportado","Parametro medido sobre a saida do Cellular Automata puro.","Sistema configurado e com orcamento ativo.","Loot pode ser colocado nas regioes abertas, mas progressao por risco depende de outra camada."
3,2002,"13628002","Booleano","SupportsTraps","Sim, testado","sim/nao","Suportado","Parametro medido sobre a saida do Cellular Automata puro.","Sistema configurado e com orcamento ativo.","Armadilhas podem usar celulas abertas/gargalos, mas sem semantica global nativa."
3,2002,"13628002","Booleano","SupportsBacktrackingLoops","Nao","sim/nao","Medido","Parametro medido sobre a saida do Cellular Automata puro.","Parametro atendido somente quando as conexoes emergentes formam ciclos no grafo extraido.","CA pode formar ciclos emergentes, mas sem controle direto de loops."
3,2002,"13628002","Booleano","SupportsVerticalConnectors","Sim","sim/nao","Medido","Conta execucoes com celulas abertas alinhadas entre pavimentos e convertidas em conector vertical inferido.","Parametro atendido apenas se o volume celular multiandar gerar alinhamentos abertos entre camadas.","Possivel apenas em uma leitura 3D/multiandar do CA, por alinhamento de celulas abertas entre camadas."
3,2002,"13628002","Booleano","SupportsMultiFloor","Sim","sim/nao","Medido","Conta execucoes com mais de um pavimento e pelo menos uma conexao vertical inferida do volume celular.","Parametro atendido quando existe conexao vertical inferida do proprio volume celular.","CA 2D puro nao e multiandar; a variante 3D continua celular, mas precisa ser relatada como extensao volumetrica."
3,2002,"13628002","Booleano","SupportsBossArena","Sim","sim/nao","Medido","Parametro medido sobre a saida do Cellular Automata puro.","Existe ao menos uma sala grande o suficiente.","Areas grandes podem emergir naturalmente, mas nao como arena semanticamente planejada."
3,2002,"13628002","Booleano","SeedReproducible","Sim","sim/nao","Medido","Parametro medido sobre a saida do Cellular Automata puro.","A seed reproduziu a mesma topologia.","Resultado reproduzivel se ruido inicial e iteracoes usam a mesma seed."
3,2002,"13628002","Booleano","RuntimeRegeneration","Sim","sim/nao","Medido","Parametro medido sobre a saida do Cellular Automata puro.","Tempo registrado: 133.375 ms.","Custo cresce com tamanho do grid, pavimentos e iteracoes."
3,2002,"13628002","Booleano","BudgetAwareSpawns","Sim","sim/nao","Suportado","Parametro medido sobre a saida do Cellular Automata puro.","Orcamentos registrados: inimigos 10, loot 6, armadilhas 4.","Orcamento e aplicado apos a geracao, sobre celulas livres extraidas."
3,2002,"13628002","Qualitativo","Replayability","5/5","Likert 1-5","Estimado automaticamente","Parametro medido sobre a saida do Cellular Automata puro.","Diversidade topologica: 100%.","Alta variacao visual/organica entre seeds e esperada."
3,2002,"13628002","Qualitativo","Debuggability","5/5","Likert 1-5","Estimado automaticamente","Parametro medido sobre a saida do Cellular Automata puro.","Cellular Automata e reproduzivel e simples de parametrizar, mas o efeito de pequenas mudancas nas regras precisa ser observado por bateladas.","Regras sao simples, mas efeitos globais emergentes exigem analise por metricas."
3,2002,"13628002","Qualitativo","Flow","4/5","Likert 1-5","Estimado automaticamente","Parametro medido sobre a saida do Cellular Automata puro.","Indica fluidez de navegacao esperada.","Fluxo global nao e garantido; depende de conectividade emergente."
3,2002,"13628002","Qualitativo","Legibility","4/5","Likert 1-5","Estimado automaticamente","Parametro medido sobre a saida do Cellular Automata puro.","A legibilidade depende do equilibrio entre areas abertas, gargalos e ilhas desconectadas.","Cavernas organicas podem ser bonitas, mas menos legiveis que salas retangulares."
3,2002,"13628002","Qualitativo","StructuralVariety","2/5","Likert 1-5","Estimado automaticamente","Parametro medido sobre a saida do Cellular Automata puro.","Indica variedade estrutural dentro desta execucao.","Boa variedade morfologica; menor controle sobre semantica estrutural."
3,2002,"13628002","Performance","layoutGenerationMilliseconds","34.775","ms","Medido","Tempo para inicializar ruido, executar iteracoes celulares e extrair componentes.","Representa o custo algoritmico principal.","Inclui ruido inicial, iteracoes celulares e extracao de componentes."
3,2002,"13628002","Performance","geometryInstantiationMilliseconds","95.232","ms","Medido","Parametro medido sobre a saida do Cellular Automata puro.","A execucao incluiu custo visual.","Custo visual depende dos prefabs/Unity, nao do CA puro."
3,2002,"13628002","Performance","metricsCalculationMilliseconds","3.365","ms","Medido","Parametro medido sobre a saida do Cellular Automata puro.","Ajuda a quantificar custo da instrumentacao.","Custo da instrumentacao, nao do algoritmo."
3,2002,"13628002","Performance","totalGenerationMilliseconds","133.375","ms","Medido","Parametro medido sobre a saida do Cellular Automata puro.","Inclui layout, instanciacao visual habilitada e calculo de metricas.","Inclui layout, instanciacao visual e metricas; compare junto do tempo logico."
3,2002,"13628002","Performance","generatedGameObjectCount","8157","contagem","Medido","Parametro medido sobre a saida do Cellular Automata puro.","Indica peso potencial de instanciacao no Unity.","Reflete peso da montagem visual das celulas abertas."
3,2002,"13628002","Performance","occupiedCellCount","6898","contagem","Medido","Parametro medido sobre a saida do Cellular Automata puro.","Proxy de escala espacial da dungeon.","Proxy do volume aberto gerado pelo CA."
3,2002,"13628002","Performance","connectionCount","1","contagem","Medido","Quantidade de conexoes inferidas por gargalos/passagens ou sobreposicoes verticais.","Proxy de complexidade topologica.","Conexoes sao inferidas apos a geracao; nao sao primitivas nativas do CA."
3,2002,"13628002","Performance","managedMemoryDeltaKB","20736","KB","Estimado","Parametro medido sobre a saida do Cellular Automata puro.","Valor aproximado, sensivel a GC e ao estado do Editor.","Estimativa sujeita ao GC da Unity; use como indicio comparativo."
4,2003,"826AA19C","Quantitativo","numRoomsTarget","2","contagem","Medido","Extracao de componentes abertos e densos apos iteracoes de Cellular Automata.","Tamanho estrutural da dungeon nesta execucao.","Cellular Automata nao cria salas como entidades planejadas; regioes emergem de celulas abertas."
4,2003,"826AA19C","Quantitativo","connectivityRatio","100%","%","Medido","Busca no grafo extraido de componentes abertos; nenhuma conexao artificial e criada.","Mostra se as cavernas emergentes ficaram conectadas sem flood-fill reparador, carving ou grafo-guia.","CA puro nao garante conectividade global. Se a metrica ficar baixa, isso e uma limitacao real do algoritmo nesta configuracao."
4,2003,"826AA19C","Quantitativo","verticalVariance","2","metros","Medido","Desvio padrao das alturas dos componentes extraidos do volume celular.","Ha variacao vertical mensuravel entre salas.","Verticalidade so aparece em uma variante celular 3D/multiandar; CA 2D simples nao possui altura."
4,2003,"826AA19C","Quantitativo","fillPercentage","83.28%","%","Medido","Celulas abertas apos a regra celular divididas pelo total do volume.","Indica densidade espacial da dungeon.","Densidade e controlada indiretamente por chance inicial e limites de nascimento/sobrevivencia."
4,2003,"826AA19C","Quantitativo","branchFactor","1","media","Medido","Media de conexoes entre componentes extraidos por passagens estreitas detectadas.","Layout mais linear, com poucas bifurcacoes.","Ramificacao emerge de gargalos naturais, nao de um grafo explicito."
4,2003,"826AA19C","Quantitativo","avgPathLength","6","metros","Medido","Distancias no grafo extraido do resultado celular.","Distancia media a partir da sala inicial.","Caminhos sao medidos depois da extracao; CA nao controla caminho critico diretamente."
4,2003,"826AA19C","Quantitativo","uniqueModules","17","contagem","Medido","Contagem de categorias logicas e prefabs usados na leitura/instanciacao do resultado.","Indica variedade basica de composicao.","CA tende a variar forma organica, mas nao aumenta variedade modular sozinho."
4,2003,"826AA19C","Quantitativo","navigableVolumeRatio","100%","%","Estimado sem NavMesh","Estimativa logica de celulas abertas antes de NavMesh.","Use como estimativa inicial, nao como validacao fisica final.","Proxy logico; ilhas desconectadas podem inflar area aberta sem criar navegabilidade util."
4,2003,"826AA19C","Quantitativo","criticalPathLength","6","metros","Medido","Maior distancia no grafo extraido a partir do componente inicial.","Aproxima o percurso principal inicio-objetivo.","CA puro nao direciona progressao inicio-fim sem uma camada adicional."
4,2003,"826AA19C","Quantitativo","avgAlternativePathLength","0","metros","Medido","Media de conexoes marcadas como ciclos emergentes entre componentes.","Nao houve caminho alternativo nesta execucao.","Loops podem emergir, mas nao sao garantidos."
4,2003,"826AA19C","Booleano","SupportsRandomEnemySpawns","Sim, testado","sim/nao","Suportado","Parametro medido sobre a saida do Cellular Automata puro.","Sistema configurado e com orcamento ativo.","Spawns usam regioes abertas extraidas; balanceamento nao e propriedade nativa do CA."
4,2003,"826AA19C","Booleano","SupportsLootDistribution","Sim, testado","sim/nao","Suportado","Parametro medido sobre a saida do Cellular Automata puro.","Sistema configurado e com orcamento ativo.","Loot pode ser colocado nas regioes abertas, mas progressao por risco depende de outra camada."
4,2003,"826AA19C","Booleano","SupportsTraps","Sim, testado","sim/nao","Suportado","Parametro medido sobre a saida do Cellular Automata puro.","Sistema configurado e com orcamento ativo.","Armadilhas podem usar celulas abertas/gargalos, mas sem semantica global nativa."
4,2003,"826AA19C","Booleano","SupportsBacktrackingLoops","Nao","sim/nao","Medido","Parametro medido sobre a saida do Cellular Automata puro.","Parametro atendido somente quando as conexoes emergentes formam ciclos no grafo extraido.","CA pode formar ciclos emergentes, mas sem controle direto de loops."
4,2003,"826AA19C","Booleano","SupportsVerticalConnectors","Sim","sim/nao","Medido","Conta execucoes com celulas abertas alinhadas entre pavimentos e convertidas em conector vertical inferido.","Parametro atendido apenas se o volume celular multiandar gerar alinhamentos abertos entre camadas.","Possivel apenas em uma leitura 3D/multiandar do CA, por alinhamento de celulas abertas entre camadas."
4,2003,"826AA19C","Booleano","SupportsMultiFloor","Sim","sim/nao","Medido","Conta execucoes com mais de um pavimento e pelo menos uma conexao vertical inferida do volume celular.","Parametro atendido quando existe conexao vertical inferida do proprio volume celular.","CA 2D puro nao e multiandar; a variante 3D continua celular, mas precisa ser relatada como extensao volumetrica."
4,2003,"826AA19C","Booleano","SupportsBossArena","Sim","sim/nao","Medido","Parametro medido sobre a saida do Cellular Automata puro.","Existe ao menos uma sala grande o suficiente.","Areas grandes podem emergir naturalmente, mas nao como arena semanticamente planejada."
4,2003,"826AA19C","Booleano","SeedReproducible","Sim","sim/nao","Medido","Parametro medido sobre a saida do Cellular Automata puro.","A seed reproduziu a mesma topologia.","Resultado reproduzivel se ruido inicial e iteracoes usam a mesma seed."
4,2003,"826AA19C","Booleano","RuntimeRegeneration","Sim","sim/nao","Medido","Parametro medido sobre a saida do Cellular Automata puro.","Tempo registrado: 121.458 ms.","Custo cresce com tamanho do grid, pavimentos e iteracoes."
4,2003,"826AA19C","Booleano","BudgetAwareSpawns","Sim","sim/nao","Suportado","Parametro medido sobre a saida do Cellular Automata puro.","Orcamentos registrados: inimigos 10, loot 6, armadilhas 4.","Orcamento e aplicado apos a geracao, sobre celulas livres extraidas."
4,2003,"826AA19C","Qualitativo","Replayability","5/5","Likert 1-5","Estimado automaticamente","Parametro medido sobre a saida do Cellular Automata puro.","Diversidade topologica: 100%.","Alta variacao visual/organica entre seeds e esperada."
4,2003,"826AA19C","Qualitativo","Debuggability","5/5","Likert 1-5","Estimado automaticamente","Parametro medido sobre a saida do Cellular Automata puro.","Cellular Automata e reproduzivel e simples de parametrizar, mas o efeito de pequenas mudancas nas regras precisa ser observado por bateladas.","Regras sao simples, mas efeitos globais emergentes exigem analise por metricas."
4,2003,"826AA19C","Qualitativo","Flow","4/5","Likert 1-5","Estimado automaticamente","Parametro medido sobre a saida do Cellular Automata puro.","Indica fluidez de navegacao esperada.","Fluxo global nao e garantido; depende de conectividade emergente."
4,2003,"826AA19C","Qualitativo","Legibility","4/5","Likert 1-5","Estimado automaticamente","Parametro medido sobre a saida do Cellular Automata puro.","A legibilidade depende do equilibrio entre areas abertas, gargalos e ilhas desconectadas.","Cavernas organicas podem ser bonitas, mas menos legiveis que salas retangulares."
4,2003,"826AA19C","Qualitativo","StructuralVariety","2/5","Likert 1-5","Estimado automaticamente","Parametro medido sobre a saida do Cellular Automata puro.","Indica variedade estrutural dentro desta execucao.","Boa variedade morfologica; menor controle sobre semantica estrutural."
4,2003,"826AA19C","Performance","layoutGenerationMilliseconds","28.488","ms","Medido","Tempo para inicializar ruido, executar iteracoes celulares e extrair componentes.","Representa o custo algoritmico principal.","Inclui ruido inicial, iteracoes celulares e extracao de componentes."
4,2003,"826AA19C","Performance","geometryInstantiationMilliseconds","89.565","ms","Medido","Parametro medido sobre a saida do Cellular Automata puro.","A execucao incluiu custo visual.","Custo visual depende dos prefabs/Unity, nao do CA puro."
4,2003,"826AA19C","Performance","metricsCalculationMilliseconds","3.402","ms","Medido","Parametro medido sobre a saida do Cellular Automata puro.","Ajuda a quantificar custo da instrumentacao.","Custo da instrumentacao, nao do algoritmo."
4,2003,"826AA19C","Performance","totalGenerationMilliseconds","121.458","ms","Medido","Parametro medido sobre a saida do Cellular Automata puro.","Inclui layout, instanciacao visual habilitada e calculo de metricas.","Inclui layout, instanciacao visual e metricas; compare junto do tempo logico."
4,2003,"826AA19C","Performance","generatedGameObjectCount","8168","contagem","Medido","Parametro medido sobre a saida do Cellular Automata puro.","Indica peso potencial de instanciacao no Unity.","Reflete peso da montagem visual das celulas abertas."
4,2003,"826AA19C","Performance","occupiedCellCount","6822","contagem","Medido","Parametro medido sobre a saida do Cellular Automata puro.","Proxy de escala espacial da dungeon.","Proxy do volume aberto gerado pelo CA."
4,2003,"826AA19C","Performance","connectionCount","1","contagem","Medido","Quantidade de conexoes inferidas por gargalos/passagens ou sobreposicoes verticais.","Proxy de complexidade topologica.","Conexoes sao inferidas apos a geracao; nao sao primitivas nativas do CA."
4,2003,"826AA19C","Performance","managedMemoryDeltaKB","20524","KB","Estimado","Parametro medido sobre a saida do Cellular Automata puro.","Valor aproximado, sensivel a GC e ao estado do Editor.","Estimativa sujeita ao GC da Unity; use como indicio comparativo."
5,2004,"35C022D2","Quantitativo","numRoomsTarget","2","contagem","Medido","Extracao de componentes abertos e densos apos iteracoes de Cellular Automata.","Tamanho estrutural da dungeon nesta execucao.","Cellular Automata nao cria salas como entidades planejadas; regioes emergem de celulas abertas."
5,2004,"35C022D2","Quantitativo","connectivityRatio","100%","%","Medido","Busca no grafo extraido de componentes abertos; nenhuma conexao artificial e criada.","Mostra se as cavernas emergentes ficaram conectadas sem flood-fill reparador, carving ou grafo-guia.","CA puro nao garante conectividade global. Se a metrica ficar baixa, isso e uma limitacao real do algoritmo nesta configuracao."
5,2004,"35C022D2","Quantitativo","verticalVariance","2","metros","Medido","Desvio padrao das alturas dos componentes extraidos do volume celular.","Ha variacao vertical mensuravel entre salas.","Verticalidade so aparece em uma variante celular 3D/multiandar; CA 2D simples nao possui altura."
5,2004,"35C022D2","Quantitativo","fillPercentage","83.76%","%","Medido","Celulas abertas apos a regra celular divididas pelo total do volume.","Indica densidade espacial da dungeon.","Densidade e controlada indiretamente por chance inicial e limites de nascimento/sobrevivencia."
5,2004,"35C022D2","Quantitativo","branchFactor","1","media","Medido","Media de conexoes entre componentes extraidos por passagens estreitas detectadas.","Layout mais linear, com poucas bifurcacoes.","Ramificacao emerge de gargalos naturais, nao de um grafo explicito."
5,2004,"35C022D2","Quantitativo","avgPathLength","6","metros","Medido","Distancias no grafo extraido do resultado celular.","Distancia media a partir da sala inicial.","Caminhos sao medidos depois da extracao; CA nao controla caminho critico diretamente."
5,2004,"35C022D2","Quantitativo","uniqueModules","21","contagem","Medido","Contagem de categorias logicas e prefabs usados na leitura/instanciacao do resultado.","Indica variedade basica de composicao.","CA tende a variar forma organica, mas nao aumenta variedade modular sozinho."
5,2004,"35C022D2","Quantitativo","navigableVolumeRatio","100%","%","Estimado sem NavMesh","Estimativa logica de celulas abertas antes de NavMesh.","Use como estimativa inicial, nao como validacao fisica final.","Proxy logico; ilhas desconectadas podem inflar area aberta sem criar navegabilidade util."
5,2004,"35C022D2","Quantitativo","criticalPathLength","6","metros","Medido","Maior distancia no grafo extraido a partir do componente inicial.","Aproxima o percurso principal inicio-objetivo.","CA puro nao direciona progressao inicio-fim sem uma camada adicional."
5,2004,"35C022D2","Quantitativo","avgAlternativePathLength","0","metros","Medido","Media de conexoes marcadas como ciclos emergentes entre componentes.","Nao houve caminho alternativo nesta execucao.","Loops podem emergir, mas nao sao garantidos."
5,2004,"35C022D2","Booleano","SupportsRandomEnemySpawns","Sim, testado","sim/nao","Suportado","Parametro medido sobre a saida do Cellular Automata puro.","Sistema configurado e com orcamento ativo.","Spawns usam regioes abertas extraidas; balanceamento nao e propriedade nativa do CA."
5,2004,"35C022D2","Booleano","SupportsLootDistribution","Sim, testado","sim/nao","Suportado","Parametro medido sobre a saida do Cellular Automata puro.","Sistema configurado e com orcamento ativo.","Loot pode ser colocado nas regioes abertas, mas progressao por risco depende de outra camada."
5,2004,"35C022D2","Booleano","SupportsTraps","Sim, testado","sim/nao","Suportado","Parametro medido sobre a saida do Cellular Automata puro.","Sistema configurado e com orcamento ativo.","Armadilhas podem usar celulas abertas/gargalos, mas sem semantica global nativa."
5,2004,"35C022D2","Booleano","SupportsBacktrackingLoops","Nao","sim/nao","Medido","Parametro medido sobre a saida do Cellular Automata puro.","Parametro atendido somente quando as conexoes emergentes formam ciclos no grafo extraido.","CA pode formar ciclos emergentes, mas sem controle direto de loops."
5,2004,"35C022D2","Booleano","SupportsVerticalConnectors","Sim","sim/nao","Medido","Conta execucoes com celulas abertas alinhadas entre pavimentos e convertidas em conector vertical inferido.","Parametro atendido apenas se o volume celular multiandar gerar alinhamentos abertos entre camadas.","Possivel apenas em uma leitura 3D/multiandar do CA, por alinhamento de celulas abertas entre camadas."
5,2004,"35C022D2","Booleano","SupportsMultiFloor","Sim","sim/nao","Medido","Conta execucoes com mais de um pavimento e pelo menos uma conexao vertical inferida do volume celular.","Parametro atendido quando existe conexao vertical inferida do proprio volume celular.","CA 2D puro nao e multiandar; a variante 3D continua celular, mas precisa ser relatada como extensao volumetrica."
5,2004,"35C022D2","Booleano","SupportsBossArena","Sim","sim/nao","Medido","Parametro medido sobre a saida do Cellular Automata puro.","Existe ao menos uma sala grande o suficiente.","Areas grandes podem emergir naturalmente, mas nao como arena semanticamente planejada."
5,2004,"35C022D2","Booleano","SeedReproducible","Sim","sim/nao","Medido","Parametro medido sobre a saida do Cellular Automata puro.","A seed reproduziu a mesma topologia.","Resultado reproduzivel se ruido inicial e iteracoes usam a mesma seed."
5,2004,"35C022D2","Booleano","RuntimeRegeneration","Sim","sim/nao","Medido","Parametro medido sobre a saida do Cellular Automata puro.","Tempo registrado: 126.253 ms.","Custo cresce com tamanho do grid, pavimentos e iteracoes."
5,2004,"35C022D2","Booleano","BudgetAwareSpawns","Sim","sim/nao","Suportado","Parametro medido sobre a saida do Cellular Automata puro.","Orcamentos registrados: inimigos 10, loot 6, armadilhas 4.","Orcamento e aplicado apos a geracao, sobre celulas livres extraidas."
5,2004,"35C022D2","Qualitativo","Replayability","5/5","Likert 1-5","Estimado automaticamente","Parametro medido sobre a saida do Cellular Automata puro.","Diversidade topologica: 100%.","Alta variacao visual/organica entre seeds e esperada."
5,2004,"35C022D2","Qualitativo","Debuggability","5/5","Likert 1-5","Estimado automaticamente","Parametro medido sobre a saida do Cellular Automata puro.","Cellular Automata e reproduzivel e simples de parametrizar, mas o efeito de pequenas mudancas nas regras precisa ser observado por bateladas.","Regras sao simples, mas efeitos globais emergentes exigem analise por metricas."
5,2004,"35C022D2","Qualitativo","Flow","4/5","Likert 1-5","Estimado automaticamente","Parametro medido sobre a saida do Cellular Automata puro.","Indica fluidez de navegacao esperada.","Fluxo global nao e garantido; depende de conectividade emergente."
5,2004,"35C022D2","Qualitativo","Legibility","4/5","Likert 1-5","Estimado automaticamente","Parametro medido sobre a saida do Cellular Automata puro.","A legibilidade depende do equilibrio entre areas abertas, gargalos e ilhas desconectadas.","Cavernas organicas podem ser bonitas, mas menos legiveis que salas retangulares."
5,2004,"35C022D2","Qualitativo","StructuralVariety","2/5","Likert 1-5","Estimado automaticamente","Parametro medido sobre a saida do Cellular Automata puro.","Indica variedade estrutural dentro desta execucao.","Boa variedade morfologica; menor controle sobre semantica estrutural."
5,2004,"35C022D2","Performance","layoutGenerationMilliseconds","28.668","ms","Medido","Tempo para inicializar ruido, executar iteracoes celulares e extrair componentes.","Representa o custo algoritmico principal.","Inclui ruido inicial, iteracoes celulares e extracao de componentes."
5,2004,"35C022D2","Performance","geometryInstantiationMilliseconds","93.238","ms","Medido","Parametro medido sobre a saida do Cellular Automata puro.","A execucao incluiu custo visual.","Custo visual depende dos prefabs/Unity, nao do CA puro."
5,2004,"35C022D2","Performance","metricsCalculationMilliseconds","4.344","ms","Medido","Parametro medido sobre a saida do Cellular Automata puro.","Ajuda a quantificar custo da instrumentacao.","Custo da instrumentacao, nao do algoritmo."
5,2004,"35C022D2","Performance","totalGenerationMilliseconds","126.253","ms","Medido","Parametro medido sobre a saida do Cellular Automata puro.","Inclui layout, instanciacao visual habilitada e calculo de metricas.","Inclui layout, instanciacao visual e metricas; compare junto do tempo logico."
5,2004,"35C022D2","Performance","generatedGameObjectCount","8111","contagem","Medido","Parametro medido sobre a saida do Cellular Automata puro.","Indica peso potencial de instanciacao no Unity.","Reflete peso da montagem visual das celulas abertas."
5,2004,"35C022D2","Performance","occupiedCellCount","6862","contagem","Medido","Parametro medido sobre a saida do Cellular Automata puro.","Proxy de escala espacial da dungeon.","Proxy do volume aberto gerado pelo CA."
5,2004,"35C022D2","Performance","connectionCount","1","contagem","Medido","Quantidade de conexoes inferidas por gargalos/passagens ou sobreposicoes verticais.","Proxy de complexidade topologica.","Conexoes sao inferidas apos a geracao; nao sao primitivas nativas do CA."
5,2004,"35C022D2","Performance","managedMemoryDeltaKB","20636","KB","Estimado","Parametro medido sobre a saida do Cellular Automata puro.","Valor aproximado, sensivel a GC e ao estado do Editor.","Estimativa sujeita ao GC da Unity; use como indicio comparativo."
6,2005,"229D8E5E","Quantitativo","numRoomsTarget","2","contagem","Medido","Extracao de componentes abertos e densos apos iteracoes de Cellular Automata.","Tamanho estrutural da dungeon nesta execucao.","Cellular Automata nao cria salas como entidades planejadas; regioes emergem de celulas abertas."
6,2005,"229D8E5E","Quantitativo","connectivityRatio","100%","%","Medido","Busca no grafo extraido de componentes abertos; nenhuma conexao artificial e criada.","Mostra se as cavernas emergentes ficaram conectadas sem flood-fill reparador, carving ou grafo-guia.","CA puro nao garante conectividade global. Se a metrica ficar baixa, isso e uma limitacao real do algoritmo nesta configuracao."
6,2005,"229D8E5E","Quantitativo","verticalVariance","2","metros","Medido","Desvio padrao das alturas dos componentes extraidos do volume celular.","Ha variacao vertical mensuravel entre salas.","Verticalidade so aparece em uma variante celular 3D/multiandar; CA 2D simples nao possui altura."
6,2005,"229D8E5E","Quantitativo","fillPercentage","85.55%","%","Medido","Celulas abertas apos a regra celular divididas pelo total do volume.","Indica densidade espacial da dungeon.","Densidade e controlada indiretamente por chance inicial e limites de nascimento/sobrevivencia."
6,2005,"229D8E5E","Quantitativo","branchFactor","1","media","Medido","Media de conexoes entre componentes extraidos por passagens estreitas detectadas.","Layout mais linear, com poucas bifurcacoes.","Ramificacao emerge de gargalos naturais, nao de um grafo explicito."
6,2005,"229D8E5E","Quantitativo","avgPathLength","6","metros","Medido","Distancias no grafo extraido do resultado celular.","Distancia media a partir da sala inicial.","Caminhos sao medidos depois da extracao; CA nao controla caminho critico diretamente."
6,2005,"229D8E5E","Quantitativo","uniqueModules","16","contagem","Medido","Contagem de categorias logicas e prefabs usados na leitura/instanciacao do resultado.","Indica variedade basica de composicao.","CA tende a variar forma organica, mas nao aumenta variedade modular sozinho."
6,2005,"229D8E5E","Quantitativo","navigableVolumeRatio","100%","%","Estimado sem NavMesh","Estimativa logica de celulas abertas antes de NavMesh.","Use como estimativa inicial, nao como validacao fisica final.","Proxy logico; ilhas desconectadas podem inflar area aberta sem criar navegabilidade util."
6,2005,"229D8E5E","Quantitativo","criticalPathLength","6","metros","Medido","Maior distancia no grafo extraido a partir do componente inicial.","Aproxima o percurso principal inicio-objetivo.","CA puro nao direciona progressao inicio-fim sem uma camada adicional."
6,2005,"229D8E5E","Quantitativo","avgAlternativePathLength","0","metros","Medido","Media de conexoes marcadas como ciclos emergentes entre componentes.","Nao houve caminho alternativo nesta execucao.","Loops podem emergir, mas nao sao garantidos."
6,2005,"229D8E5E","Booleano","SupportsRandomEnemySpawns","Sim, testado","sim/nao","Suportado","Parametro medido sobre a saida do Cellular Automata puro.","Sistema configurado e com orcamento ativo.","Spawns usam regioes abertas extraidas; balanceamento nao e propriedade nativa do CA."
6,2005,"229D8E5E","Booleano","SupportsLootDistribution","Sim, testado","sim/nao","Suportado","Parametro medido sobre a saida do Cellular Automata puro.","Sistema configurado e com orcamento ativo.","Loot pode ser colocado nas regioes abertas, mas progressao por risco depende de outra camada."
6,2005,"229D8E5E","Booleano","SupportsTraps","Sim, testado","sim/nao","Suportado","Parametro medido sobre a saida do Cellular Automata puro.","Sistema configurado e com orcamento ativo.","Armadilhas podem usar celulas abertas/gargalos, mas sem semantica global nativa."
6,2005,"229D8E5E","Booleano","SupportsBacktrackingLoops","Nao","sim/nao","Medido","Parametro medido sobre a saida do Cellular Automata puro.","Parametro atendido somente quando as conexoes emergentes formam ciclos no grafo extraido.","CA pode formar ciclos emergentes, mas sem controle direto de loops."
6,2005,"229D8E5E","Booleano","SupportsVerticalConnectors","Sim","sim/nao","Medido","Conta execucoes com celulas abertas alinhadas entre pavimentos e convertidas em conector vertical inferido.","Parametro atendido apenas se o volume celular multiandar gerar alinhamentos abertos entre camadas.","Possivel apenas em uma leitura 3D/multiandar do CA, por alinhamento de celulas abertas entre camadas."
6,2005,"229D8E5E","Booleano","SupportsMultiFloor","Sim","sim/nao","Medido","Conta execucoes com mais de um pavimento e pelo menos uma conexao vertical inferida do volume celular.","Parametro atendido quando existe conexao vertical inferida do proprio volume celular.","CA 2D puro nao e multiandar; a variante 3D continua celular, mas precisa ser relatada como extensao volumetrica."
6,2005,"229D8E5E","Booleano","SupportsBossArena","Sim","sim/nao","Medido","Parametro medido sobre a saida do Cellular Automata puro.","Existe ao menos uma sala grande o suficiente.","Areas grandes podem emergir naturalmente, mas nao como arena semanticamente planejada."
6,2005,"229D8E5E","Booleano","SeedReproducible","Sim","sim/nao","Medido","Parametro medido sobre a saida do Cellular Automata puro.","A seed reproduziu a mesma topologia.","Resultado reproduzivel se ruido inicial e iteracoes usam a mesma seed."
6,2005,"229D8E5E","Booleano","RuntimeRegeneration","Sim","sim/nao","Medido","Parametro medido sobre a saida do Cellular Automata puro.","Tempo registrado: 146.338 ms.","Custo cresce com tamanho do grid, pavimentos e iteracoes."
6,2005,"229D8E5E","Booleano","BudgetAwareSpawns","Sim","sim/nao","Suportado","Parametro medido sobre a saida do Cellular Automata puro.","Orcamentos registrados: inimigos 10, loot 6, armadilhas 4.","Orcamento e aplicado apos a geracao, sobre celulas livres extraidas."
6,2005,"229D8E5E","Qualitativo","Replayability","5/5","Likert 1-5","Estimado automaticamente","Parametro medido sobre a saida do Cellular Automata puro.","Diversidade topologica: 100%.","Alta variacao visual/organica entre seeds e esperada."
6,2005,"229D8E5E","Qualitativo","Debuggability","5/5","Likert 1-5","Estimado automaticamente","Parametro medido sobre a saida do Cellular Automata puro.","Cellular Automata e reproduzivel e simples de parametrizar, mas o efeito de pequenas mudancas nas regras precisa ser observado por bateladas.","Regras sao simples, mas efeitos globais emergentes exigem analise por metricas."
6,2005,"229D8E5E","Qualitativo","Flow","4/5","Likert 1-5","Estimado automaticamente","Parametro medido sobre a saida do Cellular Automata puro.","Indica fluidez de navegacao esperada.","Fluxo global nao e garantido; depende de conectividade emergente."
6,2005,"229D8E5E","Qualitativo","Legibility","4/5","Likert 1-5","Estimado automaticamente","Parametro medido sobre a saida do Cellular Automata puro.","A legibilidade depende do equilibrio entre areas abertas, gargalos e ilhas desconectadas.","Cavernas organicas podem ser bonitas, mas menos legiveis que salas retangulares."
6,2005,"229D8E5E","Qualitativo","StructuralVariety","2/5","Likert 1-5","Estimado automaticamente","Parametro medido sobre a saida do Cellular Automata puro.","Indica variedade estrutural dentro desta execucao.","Boa variedade morfologica; menor controle sobre semantica estrutural."
6,2005,"229D8E5E","Performance","layoutGenerationMilliseconds","53.69","ms","Medido","Tempo para inicializar ruido, executar iteracoes celulares e extrair componentes.","Representa o custo algoritmico principal.","Inclui ruido inicial, iteracoes celulares e extracao de componentes."
6,2005,"229D8E5E","Performance","geometryInstantiationMilliseconds","89.283","ms","Medido","Parametro medido sobre a saida do Cellular Automata puro.","A execucao incluiu custo visual.","Custo visual depende dos prefabs/Unity, nao do CA puro."
6,2005,"229D8E5E","Performance","metricsCalculationMilliseconds","3.362","ms","Medido","Parametro medido sobre a saida do Cellular Automata puro.","Ajuda a quantificar custo da instrumentacao.","Custo da instrumentacao, nao do algoritmo."
6,2005,"229D8E5E","Performance","totalGenerationMilliseconds","146.338","ms","Medido","Parametro medido sobre a saida do Cellular Automata puro.","Inclui layout, instanciacao visual habilitada e calculo de metricas.","Inclui layout, instanciacao visual e metricas; compare junto do tempo logico."
6,2005,"229D8E5E","Performance","generatedGameObjectCount","8090","contagem","Medido","Parametro medido sobre a saida do Cellular Automata puro.","Indica peso potencial de instanciacao no Unity.","Reflete peso da montagem visual das celulas abertas."
6,2005,"229D8E5E","Performance","occupiedCellCount","7008","contagem","Medido","Parametro medido sobre a saida do Cellular Automata puro.","Proxy de escala espacial da dungeon.","Proxy do volume aberto gerado pelo CA."
6,2005,"229D8E5E","Performance","connectionCount","1","contagem","Medido","Quantidade de conexoes inferidas por gargalos/passagens ou sobreposicoes verticais.","Proxy de complexidade topologica.","Conexoes sao inferidas apos a geracao; nao sao primitivas nativas do CA."
6,2005,"229D8E5E","Performance","managedMemoryDeltaKB","-103396","KB","Estimado","Parametro medido sobre a saida do Cellular Automata puro.","Valor aproximado, sensivel a GC e ao estado do Editor.","Estimativa sujeita ao GC da Unity; use como indicio comparativo."
7,2006,"DF105D80","Quantitativo","numRoomsTarget","2","contagem","Medido","Extracao de componentes abertos e densos apos iteracoes de Cellular Automata.","Tamanho estrutural da dungeon nesta execucao.","Cellular Automata nao cria salas como entidades planejadas; regioes emergem de celulas abertas."
7,2006,"DF105D80","Quantitativo","connectivityRatio","100%","%","Medido","Busca no grafo extraido de componentes abertos; nenhuma conexao artificial e criada.","Mostra se as cavernas emergentes ficaram conectadas sem flood-fill reparador, carving ou grafo-guia.","CA puro nao garante conectividade global. Se a metrica ficar baixa, isso e uma limitacao real do algoritmo nesta configuracao."
7,2006,"DF105D80","Quantitativo","verticalVariance","2","metros","Medido","Desvio padrao das alturas dos componentes extraidos do volume celular.","Ha variacao vertical mensuravel entre salas.","Verticalidade so aparece em uma variante celular 3D/multiandar; CA 2D simples nao possui altura."
7,2006,"DF105D80","Quantitativo","fillPercentage","83.03%","%","Medido","Celulas abertas apos a regra celular divididas pelo total do volume.","Indica densidade espacial da dungeon.","Densidade e controlada indiretamente por chance inicial e limites de nascimento/sobrevivencia."
7,2006,"DF105D80","Quantitativo","branchFactor","1","media","Medido","Media de conexoes entre componentes extraidos por passagens estreitas detectadas.","Layout mais linear, com poucas bifurcacoes.","Ramificacao emerge de gargalos naturais, nao de um grafo explicito."
7,2006,"DF105D80","Quantitativo","avgPathLength","6","metros","Medido","Distancias no grafo extraido do resultado celular.","Distancia media a partir da sala inicial.","Caminhos sao medidos depois da extracao; CA nao controla caminho critico diretamente."
7,2006,"DF105D80","Quantitativo","uniqueModules","24","contagem","Medido","Contagem de categorias logicas e prefabs usados na leitura/instanciacao do resultado.","Indica variedade basica de composicao.","CA tende a variar forma organica, mas nao aumenta variedade modular sozinho."
7,2006,"DF105D80","Quantitativo","navigableVolumeRatio","100%","%","Estimado sem NavMesh","Estimativa logica de celulas abertas antes de NavMesh.","Use como estimativa inicial, nao como validacao fisica final.","Proxy logico; ilhas desconectadas podem inflar area aberta sem criar navegabilidade util."
7,2006,"DF105D80","Quantitativo","criticalPathLength","6","metros","Medido","Maior distancia no grafo extraido a partir do componente inicial.","Aproxima o percurso principal inicio-objetivo.","CA puro nao direciona progressao inicio-fim sem uma camada adicional."
7,2006,"DF105D80","Quantitativo","avgAlternativePathLength","0","metros","Medido","Media de conexoes marcadas como ciclos emergentes entre componentes.","Nao houve caminho alternativo nesta execucao.","Loops podem emergir, mas nao sao garantidos."
7,2006,"DF105D80","Booleano","SupportsRandomEnemySpawns","Sim, testado","sim/nao","Suportado","Parametro medido sobre a saida do Cellular Automata puro.","Sistema configurado e com orcamento ativo.","Spawns usam regioes abertas extraidas; balanceamento nao e propriedade nativa do CA."
7,2006,"DF105D80","Booleano","SupportsLootDistribution","Sim, testado","sim/nao","Suportado","Parametro medido sobre a saida do Cellular Automata puro.","Sistema configurado e com orcamento ativo.","Loot pode ser colocado nas regioes abertas, mas progressao por risco depende de outra camada."
7,2006,"DF105D80","Booleano","SupportsTraps","Sim, testado","sim/nao","Suportado","Parametro medido sobre a saida do Cellular Automata puro.","Sistema configurado e com orcamento ativo.","Armadilhas podem usar celulas abertas/gargalos, mas sem semantica global nativa."
7,2006,"DF105D80","Booleano","SupportsBacktrackingLoops","Nao","sim/nao","Medido","Parametro medido sobre a saida do Cellular Automata puro.","Parametro atendido somente quando as conexoes emergentes formam ciclos no grafo extraido.","CA pode formar ciclos emergentes, mas sem controle direto de loops."
7,2006,"DF105D80","Booleano","SupportsVerticalConnectors","Sim","sim/nao","Medido","Conta execucoes com celulas abertas alinhadas entre pavimentos e convertidas em conector vertical inferido.","Parametro atendido apenas se o volume celular multiandar gerar alinhamentos abertos entre camadas.","Possivel apenas em uma leitura 3D/multiandar do CA, por alinhamento de celulas abertas entre camadas."
7,2006,"DF105D80","Booleano","SupportsMultiFloor","Sim","sim/nao","Medido","Conta execucoes com mais de um pavimento e pelo menos uma conexao vertical inferida do volume celular.","Parametro atendido quando existe conexao vertical inferida do proprio volume celular.","CA 2D puro nao e multiandar; a variante 3D continua celular, mas precisa ser relatada como extensao volumetrica."
7,2006,"DF105D80","Booleano","SupportsBossArena","Sim","sim/nao","Medido","Parametro medido sobre a saida do Cellular Automata puro.","Existe ao menos uma sala grande o suficiente.","Areas grandes podem emergir naturalmente, mas nao como arena semanticamente planejada."
7,2006,"DF105D80","Booleano","SeedReproducible","Sim","sim/nao","Medido","Parametro medido sobre a saida do Cellular Automata puro.","A seed reproduziu a mesma topologia.","Resultado reproduzivel se ruido inicial e iteracoes usam a mesma seed."
7,2006,"DF105D80","Booleano","RuntimeRegeneration","Sim","sim/nao","Medido","Parametro medido sobre a saida do Cellular Automata puro.","Tempo registrado: 121.023 ms.","Custo cresce com tamanho do grid, pavimentos e iteracoes."
7,2006,"DF105D80","Booleano","BudgetAwareSpawns","Sim","sim/nao","Suportado","Parametro medido sobre a saida do Cellular Automata puro.","Orcamentos registrados: inimigos 10, loot 6, armadilhas 4.","Orcamento e aplicado apos a geracao, sobre celulas livres extraidas."
7,2006,"DF105D80","Qualitativo","Replayability","5/5","Likert 1-5","Estimado automaticamente","Parametro medido sobre a saida do Cellular Automata puro.","Diversidade topologica: 100%.","Alta variacao visual/organica entre seeds e esperada."
7,2006,"DF105D80","Qualitativo","Debuggability","5/5","Likert 1-5","Estimado automaticamente","Parametro medido sobre a saida do Cellular Automata puro.","Cellular Automata e reproduzivel e simples de parametrizar, mas o efeito de pequenas mudancas nas regras precisa ser observado por bateladas.","Regras sao simples, mas efeitos globais emergentes exigem analise por metricas."
7,2006,"DF105D80","Qualitativo","Flow","4/5","Likert 1-5","Estimado automaticamente","Parametro medido sobre a saida do Cellular Automata puro.","Indica fluidez de navegacao esperada.","Fluxo global nao e garantido; depende de conectividade emergente."
7,2006,"DF105D80","Qualitativo","Legibility","4/5","Likert 1-5","Estimado automaticamente","Parametro medido sobre a saida do Cellular Automata puro.","A legibilidade depende do equilibrio entre areas abertas, gargalos e ilhas desconectadas.","Cavernas organicas podem ser bonitas, mas menos legiveis que salas retangulares."
7,2006,"DF105D80","Qualitativo","StructuralVariety","2/5","Likert 1-5","Estimado automaticamente","Parametro medido sobre a saida do Cellular Automata puro.","Indica variedade estrutural dentro desta execucao.","Boa variedade morfologica; menor controle sobre semantica estrutural."
7,2006,"DF105D80","Performance","layoutGenerationMilliseconds","30.497","ms","Medido","Tempo para inicializar ruido, executar iteracoes celulares e extrair componentes.","Representa o custo algoritmico principal.","Inclui ruido inicial, iteracoes celulares e extracao de componentes."
7,2006,"DF105D80","Performance","geometryInstantiationMilliseconds","87.262","ms","Medido","Parametro medido sobre a saida do Cellular Automata puro.","A execucao incluiu custo visual.","Custo visual depende dos prefabs/Unity, nao do CA puro."
7,2006,"DF105D80","Performance","metricsCalculationMilliseconds","3.261","ms","Medido","Parametro medido sobre a saida do Cellular Automata puro.","Ajuda a quantificar custo da instrumentacao.","Custo da instrumentacao, nao do algoritmo."
7,2006,"DF105D80","Performance","totalGenerationMilliseconds","121.023","ms","Medido","Parametro medido sobre a saida do Cellular Automata puro.","Inclui layout, instanciacao visual habilitada e calculo de metricas.","Inclui layout, instanciacao visual e metricas; compare junto do tempo logico."
7,2006,"DF105D80","Performance","generatedGameObjectCount","8096","contagem","Medido","Parametro medido sobre a saida do Cellular Automata puro.","Indica peso potencial de instanciacao no Unity.","Reflete peso da montagem visual das celulas abertas."
7,2006,"DF105D80","Performance","occupiedCellCount","6802","contagem","Medido","Parametro medido sobre a saida do Cellular Automata puro.","Proxy de escala espacial da dungeon.","Proxy do volume aberto gerado pelo CA."
7,2006,"DF105D80","Performance","connectionCount","1","contagem","Medido","Quantidade de conexoes inferidas por gargalos/passagens ou sobreposicoes verticais.","Proxy de complexidade topologica.","Conexoes sao inferidas apos a geracao; nao sao primitivas nativas do CA."
7,2006,"DF105D80","Performance","managedMemoryDeltaKB","14340","KB","Estimado","Parametro medido sobre a saida do Cellular Automata puro.","Valor aproximado, sensivel a GC e ao estado do Editor.","Estimativa sujeita ao GC da Unity; use como indicio comparativo."
8,2007,"4A3DC9E5","Quantitativo","numRoomsTarget","2","contagem","Medido","Extracao de componentes abertos e densos apos iteracoes de Cellular Automata.","Tamanho estrutural da dungeon nesta execucao.","Cellular Automata nao cria salas como entidades planejadas; regioes emergem de celulas abertas."
8,2007,"4A3DC9E5","Quantitativo","connectivityRatio","100%","%","Medido","Busca no grafo extraido de componentes abertos; nenhuma conexao artificial e criada.","Mostra se as cavernas emergentes ficaram conectadas sem flood-fill reparador, carving ou grafo-guia.","CA puro nao garante conectividade global. Se a metrica ficar baixa, isso e uma limitacao real do algoritmo nesta configuracao."
8,2007,"4A3DC9E5","Quantitativo","verticalVariance","2","metros","Medido","Desvio padrao das alturas dos componentes extraidos do volume celular.","Ha variacao vertical mensuravel entre salas.","Verticalidade so aparece em uma variante celular 3D/multiandar; CA 2D simples nao possui altura."
8,2007,"4A3DC9E5","Quantitativo","fillPercentage","85.12%","%","Medido","Celulas abertas apos a regra celular divididas pelo total do volume.","Indica densidade espacial da dungeon.","Densidade e controlada indiretamente por chance inicial e limites de nascimento/sobrevivencia."
8,2007,"4A3DC9E5","Quantitativo","branchFactor","1","media","Medido","Media de conexoes entre componentes extraidos por passagens estreitas detectadas.","Layout mais linear, com poucas bifurcacoes.","Ramificacao emerge de gargalos naturais, nao de um grafo explicito."
8,2007,"4A3DC9E5","Quantitativo","avgPathLength","6","metros","Medido","Distancias no grafo extraido do resultado celular.","Distancia media a partir da sala inicial.","Caminhos sao medidos depois da extracao; CA nao controla caminho critico diretamente."
8,2007,"4A3DC9E5","Quantitativo","uniqueModules","18","contagem","Medido","Contagem de categorias logicas e prefabs usados na leitura/instanciacao do resultado.","Indica variedade basica de composicao.","CA tende a variar forma organica, mas nao aumenta variedade modular sozinho."
8,2007,"4A3DC9E5","Quantitativo","navigableVolumeRatio","100%","%","Estimado sem NavMesh","Estimativa logica de celulas abertas antes de NavMesh.","Use como estimativa inicial, nao como validacao fisica final.","Proxy logico; ilhas desconectadas podem inflar area aberta sem criar navegabilidade util."
8,2007,"4A3DC9E5","Quantitativo","criticalPathLength","6","metros","Medido","Maior distancia no grafo extraido a partir do componente inicial.","Aproxima o percurso principal inicio-objetivo.","CA puro nao direciona progressao inicio-fim sem uma camada adicional."
8,2007,"4A3DC9E5","Quantitativo","avgAlternativePathLength","0","metros","Medido","Media de conexoes marcadas como ciclos emergentes entre componentes.","Nao houve caminho alternativo nesta execucao.","Loops podem emergir, mas nao sao garantidos."
8,2007,"4A3DC9E5","Booleano","SupportsRandomEnemySpawns","Sim, testado","sim/nao","Suportado","Parametro medido sobre a saida do Cellular Automata puro.","Sistema configurado e com orcamento ativo.","Spawns usam regioes abertas extraidas; balanceamento nao e propriedade nativa do CA."
8,2007,"4A3DC9E5","Booleano","SupportsLootDistribution","Sim, testado","sim/nao","Suportado","Parametro medido sobre a saida do Cellular Automata puro.","Sistema configurado e com orcamento ativo.","Loot pode ser colocado nas regioes abertas, mas progressao por risco depende de outra camada."
8,2007,"4A3DC9E5","Booleano","SupportsTraps","Sim, testado","sim/nao","Suportado","Parametro medido sobre a saida do Cellular Automata puro.","Sistema configurado e com orcamento ativo.","Armadilhas podem usar celulas abertas/gargalos, mas sem semantica global nativa."
8,2007,"4A3DC9E5","Booleano","SupportsBacktrackingLoops","Nao","sim/nao","Medido","Parametro medido sobre a saida do Cellular Automata puro.","Parametro atendido somente quando as conexoes emergentes formam ciclos no grafo extraido.","CA pode formar ciclos emergentes, mas sem controle direto de loops."
8,2007,"4A3DC9E5","Booleano","SupportsVerticalConnectors","Sim","sim/nao","Medido","Conta execucoes com celulas abertas alinhadas entre pavimentos e convertidas em conector vertical inferido.","Parametro atendido apenas se o volume celular multiandar gerar alinhamentos abertos entre camadas.","Possivel apenas em uma leitura 3D/multiandar do CA, por alinhamento de celulas abertas entre camadas."
8,2007,"4A3DC9E5","Booleano","SupportsMultiFloor","Sim","sim/nao","Medido","Conta execucoes com mais de um pavimento e pelo menos uma conexao vertical inferida do volume celular.","Parametro atendido quando existe conexao vertical inferida do proprio volume celular.","CA 2D puro nao e multiandar; a variante 3D continua celular, mas precisa ser relatada como extensao volumetrica."
8,2007,"4A3DC9E5","Booleano","SupportsBossArena","Sim","sim/nao","Medido","Parametro medido sobre a saida do Cellular Automata puro.","Existe ao menos uma sala grande o suficiente.","Areas grandes podem emergir naturalmente, mas nao como arena semanticamente planejada."
8,2007,"4A3DC9E5","Booleano","SeedReproducible","Sim","sim/nao","Medido","Parametro medido sobre a saida do Cellular Automata puro.","A seed reproduziu a mesma topologia.","Resultado reproduzivel se ruido inicial e iteracoes usam a mesma seed."
8,2007,"4A3DC9E5","Booleano","RuntimeRegeneration","Sim","sim/nao","Medido","Parametro medido sobre a saida do Cellular Automata puro.","Tempo registrado: 120.171 ms.","Custo cresce com tamanho do grid, pavimentos e iteracoes."
8,2007,"4A3DC9E5","Booleano","BudgetAwareSpawns","Sim","sim/nao","Suportado","Parametro medido sobre a saida do Cellular Automata puro.","Orcamentos registrados: inimigos 10, loot 6, armadilhas 4.","Orcamento e aplicado apos a geracao, sobre celulas livres extraidas."
8,2007,"4A3DC9E5","Qualitativo","Replayability","5/5","Likert 1-5","Estimado automaticamente","Parametro medido sobre a saida do Cellular Automata puro.","Diversidade topologica: 100%.","Alta variacao visual/organica entre seeds e esperada."
8,2007,"4A3DC9E5","Qualitativo","Debuggability","5/5","Likert 1-5","Estimado automaticamente","Parametro medido sobre a saida do Cellular Automata puro.","Cellular Automata e reproduzivel e simples de parametrizar, mas o efeito de pequenas mudancas nas regras precisa ser observado por bateladas.","Regras sao simples, mas efeitos globais emergentes exigem analise por metricas."
8,2007,"4A3DC9E5","Qualitativo","Flow","4/5","Likert 1-5","Estimado automaticamente","Parametro medido sobre a saida do Cellular Automata puro.","Indica fluidez de navegacao esperada.","Fluxo global nao e garantido; depende de conectividade emergente."
8,2007,"4A3DC9E5","Qualitativo","Legibility","4/5","Likert 1-5","Estimado automaticamente","Parametro medido sobre a saida do Cellular Automata puro.","A legibilidade depende do equilibrio entre areas abertas, gargalos e ilhas desconectadas.","Cavernas organicas podem ser bonitas, mas menos legiveis que salas retangulares."
8,2007,"4A3DC9E5","Qualitativo","StructuralVariety","2/5","Likert 1-5","Estimado automaticamente","Parametro medido sobre a saida do Cellular Automata puro.","Indica variedade estrutural dentro desta execucao.","Boa variedade morfologica; menor controle sobre semantica estrutural."
8,2007,"4A3DC9E5","Performance","layoutGenerationMilliseconds","28.275","ms","Medido","Tempo para inicializar ruido, executar iteracoes celulares e extrair componentes.","Representa o custo algoritmico principal.","Inclui ruido inicial, iteracoes celulares e extracao de componentes."
8,2007,"4A3DC9E5","Performance","geometryInstantiationMilliseconds","88.492","ms","Medido","Parametro medido sobre a saida do Cellular Automata puro.","A execucao incluiu custo visual.","Custo visual depende dos prefabs/Unity, nao do CA puro."
8,2007,"4A3DC9E5","Performance","metricsCalculationMilliseconds","3.401","ms","Medido","Parametro medido sobre a saida do Cellular Automata puro.","Ajuda a quantificar custo da instrumentacao.","Custo da instrumentacao, nao do algoritmo."
8,2007,"4A3DC9E5","Performance","totalGenerationMilliseconds","120.171","ms","Medido","Parametro medido sobre a saida do Cellular Automata puro.","Inclui layout, instanciacao visual habilitada e calculo de metricas.","Inclui layout, instanciacao visual e metricas; compare junto do tempo logico."
8,2007,"4A3DC9E5","Performance","generatedGameObjectCount","8209","contagem","Medido","Parametro medido sobre a saida do Cellular Automata puro.","Indica peso potencial de instanciacao no Unity.","Reflete peso da montagem visual das celulas abertas."
8,2007,"4A3DC9E5","Performance","occupiedCellCount","6973","contagem","Medido","Parametro medido sobre a saida do Cellular Automata puro.","Proxy de escala espacial da dungeon.","Proxy do volume aberto gerado pelo CA."
8,2007,"4A3DC9E5","Performance","connectionCount","1","contagem","Medido","Quantidade de conexoes inferidas por gargalos/passagens ou sobreposicoes verticais.","Proxy de complexidade topologica.","Conexoes sao inferidas apos a geracao; nao sao primitivas nativas do CA."
8,2007,"4A3DC9E5","Performance","managedMemoryDeltaKB","20672","KB","Estimado","Parametro medido sobre a saida do Cellular Automata puro.","Valor aproximado, sensivel a GC e ao estado do Editor.","Estimativa sujeita ao GC da Unity; use como indicio comparativo."
9,2008,"A96948D8","Quantitativo","numRoomsTarget","2","contagem","Medido","Extracao de componentes abertos e densos apos iteracoes de Cellular Automata.","Tamanho estrutural da dungeon nesta execucao.","Cellular Automata nao cria salas como entidades planejadas; regioes emergem de celulas abertas."
9,2008,"A96948D8","Quantitativo","connectivityRatio","100%","%","Medido","Busca no grafo extraido de componentes abertos; nenhuma conexao artificial e criada.","Mostra se as cavernas emergentes ficaram conectadas sem flood-fill reparador, carving ou grafo-guia.","CA puro nao garante conectividade global. Se a metrica ficar baixa, isso e uma limitacao real do algoritmo nesta configuracao."
9,2008,"A96948D8","Quantitativo","verticalVariance","2","metros","Medido","Desvio padrao das alturas dos componentes extraidos do volume celular.","Ha variacao vertical mensuravel entre salas.","Verticalidade so aparece em uma variante celular 3D/multiandar; CA 2D simples nao possui altura."
9,2008,"A96948D8","Quantitativo","fillPercentage","84.2%","%","Medido","Celulas abertas apos a regra celular divididas pelo total do volume.","Indica densidade espacial da dungeon.","Densidade e controlada indiretamente por chance inicial e limites de nascimento/sobrevivencia."
9,2008,"A96948D8","Quantitativo","branchFactor","1","media","Medido","Media de conexoes entre componentes extraidos por passagens estreitas detectadas.","Layout mais linear, com poucas bifurcacoes.","Ramificacao emerge de gargalos naturais, nao de um grafo explicito."
9,2008,"A96948D8","Quantitativo","avgPathLength","6","metros","Medido","Distancias no grafo extraido do resultado celular.","Distancia media a partir da sala inicial.","Caminhos sao medidos depois da extracao; CA nao controla caminho critico diretamente."
9,2008,"A96948D8","Quantitativo","uniqueModules","17","contagem","Medido","Contagem de categorias logicas e prefabs usados na leitura/instanciacao do resultado.","Indica variedade basica de composicao.","CA tende a variar forma organica, mas nao aumenta variedade modular sozinho."
9,2008,"A96948D8","Quantitativo","navigableVolumeRatio","100%","%","Estimado sem NavMesh","Estimativa logica de celulas abertas antes de NavMesh.","Use como estimativa inicial, nao como validacao fisica final.","Proxy logico; ilhas desconectadas podem inflar area aberta sem criar navegabilidade util."
9,2008,"A96948D8","Quantitativo","criticalPathLength","6","metros","Medido","Maior distancia no grafo extraido a partir do componente inicial.","Aproxima o percurso principal inicio-objetivo.","CA puro nao direciona progressao inicio-fim sem uma camada adicional."
9,2008,"A96948D8","Quantitativo","avgAlternativePathLength","0","metros","Medido","Media de conexoes marcadas como ciclos emergentes entre componentes.","Nao houve caminho alternativo nesta execucao.","Loops podem emergir, mas nao sao garantidos."
9,2008,"A96948D8","Booleano","SupportsRandomEnemySpawns","Sim, testado","sim/nao","Suportado","Parametro medido sobre a saida do Cellular Automata puro.","Sistema configurado e com orcamento ativo.","Spawns usam regioes abertas extraidas; balanceamento nao e propriedade nativa do CA."
9,2008,"A96948D8","Booleano","SupportsLootDistribution","Sim, testado","sim/nao","Suportado","Parametro medido sobre a saida do Cellular Automata puro.","Sistema configurado e com orcamento ativo.","Loot pode ser colocado nas regioes abertas, mas progressao por risco depende de outra camada."
9,2008,"A96948D8","Booleano","SupportsTraps","Sim, testado","sim/nao","Suportado","Parametro medido sobre a saida do Cellular Automata puro.","Sistema configurado e com orcamento ativo.","Armadilhas podem usar celulas abertas/gargalos, mas sem semantica global nativa."
9,2008,"A96948D8","Booleano","SupportsBacktrackingLoops","Nao","sim/nao","Medido","Parametro medido sobre a saida do Cellular Automata puro.","Parametro atendido somente quando as conexoes emergentes formam ciclos no grafo extraido.","CA pode formar ciclos emergentes, mas sem controle direto de loops."
9,2008,"A96948D8","Booleano","SupportsVerticalConnectors","Sim","sim/nao","Medido","Conta execucoes com celulas abertas alinhadas entre pavimentos e convertidas em conector vertical inferido.","Parametro atendido apenas se o volume celular multiandar gerar alinhamentos abertos entre camadas.","Possivel apenas em uma leitura 3D/multiandar do CA, por alinhamento de celulas abertas entre camadas."
9,2008,"A96948D8","Booleano","SupportsMultiFloor","Sim","sim/nao","Medido","Conta execucoes com mais de um pavimento e pelo menos uma conexao vertical inferida do volume celular.","Parametro atendido quando existe conexao vertical inferida do proprio volume celular.","CA 2D puro nao e multiandar; a variante 3D continua celular, mas precisa ser relatada como extensao volumetrica."
9,2008,"A96948D8","Booleano","SupportsBossArena","Sim","sim/nao","Medido","Parametro medido sobre a saida do Cellular Automata puro.","Existe ao menos uma sala grande o suficiente.","Areas grandes podem emergir naturalmente, mas nao como arena semanticamente planejada."
9,2008,"A96948D8","Booleano","SeedReproducible","Sim","sim/nao","Medido","Parametro medido sobre a saida do Cellular Automata puro.","A seed reproduziu a mesma topologia.","Resultado reproduzivel se ruido inicial e iteracoes usam a mesma seed."
9,2008,"A96948D8","Booleano","RuntimeRegeneration","Sim","sim/nao","Medido","Parametro medido sobre a saida do Cellular Automata puro.","Tempo registrado: 117.827 ms.","Custo cresce com tamanho do grid, pavimentos e iteracoes."
9,2008,"A96948D8","Booleano","BudgetAwareSpawns","Sim","sim/nao","Suportado","Parametro medido sobre a saida do Cellular Automata puro.","Orcamentos registrados: inimigos 10, loot 6, armadilhas 4.","Orcamento e aplicado apos a geracao, sobre celulas livres extraidas."
9,2008,"A96948D8","Qualitativo","Replayability","5/5","Likert 1-5","Estimado automaticamente","Parametro medido sobre a saida do Cellular Automata puro.","Diversidade topologica: 100%.","Alta variacao visual/organica entre seeds e esperada."
9,2008,"A96948D8","Qualitativo","Debuggability","5/5","Likert 1-5","Estimado automaticamente","Parametro medido sobre a saida do Cellular Automata puro.","Cellular Automata e reproduzivel e simples de parametrizar, mas o efeito de pequenas mudancas nas regras precisa ser observado por bateladas.","Regras sao simples, mas efeitos globais emergentes exigem analise por metricas."
9,2008,"A96948D8","Qualitativo","Flow","4/5","Likert 1-5","Estimado automaticamente","Parametro medido sobre a saida do Cellular Automata puro.","Indica fluidez de navegacao esperada.","Fluxo global nao e garantido; depende de conectividade emergente."
9,2008,"A96948D8","Qualitativo","Legibility","4/5","Likert 1-5","Estimado automaticamente","Parametro medido sobre a saida do Cellular Automata puro.","A legibilidade depende do equilibrio entre areas abertas, gargalos e ilhas desconectadas.","Cavernas organicas podem ser bonitas, mas menos legiveis que salas retangulares."
9,2008,"A96948D8","Qualitativo","StructuralVariety","2/5","Likert 1-5","Estimado automaticamente","Parametro medido sobre a saida do Cellular Automata puro.","Indica variedade estrutural dentro desta execucao.","Boa variedade morfologica; menor controle sobre semantica estrutural."
9,2008,"A96948D8","Performance","layoutGenerationMilliseconds","28.053","ms","Medido","Tempo para inicializar ruido, executar iteracoes celulares e extrair componentes.","Representa o custo algoritmico principal.","Inclui ruido inicial, iteracoes celulares e extracao de componentes."
9,2008,"A96948D8","Performance","geometryInstantiationMilliseconds","86.569","ms","Medido","Parametro medido sobre a saida do Cellular Automata puro.","A execucao incluiu custo visual.","Custo visual depende dos prefabs/Unity, nao do CA puro."
9,2008,"A96948D8","Performance","metricsCalculationMilliseconds","3.202","ms","Medido","Parametro medido sobre a saida do Cellular Automata puro.","Ajuda a quantificar custo da instrumentacao.","Custo da instrumentacao, nao do algoritmo."
9,2008,"A96948D8","Performance","totalGenerationMilliseconds","117.827","ms","Medido","Parametro medido sobre a saida do Cellular Automata puro.","Inclui layout, instanciacao visual habilitada e calculo de metricas.","Inclui layout, instanciacao visual e metricas; compare junto do tempo logico."
9,2008,"A96948D8","Performance","generatedGameObjectCount","8120","contagem","Medido","Parametro medido sobre a saida do Cellular Automata puro.","Indica peso potencial de instanciacao no Unity.","Reflete peso da montagem visual das celulas abertas."
9,2008,"A96948D8","Performance","occupiedCellCount","6898","contagem","Medido","Parametro medido sobre a saida do Cellular Automata puro.","Proxy de escala espacial da dungeon.","Proxy do volume aberto gerado pelo CA."
9,2008,"A96948D8","Performance","connectionCount","1","contagem","Medido","Quantidade de conexoes inferidas por gargalos/passagens ou sobreposicoes verticais.","Proxy de complexidade topologica.","Conexoes sao inferidas apos a geracao; nao sao primitivas nativas do CA."
9,2008,"A96948D8","Performance","managedMemoryDeltaKB","20748","KB","Estimado","Parametro medido sobre a saida do Cellular Automata puro.","Valor aproximado, sensivel a GC e ao estado do Editor.","Estimativa sujeita ao GC da Unity; use como indicio comparativo."
10,2009,"27D8EB1C","Quantitativo","numRoomsTarget","2","contagem","Medido","Extracao de componentes abertos e densos apos iteracoes de Cellular Automata.","Tamanho estrutural da dungeon nesta execucao.","Cellular Automata nao cria salas como entidades planejadas; regioes emergem de celulas abertas."
10,2009,"27D8EB1C","Quantitativo","connectivityRatio","100%","%","Medido","Busca no grafo extraido de componentes abertos; nenhuma conexao artificial e criada.","Mostra se as cavernas emergentes ficaram conectadas sem flood-fill reparador, carving ou grafo-guia.","CA puro nao garante conectividade global. Se a metrica ficar baixa, isso e uma limitacao real do algoritmo nesta configuracao."
10,2009,"27D8EB1C","Quantitativo","verticalVariance","2","metros","Medido","Desvio padrao das alturas dos componentes extraidos do volume celular.","Ha variacao vertical mensuravel entre salas.","Verticalidade so aparece em uma variante celular 3D/multiandar; CA 2D simples nao possui altura."
10,2009,"27D8EB1C","Quantitativo","fillPercentage","82.47%","%","Medido","Celulas abertas apos a regra celular divididas pelo total do volume.","Indica densidade espacial da dungeon.","Densidade e controlada indiretamente por chance inicial e limites de nascimento/sobrevivencia."
10,2009,"27D8EB1C","Quantitativo","branchFactor","1","media","Medido","Media de conexoes entre componentes extraidos por passagens estreitas detectadas.","Layout mais linear, com poucas bifurcacoes.","Ramificacao emerge de gargalos naturais, nao de um grafo explicito."
10,2009,"27D8EB1C","Quantitativo","avgPathLength","6","metros","Medido","Distancias no grafo extraido do resultado celular.","Distancia media a partir da sala inicial.","Caminhos sao medidos depois da extracao; CA nao controla caminho critico diretamente."
10,2009,"27D8EB1C","Quantitativo","uniqueModules","20","contagem","Medido","Contagem de categorias logicas e prefabs usados na leitura/instanciacao do resultado.","Indica variedade basica de composicao.","CA tende a variar forma organica, mas nao aumenta variedade modular sozinho."
10,2009,"27D8EB1C","Quantitativo","navigableVolumeRatio","100%","%","Estimado sem NavMesh","Estimativa logica de celulas abertas antes de NavMesh.","Use como estimativa inicial, nao como validacao fisica final.","Proxy logico; ilhas desconectadas podem inflar area aberta sem criar navegabilidade util."
10,2009,"27D8EB1C","Quantitativo","criticalPathLength","6","metros","Medido","Maior distancia no grafo extraido a partir do componente inicial.","Aproxima o percurso principal inicio-objetivo.","CA puro nao direciona progressao inicio-fim sem uma camada adicional."
10,2009,"27D8EB1C","Quantitativo","avgAlternativePathLength","0","metros","Medido","Media de conexoes marcadas como ciclos emergentes entre componentes.","Nao houve caminho alternativo nesta execucao.","Loops podem emergir, mas nao sao garantidos."
10,2009,"27D8EB1C","Booleano","SupportsRandomEnemySpawns","Sim, testado","sim/nao","Suportado","Parametro medido sobre a saida do Cellular Automata puro.","Sistema configurado e com orcamento ativo.","Spawns usam regioes abertas extraidas; balanceamento nao e propriedade nativa do CA."
10,2009,"27D8EB1C","Booleano","SupportsLootDistribution","Sim, testado","sim/nao","Suportado","Parametro medido sobre a saida do Cellular Automata puro.","Sistema configurado e com orcamento ativo.","Loot pode ser colocado nas regioes abertas, mas progressao por risco depende de outra camada."
10,2009,"27D8EB1C","Booleano","SupportsTraps","Sim, testado","sim/nao","Suportado","Parametro medido sobre a saida do Cellular Automata puro.","Sistema configurado e com orcamento ativo.","Armadilhas podem usar celulas abertas/gargalos, mas sem semantica global nativa."
10,2009,"27D8EB1C","Booleano","SupportsBacktrackingLoops","Nao","sim/nao","Medido","Parametro medido sobre a saida do Cellular Automata puro.","Parametro atendido somente quando as conexoes emergentes formam ciclos no grafo extraido.","CA pode formar ciclos emergentes, mas sem controle direto de loops."
10,2009,"27D8EB1C","Booleano","SupportsVerticalConnectors","Sim","sim/nao","Medido","Conta execucoes com celulas abertas alinhadas entre pavimentos e convertidas em conector vertical inferido.","Parametro atendido apenas se o volume celular multiandar gerar alinhamentos abertos entre camadas.","Possivel apenas em uma leitura 3D/multiandar do CA, por alinhamento de celulas abertas entre camadas."
10,2009,"27D8EB1C","Booleano","SupportsMultiFloor","Sim","sim/nao","Medido","Conta execucoes com mais de um pavimento e pelo menos uma conexao vertical inferida do volume celular.","Parametro atendido quando existe conexao vertical inferida do proprio volume celular.","CA 2D puro nao e multiandar; a variante 3D continua celular, mas precisa ser relatada como extensao volumetrica."
10,2009,"27D8EB1C","Booleano","SupportsBossArena","Sim","sim/nao","Medido","Parametro medido sobre a saida do Cellular Automata puro.","Existe ao menos uma sala grande o suficiente.","Areas grandes podem emergir naturalmente, mas nao como arena semanticamente planejada."
10,2009,"27D8EB1C","Booleano","SeedReproducible","Sim","sim/nao","Medido","Parametro medido sobre a saida do Cellular Automata puro.","A seed reproduziu a mesma topologia.","Resultado reproduzivel se ruido inicial e iteracoes usam a mesma seed."
10,2009,"27D8EB1C","Booleano","RuntimeRegeneration","Sim","sim/nao","Medido","Parametro medido sobre a saida do Cellular Automata puro.","Tempo registrado: 119.637 ms.","Custo cresce com tamanho do grid, pavimentos e iteracoes."
10,2009,"27D8EB1C","Booleano","BudgetAwareSpawns","Sim","sim/nao","Suportado","Parametro medido sobre a saida do Cellular Automata puro.","Orcamentos registrados: inimigos 10, loot 6, armadilhas 4.","Orcamento e aplicado apos a geracao, sobre celulas livres extraidas."
10,2009,"27D8EB1C","Qualitativo","Replayability","5/5","Likert 1-5","Estimado automaticamente","Parametro medido sobre a saida do Cellular Automata puro.","Diversidade topologica: 100%.","Alta variacao visual/organica entre seeds e esperada."
10,2009,"27D8EB1C","Qualitativo","Debuggability","5/5","Likert 1-5","Estimado automaticamente","Parametro medido sobre a saida do Cellular Automata puro.","Cellular Automata e reproduzivel e simples de parametrizar, mas o efeito de pequenas mudancas nas regras precisa ser observado por bateladas.","Regras sao simples, mas efeitos globais emergentes exigem analise por metricas."
10,2009,"27D8EB1C","Qualitativo","Flow","4/5","Likert 1-5","Estimado automaticamente","Parametro medido sobre a saida do Cellular Automata puro.","Indica fluidez de navegacao esperada.","Fluxo global nao e garantido; depende de conectividade emergente."
10,2009,"27D8EB1C","Qualitativo","Legibility","4/5","Likert 1-5","Estimado automaticamente","Parametro medido sobre a saida do Cellular Automata puro.","A legibilidade depende do equilibrio entre areas abertas, gargalos e ilhas desconectadas.","Cavernas organicas podem ser bonitas, mas menos legiveis que salas retangulares."
10,2009,"27D8EB1C","Qualitativo","StructuralVariety","2/5","Likert 1-5","Estimado automaticamente","Parametro medido sobre a saida do Cellular Automata puro.","Indica variedade estrutural dentro desta execucao.","Boa variedade morfologica; menor controle sobre semantica estrutural."
10,2009,"27D8EB1C","Performance","layoutGenerationMilliseconds","27.885","ms","Medido","Tempo para inicializar ruido, executar iteracoes celulares e extrair componentes.","Representa o custo algoritmico principal.","Inclui ruido inicial, iteracoes celulares e extracao de componentes."
10,2009,"27D8EB1C","Performance","geometryInstantiationMilliseconds","88.584","ms","Medido","Parametro medido sobre a saida do Cellular Automata puro.","A execucao incluiu custo visual.","Custo visual depende dos prefabs/Unity, nao do CA puro."
10,2009,"27D8EB1C","Performance","metricsCalculationMilliseconds","3.164","ms","Medido","Parametro medido sobre a saida do Cellular Automata puro.","Ajuda a quantificar custo da instrumentacao.","Custo da instrumentacao, nao do algoritmo."
10,2009,"27D8EB1C","Performance","totalGenerationMilliseconds","119.637","ms","Medido","Parametro medido sobre a saida do Cellular Automata puro.","Inclui layout, instanciacao visual habilitada e calculo de metricas.","Inclui layout, instanciacao visual e metricas; compare junto do tempo logico."
10,2009,"27D8EB1C","Performance","generatedGameObjectCount","8111","contagem","Medido","Parametro medido sobre a saida do Cellular Automata puro.","Indica peso potencial de instanciacao no Unity.","Reflete peso da montagem visual das celulas abertas."
10,2009,"27D8EB1C","Performance","occupiedCellCount","6756","contagem","Medido","Parametro medido sobre a saida do Cellular Automata puro.","Proxy de escala espacial da dungeon.","Proxy do volume aberto gerado pelo CA."
10,2009,"27D8EB1C","Performance","connectionCount","1","contagem","Medido","Quantidade de conexoes inferidas por gargalos/passagens ou sobreposicoes verticais.","Proxy de complexidade topologica.","Conexoes sao inferidas apos a geracao; nao sao primitivas nativas do CA."
10,2009,"27D8EB1C","Performance","managedMemoryDeltaKB","20324","KB","Estimado","Parametro medido sobre a saida do Cellular Automata puro.","Valor aproximado, sensivel a GC e ao estado do Editor.","Estimativa sujeita ao GC da Unity; use como indicio comparativo."
11,2010,"B39DD387","Quantitativo","numRoomsTarget","2","contagem","Medido","Extracao de componentes abertos e densos apos iteracoes de Cellular Automata.","Tamanho estrutural da dungeon nesta execucao.","Cellular Automata nao cria salas como entidades planejadas; regioes emergem de celulas abertas."
11,2010,"B39DD387","Quantitativo","connectivityRatio","100%","%","Medido","Busca no grafo extraido de componentes abertos; nenhuma conexao artificial e criada.","Mostra se as cavernas emergentes ficaram conectadas sem flood-fill reparador, carving ou grafo-guia.","CA puro nao garante conectividade global. Se a metrica ficar baixa, isso e uma limitacao real do algoritmo nesta configuracao."
11,2010,"B39DD387","Quantitativo","verticalVariance","2","metros","Medido","Desvio padrao das alturas dos componentes extraidos do volume celular.","Ha variacao vertical mensuravel entre salas.","Verticalidade so aparece em uma variante celular 3D/multiandar; CA 2D simples nao possui altura."
11,2010,"B39DD387","Quantitativo","fillPercentage","83.7%","%","Medido","Celulas abertas apos a regra celular divididas pelo total do volume.","Indica densidade espacial da dungeon.","Densidade e controlada indiretamente por chance inicial e limites de nascimento/sobrevivencia."
11,2010,"B39DD387","Quantitativo","branchFactor","1","media","Medido","Media de conexoes entre componentes extraidos por passagens estreitas detectadas.","Layout mais linear, com poucas bifurcacoes.","Ramificacao emerge de gargalos naturais, nao de um grafo explicito."
11,2010,"B39DD387","Quantitativo","avgPathLength","6","metros","Medido","Distancias no grafo extraido do resultado celular.","Distancia media a partir da sala inicial.","Caminhos sao medidos depois da extracao; CA nao controla caminho critico diretamente."
11,2010,"B39DD387","Quantitativo","uniqueModules","23","contagem","Medido","Contagem de categorias logicas e prefabs usados na leitura/instanciacao do resultado.","Indica variedade basica de composicao.","CA tende a variar forma organica, mas nao aumenta variedade modular sozinho."
11,2010,"B39DD387","Quantitativo","navigableVolumeRatio","100%","%","Estimado sem NavMesh","Estimativa logica de celulas abertas antes de NavMesh.","Use como estimativa inicial, nao como validacao fisica final.","Proxy logico; ilhas desconectadas podem inflar area aberta sem criar navegabilidade util."
11,2010,"B39DD387","Quantitativo","criticalPathLength","6","metros","Medido","Maior distancia no grafo extraido a partir do componente inicial.","Aproxima o percurso principal inicio-objetivo.","CA puro nao direciona progressao inicio-fim sem uma camada adicional."
11,2010,"B39DD387","Quantitativo","avgAlternativePathLength","0","metros","Medido","Media de conexoes marcadas como ciclos emergentes entre componentes.","Nao houve caminho alternativo nesta execucao.","Loops podem emergir, mas nao sao garantidos."
11,2010,"B39DD387","Booleano","SupportsRandomEnemySpawns","Sim, testado","sim/nao","Suportado","Parametro medido sobre a saida do Cellular Automata puro.","Sistema configurado e com orcamento ativo.","Spawns usam regioes abertas extraidas; balanceamento nao e propriedade nativa do CA."
11,2010,"B39DD387","Booleano","SupportsLootDistribution","Sim, testado","sim/nao","Suportado","Parametro medido sobre a saida do Cellular Automata puro.","Sistema configurado e com orcamento ativo.","Loot pode ser colocado nas regioes abertas, mas progressao por risco depende de outra camada."
11,2010,"B39DD387","Booleano","SupportsTraps","Sim, testado","sim/nao","Suportado","Parametro medido sobre a saida do Cellular Automata puro.","Sistema configurado e com orcamento ativo.","Armadilhas podem usar celulas abertas/gargalos, mas sem semantica global nativa."
11,2010,"B39DD387","Booleano","SupportsBacktrackingLoops","Nao","sim/nao","Medido","Parametro medido sobre a saida do Cellular Automata puro.","Parametro atendido somente quando as conexoes emergentes formam ciclos no grafo extraido.","CA pode formar ciclos emergentes, mas sem controle direto de loops."
11,2010,"B39DD387","Booleano","SupportsVerticalConnectors","Sim","sim/nao","Medido","Conta execucoes com celulas abertas alinhadas entre pavimentos e convertidas em conector vertical inferido.","Parametro atendido apenas se o volume celular multiandar gerar alinhamentos abertos entre camadas.","Possivel apenas em uma leitura 3D/multiandar do CA, por alinhamento de celulas abertas entre camadas."
11,2010,"B39DD387","Booleano","SupportsMultiFloor","Sim","sim/nao","Medido","Conta execucoes com mais de um pavimento e pelo menos uma conexao vertical inferida do volume celular.","Parametro atendido quando existe conexao vertical inferida do proprio volume celular.","CA 2D puro nao e multiandar; a variante 3D continua celular, mas precisa ser relatada como extensao volumetrica."
11,2010,"B39DD387","Booleano","SupportsBossArena","Sim","sim/nao","Medido","Parametro medido sobre a saida do Cellular Automata puro.","Existe ao menos uma sala grande o suficiente.","Areas grandes podem emergir naturalmente, mas nao como arena semanticamente planejada."
11,2010,"B39DD387","Booleano","SeedReproducible","Sim","sim/nao","Medido","Parametro medido sobre a saida do Cellular Automata puro.","A seed reproduziu a mesma topologia.","Resultado reproduzivel se ruido inicial e iteracoes usam a mesma seed."
11,2010,"B39DD387","Booleano","RuntimeRegeneration","Sim","sim/nao","Medido","Parametro medido sobre a saida do Cellular Automata puro.","Tempo registrado: 121.539 ms.","Custo cresce com tamanho do grid, pavimentos e iteracoes."
11,2010,"B39DD387","Booleano","BudgetAwareSpawns","Sim","sim/nao","Suportado","Parametro medido sobre a saida do Cellular Automata puro.","Orcamentos registrados: inimigos 10, loot 6, armadilhas 4.","Orcamento e aplicado apos a geracao, sobre celulas livres extraidas."
11,2010,"B39DD387","Qualitativo","Replayability","5/5","Likert 1-5","Estimado automaticamente","Parametro medido sobre a saida do Cellular Automata puro.","Diversidade topologica: 100%.","Alta variacao visual/organica entre seeds e esperada."
11,2010,"B39DD387","Qualitativo","Debuggability","5/5","Likert 1-5","Estimado automaticamente","Parametro medido sobre a saida do Cellular Automata puro.","Cellular Automata e reproduzivel e simples de parametrizar, mas o efeito de pequenas mudancas nas regras precisa ser observado por bateladas.","Regras sao simples, mas efeitos globais emergentes exigem analise por metricas."
11,2010,"B39DD387","Qualitativo","Flow","4/5","Likert 1-5","Estimado automaticamente","Parametro medido sobre a saida do Cellular Automata puro.","Indica fluidez de navegacao esperada.","Fluxo global nao e garantido; depende de conectividade emergente."
11,2010,"B39DD387","Qualitativo","Legibility","4/5","Likert 1-5","Estimado automaticamente","Parametro medido sobre a saida do Cellular Automata puro.","A legibilidade depende do equilibrio entre areas abertas, gargalos e ilhas desconectadas.","Cavernas organicas podem ser bonitas, mas menos legiveis que salas retangulares."
11,2010,"B39DD387","Qualitativo","StructuralVariety","2/5","Likert 1-5","Estimado automaticamente","Parametro medido sobre a saida do Cellular Automata puro.","Indica variedade estrutural dentro desta execucao.","Boa variedade morfologica; menor controle sobre semantica estrutural."
11,2010,"B39DD387","Performance","layoutGenerationMilliseconds","27.987","ms","Medido","Tempo para inicializar ruido, executar iteracoes celulares e extrair componentes.","Representa o custo algoritmico principal.","Inclui ruido inicial, iteracoes celulares e extracao de componentes."
11,2010,"B39DD387","Performance","geometryInstantiationMilliseconds","90.223","ms","Medido","Parametro medido sobre a saida do Cellular Automata puro.","A execucao incluiu custo visual.","Custo visual depende dos prefabs/Unity, nao do CA puro."
11,2010,"B39DD387","Performance","metricsCalculationMilliseconds","3.327","ms","Medido","Parametro medido sobre a saida do Cellular Automata puro.","Ajuda a quantificar custo da instrumentacao.","Custo da instrumentacao, nao do algoritmo."
11,2010,"B39DD387","Performance","totalGenerationMilliseconds","121.539","ms","Medido","Parametro medido sobre a saida do Cellular Automata puro.","Inclui layout, instanciacao visual habilitada e calculo de metricas.","Inclui layout, instanciacao visual e metricas; compare junto do tempo logico."
11,2010,"B39DD387","Performance","generatedGameObjectCount","8083","contagem","Medido","Parametro medido sobre a saida do Cellular Automata puro.","Indica peso potencial de instanciacao no Unity.","Reflete peso da montagem visual das celulas abertas."
11,2010,"B39DD387","Performance","occupiedCellCount","6857","contagem","Medido","Parametro medido sobre a saida do Cellular Automata puro.","Proxy de escala espacial da dungeon.","Proxy do volume aberto gerado pelo CA."
11,2010,"B39DD387","Performance","connectionCount","1","contagem","Medido","Quantidade de conexoes inferidas por gargalos/passagens ou sobreposicoes verticais.","Proxy de complexidade topologica.","Conexoes sao inferidas apos a geracao; nao sao primitivas nativas do CA."
11,2010,"B39DD387","Performance","managedMemoryDeltaKB","20616","KB","Estimado","Parametro medido sobre a saida do Cellular Automata puro.","Valor aproximado, sensivel a GC e ao estado do Editor.","Estimativa sujeita ao GC da Unity; use como indicio comparativo."
12,2011,"D4F6830C","Quantitativo","numRoomsTarget","2","contagem","Medido","Extracao de componentes abertos e densos apos iteracoes de Cellular Automata.","Tamanho estrutural da dungeon nesta execucao.","Cellular Automata nao cria salas como entidades planejadas; regioes emergem de celulas abertas."
12,2011,"D4F6830C","Quantitativo","connectivityRatio","100%","%","Medido","Busca no grafo extraido de componentes abertos; nenhuma conexao artificial e criada.","Mostra se as cavernas emergentes ficaram conectadas sem flood-fill reparador, carving ou grafo-guia.","CA puro nao garante conectividade global. Se a metrica ficar baixa, isso e uma limitacao real do algoritmo nesta configuracao."
12,2011,"D4F6830C","Quantitativo","verticalVariance","2","metros","Medido","Desvio padrao das alturas dos componentes extraidos do volume celular.","Ha variacao vertical mensuravel entre salas.","Verticalidade so aparece em uma variante celular 3D/multiandar; CA 2D simples nao possui altura."
12,2011,"D4F6830C","Quantitativo","fillPercentage","84.74%","%","Medido","Celulas abertas apos a regra celular divididas pelo total do volume.","Indica densidade espacial da dungeon.","Densidade e controlada indiretamente por chance inicial e limites de nascimento/sobrevivencia."
12,2011,"D4F6830C","Quantitativo","branchFactor","1","media","Medido","Media de conexoes entre componentes extraidos por passagens estreitas detectadas.","Layout mais linear, com poucas bifurcacoes.","Ramificacao emerge de gargalos naturais, nao de um grafo explicito."
12,2011,"D4F6830C","Quantitativo","avgPathLength","6","metros","Medido","Distancias no grafo extraido do resultado celular.","Distancia media a partir da sala inicial.","Caminhos sao medidos depois da extracao; CA nao controla caminho critico diretamente."
12,2011,"D4F6830C","Quantitativo","uniqueModules","17","contagem","Medido","Contagem de categorias logicas e prefabs usados na leitura/instanciacao do resultado.","Indica variedade basica de composicao.","CA tende a variar forma organica, mas nao aumenta variedade modular sozinho."
12,2011,"D4F6830C","Quantitativo","navigableVolumeRatio","100%","%","Estimado sem NavMesh","Estimativa logica de celulas abertas antes de NavMesh.","Use como estimativa inicial, nao como validacao fisica final.","Proxy logico; ilhas desconectadas podem inflar area aberta sem criar navegabilidade util."
12,2011,"D4F6830C","Quantitativo","criticalPathLength","6","metros","Medido","Maior distancia no grafo extraido a partir do componente inicial.","Aproxima o percurso principal inicio-objetivo.","CA puro nao direciona progressao inicio-fim sem uma camada adicional."
12,2011,"D4F6830C","Quantitativo","avgAlternativePathLength","0","metros","Medido","Media de conexoes marcadas como ciclos emergentes entre componentes.","Nao houve caminho alternativo nesta execucao.","Loops podem emergir, mas nao sao garantidos."
12,2011,"D4F6830C","Booleano","SupportsRandomEnemySpawns","Sim, testado","sim/nao","Suportado","Parametro medido sobre a saida do Cellular Automata puro.","Sistema configurado e com orcamento ativo.","Spawns usam regioes abertas extraidas; balanceamento nao e propriedade nativa do CA."
12,2011,"D4F6830C","Booleano","SupportsLootDistribution","Sim, testado","sim/nao","Suportado","Parametro medido sobre a saida do Cellular Automata puro.","Sistema configurado e com orcamento ativo.","Loot pode ser colocado nas regioes abertas, mas progressao por risco depende de outra camada."
12,2011,"D4F6830C","Booleano","SupportsTraps","Sim, testado","sim/nao","Suportado","Parametro medido sobre a saida do Cellular Automata puro.","Sistema configurado e com orcamento ativo.","Armadilhas podem usar celulas abertas/gargalos, mas sem semantica global nativa."
12,2011,"D4F6830C","Booleano","SupportsBacktrackingLoops","Nao","sim/nao","Medido","Parametro medido sobre a saida do Cellular Automata puro.","Parametro atendido somente quando as conexoes emergentes formam ciclos no grafo extraido.","CA pode formar ciclos emergentes, mas sem controle direto de loops."
12,2011,"D4F6830C","Booleano","SupportsVerticalConnectors","Sim","sim/nao","Medido","Conta execucoes com celulas abertas alinhadas entre pavimentos e convertidas em conector vertical inferido.","Parametro atendido apenas se o volume celular multiandar gerar alinhamentos abertos entre camadas.","Possivel apenas em uma leitura 3D/multiandar do CA, por alinhamento de celulas abertas entre camadas."
12,2011,"D4F6830C","Booleano","SupportsMultiFloor","Sim","sim/nao","Medido","Conta execucoes com mais de um pavimento e pelo menos uma conexao vertical inferida do volume celular.","Parametro atendido quando existe conexao vertical inferida do proprio volume celular.","CA 2D puro nao e multiandar; a variante 3D continua celular, mas precisa ser relatada como extensao volumetrica."
12,2011,"D4F6830C","Booleano","SupportsBossArena","Sim","sim/nao","Medido","Parametro medido sobre a saida do Cellular Automata puro.","Existe ao menos uma sala grande o suficiente.","Areas grandes podem emergir naturalmente, mas nao como arena semanticamente planejada."
12,2011,"D4F6830C","Booleano","SeedReproducible","Sim","sim/nao","Medido","Parametro medido sobre a saida do Cellular Automata puro.","A seed reproduziu a mesma topologia.","Resultado reproduzivel se ruido inicial e iteracoes usam a mesma seed."
12,2011,"D4F6830C","Booleano","RuntimeRegeneration","Sim","sim/nao","Medido","Parametro medido sobre a saida do Cellular Automata puro.","Tempo registrado: 153.463 ms.","Custo cresce com tamanho do grid, pavimentos e iteracoes."
12,2011,"D4F6830C","Booleano","BudgetAwareSpawns","Sim","sim/nao","Suportado","Parametro medido sobre a saida do Cellular Automata puro.","Orcamentos registrados: inimigos 10, loot 6, armadilhas 4.","Orcamento e aplicado apos a geracao, sobre celulas livres extraidas."
12,2011,"D4F6830C","Qualitativo","Replayability","5/5","Likert 1-5","Estimado automaticamente","Parametro medido sobre a saida do Cellular Automata puro.","Diversidade topologica: 100%.","Alta variacao visual/organica entre seeds e esperada."
12,2011,"D4F6830C","Qualitativo","Debuggability","5/5","Likert 1-5","Estimado automaticamente","Parametro medido sobre a saida do Cellular Automata puro.","Cellular Automata e reproduzivel e simples de parametrizar, mas o efeito de pequenas mudancas nas regras precisa ser observado por bateladas.","Regras sao simples, mas efeitos globais emergentes exigem analise por metricas."
12,2011,"D4F6830C","Qualitativo","Flow","4/5","Likert 1-5","Estimado automaticamente","Parametro medido sobre a saida do Cellular Automata puro.","Indica fluidez de navegacao esperada.","Fluxo global nao e garantido; depende de conectividade emergente."
12,2011,"D4F6830C","Qualitativo","Legibility","4/5","Likert 1-5","Estimado automaticamente","Parametro medido sobre a saida do Cellular Automata puro.","A legibilidade depende do equilibrio entre areas abertas, gargalos e ilhas desconectadas.","Cavernas organicas podem ser bonitas, mas menos legiveis que salas retangulares."
12,2011,"D4F6830C","Qualitativo","StructuralVariety","2/5","Likert 1-5","Estimado automaticamente","Parametro medido sobre a saida do Cellular Automata puro.","Indica variedade estrutural dentro desta execucao.","Boa variedade morfologica; menor controle sobre semantica estrutural."
12,2011,"D4F6830C","Performance","layoutGenerationMilliseconds","32.659","ms","Medido","Tempo para inicializar ruido, executar iteracoes celulares e extrair componentes.","Representa o custo algoritmico principal.","Inclui ruido inicial, iteracoes celulares e extracao de componentes."
12,2011,"D4F6830C","Performance","geometryInstantiationMilliseconds","117.35","ms","Medido","Parametro medido sobre a saida do Cellular Automata puro.","A execucao incluiu custo visual.","Custo visual depende dos prefabs/Unity, nao do CA puro."
12,2011,"D4F6830C","Performance","metricsCalculationMilliseconds","3.452","ms","Medido","Parametro medido sobre a saida do Cellular Automata puro.","Ajuda a quantificar custo da instrumentacao.","Custo da instrumentacao, nao do algoritmo."
12,2011,"D4F6830C","Performance","totalGenerationMilliseconds","153.463","ms","Medido","Parametro medido sobre a saida do Cellular Automata puro.","Inclui layout, instanciacao visual habilitada e calculo de metricas.","Inclui layout, instanciacao visual e metricas; compare junto do tempo logico."
12,2011,"D4F6830C","Performance","generatedGameObjectCount","8126","contagem","Medido","Parametro medido sobre a saida do Cellular Automata puro.","Indica peso potencial de instanciacao no Unity.","Reflete peso da montagem visual das celulas abertas."
12,2011,"D4F6830C","Performance","occupiedCellCount","6942","contagem","Medido","Parametro medido sobre a saida do Cellular Automata puro.","Proxy de escala espacial da dungeon.","Proxy do volume aberto gerado pelo CA."
12,2011,"D4F6830C","Performance","connectionCount","1","contagem","Medido","Quantidade de conexoes inferidas por gargalos/passagens ou sobreposicoes verticais.","Proxy de complexidade topologica.","Conexoes sao inferidas apos a geracao; nao sao primitivas nativas do CA."
12,2011,"D4F6830C","Performance","managedMemoryDeltaKB","-99236","KB","Estimado","Parametro medido sobre a saida do Cellular Automata puro.","Valor aproximado, sensivel a GC e ao estado do Editor.","Estimativa sujeita ao GC da Unity; use como indicio comparativo."
13,2012,"EB2853EC","Quantitativo","numRoomsTarget","2","contagem","Medido","Extracao de componentes abertos e densos apos iteracoes de Cellular Automata.","Tamanho estrutural da dungeon nesta execucao.","Cellular Automata nao cria salas como entidades planejadas; regioes emergem de celulas abertas."
13,2012,"EB2853EC","Quantitativo","connectivityRatio","100%","%","Medido","Busca no grafo extraido de componentes abertos; nenhuma conexao artificial e criada.","Mostra se as cavernas emergentes ficaram conectadas sem flood-fill reparador, carving ou grafo-guia.","CA puro nao garante conectividade global. Se a metrica ficar baixa, isso e uma limitacao real do algoritmo nesta configuracao."
13,2012,"EB2853EC","Quantitativo","verticalVariance","2","metros","Medido","Desvio padrao das alturas dos componentes extraidos do volume celular.","Ha variacao vertical mensuravel entre salas.","Verticalidade so aparece em uma variante celular 3D/multiandar; CA 2D simples nao possui altura."
13,2012,"EB2853EC","Quantitativo","fillPercentage","84.77%","%","Medido","Celulas abertas apos a regra celular divididas pelo total do volume.","Indica densidade espacial da dungeon.","Densidade e controlada indiretamente por chance inicial e limites de nascimento/sobrevivencia."
13,2012,"EB2853EC","Quantitativo","branchFactor","1","media","Medido","Media de conexoes entre componentes extraidos por passagens estreitas detectadas.","Layout mais linear, com poucas bifurcacoes.","Ramificacao emerge de gargalos naturais, nao de um grafo explicito."
13,2012,"EB2853EC","Quantitativo","avgPathLength","6","metros","Medido","Distancias no grafo extraido do resultado celular.","Distancia media a partir da sala inicial.","Caminhos sao medidos depois da extracao; CA nao controla caminho critico diretamente."
13,2012,"EB2853EC","Quantitativo","uniqueModules","17","contagem","Medido","Contagem de categorias logicas e prefabs usados na leitura/instanciacao do resultado.","Indica variedade basica de composicao.","CA tende a variar forma organica, mas nao aumenta variedade modular sozinho."
13,2012,"EB2853EC","Quantitativo","navigableVolumeRatio","100%","%","Estimado sem NavMesh","Estimativa logica de celulas abertas antes de NavMesh.","Use como estimativa inicial, nao como validacao fisica final.","Proxy logico; ilhas desconectadas podem inflar area aberta sem criar navegabilidade util."
13,2012,"EB2853EC","Quantitativo","criticalPathLength","6","metros","Medido","Maior distancia no grafo extraido a partir do componente inicial.","Aproxima o percurso principal inicio-objetivo.","CA puro nao direciona progressao inicio-fim sem uma camada adicional."
13,2012,"EB2853EC","Quantitativo","avgAlternativePathLength","0","metros","Medido","Media de conexoes marcadas como ciclos emergentes entre componentes.","Nao houve caminho alternativo nesta execucao.","Loops podem emergir, mas nao sao garantidos."
13,2012,"EB2853EC","Booleano","SupportsRandomEnemySpawns","Sim, testado","sim/nao","Suportado","Parametro medido sobre a saida do Cellular Automata puro.","Sistema configurado e com orcamento ativo.","Spawns usam regioes abertas extraidas; balanceamento nao e propriedade nativa do CA."
13,2012,"EB2853EC","Booleano","SupportsLootDistribution","Sim, testado","sim/nao","Suportado","Parametro medido sobre a saida do Cellular Automata puro.","Sistema configurado e com orcamento ativo.","Loot pode ser colocado nas regioes abertas, mas progressao por risco depende de outra camada."
13,2012,"EB2853EC","Booleano","SupportsTraps","Sim, testado","sim/nao","Suportado","Parametro medido sobre a saida do Cellular Automata puro.","Sistema configurado e com orcamento ativo.","Armadilhas podem usar celulas abertas/gargalos, mas sem semantica global nativa."
13,2012,"EB2853EC","Booleano","SupportsBacktrackingLoops","Nao","sim/nao","Medido","Parametro medido sobre a saida do Cellular Automata puro.","Parametro atendido somente quando as conexoes emergentes formam ciclos no grafo extraido.","CA pode formar ciclos emergentes, mas sem controle direto de loops."
13,2012,"EB2853EC","Booleano","SupportsVerticalConnectors","Sim","sim/nao","Medido","Conta execucoes com celulas abertas alinhadas entre pavimentos e convertidas em conector vertical inferido.","Parametro atendido apenas se o volume celular multiandar gerar alinhamentos abertos entre camadas.","Possivel apenas em uma leitura 3D/multiandar do CA, por alinhamento de celulas abertas entre camadas."
13,2012,"EB2853EC","Booleano","SupportsMultiFloor","Sim","sim/nao","Medido","Conta execucoes com mais de um pavimento e pelo menos uma conexao vertical inferida do volume celular.","Parametro atendido quando existe conexao vertical inferida do proprio volume celular.","CA 2D puro nao e multiandar; a variante 3D continua celular, mas precisa ser relatada como extensao volumetrica."
13,2012,"EB2853EC","Booleano","SupportsBossArena","Sim","sim/nao","Medido","Parametro medido sobre a saida do Cellular Automata puro.","Existe ao menos uma sala grande o suficiente.","Areas grandes podem emergir naturalmente, mas nao como arena semanticamente planejada."
13,2012,"EB2853EC","Booleano","SeedReproducible","Sim","sim/nao","Medido","Parametro medido sobre a saida do Cellular Automata puro.","A seed reproduziu a mesma topologia.","Resultado reproduzivel se ruido inicial e iteracoes usam a mesma seed."
13,2012,"EB2853EC","Booleano","RuntimeRegeneration","Sim","sim/nao","Medido","Parametro medido sobre a saida do Cellular Automata puro.","Tempo registrado: 118.301 ms.","Custo cresce com tamanho do grid, pavimentos e iteracoes."
13,2012,"EB2853EC","Booleano","BudgetAwareSpawns","Sim","sim/nao","Suportado","Parametro medido sobre a saida do Cellular Automata puro.","Orcamentos registrados: inimigos 10, loot 6, armadilhas 4.","Orcamento e aplicado apos a geracao, sobre celulas livres extraidas."
13,2012,"EB2853EC","Qualitativo","Replayability","5/5","Likert 1-5","Estimado automaticamente","Parametro medido sobre a saida do Cellular Automata puro.","Diversidade topologica: 100%.","Alta variacao visual/organica entre seeds e esperada."
13,2012,"EB2853EC","Qualitativo","Debuggability","5/5","Likert 1-5","Estimado automaticamente","Parametro medido sobre a saida do Cellular Automata puro.","Cellular Automata e reproduzivel e simples de parametrizar, mas o efeito de pequenas mudancas nas regras precisa ser observado por bateladas.","Regras sao simples, mas efeitos globais emergentes exigem analise por metricas."
13,2012,"EB2853EC","Qualitativo","Flow","4/5","Likert 1-5","Estimado automaticamente","Parametro medido sobre a saida do Cellular Automata puro.","Indica fluidez de navegacao esperada.","Fluxo global nao e garantido; depende de conectividade emergente."
13,2012,"EB2853EC","Qualitativo","Legibility","4/5","Likert 1-5","Estimado automaticamente","Parametro medido sobre a saida do Cellular Automata puro.","A legibilidade depende do equilibrio entre areas abertas, gargalos e ilhas desconectadas.","Cavernas organicas podem ser bonitas, mas menos legiveis que salas retangulares."
13,2012,"EB2853EC","Qualitativo","StructuralVariety","2/5","Likert 1-5","Estimado automaticamente","Parametro medido sobre a saida do Cellular Automata puro.","Indica variedade estrutural dentro desta execucao.","Boa variedade morfologica; menor controle sobre semantica estrutural."
13,2012,"EB2853EC","Performance","layoutGenerationMilliseconds","28.38","ms","Medido","Tempo para inicializar ruido, executar iteracoes celulares e extrair componentes.","Representa o custo algoritmico principal.","Inclui ruido inicial, iteracoes celulares e extracao de componentes."
13,2012,"EB2853EC","Performance","geometryInstantiationMilliseconds","86.605","ms","Medido","Parametro medido sobre a saida do Cellular Automata puro.","A execucao incluiu custo visual.","Custo visual depende dos prefabs/Unity, nao do CA puro."
13,2012,"EB2853EC","Performance","metricsCalculationMilliseconds","3.313","ms","Medido","Parametro medido sobre a saida do Cellular Automata puro.","Ajuda a quantificar custo da instrumentacao.","Custo da instrumentacao, nao do algoritmo."
13,2012,"EB2853EC","Performance","totalGenerationMilliseconds","118.301","ms","Medido","Parametro medido sobre a saida do Cellular Automata puro.","Inclui layout, instanciacao visual habilitada e calculo de metricas.","Inclui layout, instanciacao visual e metricas; compare junto do tempo logico."
13,2012,"EB2853EC","Performance","generatedGameObjectCount","8155","contagem","Medido","Parametro medido sobre a saida do Cellular Automata puro.","Indica peso potencial de instanciacao no Unity.","Reflete peso da montagem visual das celulas abertas."
13,2012,"EB2853EC","Performance","occupiedCellCount","6944","contagem","Medido","Parametro medido sobre a saida do Cellular Automata puro.","Proxy de escala espacial da dungeon.","Proxy do volume aberto gerado pelo CA."
13,2012,"EB2853EC","Performance","connectionCount","1","contagem","Medido","Quantidade de conexoes inferidas por gargalos/passagens ou sobreposicoes verticais.","Proxy de complexidade topologica.","Conexoes sao inferidas apos a geracao; nao sao primitivas nativas do CA."
13,2012,"EB2853EC","Performance","managedMemoryDeltaKB","9420","KB","Estimado","Parametro medido sobre a saida do Cellular Automata puro.","Valor aproximado, sensivel a GC e ao estado do Editor.","Estimativa sujeita ao GC da Unity; use como indicio comparativo."
14,2013,"E52E6DC8","Quantitativo","numRoomsTarget","4","contagem","Medido","Extracao de componentes abertos e densos apos iteracoes de Cellular Automata.","Tamanho estrutural da dungeon nesta execucao.","Cellular Automata nao cria salas como entidades planejadas; regioes emergem de celulas abertas."
14,2013,"E52E6DC8","Quantitativo","connectivityRatio","75%","%","Medido","Busca no grafo extraido de componentes abertos; nenhuma conexao artificial e criada.","Mostra se as cavernas emergentes ficaram conectadas sem flood-fill reparador, carving ou grafo-guia.","CA puro nao garante conectividade global. Se a metrica ficar baixa, isso e uma limitacao real do algoritmo nesta configuracao."
14,2013,"E52E6DC8","Quantitativo","verticalVariance","1.732","metros","Medido","Desvio padrao das alturas dos componentes extraidos do volume celular.","Ha variacao vertical mensuravel entre salas.","Verticalidade so aparece em uma variante celular 3D/multiandar; CA 2D simples nao possui altura."
14,2013,"E52E6DC8","Quantitativo","fillPercentage","84.16%","%","Medido","Celulas abertas apos a regra celular divididas pelo total do volume.","Indica densidade espacial da dungeon.","Densidade e controlada indiretamente por chance inicial e limites de nascimento/sobrevivencia."
14,2013,"E52E6DC8","Quantitativo","branchFactor","1","media","Medido","Media de conexoes entre componentes extraidos por passagens estreitas detectadas.","Layout mais linear, com poucas bifurcacoes.","Ramificacao emerge de gargalos naturais, nao de um grafo explicito."
14,2013,"E52E6DC8","Quantitativo","avgPathLength","46.184","metros","Medido","Distancias no grafo extraido do resultado celular.","Distancia media a partir da sala inicial.","Caminhos sao medidos depois da extracao; CA nao controla caminho critico diretamente."
14,2013,"E52E6DC8","Quantitativo","uniqueModules","22","contagem","Medido","Contagem de categorias logicas e prefabs usados na leitura/instanciacao do resultado.","Indica variedade basica de composicao.","CA tende a variar forma organica, mas nao aumenta variedade modular sozinho."
14,2013,"E52E6DC8","Quantitativo","navigableVolumeRatio","100%","%","Estimado sem NavMesh","Estimativa logica de celulas abertas antes de NavMesh.","Use como estimativa inicial, nao como validacao fisica final.","Proxy logico; ilhas desconectadas podem inflar area aberta sem criar navegabilidade util."
14,2013,"E52E6DC8","Quantitativo","criticalPathLength","86.368","metros","Medido","Maior distancia no grafo extraido a partir do componente inicial.","Aproxima o percurso principal inicio-objetivo.","CA puro nao direciona progressao inicio-fim sem uma camada adicional."
14,2013,"E52E6DC8","Quantitativo","avgAlternativePathLength","0","metros","Medido","Media de conexoes marcadas como ciclos emergentes entre componentes.","Nao houve caminho alternativo nesta execucao.","Loops podem emergir, mas nao sao garantidos."
14,2013,"E52E6DC8","Booleano","SupportsRandomEnemySpawns","Sim, testado","sim/nao","Suportado","Parametro medido sobre a saida do Cellular Automata puro.","Sistema configurado e com orcamento ativo.","Spawns usam regioes abertas extraidas; balanceamento nao e propriedade nativa do CA."
14,2013,"E52E6DC8","Booleano","SupportsLootDistribution","Sim, testado","sim/nao","Suportado","Parametro medido sobre a saida do Cellular Automata puro.","Sistema configurado e com orcamento ativo.","Loot pode ser colocado nas regioes abertas, mas progressao por risco depende de outra camada."
14,2013,"E52E6DC8","Booleano","SupportsTraps","Sim, testado","sim/nao","Suportado","Parametro medido sobre a saida do Cellular Automata puro.","Sistema configurado e com orcamento ativo.","Armadilhas podem usar celulas abertas/gargalos, mas sem semantica global nativa."
14,2013,"E52E6DC8","Booleano","SupportsBacktrackingLoops","Nao","sim/nao","Medido","Parametro medido sobre a saida do Cellular Automata puro.","Parametro atendido somente quando as conexoes emergentes formam ciclos no grafo extraido.","CA pode formar ciclos emergentes, mas sem controle direto de loops."
14,2013,"E52E6DC8","Booleano","SupportsVerticalConnectors","Sim","sim/nao","Medido","Conta execucoes com celulas abertas alinhadas entre pavimentos e convertidas em conector vertical inferido.","Parametro atendido apenas se o volume celular multiandar gerar alinhamentos abertos entre camadas.","Possivel apenas em uma leitura 3D/multiandar do CA, por alinhamento de celulas abertas entre camadas."
14,2013,"E52E6DC8","Booleano","SupportsMultiFloor","Sim","sim/nao","Medido","Conta execucoes com mais de um pavimento e pelo menos uma conexao vertical inferida do volume celular.","Parametro atendido quando existe conexao vertical inferida do proprio volume celular.","CA 2D puro nao e multiandar; a variante 3D continua celular, mas precisa ser relatada como extensao volumetrica."
14,2013,"E52E6DC8","Booleano","SupportsBossArena","Sim","sim/nao","Medido","Parametro medido sobre a saida do Cellular Automata puro.","Existe ao menos uma sala grande o suficiente.","Areas grandes podem emergir naturalmente, mas nao como arena semanticamente planejada."
14,2013,"E52E6DC8","Booleano","SeedReproducible","Sim","sim/nao","Medido","Parametro medido sobre a saida do Cellular Automata puro.","A seed reproduziu a mesma topologia.","Resultado reproduzivel se ruido inicial e iteracoes usam a mesma seed."
14,2013,"E52E6DC8","Booleano","RuntimeRegeneration","Sim","sim/nao","Medido","Parametro medido sobre a saida do Cellular Automata puro.","Tempo registrado: 118.539 ms.","Custo cresce com tamanho do grid, pavimentos e iteracoes."
14,2013,"E52E6DC8","Booleano","BudgetAwareSpawns","Sim","sim/nao","Suportado","Parametro medido sobre a saida do Cellular Automata puro.","Orcamentos registrados: inimigos 10, loot 6, armadilhas 4.","Orcamento e aplicado apos a geracao, sobre celulas livres extraidas."
14,2013,"E52E6DC8","Qualitativo","Replayability","5/5","Likert 1-5","Estimado automaticamente","Parametro medido sobre a saida do Cellular Automata puro.","Diversidade topologica: 100%.","Alta variacao visual/organica entre seeds e esperada."
14,2013,"E52E6DC8","Qualitativo","Debuggability","5/5","Likert 1-5","Estimado automaticamente","Parametro medido sobre a saida do Cellular Automata puro.","Cellular Automata e reproduzivel e simples de parametrizar, mas o efeito de pequenas mudancas nas regras precisa ser observado por bateladas.","Regras sao simples, mas efeitos globais emergentes exigem analise por metricas."
14,2013,"E52E6DC8","Qualitativo","Flow","2/5","Likert 1-5","Estimado automaticamente","Parametro medido sobre a saida do Cellular Automata puro.","Indica fluidez de navegacao esperada.","Fluxo global nao e garantido; depende de conectividade emergente."
14,2013,"E52E6DC8","Qualitativo","Legibility","3/5","Likert 1-5","Estimado automaticamente","Parametro medido sobre a saida do Cellular Automata puro.","A legibilidade depende do equilibrio entre areas abertas, gargalos e ilhas desconectadas.","Cavernas organicas podem ser bonitas, mas menos legiveis que salas retangulares."
14,2013,"E52E6DC8","Qualitativo","StructuralVariety","2/5","Likert 1-5","Estimado automaticamente","Parametro medido sobre a saida do Cellular Automata puro.","Indica variedade estrutural dentro desta execucao.","Boa variedade morfologica; menor controle sobre semantica estrutural."
14,2013,"E52E6DC8","Performance","layoutGenerationMilliseconds","28.294","ms","Medido","Tempo para inicializar ruido, executar iteracoes celulares e extrair componentes.","Representa o custo algoritmico principal.","Inclui ruido inicial, iteracoes celulares e extracao de componentes."
14,2013,"E52E6DC8","Performance","geometryInstantiationMilliseconds","86.623","ms","Medido","Parametro medido sobre a saida do Cellular Automata puro.","A execucao incluiu custo visual.","Custo visual depende dos prefabs/Unity, nao do CA puro."
14,2013,"E52E6DC8","Performance","metricsCalculationMilliseconds","3.617","ms","Medido","Parametro medido sobre a saida do Cellular Automata puro.","Ajuda a quantificar custo da instrumentacao.","Custo da instrumentacao, nao do algoritmo."
14,2013,"E52E6DC8","Performance","totalGenerationMilliseconds","118.539","ms","Medido","Parametro medido sobre a saida do Cellular Automata puro.","Inclui layout, instanciacao visual habilitada e calculo de metricas.","Inclui layout, instanciacao visual e metricas; compare junto do tempo logico."
14,2013,"E52E6DC8","Performance","generatedGameObjectCount","8103","contagem","Medido","Parametro medido sobre a saida do Cellular Automata puro.","Indica peso potencial de instanciacao no Unity.","Reflete peso da montagem visual das celulas abertas."
14,2013,"E52E6DC8","Performance","occupiedCellCount","6894","contagem","Medido","Parametro medido sobre a saida do Cellular Automata puro.","Proxy de escala espacial da dungeon.","Proxy do volume aberto gerado pelo CA."
14,2013,"E52E6DC8","Performance","connectionCount","2","contagem","Medido","Quantidade de conexoes inferidas por gargalos/passagens ou sobreposicoes verticais.","Proxy de complexidade topologica.","Conexoes sao inferidas apos a geracao; nao sao primitivas nativas do CA."
14,2013,"E52E6DC8","Performance","managedMemoryDeltaKB","18080","KB","Estimado","Parametro medido sobre a saida do Cellular Automata puro.","Valor aproximado, sensivel a GC e ao estado do Editor.","Estimativa sujeita ao GC da Unity; use como indicio comparativo."
15,2014,"D90353C5","Quantitativo","numRoomsTarget","2","contagem","Medido","Extracao de componentes abertos e densos apos iteracoes de Cellular Automata.","Tamanho estrutural da dungeon nesta execucao.","Cellular Automata nao cria salas como entidades planejadas; regioes emergem de celulas abertas."
15,2014,"D90353C5","Quantitativo","connectivityRatio","100%","%","Medido","Busca no grafo extraido de componentes abertos; nenhuma conexao artificial e criada.","Mostra se as cavernas emergentes ficaram conectadas sem flood-fill reparador, carving ou grafo-guia.","CA puro nao garante conectividade global. Se a metrica ficar baixa, isso e uma limitacao real do algoritmo nesta configuracao."
15,2014,"D90353C5","Quantitativo","verticalVariance","2","metros","Medido","Desvio padrao das alturas dos componentes extraidos do volume celular.","Ha variacao vertical mensuravel entre salas.","Verticalidade so aparece em uma variante celular 3D/multiandar; CA 2D simples nao possui altura."
15,2014,"D90353C5","Quantitativo","fillPercentage","85.24%","%","Medido","Celulas abertas apos a regra celular divididas pelo total do volume.","Indica densidade espacial da dungeon.","Densidade e controlada indiretamente por chance inicial e limites de nascimento/sobrevivencia."
15,2014,"D90353C5","Quantitativo","branchFactor","1","media","Medido","Media de conexoes entre componentes extraidos por passagens estreitas detectadas.","Layout mais linear, com poucas bifurcacoes.","Ramificacao emerge de gargalos naturais, nao de um grafo explicito."
15,2014,"D90353C5","Quantitativo","avgPathLength","6","metros","Medido","Distancias no grafo extraido do resultado celular.","Distancia media a partir da sala inicial.","Caminhos sao medidos depois da extracao; CA nao controla caminho critico diretamente."
15,2014,"D90353C5","Quantitativo","uniqueModules","19","contagem","Medido","Contagem de categorias logicas e prefabs usados na leitura/instanciacao do resultado.","Indica variedade basica de composicao.","CA tende a variar forma organica, mas nao aumenta variedade modular sozinho."
15,2014,"D90353C5","Quantitativo","navigableVolumeRatio","100%","%","Estimado sem NavMesh","Estimativa logica de celulas abertas antes de NavMesh.","Use como estimativa inicial, nao como validacao fisica final.","Proxy logico; ilhas desconectadas podem inflar area aberta sem criar navegabilidade util."
15,2014,"D90353C5","Quantitativo","criticalPathLength","6","metros","Medido","Maior distancia no grafo extraido a partir do componente inicial.","Aproxima o percurso principal inicio-objetivo.","CA puro nao direciona progressao inicio-fim sem uma camada adicional."
15,2014,"D90353C5","Quantitativo","avgAlternativePathLength","0","metros","Medido","Media de conexoes marcadas como ciclos emergentes entre componentes.","Nao houve caminho alternativo nesta execucao.","Loops podem emergir, mas nao sao garantidos."
15,2014,"D90353C5","Booleano","SupportsRandomEnemySpawns","Sim, testado","sim/nao","Suportado","Parametro medido sobre a saida do Cellular Automata puro.","Sistema configurado e com orcamento ativo.","Spawns usam regioes abertas extraidas; balanceamento nao e propriedade nativa do CA."
15,2014,"D90353C5","Booleano","SupportsLootDistribution","Sim, testado","sim/nao","Suportado","Parametro medido sobre a saida do Cellular Automata puro.","Sistema configurado e com orcamento ativo.","Loot pode ser colocado nas regioes abertas, mas progressao por risco depende de outra camada."
15,2014,"D90353C5","Booleano","SupportsTraps","Sim, testado","sim/nao","Suportado","Parametro medido sobre a saida do Cellular Automata puro.","Sistema configurado e com orcamento ativo.","Armadilhas podem usar celulas abertas/gargalos, mas sem semantica global nativa."
15,2014,"D90353C5","Booleano","SupportsBacktrackingLoops","Nao","sim/nao","Medido","Parametro medido sobre a saida do Cellular Automata puro.","Parametro atendido somente quando as conexoes emergentes formam ciclos no grafo extraido.","CA pode formar ciclos emergentes, mas sem controle direto de loops."
15,2014,"D90353C5","Booleano","SupportsVerticalConnectors","Sim","sim/nao","Medido","Conta execucoes com celulas abertas alinhadas entre pavimentos e convertidas em conector vertical inferido.","Parametro atendido apenas se o volume celular multiandar gerar alinhamentos abertos entre camadas.","Possivel apenas em uma leitura 3D/multiandar do CA, por alinhamento de celulas abertas entre camadas."
15,2014,"D90353C5","Booleano","SupportsMultiFloor","Sim","sim/nao","Medido","Conta execucoes com mais de um pavimento e pelo menos uma conexao vertical inferida do volume celular.","Parametro atendido quando existe conexao vertical inferida do proprio volume celular.","CA 2D puro nao e multiandar; a variante 3D continua celular, mas precisa ser relatada como extensao volumetrica."
15,2014,"D90353C5","Booleano","SupportsBossArena","Sim","sim/nao","Medido","Parametro medido sobre a saida do Cellular Automata puro.","Existe ao menos uma sala grande o suficiente.","Areas grandes podem emergir naturalmente, mas nao como arena semanticamente planejada."
15,2014,"D90353C5","Booleano","SeedReproducible","Sim","sim/nao","Medido","Parametro medido sobre a saida do Cellular Automata puro.","A seed reproduziu a mesma topologia.","Resultado reproduzivel se ruido inicial e iteracoes usam a mesma seed."
15,2014,"D90353C5","Booleano","RuntimeRegeneration","Sim","sim/nao","Medido","Parametro medido sobre a saida do Cellular Automata puro.","Tempo registrado: 118.113 ms.","Custo cresce com tamanho do grid, pavimentos e iteracoes."
15,2014,"D90353C5","Booleano","BudgetAwareSpawns","Sim","sim/nao","Suportado","Parametro medido sobre a saida do Cellular Automata puro.","Orcamentos registrados: inimigos 10, loot 6, armadilhas 4.","Orcamento e aplicado apos a geracao, sobre celulas livres extraidas."
15,2014,"D90353C5","Qualitativo","Replayability","5/5","Likert 1-5","Estimado automaticamente","Parametro medido sobre a saida do Cellular Automata puro.","Diversidade topologica: 100%.","Alta variacao visual/organica entre seeds e esperada."
15,2014,"D90353C5","Qualitativo","Debuggability","5/5","Likert 1-5","Estimado automaticamente","Parametro medido sobre a saida do Cellular Automata puro.","Cellular Automata e reproduzivel e simples de parametrizar, mas o efeito de pequenas mudancas nas regras precisa ser observado por bateladas.","Regras sao simples, mas efeitos globais emergentes exigem analise por metricas."
15,2014,"D90353C5","Qualitativo","Flow","4/5","Likert 1-5","Estimado automaticamente","Parametro medido sobre a saida do Cellular Automata puro.","Indica fluidez de navegacao esperada.","Fluxo global nao e garantido; depende de conectividade emergente."
15,2014,"D90353C5","Qualitativo","Legibility","4/5","Likert 1-5","Estimado automaticamente","Parametro medido sobre a saida do Cellular Automata puro.","A legibilidade depende do equilibrio entre areas abertas, gargalos e ilhas desconectadas.","Cavernas organicas podem ser bonitas, mas menos legiveis que salas retangulares."
15,2014,"D90353C5","Qualitativo","StructuralVariety","2/5","Likert 1-5","Estimado automaticamente","Parametro medido sobre a saida do Cellular Automata puro.","Indica variedade estrutural dentro desta execucao.","Boa variedade morfologica; menor controle sobre semantica estrutural."
15,2014,"D90353C5","Performance","layoutGenerationMilliseconds","28.368","ms","Medido","Tempo para inicializar ruido, executar iteracoes celulares e extrair componentes.","Representa o custo algoritmico principal.","Inclui ruido inicial, iteracoes celulares e extracao de componentes."
15,2014,"D90353C5","Performance","geometryInstantiationMilliseconds","86.465","ms","Medido","Parametro medido sobre a saida do Cellular Automata puro.","A execucao incluiu custo visual.","Custo visual depende dos prefabs/Unity, nao do CA puro."
15,2014,"D90353C5","Performance","metricsCalculationMilliseconds","3.277","ms","Medido","Parametro medido sobre a saida do Cellular Automata puro.","Ajuda a quantificar custo da instrumentacao.","Custo da instrumentacao, nao do algoritmo."
15,2014,"D90353C5","Performance","totalGenerationMilliseconds","118.113","ms","Medido","Parametro medido sobre a saida do Cellular Automata puro.","Inclui layout, instanciacao visual habilitada e calculo de metricas.","Inclui layout, instanciacao visual e metricas; compare junto do tempo logico."
15,2014,"D90353C5","Performance","generatedGameObjectCount","8153","contagem","Medido","Parametro medido sobre a saida do Cellular Automata puro.","Indica peso potencial de instanciacao no Unity.","Reflete peso da montagem visual das celulas abertas."
15,2014,"D90353C5","Performance","occupiedCellCount","6983","contagem","Medido","Parametro medido sobre a saida do Cellular Automata puro.","Proxy de escala espacial da dungeon.","Proxy do volume aberto gerado pelo CA."
15,2014,"D90353C5","Performance","connectionCount","1","contagem","Medido","Quantidade de conexoes inferidas por gargalos/passagens ou sobreposicoes verticais.","Proxy de complexidade topologica.","Conexoes sao inferidas apos a geracao; nao sao primitivas nativas do CA."
15,2014,"D90353C5","Performance","managedMemoryDeltaKB","20988","KB","Estimado","Parametro medido sobre a saida do Cellular Automata puro.","Valor aproximado, sensivel a GC e ao estado do Editor.","Estimativa sujeita ao GC da Unity; use como indicio comparativo."
16,2015,"D45C77DB","Quantitativo","numRoomsTarget","2","contagem","Medido","Extracao de componentes abertos e densos apos iteracoes de Cellular Automata.","Tamanho estrutural da dungeon nesta execucao.","Cellular Automata nao cria salas como entidades planejadas; regioes emergem de celulas abertas."
16,2015,"D45C77DB","Quantitativo","connectivityRatio","100%","%","Medido","Busca no grafo extraido de componentes abertos; nenhuma conexao artificial e criada.","Mostra se as cavernas emergentes ficaram conectadas sem flood-fill reparador, carving ou grafo-guia.","CA puro nao garante conectividade global. Se a metrica ficar baixa, isso e uma limitacao real do algoritmo nesta configuracao."
16,2015,"D45C77DB","Quantitativo","verticalVariance","2","metros","Medido","Desvio padrao das alturas dos componentes extraidos do volume celular.","Ha variacao vertical mensuravel entre salas.","Verticalidade so aparece em uma variante celular 3D/multiandar; CA 2D simples nao possui altura."
16,2015,"D45C77DB","Quantitativo","fillPercentage","85.36%","%","Medido","Celulas abertas apos a regra celular divididas pelo total do volume.","Indica densidade espacial da dungeon.","Densidade e controlada indiretamente por chance inicial e limites de nascimento/sobrevivencia."
16,2015,"D45C77DB","Quantitativo","branchFactor","1","media","Medido","Media de conexoes entre componentes extraidos por passagens estreitas detectadas.","Layout mais linear, com poucas bifurcacoes.","Ramificacao emerge de gargalos naturais, nao de um grafo explicito."
16,2015,"D45C77DB","Quantitativo","avgPathLength","6","metros","Medido","Distancias no grafo extraido do resultado celular.","Distancia media a partir da sala inicial.","Caminhos sao medidos depois da extracao; CA nao controla caminho critico diretamente."
16,2015,"D45C77DB","Quantitativo","uniqueModules","19","contagem","Medido","Contagem de categorias logicas e prefabs usados na leitura/instanciacao do resultado.","Indica variedade basica de composicao.","CA tende a variar forma organica, mas nao aumenta variedade modular sozinho."
16,2015,"D45C77DB","Quantitativo","navigableVolumeRatio","100%","%","Estimado sem NavMesh","Estimativa logica de celulas abertas antes de NavMesh.","Use como estimativa inicial, nao como validacao fisica final.","Proxy logico; ilhas desconectadas podem inflar area aberta sem criar navegabilidade util."
16,2015,"D45C77DB","Quantitativo","criticalPathLength","6","metros","Medido","Maior distancia no grafo extraido a partir do componente inicial.","Aproxima o percurso principal inicio-objetivo.","CA puro nao direciona progressao inicio-fim sem uma camada adicional."
16,2015,"D45C77DB","Quantitativo","avgAlternativePathLength","0","metros","Medido","Media de conexoes marcadas como ciclos emergentes entre componentes.","Nao houve caminho alternativo nesta execucao.","Loops podem emergir, mas nao sao garantidos."
16,2015,"D45C77DB","Booleano","SupportsRandomEnemySpawns","Sim, testado","sim/nao","Suportado","Parametro medido sobre a saida do Cellular Automata puro.","Sistema configurado e com orcamento ativo.","Spawns usam regioes abertas extraidas; balanceamento nao e propriedade nativa do CA."
16,2015,"D45C77DB","Booleano","SupportsLootDistribution","Sim, testado","sim/nao","Suportado","Parametro medido sobre a saida do Cellular Automata puro.","Sistema configurado e com orcamento ativo.","Loot pode ser colocado nas regioes abertas, mas progressao por risco depende de outra camada."
16,2015,"D45C77DB","Booleano","SupportsTraps","Sim, testado","sim/nao","Suportado","Parametro medido sobre a saida do Cellular Automata puro.","Sistema configurado e com orcamento ativo.","Armadilhas podem usar celulas abertas/gargalos, mas sem semantica global nativa."
16,2015,"D45C77DB","Booleano","SupportsBacktrackingLoops","Nao","sim/nao","Medido","Parametro medido sobre a saida do Cellular Automata puro.","Parametro atendido somente quando as conexoes emergentes formam ciclos no grafo extraido.","CA pode formar ciclos emergentes, mas sem controle direto de loops."
16,2015,"D45C77DB","Booleano","SupportsVerticalConnectors","Sim","sim/nao","Medido","Conta execucoes com celulas abertas alinhadas entre pavimentos e convertidas em conector vertical inferido.","Parametro atendido apenas se o volume celular multiandar gerar alinhamentos abertos entre camadas.","Possivel apenas em uma leitura 3D/multiandar do CA, por alinhamento de celulas abertas entre camadas."
16,2015,"D45C77DB","Booleano","SupportsMultiFloor","Sim","sim/nao","Medido","Conta execucoes com mais de um pavimento e pelo menos uma conexao vertical inferida do volume celular.","Parametro atendido quando existe conexao vertical inferida do proprio volume celular.","CA 2D puro nao e multiandar; a variante 3D continua celular, mas precisa ser relatada como extensao volumetrica."
16,2015,"D45C77DB","Booleano","SupportsBossArena","Sim","sim/nao","Medido","Parametro medido sobre a saida do Cellular Automata puro.","Existe ao menos uma sala grande o suficiente.","Areas grandes podem emergir naturalmente, mas nao como arena semanticamente planejada."
16,2015,"D45C77DB","Booleano","SeedReproducible","Sim","sim/nao","Medido","Parametro medido sobre a saida do Cellular Automata puro.","A seed reproduziu a mesma topologia.","Resultado reproduzivel se ruido inicial e iteracoes usam a mesma seed."
16,2015,"D45C77DB","Booleano","RuntimeRegeneration","Sim","sim/nao","Medido","Parametro medido sobre a saida do Cellular Automata puro.","Tempo registrado: 119.346 ms.","Custo cresce com tamanho do grid, pavimentos e iteracoes."
16,2015,"D45C77DB","Booleano","BudgetAwareSpawns","Sim","sim/nao","Suportado","Parametro medido sobre a saida do Cellular Automata puro.","Orcamentos registrados: inimigos 10, loot 6, armadilhas 4.","Orcamento e aplicado apos a geracao, sobre celulas livres extraidas."
16,2015,"D45C77DB","Qualitativo","Replayability","5/5","Likert 1-5","Estimado automaticamente","Parametro medido sobre a saida do Cellular Automata puro.","Diversidade topologica: 100%.","Alta variacao visual/organica entre seeds e esperada."
16,2015,"D45C77DB","Qualitativo","Debuggability","5/5","Likert 1-5","Estimado automaticamente","Parametro medido sobre a saida do Cellular Automata puro.","Cellular Automata e reproduzivel e simples de parametrizar, mas o efeito de pequenas mudancas nas regras precisa ser observado por bateladas.","Regras sao simples, mas efeitos globais emergentes exigem analise por metricas."
16,2015,"D45C77DB","Qualitativo","Flow","4/5","Likert 1-5","Estimado automaticamente","Parametro medido sobre a saida do Cellular Automata puro.","Indica fluidez de navegacao esperada.","Fluxo global nao e garantido; depende de conectividade emergente."
16,2015,"D45C77DB","Qualitativo","Legibility","4/5","Likert 1-5","Estimado automaticamente","Parametro medido sobre a saida do Cellular Automata puro.","A legibilidade depende do equilibrio entre areas abertas, gargalos e ilhas desconectadas.","Cavernas organicas podem ser bonitas, mas menos legiveis que salas retangulares."
16,2015,"D45C77DB","Qualitativo","StructuralVariety","2/5","Likert 1-5","Estimado automaticamente","Parametro medido sobre a saida do Cellular Automata puro.","Indica variedade estrutural dentro desta execucao.","Boa variedade morfologica; menor controle sobre semantica estrutural."
16,2015,"D45C77DB","Performance","layoutGenerationMilliseconds","28.285","ms","Medido","Tempo para inicializar ruido, executar iteracoes celulares e extrair componentes.","Representa o custo algoritmico principal.","Inclui ruido inicial, iteracoes celulares e extracao de componentes."
16,2015,"D45C77DB","Performance","geometryInstantiationMilliseconds","87.779","ms","Medido","Parametro medido sobre a saida do Cellular Automata puro.","A execucao incluiu custo visual.","Custo visual depende dos prefabs/Unity, nao do CA puro."
16,2015,"D45C77DB","Performance","metricsCalculationMilliseconds","3.279","ms","Medido","Parametro medido sobre a saida do Cellular Automata puro.","Ajuda a quantificar custo da instrumentacao.","Custo da instrumentacao, nao do algoritmo."
16,2015,"D45C77DB","Performance","totalGenerationMilliseconds","119.346","ms","Medido","Parametro medido sobre a saida do Cellular Automata puro.","Inclui layout, instanciacao visual habilitada e calculo de metricas.","Inclui layout, instanciacao visual e metricas; compare junto do tempo logico."
16,2015,"D45C77DB","Performance","generatedGameObjectCount","8131","contagem","Medido","Parametro medido sobre a saida do Cellular Automata puro.","Indica peso potencial de instanciacao no Unity.","Reflete peso da montagem visual das celulas abertas."
16,2015,"D45C77DB","Performance","occupiedCellCount","6993","contagem","Medido","Parametro medido sobre a saida do Cellular Automata puro.","Proxy de escala espacial da dungeon.","Proxy do volume aberto gerado pelo CA."
16,2015,"D45C77DB","Performance","connectionCount","1","contagem","Medido","Quantidade de conexoes inferidas por gargalos/passagens ou sobreposicoes verticais.","Proxy de complexidade topologica.","Conexoes sao inferidas apos a geracao; nao sao primitivas nativas do CA."
16,2015,"D45C77DB","Performance","managedMemoryDeltaKB","21032","KB","Estimado","Parametro medido sobre a saida do Cellular Automata puro.","Valor aproximado, sensivel a GC e ao estado do Editor.","Estimativa sujeita ao GC da Unity; use como indicio comparativo."
17,2016,"25226FE4","Quantitativo","numRoomsTarget","2","contagem","Medido","Extracao de componentes abertos e densos apos iteracoes de Cellular Automata.","Tamanho estrutural da dungeon nesta execucao.","Cellular Automata nao cria salas como entidades planejadas; regioes emergem de celulas abertas."
17,2016,"25226FE4","Quantitativo","connectivityRatio","100%","%","Medido","Busca no grafo extraido de componentes abertos; nenhuma conexao artificial e criada.","Mostra se as cavernas emergentes ficaram conectadas sem flood-fill reparador, carving ou grafo-guia.","CA puro nao garante conectividade global. Se a metrica ficar baixa, isso e uma limitacao real do algoritmo nesta configuracao."
17,2016,"25226FE4","Quantitativo","verticalVariance","2","metros","Medido","Desvio padrao das alturas dos componentes extraidos do volume celular.","Ha variacao vertical mensuravel entre salas.","Verticalidade so aparece em uma variante celular 3D/multiandar; CA 2D simples nao possui altura."
17,2016,"25226FE4","Quantitativo","fillPercentage","85.06%","%","Medido","Celulas abertas apos a regra celular divididas pelo total do volume.","Indica densidade espacial da dungeon.","Densidade e controlada indiretamente por chance inicial e limites de nascimento/sobrevivencia."
17,2016,"25226FE4","Quantitativo","branchFactor","1","media","Medido","Media de conexoes entre componentes extraidos por passagens estreitas detectadas.","Layout mais linear, com poucas bifurcacoes.","Ramificacao emerge de gargalos naturais, nao de um grafo explicito."
17,2016,"25226FE4","Quantitativo","avgPathLength","6","metros","Medido","Distancias no grafo extraido do resultado celular.","Distancia media a partir da sala inicial.","Caminhos sao medidos depois da extracao; CA nao controla caminho critico diretamente."
17,2016,"25226FE4","Quantitativo","uniqueModules","17","contagem","Medido","Contagem de categorias logicas e prefabs usados na leitura/instanciacao do resultado.","Indica variedade basica de composicao.","CA tende a variar forma organica, mas nao aumenta variedade modular sozinho."
17,2016,"25226FE4","Quantitativo","navigableVolumeRatio","100%","%","Estimado sem NavMesh","Estimativa logica de celulas abertas antes de NavMesh.","Use como estimativa inicial, nao como validacao fisica final.","Proxy logico; ilhas desconectadas podem inflar area aberta sem criar navegabilidade util."
17,2016,"25226FE4","Quantitativo","criticalPathLength","6","metros","Medido","Maior distancia no grafo extraido a partir do componente inicial.","Aproxima o percurso principal inicio-objetivo.","CA puro nao direciona progressao inicio-fim sem uma camada adicional."
17,2016,"25226FE4","Quantitativo","avgAlternativePathLength","0","metros","Medido","Media de conexoes marcadas como ciclos emergentes entre componentes.","Nao houve caminho alternativo nesta execucao.","Loops podem emergir, mas nao sao garantidos."
17,2016,"25226FE4","Booleano","SupportsRandomEnemySpawns","Sim, testado","sim/nao","Suportado","Parametro medido sobre a saida do Cellular Automata puro.","Sistema configurado e com orcamento ativo.","Spawns usam regioes abertas extraidas; balanceamento nao e propriedade nativa do CA."
17,2016,"25226FE4","Booleano","SupportsLootDistribution","Sim, testado","sim/nao","Suportado","Parametro medido sobre a saida do Cellular Automata puro.","Sistema configurado e com orcamento ativo.","Loot pode ser colocado nas regioes abertas, mas progressao por risco depende de outra camada."
17,2016,"25226FE4","Booleano","SupportsTraps","Sim, testado","sim/nao","Suportado","Parametro medido sobre a saida do Cellular Automata puro.","Sistema configurado e com orcamento ativo.","Armadilhas podem usar celulas abertas/gargalos, mas sem semantica global nativa."
17,2016,"25226FE4","Booleano","SupportsBacktrackingLoops","Nao","sim/nao","Medido","Parametro medido sobre a saida do Cellular Automata puro.","Parametro atendido somente quando as conexoes emergentes formam ciclos no grafo extraido.","CA pode formar ciclos emergentes, mas sem controle direto de loops."
17,2016,"25226FE4","Booleano","SupportsVerticalConnectors","Sim","sim/nao","Medido","Conta execucoes com celulas abertas alinhadas entre pavimentos e convertidas em conector vertical inferido.","Parametro atendido apenas se o volume celular multiandar gerar alinhamentos abertos entre camadas.","Possivel apenas em uma leitura 3D/multiandar do CA, por alinhamento de celulas abertas entre camadas."
17,2016,"25226FE4","Booleano","SupportsMultiFloor","Sim","sim/nao","Medido","Conta execucoes com mais de um pavimento e pelo menos uma conexao vertical inferida do volume celular.","Parametro atendido quando existe conexao vertical inferida do proprio volume celular.","CA 2D puro nao e multiandar; a variante 3D continua celular, mas precisa ser relatada como extensao volumetrica."
17,2016,"25226FE4","Booleano","SupportsBossArena","Sim","sim/nao","Medido","Parametro medido sobre a saida do Cellular Automata puro.","Existe ao menos uma sala grande o suficiente.","Areas grandes podem emergir naturalmente, mas nao como arena semanticamente planejada."
17,2016,"25226FE4","Booleano","SeedReproducible","Sim","sim/nao","Medido","Parametro medido sobre a saida do Cellular Automata puro.","A seed reproduziu a mesma topologia.","Resultado reproduzivel se ruido inicial e iteracoes usam a mesma seed."
17,2016,"25226FE4","Booleano","RuntimeRegeneration","Sim","sim/nao","Medido","Parametro medido sobre a saida do Cellular Automata puro.","Tempo registrado: 118.111 ms.","Custo cresce com tamanho do grid, pavimentos e iteracoes."
17,2016,"25226FE4","Booleano","BudgetAwareSpawns","Sim","sim/nao","Suportado","Parametro medido sobre a saida do Cellular Automata puro.","Orcamentos registrados: inimigos 10, loot 6, armadilhas 4.","Orcamento e aplicado apos a geracao, sobre celulas livres extraidas."
17,2016,"25226FE4","Qualitativo","Replayability","5/5","Likert 1-5","Estimado automaticamente","Parametro medido sobre a saida do Cellular Automata puro.","Diversidade topologica: 100%.","Alta variacao visual/organica entre seeds e esperada."
17,2016,"25226FE4","Qualitativo","Debuggability","5/5","Likert 1-5","Estimado automaticamente","Parametro medido sobre a saida do Cellular Automata puro.","Cellular Automata e reproduzivel e simples de parametrizar, mas o efeito de pequenas mudancas nas regras precisa ser observado por bateladas.","Regras sao simples, mas efeitos globais emergentes exigem analise por metricas."
17,2016,"25226FE4","Qualitativo","Flow","4/5","Likert 1-5","Estimado automaticamente","Parametro medido sobre a saida do Cellular Automata puro.","Indica fluidez de navegacao esperada.","Fluxo global nao e garantido; depende de conectividade emergente."
17,2016,"25226FE4","Qualitativo","Legibility","4/5","Likert 1-5","Estimado automaticamente","Parametro medido sobre a saida do Cellular Automata puro.","A legibilidade depende do equilibrio entre areas abertas, gargalos e ilhas desconectadas.","Cavernas organicas podem ser bonitas, mas menos legiveis que salas retangulares."
17,2016,"25226FE4","Qualitativo","StructuralVariety","2/5","Likert 1-5","Estimado automaticamente","Parametro medido sobre a saida do Cellular Automata puro.","Indica variedade estrutural dentro desta execucao.","Boa variedade morfologica; menor controle sobre semantica estrutural."
17,2016,"25226FE4","Performance","layoutGenerationMilliseconds","28.748","ms","Medido","Tempo para inicializar ruido, executar iteracoes celulares e extrair componentes.","Representa o custo algoritmico principal.","Inclui ruido inicial, iteracoes celulares e extracao de componentes."
17,2016,"25226FE4","Performance","geometryInstantiationMilliseconds","86.109","ms","Medido","Parametro medido sobre a saida do Cellular Automata puro.","A execucao incluiu custo visual.","Custo visual depende dos prefabs/Unity, nao do CA puro."
17,2016,"25226FE4","Performance","metricsCalculationMilliseconds","3.251","ms","Medido","Parametro medido sobre a saida do Cellular Automata puro.","Ajuda a quantificar custo da instrumentacao.","Custo da instrumentacao, nao do algoritmo."
17,2016,"25226FE4","Performance","totalGenerationMilliseconds","118.111","ms","Medido","Parametro medido sobre a saida do Cellular Automata puro.","Inclui layout, instanciacao visual habilitada e calculo de metricas.","Inclui layout, instanciacao visual e metricas; compare junto do tempo logico."
17,2016,"25226FE4","Performance","generatedGameObjectCount","8075","contagem","Medido","Parametro medido sobre a saida do Cellular Automata puro.","Indica peso potencial de instanciacao no Unity.","Reflete peso da montagem visual das celulas abertas."
17,2016,"25226FE4","Performance","occupiedCellCount","6968","contagem","Medido","Parametro medido sobre a saida do Cellular Automata puro.","Proxy de escala espacial da dungeon.","Proxy do volume aberto gerado pelo CA."
17,2016,"25226FE4","Performance","connectionCount","1","contagem","Medido","Quantidade de conexoes inferidas por gargalos/passagens ou sobreposicoes verticais.","Proxy de complexidade topologica.","Conexoes sao inferidas apos a geracao; nao sao primitivas nativas do CA."
17,2016,"25226FE4","Performance","managedMemoryDeltaKB","20940","KB","Estimado","Parametro medido sobre a saida do Cellular Automata puro.","Valor aproximado, sensivel a GC e ao estado do Editor.","Estimativa sujeita ao GC da Unity; use como indicio comparativo."
18,2017,"95C5D4F7","Quantitativo","numRoomsTarget","2","contagem","Medido","Extracao de componentes abertos e densos apos iteracoes de Cellular Automata.","Tamanho estrutural da dungeon nesta execucao.","Cellular Automata nao cria salas como entidades planejadas; regioes emergem de celulas abertas."
18,2017,"95C5D4F7","Quantitativo","connectivityRatio","100%","%","Medido","Busca no grafo extraido de componentes abertos; nenhuma conexao artificial e criada.","Mostra se as cavernas emergentes ficaram conectadas sem flood-fill reparador, carving ou grafo-guia.","CA puro nao garante conectividade global. Se a metrica ficar baixa, isso e uma limitacao real do algoritmo nesta configuracao."
18,2017,"95C5D4F7","Quantitativo","verticalVariance","2","metros","Medido","Desvio padrao das alturas dos componentes extraidos do volume celular.","Ha variacao vertical mensuravel entre salas.","Verticalidade so aparece em uma variante celular 3D/multiandar; CA 2D simples nao possui altura."
18,2017,"95C5D4F7","Quantitativo","fillPercentage","86.05%","%","Medido","Celulas abertas apos a regra celular divididas pelo total do volume.","Indica densidade espacial da dungeon.","Densidade e controlada indiretamente por chance inicial e limites de nascimento/sobrevivencia."
18,2017,"95C5D4F7","Quantitativo","branchFactor","1","media","Medido","Media de conexoes entre componentes extraidos por passagens estreitas detectadas.","Layout mais linear, com poucas bifurcacoes.","Ramificacao emerge de gargalos naturais, nao de um grafo explicito."
18,2017,"95C5D4F7","Quantitativo","avgPathLength","6","metros","Medido","Distancias no grafo extraido do resultado celular.","Distancia media a partir da sala inicial.","Caminhos sao medidos depois da extracao; CA nao controla caminho critico diretamente."
18,2017,"95C5D4F7","Quantitativo","uniqueModules","19","contagem","Medido","Contagem de categorias logicas e prefabs usados na leitura/instanciacao do resultado.","Indica variedade basica de composicao.","CA tende a variar forma organica, mas nao aumenta variedade modular sozinho."
18,2017,"95C5D4F7","Quantitativo","navigableVolumeRatio","100%","%","Estimado sem NavMesh","Estimativa logica de celulas abertas antes de NavMesh.","Use como estimativa inicial, nao como validacao fisica final.","Proxy logico; ilhas desconectadas podem inflar area aberta sem criar navegabilidade util."
18,2017,"95C5D4F7","Quantitativo","criticalPathLength","6","metros","Medido","Maior distancia no grafo extraido a partir do componente inicial.","Aproxima o percurso principal inicio-objetivo.","CA puro nao direciona progressao inicio-fim sem uma camada adicional."
18,2017,"95C5D4F7","Quantitativo","avgAlternativePathLength","0","metros","Medido","Media de conexoes marcadas como ciclos emergentes entre componentes.","Nao houve caminho alternativo nesta execucao.","Loops podem emergir, mas nao sao garantidos."
18,2017,"95C5D4F7","Booleano","SupportsRandomEnemySpawns","Sim, testado","sim/nao","Suportado","Parametro medido sobre a saida do Cellular Automata puro.","Sistema configurado e com orcamento ativo.","Spawns usam regioes abertas extraidas; balanceamento nao e propriedade nativa do CA."
18,2017,"95C5D4F7","Booleano","SupportsLootDistribution","Sim, testado","sim/nao","Suportado","Parametro medido sobre a saida do Cellular Automata puro.","Sistema configurado e com orcamento ativo.","Loot pode ser colocado nas regioes abertas, mas progressao por risco depende de outra camada."
18,2017,"95C5D4F7","Booleano","SupportsTraps","Sim, testado","sim/nao","Suportado","Parametro medido sobre a saida do Cellular Automata puro.","Sistema configurado e com orcamento ativo.","Armadilhas podem usar celulas abertas/gargalos, mas sem semantica global nativa."
18,2017,"95C5D4F7","Booleano","SupportsBacktrackingLoops","Nao","sim/nao","Medido","Parametro medido sobre a saida do Cellular Automata puro.","Parametro atendido somente quando as conexoes emergentes formam ciclos no grafo extraido.","CA pode formar ciclos emergentes, mas sem controle direto de loops."
18,2017,"95C5D4F7","Booleano","SupportsVerticalConnectors","Sim","sim/nao","Medido","Conta execucoes com celulas abertas alinhadas entre pavimentos e convertidas em conector vertical inferido.","Parametro atendido apenas se o volume celular multiandar gerar alinhamentos abertos entre camadas.","Possivel apenas em uma leitura 3D/multiandar do CA, por alinhamento de celulas abertas entre camadas."
18,2017,"95C5D4F7","Booleano","SupportsMultiFloor","Sim","sim/nao","Medido","Conta execucoes com mais de um pavimento e pelo menos uma conexao vertical inferida do volume celular.","Parametro atendido quando existe conexao vertical inferida do proprio volume celular.","CA 2D puro nao e multiandar; a variante 3D continua celular, mas precisa ser relatada como extensao volumetrica."
18,2017,"95C5D4F7","Booleano","SupportsBossArena","Sim","sim/nao","Medido","Parametro medido sobre a saida do Cellular Automata puro.","Existe ao menos uma sala grande o suficiente.","Areas grandes podem emergir naturalmente, mas nao como arena semanticamente planejada."
18,2017,"95C5D4F7","Booleano","SeedReproducible","Sim","sim/nao","Medido","Parametro medido sobre a saida do Cellular Automata puro.","A seed reproduziu a mesma topologia.","Resultado reproduzivel se ruido inicial e iteracoes usam a mesma seed."
18,2017,"95C5D4F7","Booleano","RuntimeRegeneration","Sim","sim/nao","Medido","Parametro medido sobre a saida do Cellular Automata puro.","Tempo registrado: 127.132 ms.","Custo cresce com tamanho do grid, pavimentos e iteracoes."
18,2017,"95C5D4F7","Booleano","BudgetAwareSpawns","Sim","sim/nao","Suportado","Parametro medido sobre a saida do Cellular Automata puro.","Orcamentos registrados: inimigos 10, loot 6, armadilhas 4.","Orcamento e aplicado apos a geracao, sobre celulas livres extraidas."
18,2017,"95C5D4F7","Qualitativo","Replayability","5/5","Likert 1-5","Estimado automaticamente","Parametro medido sobre a saida do Cellular Automata puro.","Diversidade topologica: 100%.","Alta variacao visual/organica entre seeds e esperada."
18,2017,"95C5D4F7","Qualitativo","Debuggability","5/5","Likert 1-5","Estimado automaticamente","Parametro medido sobre a saida do Cellular Automata puro.","Cellular Automata e reproduzivel e simples de parametrizar, mas o efeito de pequenas mudancas nas regras precisa ser observado por bateladas.","Regras sao simples, mas efeitos globais emergentes exigem analise por metricas."
18,2017,"95C5D4F7","Qualitativo","Flow","4/5","Likert 1-5","Estimado automaticamente","Parametro medido sobre a saida do Cellular Automata puro.","Indica fluidez de navegacao esperada.","Fluxo global nao e garantido; depende de conectividade emergente."
18,2017,"95C5D4F7","Qualitativo","Legibility","4/5","Likert 1-5","Estimado automaticamente","Parametro medido sobre a saida do Cellular Automata puro.","A legibilidade depende do equilibrio entre areas abertas, gargalos e ilhas desconectadas.","Cavernas organicas podem ser bonitas, mas menos legiveis que salas retangulares."
18,2017,"95C5D4F7","Qualitativo","StructuralVariety","2/5","Likert 1-5","Estimado automaticamente","Parametro medido sobre a saida do Cellular Automata puro.","Indica variedade estrutural dentro desta execucao.","Boa variedade morfologica; menor controle sobre semantica estrutural."
18,2017,"95C5D4F7","Performance","layoutGenerationMilliseconds","28.641","ms","Medido","Tempo para inicializar ruido, executar iteracoes celulares e extrair componentes.","Representa o custo algoritmico principal.","Inclui ruido inicial, iteracoes celulares e extracao de componentes."
18,2017,"95C5D4F7","Performance","geometryInstantiationMilliseconds","93.996","ms","Medido","Parametro medido sobre a saida do Cellular Automata puro.","A execucao incluiu custo visual.","Custo visual depende dos prefabs/Unity, nao do CA puro."
18,2017,"95C5D4F7","Performance","metricsCalculationMilliseconds","4.491","ms","Medido","Parametro medido sobre a saida do Cellular Automata puro.","Ajuda a quantificar custo da instrumentacao.","Custo da instrumentacao, nao do algoritmo."
18,2017,"95C5D4F7","Performance","totalGenerationMilliseconds","127.132","ms","Medido","Parametro medido sobre a saida do Cellular Automata puro.","Inclui layout, instanciacao visual habilitada e calculo de metricas.","Inclui layout, instanciacao visual e metricas; compare junto do tempo logico."
18,2017,"95C5D4F7","Performance","generatedGameObjectCount","8191","contagem","Medido","Parametro medido sobre a saida do Cellular Automata puro.","Indica peso potencial de instanciacao no Unity.","Reflete peso da montagem visual das celulas abertas."
18,2017,"95C5D4F7","Performance","occupiedCellCount","7049","contagem","Medido","Parametro medido sobre a saida do Cellular Automata puro.","Proxy de escala espacial da dungeon.","Proxy do volume aberto gerado pelo CA."
18,2017,"95C5D4F7","Performance","connectionCount","1","contagem","Medido","Quantidade de conexoes inferidas por gargalos/passagens ou sobreposicoes verticais.","Proxy de complexidade topologica.","Conexoes sao inferidas apos a geracao; nao sao primitivas nativas do CA."
18,2017,"95C5D4F7","Performance","managedMemoryDeltaKB","21184","KB","Estimado","Parametro medido sobre a saida do Cellular Automata puro.","Valor aproximado, sensivel a GC e ao estado do Editor.","Estimativa sujeita ao GC da Unity; use como indicio comparativo."
19,2018,"54727B2A","Quantitativo","numRoomsTarget","2","contagem","Medido","Extracao de componentes abertos e densos apos iteracoes de Cellular Automata.","Tamanho estrutural da dungeon nesta execucao.","Cellular Automata nao cria salas como entidades planejadas; regioes emergem de celulas abertas."
19,2018,"54727B2A","Quantitativo","connectivityRatio","100%","%","Medido","Busca no grafo extraido de componentes abertos; nenhuma conexao artificial e criada.","Mostra se as cavernas emergentes ficaram conectadas sem flood-fill reparador, carving ou grafo-guia.","CA puro nao garante conectividade global. Se a metrica ficar baixa, isso e uma limitacao real do algoritmo nesta configuracao."
19,2018,"54727B2A","Quantitativo","verticalVariance","2","metros","Medido","Desvio padrao das alturas dos componentes extraidos do volume celular.","Ha variacao vertical mensuravel entre salas.","Verticalidade so aparece em uma variante celular 3D/multiandar; CA 2D simples nao possui altura."
19,2018,"54727B2A","Quantitativo","fillPercentage","84.38%","%","Medido","Celulas abertas apos a regra celular divididas pelo total do volume.","Indica densidade espacial da dungeon.","Densidade e controlada indiretamente por chance inicial e limites de nascimento/sobrevivencia."
19,2018,"54727B2A","Quantitativo","branchFactor","1","media","Medido","Media de conexoes entre componentes extraidos por passagens estreitas detectadas.","Layout mais linear, com poucas bifurcacoes.","Ramificacao emerge de gargalos naturais, nao de um grafo explicito."
19,2018,"54727B2A","Quantitativo","avgPathLength","6","metros","Medido","Distancias no grafo extraido do resultado celular.","Distancia media a partir da sala inicial.","Caminhos sao medidos depois da extracao; CA nao controla caminho critico diretamente."
19,2018,"54727B2A","Quantitativo","uniqueModules","18","contagem","Medido","Contagem de categorias logicas e prefabs usados na leitura/instanciacao do resultado.","Indica variedade basica de composicao.","CA tende a variar forma organica, mas nao aumenta variedade modular sozinho."
19,2018,"54727B2A","Quantitativo","navigableVolumeRatio","100%","%","Estimado sem NavMesh","Estimativa logica de celulas abertas antes de NavMesh.","Use como estimativa inicial, nao como validacao fisica final.","Proxy logico; ilhas desconectadas podem inflar area aberta sem criar navegabilidade util."
19,2018,"54727B2A","Quantitativo","criticalPathLength","6","metros","Medido","Maior distancia no grafo extraido a partir do componente inicial.","Aproxima o percurso principal inicio-objetivo.","CA puro nao direciona progressao inicio-fim sem uma camada adicional."
19,2018,"54727B2A","Quantitativo","avgAlternativePathLength","0","metros","Medido","Media de conexoes marcadas como ciclos emergentes entre componentes.","Nao houve caminho alternativo nesta execucao.","Loops podem emergir, mas nao sao garantidos."
19,2018,"54727B2A","Booleano","SupportsRandomEnemySpawns","Sim, testado","sim/nao","Suportado","Parametro medido sobre a saida do Cellular Automata puro.","Sistema configurado e com orcamento ativo.","Spawns usam regioes abertas extraidas; balanceamento nao e propriedade nativa do CA."
19,2018,"54727B2A","Booleano","SupportsLootDistribution","Sim, testado","sim/nao","Suportado","Parametro medido sobre a saida do Cellular Automata puro.","Sistema configurado e com orcamento ativo.","Loot pode ser colocado nas regioes abertas, mas progressao por risco depende de outra camada."
19,2018,"54727B2A","Booleano","SupportsTraps","Sim, testado","sim/nao","Suportado","Parametro medido sobre a saida do Cellular Automata puro.","Sistema configurado e com orcamento ativo.","Armadilhas podem usar celulas abertas/gargalos, mas sem semantica global nativa."
19,2018,"54727B2A","Booleano","SupportsBacktrackingLoops","Nao","sim/nao","Medido","Parametro medido sobre a saida do Cellular Automata puro.","Parametro atendido somente quando as conexoes emergentes formam ciclos no grafo extraido.","CA pode formar ciclos emergentes, mas sem controle direto de loops."
19,2018,"54727B2A","Booleano","SupportsVerticalConnectors","Sim","sim/nao","Medido","Conta execucoes com celulas abertas alinhadas entre pavimentos e convertidas em conector vertical inferido.","Parametro atendido apenas se o volume celular multiandar gerar alinhamentos abertos entre camadas.","Possivel apenas em uma leitura 3D/multiandar do CA, por alinhamento de celulas abertas entre camadas."
19,2018,"54727B2A","Booleano","SupportsMultiFloor","Sim","sim/nao","Medido","Conta execucoes com mais de um pavimento e pelo menos uma conexao vertical inferida do volume celular.","Parametro atendido quando existe conexao vertical inferida do proprio volume celular.","CA 2D puro nao e multiandar; a variante 3D continua celular, mas precisa ser relatada como extensao volumetrica."
19,2018,"54727B2A","Booleano","SupportsBossArena","Sim","sim/nao","Medido","Parametro medido sobre a saida do Cellular Automata puro.","Existe ao menos uma sala grande o suficiente.","Areas grandes podem emergir naturalmente, mas nao como arena semanticamente planejada."
19,2018,"54727B2A","Booleano","SeedReproducible","Sim","sim/nao","Medido","Parametro medido sobre a saida do Cellular Automata puro.","A seed reproduziu a mesma topologia.","Resultado reproduzivel se ruido inicial e iteracoes usam a mesma seed."
19,2018,"54727B2A","Booleano","RuntimeRegeneration","Sim","sim/nao","Medido","Parametro medido sobre a saida do Cellular Automata puro.","Tempo registrado: 142.77 ms.","Custo cresce com tamanho do grid, pavimentos e iteracoes."
19,2018,"54727B2A","Booleano","BudgetAwareSpawns","Sim","sim/nao","Suportado","Parametro medido sobre a saida do Cellular Automata puro.","Orcamentos registrados: inimigos 10, loot 6, armadilhas 4.","Orcamento e aplicado apos a geracao, sobre celulas livres extraidas."
19,2018,"54727B2A","Qualitativo","Replayability","5/5","Likert 1-5","Estimado automaticamente","Parametro medido sobre a saida do Cellular Automata puro.","Diversidade topologica: 100%.","Alta variacao visual/organica entre seeds e esperada."
19,2018,"54727B2A","Qualitativo","Debuggability","5/5","Likert 1-5","Estimado automaticamente","Parametro medido sobre a saida do Cellular Automata puro.","Cellular Automata e reproduzivel e simples de parametrizar, mas o efeito de pequenas mudancas nas regras precisa ser observado por bateladas.","Regras sao simples, mas efeitos globais emergentes exigem analise por metricas."
19,2018,"54727B2A","Qualitativo","Flow","4/5","Likert 1-5","Estimado automaticamente","Parametro medido sobre a saida do Cellular Automata puro.","Indica fluidez de navegacao esperada.","Fluxo global nao e garantido; depende de conectividade emergente."
19,2018,"54727B2A","Qualitativo","Legibility","4/5","Likert 1-5","Estimado automaticamente","Parametro medido sobre a saida do Cellular Automata puro.","A legibilidade depende do equilibrio entre areas abertas, gargalos e ilhas desconectadas.","Cavernas organicas podem ser bonitas, mas menos legiveis que salas retangulares."
19,2018,"54727B2A","Qualitativo","StructuralVariety","2/5","Likert 1-5","Estimado automaticamente","Parametro medido sobre a saida do Cellular Automata puro.","Indica variedade estrutural dentro desta execucao.","Boa variedade morfologica; menor controle sobre semantica estrutural."
19,2018,"54727B2A","Performance","layoutGenerationMilliseconds","52.042","ms","Medido","Tempo para inicializar ruido, executar iteracoes celulares e extrair componentes.","Representa o custo algoritmico principal.","Inclui ruido inicial, iteracoes celulares e extracao de componentes."
19,2018,"54727B2A","Performance","geometryInstantiationMilliseconds","87.325","ms","Medido","Parametro medido sobre a saida do Cellular Automata puro.","A execucao incluiu custo visual.","Custo visual depende dos prefabs/Unity, nao do CA puro."
19,2018,"54727B2A","Performance","metricsCalculationMilliseconds","3.399","ms","Medido","Parametro medido sobre a saida do Cellular Automata puro.","Ajuda a quantificar custo da instrumentacao.","Custo da instrumentacao, nao do algoritmo."
19,2018,"54727B2A","Performance","totalGenerationMilliseconds","142.77","ms","Medido","Parametro medido sobre a saida do Cellular Automata puro.","Inclui layout, instanciacao visual habilitada e calculo de metricas.","Inclui layout, instanciacao visual e metricas; compare junto do tempo logico."
19,2018,"54727B2A","Performance","generatedGameObjectCount","8106","contagem","Medido","Parametro medido sobre a saida do Cellular Automata puro.","Indica peso potencial de instanciacao no Unity.","Reflete peso da montagem visual das celulas abertas."
19,2018,"54727B2A","Performance","occupiedCellCount","6912","contagem","Medido","Parametro medido sobre a saida do Cellular Automata puro.","Proxy de escala espacial da dungeon.","Proxy do volume aberto gerado pelo CA."
19,2018,"54727B2A","Performance","connectionCount","1","contagem","Medido","Quantidade de conexoes inferidas por gargalos/passagens ou sobreposicoes verticais.","Proxy de complexidade topologica.","Conexoes sao inferidas apos a geracao; nao sao primitivas nativas do CA."
19,2018,"54727B2A","Performance","managedMemoryDeltaKB","-108464","KB","Estimado","Parametro medido sobre a saida do Cellular Automata puro.","Valor aproximado, sensivel a GC e ao estado do Editor.","Estimativa sujeita ao GC da Unity; use como indicio comparativo."
20,2019,"A2701895","Quantitativo","numRoomsTarget","2","contagem","Medido","Extracao de componentes abertos e densos apos iteracoes de Cellular Automata.","Tamanho estrutural da dungeon nesta execucao.","Cellular Automata nao cria salas como entidades planejadas; regioes emergem de celulas abertas."
20,2019,"A2701895","Quantitativo","connectivityRatio","100%","%","Medido","Busca no grafo extraido de componentes abertos; nenhuma conexao artificial e criada.","Mostra se as cavernas emergentes ficaram conectadas sem flood-fill reparador, carving ou grafo-guia.","CA puro nao garante conectividade global. Se a metrica ficar baixa, isso e uma limitacao real do algoritmo nesta configuracao."
20,2019,"A2701895","Quantitativo","verticalVariance","2","metros","Medido","Desvio padrao das alturas dos componentes extraidos do volume celular.","Ha variacao vertical mensuravel entre salas.","Verticalidade so aparece em uma variante celular 3D/multiandar; CA 2D simples nao possui altura."
20,2019,"A2701895","Quantitativo","fillPercentage","85.78%","%","Medido","Celulas abertas apos a regra celular divididas pelo total do volume.","Indica densidade espacial da dungeon.","Densidade e controlada indiretamente por chance inicial e limites de nascimento/sobrevivencia."
20,2019,"A2701895","Quantitativo","branchFactor","1","media","Medido","Media de conexoes entre componentes extraidos por passagens estreitas detectadas.","Layout mais linear, com poucas bifurcacoes.","Ramificacao emerge de gargalos naturais, nao de um grafo explicito."
20,2019,"A2701895","Quantitativo","avgPathLength","6","metros","Medido","Distancias no grafo extraido do resultado celular.","Distancia media a partir da sala inicial.","Caminhos sao medidos depois da extracao; CA nao controla caminho critico diretamente."
20,2019,"A2701895","Quantitativo","uniqueModules","19","contagem","Medido","Contagem de categorias logicas e prefabs usados na leitura/instanciacao do resultado.","Indica variedade basica de composicao.","CA tende a variar forma organica, mas nao aumenta variedade modular sozinho."
20,2019,"A2701895","Quantitativo","navigableVolumeRatio","100%","%","Estimado sem NavMesh","Estimativa logica de celulas abertas antes de NavMesh.","Use como estimativa inicial, nao como validacao fisica final.","Proxy logico; ilhas desconectadas podem inflar area aberta sem criar navegabilidade util."
20,2019,"A2701895","Quantitativo","criticalPathLength","6","metros","Medido","Maior distancia no grafo extraido a partir do componente inicial.","Aproxima o percurso principal inicio-objetivo.","CA puro nao direciona progressao inicio-fim sem uma camada adicional."
20,2019,"A2701895","Quantitativo","avgAlternativePathLength","0","metros","Medido","Media de conexoes marcadas como ciclos emergentes entre componentes.","Nao houve caminho alternativo nesta execucao.","Loops podem emergir, mas nao sao garantidos."
20,2019,"A2701895","Booleano","SupportsRandomEnemySpawns","Sim, testado","sim/nao","Suportado","Parametro medido sobre a saida do Cellular Automata puro.","Sistema configurado e com orcamento ativo.","Spawns usam regioes abertas extraidas; balanceamento nao e propriedade nativa do CA."
20,2019,"A2701895","Booleano","SupportsLootDistribution","Sim, testado","sim/nao","Suportado","Parametro medido sobre a saida do Cellular Automata puro.","Sistema configurado e com orcamento ativo.","Loot pode ser colocado nas regioes abertas, mas progressao por risco depende de outra camada."
20,2019,"A2701895","Booleano","SupportsTraps","Sim, testado","sim/nao","Suportado","Parametro medido sobre a saida do Cellular Automata puro.","Sistema configurado e com orcamento ativo.","Armadilhas podem usar celulas abertas/gargalos, mas sem semantica global nativa."
20,2019,"A2701895","Booleano","SupportsBacktrackingLoops","Nao","sim/nao","Medido","Parametro medido sobre a saida do Cellular Automata puro.","Parametro atendido somente quando as conexoes emergentes formam ciclos no grafo extraido.","CA pode formar ciclos emergentes, mas sem controle direto de loops."
20,2019,"A2701895","Booleano","SupportsVerticalConnectors","Sim","sim/nao","Medido","Conta execucoes com celulas abertas alinhadas entre pavimentos e convertidas em conector vertical inferido.","Parametro atendido apenas se o volume celular multiandar gerar alinhamentos abertos entre camadas.","Possivel apenas em uma leitura 3D/multiandar do CA, por alinhamento de celulas abertas entre camadas."
20,2019,"A2701895","Booleano","SupportsMultiFloor","Sim","sim/nao","Medido","Conta execucoes com mais de um pavimento e pelo menos uma conexao vertical inferida do volume celular.","Parametro atendido quando existe conexao vertical inferida do proprio volume celular.","CA 2D puro nao e multiandar; a variante 3D continua celular, mas precisa ser relatada como extensao volumetrica."
20,2019,"A2701895","Booleano","SupportsBossArena","Sim","sim/nao","Medido","Parametro medido sobre a saida do Cellular Automata puro.","Existe ao menos uma sala grande o suficiente.","Areas grandes podem emergir naturalmente, mas nao como arena semanticamente planejada."
20,2019,"A2701895","Booleano","SeedReproducible","Sim","sim/nao","Medido","Parametro medido sobre a saida do Cellular Automata puro.","A seed reproduziu a mesma topologia.","Resultado reproduzivel se ruido inicial e iteracoes usam a mesma seed."
20,2019,"A2701895","Booleano","RuntimeRegeneration","Sim","sim/nao","Medido","Parametro medido sobre a saida do Cellular Automata puro.","Tempo registrado: 120.203 ms.","Custo cresce com tamanho do grid, pavimentos e iteracoes."
20,2019,"A2701895","Booleano","BudgetAwareSpawns","Sim","sim/nao","Suportado","Parametro medido sobre a saida do Cellular Automata puro.","Orcamentos registrados: inimigos 10, loot 6, armadilhas 4.","Orcamento e aplicado apos a geracao, sobre celulas livres extraidas."
20,2019,"A2701895","Qualitativo","Replayability","5/5","Likert 1-5","Estimado automaticamente","Parametro medido sobre a saida do Cellular Automata puro.","Diversidade topologica: 100%.","Alta variacao visual/organica entre seeds e esperada."
20,2019,"A2701895","Qualitativo","Debuggability","5/5","Likert 1-5","Estimado automaticamente","Parametro medido sobre a saida do Cellular Automata puro.","Cellular Automata e reproduzivel e simples de parametrizar, mas o efeito de pequenas mudancas nas regras precisa ser observado por bateladas.","Regras sao simples, mas efeitos globais emergentes exigem analise por metricas."
20,2019,"A2701895","Qualitativo","Flow","4/5","Likert 1-5","Estimado automaticamente","Parametro medido sobre a saida do Cellular Automata puro.","Indica fluidez de navegacao esperada.","Fluxo global nao e garantido; depende de conectividade emergente."
20,2019,"A2701895","Qualitativo","Legibility","4/5","Likert 1-5","Estimado automaticamente","Parametro medido sobre a saida do Cellular Automata puro.","A legibilidade depende do equilibrio entre areas abertas, gargalos e ilhas desconectadas.","Cavernas organicas podem ser bonitas, mas menos legiveis que salas retangulares."
20,2019,"A2701895","Qualitativo","StructuralVariety","2/5","Likert 1-5","Estimado automaticamente","Parametro medido sobre a saida do Cellular Automata puro.","Indica variedade estrutural dentro desta execucao.","Boa variedade morfologica; menor controle sobre semantica estrutural."
20,2019,"A2701895","Performance","layoutGenerationMilliseconds","28.879","ms","Medido","Tempo para inicializar ruido, executar iteracoes celulares e extrair componentes.","Representa o custo algoritmico principal.","Inclui ruido inicial, iteracoes celulares e extracao de componentes."
20,2019,"A2701895","Performance","geometryInstantiationMilliseconds","87.773","ms","Medido","Parametro medido sobre a saida do Cellular Automata puro.","A execucao incluiu custo visual.","Custo visual depende dos prefabs/Unity, nao do CA puro."
20,2019,"A2701895","Performance","metricsCalculationMilliseconds","3.548","ms","Medido","Parametro medido sobre a saida do Cellular Automata puro.","Ajuda a quantificar custo da instrumentacao.","Custo da instrumentacao, nao do algoritmo."
20,2019,"A2701895","Performance","totalGenerationMilliseconds","120.203","ms","Medido","Parametro medido sobre a saida do Cellular Automata puro.","Inclui layout, instanciacao visual habilitada e calculo de metricas.","Inclui layout, instanciacao visual e metricas; compare junto do tempo logico."
20,2019,"A2701895","Performance","generatedGameObjectCount","8096","contagem","Medido","Parametro medido sobre a saida do Cellular Automata puro.","Indica peso potencial de instanciacao no Unity.","Reflete peso da montagem visual das celulas abertas."
20,2019,"A2701895","Performance","occupiedCellCount","7027","contagem","Medido","Parametro medido sobre a saida do Cellular Automata puro.","Proxy de escala espacial da dungeon.","Proxy do volume aberto gerado pelo CA."
20,2019,"A2701895","Performance","connectionCount","1","contagem","Medido","Quantidade de conexoes inferidas por gargalos/passagens ou sobreposicoes verticais.","Proxy de complexidade topologica.","Conexoes sao inferidas apos a geracao; nao sao primitivas nativas do CA."
20,2019,"A2701895","Performance","managedMemoryDeltaKB","13828","KB","Estimado","Parametro medido sobre a saida do Cellular Automata puro.","Valor aproximado, sensivel a GC e ao estado do Editor.","Estimativa sujeita ao GC da Unity; use como indicio comparativo."
21,2020,"3B515BAB","Quantitativo","numRoomsTarget","3","contagem","Medido","Extracao de componentes abertos e densos apos iteracoes de Cellular Automata.","Tamanho estrutural da dungeon nesta execucao.","Cellular Automata nao cria salas como entidades planejadas; regioes emergem de celulas abertas."
21,2020,"3B515BAB","Quantitativo","connectivityRatio","100%","%","Medido","Busca no grafo extraido de componentes abertos; nenhuma conexao artificial e criada.","Mostra se as cavernas emergentes ficaram conectadas sem flood-fill reparador, carving ou grafo-guia.","CA puro nao garante conectividade global. Se a metrica ficar baixa, isso e uma limitacao real do algoritmo nesta configuracao."
21,2020,"3B515BAB","Quantitativo","verticalVariance","1.886","metros","Medido","Desvio padrao das alturas dos componentes extraidos do volume celular.","Ha variacao vertical mensuravel entre salas.","Verticalidade so aparece em uma variante celular 3D/multiandar; CA 2D simples nao possui altura."
21,2020,"3B515BAB","Quantitativo","fillPercentage","83.86%","%","Medido","Celulas abertas apos a regra celular divididas pelo total do volume.","Indica densidade espacial da dungeon.","Densidade e controlada indiretamente por chance inicial e limites de nascimento/sobrevivencia."
21,2020,"3B515BAB","Quantitativo","branchFactor","1.333","media","Medido","Media de conexoes entre componentes extraidos por passagens estreitas detectadas.","Layout mais linear, com poucas bifurcacoes.","Ramificacao emerge de gargalos naturais, nao de um grafo explicito."
21,2020,"3B515BAB","Quantitativo","avgPathLength","35.871","metros","Medido","Distancias no grafo extraido do resultado celular.","Distancia media a partir da sala inicial.","Caminhos sao medidos depois da extracao; CA nao controla caminho critico diretamente."
21,2020,"3B515BAB","Quantitativo","uniqueModules","24","contagem","Medido","Contagem de categorias logicas e prefabs usados na leitura/instanciacao do resultado.","Indica variedade basica de composicao.","CA tende a variar forma organica, mas nao aumenta variedade modular sozinho."
21,2020,"3B515BAB","Quantitativo","navigableVolumeRatio","100%","%","Estimado sem NavMesh","Estimativa logica de celulas abertas antes de NavMesh.","Use como estimativa inicial, nao como validacao fisica final.","Proxy logico; ilhas desconectadas podem inflar area aberta sem criar navegabilidade util."
21,2020,"3B515BAB","Quantitativo","criticalPathLength","65.741","metros","Medido","Maior distancia no grafo extraido a partir do componente inicial.","Aproxima o percurso principal inicio-objetivo.","CA puro nao direciona progressao inicio-fim sem uma camada adicional."
21,2020,"3B515BAB","Quantitativo","avgAlternativePathLength","0","metros","Medido","Media de conexoes marcadas como ciclos emergentes entre componentes.","Nao houve caminho alternativo nesta execucao.","Loops podem emergir, mas nao sao garantidos."
21,2020,"3B515BAB","Booleano","SupportsRandomEnemySpawns","Sim, testado","sim/nao","Suportado","Parametro medido sobre a saida do Cellular Automata puro.","Sistema configurado e com orcamento ativo.","Spawns usam regioes abertas extraidas; balanceamento nao e propriedade nativa do CA."
21,2020,"3B515BAB","Booleano","SupportsLootDistribution","Sim, testado","sim/nao","Suportado","Parametro medido sobre a saida do Cellular Automata puro.","Sistema configurado e com orcamento ativo.","Loot pode ser colocado nas regioes abertas, mas progressao por risco depende de outra camada."
21,2020,"3B515BAB","Booleano","SupportsTraps","Sim, testado","sim/nao","Suportado","Parametro medido sobre a saida do Cellular Automata puro.","Sistema configurado e com orcamento ativo.","Armadilhas podem usar celulas abertas/gargalos, mas sem semantica global nativa."
21,2020,"3B515BAB","Booleano","SupportsBacktrackingLoops","Nao","sim/nao","Medido","Parametro medido sobre a saida do Cellular Automata puro.","Parametro atendido somente quando as conexoes emergentes formam ciclos no grafo extraido.","CA pode formar ciclos emergentes, mas sem controle direto de loops."
21,2020,"3B515BAB","Booleano","SupportsVerticalConnectors","Sim","sim/nao","Medido","Conta execucoes com celulas abertas alinhadas entre pavimentos e convertidas em conector vertical inferido.","Parametro atendido apenas se o volume celular multiandar gerar alinhamentos abertos entre camadas.","Possivel apenas em uma leitura 3D/multiandar do CA, por alinhamento de celulas abertas entre camadas."
21,2020,"3B515BAB","Booleano","SupportsMultiFloor","Sim","sim/nao","Medido","Conta execucoes com mais de um pavimento e pelo menos uma conexao vertical inferida do volume celular.","Parametro atendido quando existe conexao vertical inferida do proprio volume celular.","CA 2D puro nao e multiandar; a variante 3D continua celular, mas precisa ser relatada como extensao volumetrica."
21,2020,"3B515BAB","Booleano","SupportsBossArena","Sim","sim/nao","Medido","Parametro medido sobre a saida do Cellular Automata puro.","Existe ao menos uma sala grande o suficiente.","Areas grandes podem emergir naturalmente, mas nao como arena semanticamente planejada."
21,2020,"3B515BAB","Booleano","SeedReproducible","Sim","sim/nao","Medido","Parametro medido sobre a saida do Cellular Automata puro.","A seed reproduziu a mesma topologia.","Resultado reproduzivel se ruido inicial e iteracoes usam a mesma seed."
21,2020,"3B515BAB","Booleano","RuntimeRegeneration","Sim","sim/nao","Medido","Parametro medido sobre a saida do Cellular Automata puro.","Tempo registrado: 128.672 ms.","Custo cresce com tamanho do grid, pavimentos e iteracoes."
21,2020,"3B515BAB","Booleano","BudgetAwareSpawns","Sim","sim/nao","Suportado","Parametro medido sobre a saida do Cellular Automata puro.","Orcamentos registrados: inimigos 10, loot 6, armadilhas 4.","Orcamento e aplicado apos a geracao, sobre celulas livres extraidas."
21,2020,"3B515BAB","Qualitativo","Replayability","5/5","Likert 1-5","Estimado automaticamente","Parametro medido sobre a saida do Cellular Automata puro.","Diversidade topologica: 100%.","Alta variacao visual/organica entre seeds e esperada."
21,2020,"3B515BAB","Qualitativo","Debuggability","5/5","Likert 1-5","Estimado automaticamente","Parametro medido sobre a saida do Cellular Automata puro.","Cellular Automata e reproduzivel e simples de parametrizar, mas o efeito de pequenas mudancas nas regras precisa ser observado por bateladas.","Regras sao simples, mas efeitos globais emergentes exigem analise por metricas."
21,2020,"3B515BAB","Qualitativo","Flow","5/5","Likert 1-5","Estimado automaticamente","Parametro medido sobre a saida do Cellular Automata puro.","Indica fluidez de navegacao esperada.","Fluxo global nao e garantido; depende de conectividade emergente."
21,2020,"3B515BAB","Qualitativo","Legibility","4/5","Likert 1-5","Estimado automaticamente","Parametro medido sobre a saida do Cellular Automata puro.","A legibilidade depende do equilibrio entre areas abertas, gargalos e ilhas desconectadas.","Cavernas organicas podem ser bonitas, mas menos legiveis que salas retangulares."
21,2020,"3B515BAB","Qualitativo","StructuralVariety","2/5","Likert 1-5","Estimado automaticamente","Parametro medido sobre a saida do Cellular Automata puro.","Indica variedade estrutural dentro desta execucao.","Boa variedade morfologica; menor controle sobre semantica estrutural."
21,2020,"3B515BAB","Performance","layoutGenerationMilliseconds","28.32","ms","Medido","Tempo para inicializar ruido, executar iteracoes celulares e extrair componentes.","Representa o custo algoritmico principal.","Inclui ruido inicial, iteracoes celulares e extracao de componentes."
21,2020,"3B515BAB","Performance","geometryInstantiationMilliseconds","97.092","ms","Medido","Parametro medido sobre a saida do Cellular Automata puro.","A execucao incluiu custo visual.","Custo visual depende dos prefabs/Unity, nao do CA puro."
21,2020,"3B515BAB","Performance","metricsCalculationMilliseconds","3.256","ms","Medido","Parametro medido sobre a saida do Cellular Automata puro.","Ajuda a quantificar custo da instrumentacao.","Custo da instrumentacao, nao do algoritmo."
21,2020,"3B515BAB","Performance","totalGenerationMilliseconds","128.672","ms","Medido","Parametro medido sobre a saida do Cellular Automata puro.","Inclui layout, instanciacao visual habilitada e calculo de metricas.","Inclui layout, instanciacao visual e metricas; compare junto do tempo logico."
21,2020,"3B515BAB","Performance","generatedGameObjectCount","8089","contagem","Medido","Parametro medido sobre a saida do Cellular Automata puro.","Indica peso potencial de instanciacao no Unity.","Reflete peso da montagem visual das celulas abertas."
21,2020,"3B515BAB","Performance","occupiedCellCount","6870","contagem","Medido","Parametro medido sobre a saida do Cellular Automata puro.","Proxy de escala espacial da dungeon.","Proxy do volume aberto gerado pelo CA."
21,2020,"3B515BAB","Performance","connectionCount","2","contagem","Medido","Quantidade de conexoes inferidas por gargalos/passagens ou sobreposicoes verticais.","Proxy de complexidade topologica.","Conexoes sao inferidas apos a geracao; nao sao primitivas nativas do CA."
21,2020,"3B515BAB","Performance","managedMemoryDeltaKB","19148","KB","Estimado","Parametro medido sobre a saida do Cellular Automata puro.","Valor aproximado, sensivel a GC e ao estado do Editor.","Estimativa sujeita ao GC da Unity; use como indicio comparativo."
22,2021,"0C5C3E5F","Quantitativo","numRoomsTarget","2","contagem","Medido","Extracao de componentes abertos e densos apos iteracoes de Cellular Automata.","Tamanho estrutural da dungeon nesta execucao.","Cellular Automata nao cria salas como entidades planejadas; regioes emergem de celulas abertas."
22,2021,"0C5C3E5F","Quantitativo","connectivityRatio","100%","%","Medido","Busca no grafo extraido de componentes abertos; nenhuma conexao artificial e criada.","Mostra se as cavernas emergentes ficaram conectadas sem flood-fill reparador, carving ou grafo-guia.","CA puro nao garante conectividade global. Se a metrica ficar baixa, isso e uma limitacao real do algoritmo nesta configuracao."
22,2021,"0C5C3E5F","Quantitativo","verticalVariance","2","metros","Medido","Desvio padrao das alturas dos componentes extraidos do volume celular.","Ha variacao vertical mensuravel entre salas.","Verticalidade so aparece em uma variante celular 3D/multiandar; CA 2D simples nao possui altura."
22,2021,"0C5C3E5F","Quantitativo","fillPercentage","84.09%","%","Medido","Celulas abertas apos a regra celular divididas pelo total do volume.","Indica densidade espacial da dungeon.","Densidade e controlada indiretamente por chance inicial e limites de nascimento/sobrevivencia."
22,2021,"0C5C3E5F","Quantitativo","branchFactor","1","media","Medido","Media de conexoes entre componentes extraidos por passagens estreitas detectadas.","Layout mais linear, com poucas bifurcacoes.","Ramificacao emerge de gargalos naturais, nao de um grafo explicito."
22,2021,"0C5C3E5F","Quantitativo","avgPathLength","6","metros","Medido","Distancias no grafo extraido do resultado celular.","Distancia media a partir da sala inicial.","Caminhos sao medidos depois da extracao; CA nao controla caminho critico diretamente."
22,2021,"0C5C3E5F","Quantitativo","uniqueModules","23","contagem","Medido","Contagem de categorias logicas e prefabs usados na leitura/instanciacao do resultado.","Indica variedade basica de composicao.","CA tende a variar forma organica, mas nao aumenta variedade modular sozinho."
22,2021,"0C5C3E5F","Quantitativo","navigableVolumeRatio","100%","%","Estimado sem NavMesh","Estimativa logica de celulas abertas antes de NavMesh.","Use como estimativa inicial, nao como validacao fisica final.","Proxy logico; ilhas desconectadas podem inflar area aberta sem criar navegabilidade util."
22,2021,"0C5C3E5F","Quantitativo","criticalPathLength","6","metros","Medido","Maior distancia no grafo extraido a partir do componente inicial.","Aproxima o percurso principal inicio-objetivo.","CA puro nao direciona progressao inicio-fim sem uma camada adicional."
22,2021,"0C5C3E5F","Quantitativo","avgAlternativePathLength","0","metros","Medido","Media de conexoes marcadas como ciclos emergentes entre componentes.","Nao houve caminho alternativo nesta execucao.","Loops podem emergir, mas nao sao garantidos."
22,2021,"0C5C3E5F","Booleano","SupportsRandomEnemySpawns","Sim, testado","sim/nao","Suportado","Parametro medido sobre a saida do Cellular Automata puro.","Sistema configurado e com orcamento ativo.","Spawns usam regioes abertas extraidas; balanceamento nao e propriedade nativa do CA."
22,2021,"0C5C3E5F","Booleano","SupportsLootDistribution","Sim, testado","sim/nao","Suportado","Parametro medido sobre a saida do Cellular Automata puro.","Sistema configurado e com orcamento ativo.","Loot pode ser colocado nas regioes abertas, mas progressao por risco depende de outra camada."
22,2021,"0C5C3E5F","Booleano","SupportsTraps","Sim, testado","sim/nao","Suportado","Parametro medido sobre a saida do Cellular Automata puro.","Sistema configurado e com orcamento ativo.","Armadilhas podem usar celulas abertas/gargalos, mas sem semantica global nativa."
22,2021,"0C5C3E5F","Booleano","SupportsBacktrackingLoops","Nao","sim/nao","Medido","Parametro medido sobre a saida do Cellular Automata puro.","Parametro atendido somente quando as conexoes emergentes formam ciclos no grafo extraido.","CA pode formar ciclos emergentes, mas sem controle direto de loops."
22,2021,"0C5C3E5F","Booleano","SupportsVerticalConnectors","Sim","sim/nao","Medido","Conta execucoes com celulas abertas alinhadas entre pavimentos e convertidas em conector vertical inferido.","Parametro atendido apenas se o volume celular multiandar gerar alinhamentos abertos entre camadas.","Possivel apenas em uma leitura 3D/multiandar do CA, por alinhamento de celulas abertas entre camadas."
22,2021,"0C5C3E5F","Booleano","SupportsMultiFloor","Sim","sim/nao","Medido","Conta execucoes com mais de um pavimento e pelo menos uma conexao vertical inferida do volume celular.","Parametro atendido quando existe conexao vertical inferida do proprio volume celular.","CA 2D puro nao e multiandar; a variante 3D continua celular, mas precisa ser relatada como extensao volumetrica."
22,2021,"0C5C3E5F","Booleano","SupportsBossArena","Sim","sim/nao","Medido","Parametro medido sobre a saida do Cellular Automata puro.","Existe ao menos uma sala grande o suficiente.","Areas grandes podem emergir naturalmente, mas nao como arena semanticamente planejada."
22,2021,"0C5C3E5F","Booleano","SeedReproducible","Sim","sim/nao","Medido","Parametro medido sobre a saida do Cellular Automata puro.","A seed reproduziu a mesma topologia.","Resultado reproduzivel se ruido inicial e iteracoes usam a mesma seed."
22,2021,"0C5C3E5F","Booleano","RuntimeRegeneration","Sim","sim/nao","Medido","Parametro medido sobre a saida do Cellular Automata puro.","Tempo registrado: 136.986 ms.","Custo cresce com tamanho do grid, pavimentos e iteracoes."
22,2021,"0C5C3E5F","Booleano","BudgetAwareSpawns","Sim","sim/nao","Suportado","Parametro medido sobre a saida do Cellular Automata puro.","Orcamentos registrados: inimigos 10, loot 6, armadilhas 4.","Orcamento e aplicado apos a geracao, sobre celulas livres extraidas."
22,2021,"0C5C3E5F","Qualitativo","Replayability","5/5","Likert 1-5","Estimado automaticamente","Parametro medido sobre a saida do Cellular Automata puro.","Diversidade topologica: 100%.","Alta variacao visual/organica entre seeds e esperada."
22,2021,"0C5C3E5F","Qualitativo","Debuggability","5/5","Likert 1-5","Estimado automaticamente","Parametro medido sobre a saida do Cellular Automata puro.","Cellular Automata e reproduzivel e simples de parametrizar, mas o efeito de pequenas mudancas nas regras precisa ser observado por bateladas.","Regras sao simples, mas efeitos globais emergentes exigem analise por metricas."
22,2021,"0C5C3E5F","Qualitativo","Flow","4/5","Likert 1-5","Estimado automaticamente","Parametro medido sobre a saida do Cellular Automata puro.","Indica fluidez de navegacao esperada.","Fluxo global nao e garantido; depende de conectividade emergente."
22,2021,"0C5C3E5F","Qualitativo","Legibility","4/5","Likert 1-5","Estimado automaticamente","Parametro medido sobre a saida do Cellular Automata puro.","A legibilidade depende do equilibrio entre areas abertas, gargalos e ilhas desconectadas.","Cavernas organicas podem ser bonitas, mas menos legiveis que salas retangulares."
22,2021,"0C5C3E5F","Qualitativo","StructuralVariety","2/5","Likert 1-5","Estimado automaticamente","Parametro medido sobre a saida do Cellular Automata puro.","Indica variedade estrutural dentro desta execucao.","Boa variedade morfologica; menor controle sobre semantica estrutural."
22,2021,"0C5C3E5F","Performance","layoutGenerationMilliseconds","29.876","ms","Medido","Tempo para inicializar ruido, executar iteracoes celulares e extrair componentes.","Representa o custo algoritmico principal.","Inclui ruido inicial, iteracoes celulares e extracao de componentes."
22,2021,"0C5C3E5F","Performance","geometryInstantiationMilliseconds","103.867","ms","Medido","Parametro medido sobre a saida do Cellular Automata puro.","A execucao incluiu custo visual.","Custo visual depende dos prefabs/Unity, nao do CA puro."
22,2021,"0C5C3E5F","Performance","metricsCalculationMilliseconds","3.237","ms","Medido","Parametro medido sobre a saida do Cellular Automata puro.","Ajuda a quantificar custo da instrumentacao.","Custo da instrumentacao, nao do algoritmo."
22,2021,"0C5C3E5F","Performance","totalGenerationMilliseconds","136.986","ms","Medido","Parametro medido sobre a saida do Cellular Automata puro.","Inclui layout, instanciacao visual habilitada e calculo de metricas.","Inclui layout, instanciacao visual e metricas; compare junto do tempo logico."
22,2021,"0C5C3E5F","Performance","generatedGameObjectCount","8117","contagem","Medido","Parametro medido sobre a saida do Cellular Automata puro.","Indica peso potencial de instanciacao no Unity.","Reflete peso da montagem visual das celulas abertas."
22,2021,"0C5C3E5F","Performance","occupiedCellCount","6889","contagem","Medido","Parametro medido sobre a saida do Cellular Automata puro.","Proxy de escala espacial da dungeon.","Proxy do volume aberto gerado pelo CA."
22,2021,"0C5C3E5F","Performance","connectionCount","1","contagem","Medido","Quantidade de conexoes inferidas por gargalos/passagens ou sobreposicoes verticais.","Proxy de complexidade topologica.","Conexoes sao inferidas apos a geracao; nao sao primitivas nativas do CA."
22,2021,"0C5C3E5F","Performance","managedMemoryDeltaKB","20720","KB","Estimado","Parametro medido sobre a saida do Cellular Automata puro.","Valor aproximado, sensivel a GC e ao estado do Editor.","Estimativa sujeita ao GC da Unity; use como indicio comparativo."
23,2022,"EA4A7189","Quantitativo","numRoomsTarget","2","contagem","Medido","Extracao de componentes abertos e densos apos iteracoes de Cellular Automata.","Tamanho estrutural da dungeon nesta execucao.","Cellular Automata nao cria salas como entidades planejadas; regioes emergem de celulas abertas."
23,2022,"EA4A7189","Quantitativo","connectivityRatio","100%","%","Medido","Busca no grafo extraido de componentes abertos; nenhuma conexao artificial e criada.","Mostra se as cavernas emergentes ficaram conectadas sem flood-fill reparador, carving ou grafo-guia.","CA puro nao garante conectividade global. Se a metrica ficar baixa, isso e uma limitacao real do algoritmo nesta configuracao."
23,2022,"EA4A7189","Quantitativo","verticalVariance","2","metros","Medido","Desvio padrao das alturas dos componentes extraidos do volume celular.","Ha variacao vertical mensuravel entre salas.","Verticalidade so aparece em uma variante celular 3D/multiandar; CA 2D simples nao possui altura."
23,2022,"EA4A7189","Quantitativo","fillPercentage","84.78%","%","Medido","Celulas abertas apos a regra celular divididas pelo total do volume.","Indica densidade espacial da dungeon.","Densidade e controlada indiretamente por chance inicial e limites de nascimento/sobrevivencia."
23,2022,"EA4A7189","Quantitativo","branchFactor","1","media","Medido","Media de conexoes entre componentes extraidos por passagens estreitas detectadas.","Layout mais linear, com poucas bifurcacoes.","Ramificacao emerge de gargalos naturais, nao de um grafo explicito."
23,2022,"EA4A7189","Quantitativo","avgPathLength","6","metros","Medido","Distancias no grafo extraido do resultado celular.","Distancia media a partir da sala inicial.","Caminhos sao medidos depois da extracao; CA nao controla caminho critico diretamente."
23,2022,"EA4A7189","Quantitativo","uniqueModules","17","contagem","Medido","Contagem de categorias logicas e prefabs usados na leitura/instanciacao do resultado.","Indica variedade basica de composicao.","CA tende a variar forma organica, mas nao aumenta variedade modular sozinho."
23,2022,"EA4A7189","Quantitativo","navigableVolumeRatio","100%","%","Estimado sem NavMesh","Estimativa logica de celulas abertas antes de NavMesh.","Use como estimativa inicial, nao como validacao fisica final.","Proxy logico; ilhas desconectadas podem inflar area aberta sem criar navegabilidade util."
23,2022,"EA4A7189","Quantitativo","criticalPathLength","6","metros","Medido","Maior distancia no grafo extraido a partir do componente inicial.","Aproxima o percurso principal inicio-objetivo.","CA puro nao direciona progressao inicio-fim sem uma camada adicional."
23,2022,"EA4A7189","Quantitativo","avgAlternativePathLength","0","metros","Medido","Media de conexoes marcadas como ciclos emergentes entre componentes.","Nao houve caminho alternativo nesta execucao.","Loops podem emergir, mas nao sao garantidos."
23,2022,"EA4A7189","Booleano","SupportsRandomEnemySpawns","Sim, testado","sim/nao","Suportado","Parametro medido sobre a saida do Cellular Automata puro.","Sistema configurado e com orcamento ativo.","Spawns usam regioes abertas extraidas; balanceamento nao e propriedade nativa do CA."
23,2022,"EA4A7189","Booleano","SupportsLootDistribution","Sim, testado","sim/nao","Suportado","Parametro medido sobre a saida do Cellular Automata puro.","Sistema configurado e com orcamento ativo.","Loot pode ser colocado nas regioes abertas, mas progressao por risco depende de outra camada."
23,2022,"EA4A7189","Booleano","SupportsTraps","Sim, testado","sim/nao","Suportado","Parametro medido sobre a saida do Cellular Automata puro.","Sistema configurado e com orcamento ativo.","Armadilhas podem usar celulas abertas/gargalos, mas sem semantica global nativa."
23,2022,"EA4A7189","Booleano","SupportsBacktrackingLoops","Nao","sim/nao","Medido","Parametro medido sobre a saida do Cellular Automata puro.","Parametro atendido somente quando as conexoes emergentes formam ciclos no grafo extraido.","CA pode formar ciclos emergentes, mas sem controle direto de loops."
23,2022,"EA4A7189","Booleano","SupportsVerticalConnectors","Sim","sim/nao","Medido","Conta execucoes com celulas abertas alinhadas entre pavimentos e convertidas em conector vertical inferido.","Parametro atendido apenas se o volume celular multiandar gerar alinhamentos abertos entre camadas.","Possivel apenas em uma leitura 3D/multiandar do CA, por alinhamento de celulas abertas entre camadas."
23,2022,"EA4A7189","Booleano","SupportsMultiFloor","Sim","sim/nao","Medido","Conta execucoes com mais de um pavimento e pelo menos uma conexao vertical inferida do volume celular.","Parametro atendido quando existe conexao vertical inferida do proprio volume celular.","CA 2D puro nao e multiandar; a variante 3D continua celular, mas precisa ser relatada como extensao volumetrica."
23,2022,"EA4A7189","Booleano","SupportsBossArena","Sim","sim/nao","Medido","Parametro medido sobre a saida do Cellular Automata puro.","Existe ao menos uma sala grande o suficiente.","Areas grandes podem emergir naturalmente, mas nao como arena semanticamente planejada."
23,2022,"EA4A7189","Booleano","SeedReproducible","Sim","sim/nao","Medido","Parametro medido sobre a saida do Cellular Automata puro.","A seed reproduziu a mesma topologia.","Resultado reproduzivel se ruido inicial e iteracoes usam a mesma seed."
23,2022,"EA4A7189","Booleano","RuntimeRegeneration","Sim","sim/nao","Medido","Parametro medido sobre a saida do Cellular Automata puro.","Tempo registrado: 123.028 ms.","Custo cresce com tamanho do grid, pavimentos e iteracoes."
23,2022,"EA4A7189","Booleano","BudgetAwareSpawns","Sim","sim/nao","Suportado","Parametro medido sobre a saida do Cellular Automata puro.","Orcamentos registrados: inimigos 10, loot 6, armadilhas 4.","Orcamento e aplicado apos a geracao, sobre celulas livres extraidas."
23,2022,"EA4A7189","Qualitativo","Replayability","5/5","Likert 1-5","Estimado automaticamente","Parametro medido sobre a saida do Cellular Automata puro.","Diversidade topologica: 100%.","Alta variacao visual/organica entre seeds e esperada."
23,2022,"EA4A7189","Qualitativo","Debuggability","5/5","Likert 1-5","Estimado automaticamente","Parametro medido sobre a saida do Cellular Automata puro.","Cellular Automata e reproduzivel e simples de parametrizar, mas o efeito de pequenas mudancas nas regras precisa ser observado por bateladas.","Regras sao simples, mas efeitos globais emergentes exigem analise por metricas."
23,2022,"EA4A7189","Qualitativo","Flow","4/5","Likert 1-5","Estimado automaticamente","Parametro medido sobre a saida do Cellular Automata puro.","Indica fluidez de navegacao esperada.","Fluxo global nao e garantido; depende de conectividade emergente."
23,2022,"EA4A7189","Qualitativo","Legibility","4/5","Likert 1-5","Estimado automaticamente","Parametro medido sobre a saida do Cellular Automata puro.","A legibilidade depende do equilibrio entre areas abertas, gargalos e ilhas desconectadas.","Cavernas organicas podem ser bonitas, mas menos legiveis que salas retangulares."
23,2022,"EA4A7189","Qualitativo","StructuralVariety","2/5","Likert 1-5","Estimado automaticamente","Parametro medido sobre a saida do Cellular Automata puro.","Indica variedade estrutural dentro desta execucao.","Boa variedade morfologica; menor controle sobre semantica estrutural."
23,2022,"EA4A7189","Performance","layoutGenerationMilliseconds","28.979","ms","Medido","Tempo para inicializar ruido, executar iteracoes celulares e extrair componentes.","Representa o custo algoritmico principal.","Inclui ruido inicial, iteracoes celulares e extracao de componentes."
23,2022,"EA4A7189","Performance","geometryInstantiationMilliseconds","90.733","ms","Medido","Parametro medido sobre a saida do Cellular Automata puro.","A execucao incluiu custo visual.","Custo visual depende dos prefabs/Unity, nao do CA puro."
23,2022,"EA4A7189","Performance","metricsCalculationMilliseconds","3.312","ms","Medido","Parametro medido sobre a saida do Cellular Automata puro.","Ajuda a quantificar custo da instrumentacao.","Custo da instrumentacao, nao do algoritmo."
23,2022,"EA4A7189","Performance","totalGenerationMilliseconds","123.028","ms","Medido","Parametro medido sobre a saida do Cellular Automata puro.","Inclui layout, instanciacao visual habilitada e calculo de metricas.","Inclui layout, instanciacao visual e metricas; compare junto do tempo logico."
23,2022,"EA4A7189","Performance","generatedGameObjectCount","8113","contagem","Medido","Parametro medido sobre a saida do Cellular Automata puro.","Indica peso potencial de instanciacao no Unity.","Reflete peso da montagem visual das celulas abertas."
23,2022,"EA4A7189","Performance","occupiedCellCount","6945","contagem","Medido","Parametro medido sobre a saida do Cellular Automata puro.","Proxy de escala espacial da dungeon.","Proxy do volume aberto gerado pelo CA."
23,2022,"EA4A7189","Performance","connectionCount","1","contagem","Medido","Quantidade de conexoes inferidas por gargalos/passagens ou sobreposicoes verticais.","Proxy de complexidade topologica.","Conexoes sao inferidas apos a geracao; nao sao primitivas nativas do CA."
23,2022,"EA4A7189","Performance","managedMemoryDeltaKB","20880","KB","Estimado","Parametro medido sobre a saida do Cellular Automata puro.","Valor aproximado, sensivel a GC e ao estado do Editor.","Estimativa sujeita ao GC da Unity; use como indicio comparativo."
24,2023,"61EF832E","Quantitativo","numRoomsTarget","2","contagem","Medido","Extracao de componentes abertos e densos apos iteracoes de Cellular Automata.","Tamanho estrutural da dungeon nesta execucao.","Cellular Automata nao cria salas como entidades planejadas; regioes emergem de celulas abertas."
24,2023,"61EF832E","Quantitativo","connectivityRatio","100%","%","Medido","Busca no grafo extraido de componentes abertos; nenhuma conexao artificial e criada.","Mostra se as cavernas emergentes ficaram conectadas sem flood-fill reparador, carving ou grafo-guia.","CA puro nao garante conectividade global. Se a metrica ficar baixa, isso e uma limitacao real do algoritmo nesta configuracao."
24,2023,"61EF832E","Quantitativo","verticalVariance","2","metros","Medido","Desvio padrao das alturas dos componentes extraidos do volume celular.","Ha variacao vertical mensuravel entre salas.","Verticalidade so aparece em uma variante celular 3D/multiandar; CA 2D simples nao possui altura."
24,2023,"61EF832E","Quantitativo","fillPercentage","85.4%","%","Medido","Celulas abertas apos a regra celular divididas pelo total do volume.","Indica densidade espacial da dungeon.","Densidade e controlada indiretamente por chance inicial e limites de nascimento/sobrevivencia."
24,2023,"61EF832E","Quantitativo","branchFactor","1","media","Medido","Media de conexoes entre componentes extraidos por passagens estreitas detectadas.","Layout mais linear, com poucas bifurcacoes.","Ramificacao emerge de gargalos naturais, nao de um grafo explicito."
24,2023,"61EF832E","Quantitativo","avgPathLength","6","metros","Medido","Distancias no grafo extraido do resultado celular.","Distancia media a partir da sala inicial.","Caminhos sao medidos depois da extracao; CA nao controla caminho critico diretamente."
24,2023,"61EF832E","Quantitativo","uniqueModules","16","contagem","Medido","Contagem de categorias logicas e prefabs usados na leitura/instanciacao do resultado.","Indica variedade basica de composicao.","CA tende a variar forma organica, mas nao aumenta variedade modular sozinho."
24,2023,"61EF832E","Quantitativo","navigableVolumeRatio","100%","%","Estimado sem NavMesh","Estimativa logica de celulas abertas antes de NavMesh.","Use como estimativa inicial, nao como validacao fisica final.","Proxy logico; ilhas desconectadas podem inflar area aberta sem criar navegabilidade util."
24,2023,"61EF832E","Quantitativo","criticalPathLength","6","metros","Medido","Maior distancia no grafo extraido a partir do componente inicial.","Aproxima o percurso principal inicio-objetivo.","CA puro nao direciona progressao inicio-fim sem uma camada adicional."
24,2023,"61EF832E","Quantitativo","avgAlternativePathLength","0","metros","Medido","Media de conexoes marcadas como ciclos emergentes entre componentes.","Nao houve caminho alternativo nesta execucao.","Loops podem emergir, mas nao sao garantidos."
24,2023,"61EF832E","Booleano","SupportsRandomEnemySpawns","Sim, testado","sim/nao","Suportado","Parametro medido sobre a saida do Cellular Automata puro.","Sistema configurado e com orcamento ativo.","Spawns usam regioes abertas extraidas; balanceamento nao e propriedade nativa do CA."
24,2023,"61EF832E","Booleano","SupportsLootDistribution","Sim, testado","sim/nao","Suportado","Parametro medido sobre a saida do Cellular Automata puro.","Sistema configurado e com orcamento ativo.","Loot pode ser colocado nas regioes abertas, mas progressao por risco depende de outra camada."
24,2023,"61EF832E","Booleano","SupportsTraps","Sim, testado","sim/nao","Suportado","Parametro medido sobre a saida do Cellular Automata puro.","Sistema configurado e com orcamento ativo.","Armadilhas podem usar celulas abertas/gargalos, mas sem semantica global nativa."
24,2023,"61EF832E","Booleano","SupportsBacktrackingLoops","Nao","sim/nao","Medido","Parametro medido sobre a saida do Cellular Automata puro.","Parametro atendido somente quando as conexoes emergentes formam ciclos no grafo extraido.","CA pode formar ciclos emergentes, mas sem controle direto de loops."
24,2023,"61EF832E","Booleano","SupportsVerticalConnectors","Sim","sim/nao","Medido","Conta execucoes com celulas abertas alinhadas entre pavimentos e convertidas em conector vertical inferido.","Parametro atendido apenas se o volume celular multiandar gerar alinhamentos abertos entre camadas.","Possivel apenas em uma leitura 3D/multiandar do CA, por alinhamento de celulas abertas entre camadas."
24,2023,"61EF832E","Booleano","SupportsMultiFloor","Sim","sim/nao","Medido","Conta execucoes com mais de um pavimento e pelo menos uma conexao vertical inferida do volume celular.","Parametro atendido quando existe conexao vertical inferida do proprio volume celular.","CA 2D puro nao e multiandar; a variante 3D continua celular, mas precisa ser relatada como extensao volumetrica."
24,2023,"61EF832E","Booleano","SupportsBossArena","Sim","sim/nao","Medido","Parametro medido sobre a saida do Cellular Automata puro.","Existe ao menos uma sala grande o suficiente.","Areas grandes podem emergir naturalmente, mas nao como arena semanticamente planejada."
24,2023,"61EF832E","Booleano","SeedReproducible","Sim","sim/nao","Medido","Parametro medido sobre a saida do Cellular Automata puro.","A seed reproduziu a mesma topologia.","Resultado reproduzivel se ruido inicial e iteracoes usam a mesma seed."
24,2023,"61EF832E","Booleano","RuntimeRegeneration","Sim","sim/nao","Medido","Parametro medido sobre a saida do Cellular Automata puro.","Tempo registrado: 119.572 ms.","Custo cresce com tamanho do grid, pavimentos e iteracoes."
24,2023,"61EF832E","Booleano","BudgetAwareSpawns","Sim","sim/nao","Suportado","Parametro medido sobre a saida do Cellular Automata puro.","Orcamentos registrados: inimigos 10, loot 6, armadilhas 4.","Orcamento e aplicado apos a geracao, sobre celulas livres extraidas."
24,2023,"61EF832E","Qualitativo","Replayability","5/5","Likert 1-5","Estimado automaticamente","Parametro medido sobre a saida do Cellular Automata puro.","Diversidade topologica: 100%.","Alta variacao visual/organica entre seeds e esperada."
24,2023,"61EF832E","Qualitativo","Debuggability","5/5","Likert 1-5","Estimado automaticamente","Parametro medido sobre a saida do Cellular Automata puro.","Cellular Automata e reproduzivel e simples de parametrizar, mas o efeito de pequenas mudancas nas regras precisa ser observado por bateladas.","Regras sao simples, mas efeitos globais emergentes exigem analise por metricas."
24,2023,"61EF832E","Qualitativo","Flow","4/5","Likert 1-5","Estimado automaticamente","Parametro medido sobre a saida do Cellular Automata puro.","Indica fluidez de navegacao esperada.","Fluxo global nao e garantido; depende de conectividade emergente."
24,2023,"61EF832E","Qualitativo","Legibility","4/5","Likert 1-5","Estimado automaticamente","Parametro medido sobre a saida do Cellular Automata puro.","A legibilidade depende do equilibrio entre areas abertas, gargalos e ilhas desconectadas.","Cavernas organicas podem ser bonitas, mas menos legiveis que salas retangulares."
24,2023,"61EF832E","Qualitativo","StructuralVariety","2/5","Likert 1-5","Estimado automaticamente","Parametro medido sobre a saida do Cellular Automata puro.","Indica variedade estrutural dentro desta execucao.","Boa variedade morfologica; menor controle sobre semantica estrutural."
24,2023,"61EF832E","Performance","layoutGenerationMilliseconds","28.575","ms","Medido","Tempo para inicializar ruido, executar iteracoes celulares e extrair componentes.","Representa o custo algoritmico principal.","Inclui ruido inicial, iteracoes celulares e extracao de componentes."
24,2023,"61EF832E","Performance","geometryInstantiationMilliseconds","87.566","ms","Medido","Parametro medido sobre a saida do Cellular Automata puro.","A execucao incluiu custo visual.","Custo visual depende dos prefabs/Unity, nao do CA puro."
24,2023,"61EF832E","Performance","metricsCalculationMilliseconds","3.427","ms","Medido","Parametro medido sobre a saida do Cellular Automata puro.","Ajuda a quantificar custo da instrumentacao.","Custo da instrumentacao, nao do algoritmo."
24,2023,"61EF832E","Performance","totalGenerationMilliseconds","119.572","ms","Medido","Parametro medido sobre a saida do Cellular Automata puro.","Inclui layout, instanciacao visual habilitada e calculo de metricas.","Inclui layout, instanciacao visual e metricas; compare junto do tempo logico."
24,2023,"61EF832E","Performance","generatedGameObjectCount","8106","contagem","Medido","Parametro medido sobre a saida do Cellular Automata puro.","Indica peso potencial de instanciacao no Unity.","Reflete peso da montagem visual das celulas abertas."
24,2023,"61EF832E","Performance","occupiedCellCount","6996","contagem","Medido","Parametro medido sobre a saida do Cellular Automata puro.","Proxy de escala espacial da dungeon.","Proxy do volume aberto gerado pelo CA."
24,2023,"61EF832E","Performance","connectionCount","1","contagem","Medido","Quantidade de conexoes inferidas por gargalos/passagens ou sobreposicoes verticais.","Proxy de complexidade topologica.","Conexoes sao inferidas apos a geracao; nao sao primitivas nativas do CA."
24,2023,"61EF832E","Performance","managedMemoryDeltaKB","21020","KB","Estimado","Parametro medido sobre a saida do Cellular Automata puro.","Valor aproximado, sensivel a GC e ao estado do Editor.","Estimativa sujeita ao GC da Unity; use como indicio comparativo."
25,2024,"EC1FD171","Quantitativo","numRoomsTarget","3","contagem","Medido","Extracao de componentes abertos e densos apos iteracoes de Cellular Automata.","Tamanho estrutural da dungeon nesta execucao.","Cellular Automata nao cria salas como entidades planejadas; regioes emergem de celulas abertas."
25,2024,"EC1FD171","Quantitativo","connectivityRatio","100%","%","Medido","Busca no grafo extraido de componentes abertos; nenhuma conexao artificial e criada.","Mostra se as cavernas emergentes ficaram conectadas sem flood-fill reparador, carving ou grafo-guia.","CA puro nao garante conectividade global. Se a metrica ficar baixa, isso e uma limitacao real do algoritmo nesta configuracao."
25,2024,"EC1FD171","Quantitativo","verticalVariance","1.886","metros","Medido","Desvio padrao das alturas dos componentes extraidos do volume celular.","Ha variacao vertical mensuravel entre salas.","Verticalidade so aparece em uma variante celular 3D/multiandar; CA 2D simples nao possui altura."
25,2024,"EC1FD171","Quantitativo","fillPercentage","84.94%","%","Medido","Celulas abertas apos a regra celular divididas pelo total do volume.","Indica densidade espacial da dungeon.","Densidade e controlada indiretamente por chance inicial e limites de nascimento/sobrevivencia."
25,2024,"EC1FD171","Quantitativo","branchFactor","1.333","media","Medido","Media de conexoes entre componentes extraidos por passagens estreitas detectadas.","Layout mais linear, com poucas bifurcacoes.","Ramificacao emerge de gargalos naturais, nao de um grafo explicito."
25,2024,"EC1FD171","Quantitativo","avgPathLength","46.897","metros","Medido","Distancias no grafo extraido do resultado celular.","Distancia media a partir da sala inicial.","Caminhos sao medidos depois da extracao; CA nao controla caminho critico diretamente."
25,2024,"EC1FD171","Quantitativo","uniqueModules","18","contagem","Medido","Contagem de categorias logicas e prefabs usados na leitura/instanciacao do resultado.","Indica variedade basica de composicao.","CA tende a variar forma organica, mas nao aumenta variedade modular sozinho."
25,2024,"EC1FD171","Quantitativo","navigableVolumeRatio","100%","%","Estimado sem NavMesh","Estimativa logica de celulas abertas antes de NavMesh.","Use como estimativa inicial, nao como validacao fisica final.","Proxy logico; ilhas desconectadas podem inflar area aberta sem criar navegabilidade util."
25,2024,"EC1FD171","Quantitativo","criticalPathLength","87.795","metros","Medido","Maior distancia no grafo extraido a partir do componente inicial.","Aproxima o percurso principal inicio-objetivo.","CA puro nao direciona progressao inicio-fim sem uma camada adicional."
25,2024,"EC1FD171","Quantitativo","avgAlternativePathLength","0","metros","Medido","Media de conexoes marcadas como ciclos emergentes entre componentes.","Nao houve caminho alternativo nesta execucao.","Loops podem emergir, mas nao sao garantidos."
25,2024,"EC1FD171","Booleano","SupportsRandomEnemySpawns","Sim, testado","sim/nao","Suportado","Parametro medido sobre a saida do Cellular Automata puro.","Sistema configurado e com orcamento ativo.","Spawns usam regioes abertas extraidas; balanceamento nao e propriedade nativa do CA."
25,2024,"EC1FD171","Booleano","SupportsLootDistribution","Sim, testado","sim/nao","Suportado","Parametro medido sobre a saida do Cellular Automata puro.","Sistema configurado e com orcamento ativo.","Loot pode ser colocado nas regioes abertas, mas progressao por risco depende de outra camada."
25,2024,"EC1FD171","Booleano","SupportsTraps","Sim, testado","sim/nao","Suportado","Parametro medido sobre a saida do Cellular Automata puro.","Sistema configurado e com orcamento ativo.","Armadilhas podem usar celulas abertas/gargalos, mas sem semantica global nativa."
25,2024,"EC1FD171","Booleano","SupportsBacktrackingLoops","Nao","sim/nao","Medido","Parametro medido sobre a saida do Cellular Automata puro.","Parametro atendido somente quando as conexoes emergentes formam ciclos no grafo extraido.","CA pode formar ciclos emergentes, mas sem controle direto de loops."
25,2024,"EC1FD171","Booleano","SupportsVerticalConnectors","Sim","sim/nao","Medido","Conta execucoes com celulas abertas alinhadas entre pavimentos e convertidas em conector vertical inferido.","Parametro atendido apenas se o volume celular multiandar gerar alinhamentos abertos entre camadas.","Possivel apenas em uma leitura 3D/multiandar do CA, por alinhamento de celulas abertas entre camadas."
25,2024,"EC1FD171","Booleano","SupportsMultiFloor","Sim","sim/nao","Medido","Conta execucoes com mais de um pavimento e pelo menos uma conexao vertical inferida do volume celular.","Parametro atendido quando existe conexao vertical inferida do proprio volume celular.","CA 2D puro nao e multiandar; a variante 3D continua celular, mas precisa ser relatada como extensao volumetrica."
25,2024,"EC1FD171","Booleano","SupportsBossArena","Sim","sim/nao","Medido","Parametro medido sobre a saida do Cellular Automata puro.","Existe ao menos uma sala grande o suficiente.","Areas grandes podem emergir naturalmente, mas nao como arena semanticamente planejada."
25,2024,"EC1FD171","Booleano","SeedReproducible","Sim","sim/nao","Medido","Parametro medido sobre a saida do Cellular Automata puro.","A seed reproduziu a mesma topologia.","Resultado reproduzivel se ruido inicial e iteracoes usam a mesma seed."
25,2024,"EC1FD171","Booleano","RuntimeRegeneration","Sim","sim/nao","Medido","Parametro medido sobre a saida do Cellular Automata puro.","Tempo registrado: 227.126 ms.","Custo cresce com tamanho do grid, pavimentos e iteracoes."
25,2024,"EC1FD171","Booleano","BudgetAwareSpawns","Sim","sim/nao","Suportado","Parametro medido sobre a saida do Cellular Automata puro.","Orcamentos registrados: inimigos 10, loot 6, armadilhas 4.","Orcamento e aplicado apos a geracao, sobre celulas livres extraidas."
25,2024,"EC1FD171","Qualitativo","Replayability","5/5","Likert 1-5","Estimado automaticamente","Parametro medido sobre a saida do Cellular Automata puro.","Diversidade topologica: 100%.","Alta variacao visual/organica entre seeds e esperada."
25,2024,"EC1FD171","Qualitativo","Debuggability","5/5","Likert 1-5","Estimado automaticamente","Parametro medido sobre a saida do Cellular Automata puro.","Cellular Automata e reproduzivel e simples de parametrizar, mas o efeito de pequenas mudancas nas regras precisa ser observado por bateladas.","Regras sao simples, mas efeitos globais emergentes exigem analise por metricas."
25,2024,"EC1FD171","Qualitativo","Flow","5/5","Likert 1-5","Estimado automaticamente","Parametro medido sobre a saida do Cellular Automata puro.","Indica fluidez de navegacao esperada.","Fluxo global nao e garantido; depende de conectividade emergente."
25,2024,"EC1FD171","Qualitativo","Legibility","4/5","Likert 1-5","Estimado automaticamente","Parametro medido sobre a saida do Cellular Automata puro.","A legibilidade depende do equilibrio entre areas abertas, gargalos e ilhas desconectadas.","Cavernas organicas podem ser bonitas, mas menos legiveis que salas retangulares."
25,2024,"EC1FD171","Qualitativo","StructuralVariety","2/5","Likert 1-5","Estimado automaticamente","Parametro medido sobre a saida do Cellular Automata puro.","Indica variedade estrutural dentro desta execucao.","Boa variedade morfologica; menor controle sobre semantica estrutural."
25,2024,"EC1FD171","Performance","layoutGenerationMilliseconds","29.077","ms","Medido","Tempo para inicializar ruido, executar iteracoes celulares e extrair componentes.","Representa o custo algoritmico principal.","Inclui ruido inicial, iteracoes celulares e extracao de componentes."
25,2024,"EC1FD171","Performance","geometryInstantiationMilliseconds","185.249","ms","Medido","Parametro medido sobre a saida do Cellular Automata puro.","A execucao incluiu custo visual.","Custo visual depende dos prefabs/Unity, nao do CA puro."
25,2024,"EC1FD171","Performance","metricsCalculationMilliseconds","12.796","ms","Medido","Parametro medido sobre a saida do Cellular Automata puro.","Ajuda a quantificar custo da instrumentacao.","Custo da instrumentacao, nao do algoritmo."
25,2024,"EC1FD171","Performance","totalGenerationMilliseconds","227.126","ms","Medido","Parametro medido sobre a saida do Cellular Automata puro.","Inclui layout, instanciacao visual habilitada e calculo de metricas.","Inclui layout, instanciacao visual e metricas; compare junto do tempo logico."
25,2024,"EC1FD171","Performance","generatedGameObjectCount","8122","contagem","Medido","Parametro medido sobre a saida do Cellular Automata puro.","Indica peso potencial de instanciacao no Unity.","Reflete peso da montagem visual das celulas abertas."
25,2024,"EC1FD171","Performance","occupiedCellCount","6958","contagem","Medido","Parametro medido sobre a saida do Cellular Automata puro.","Proxy de escala espacial da dungeon.","Proxy do volume aberto gerado pelo CA."
25,2024,"EC1FD171","Performance","connectionCount","2","contagem","Medido","Quantidade de conexoes inferidas por gargalos/passagens ou sobreposicoes verticais.","Proxy de complexidade topologica.","Conexoes sao inferidas apos a geracao; nao sao primitivas nativas do CA."
25,2024,"EC1FD171","Performance","managedMemoryDeltaKB","22004","KB","Estimado","Parametro medido sobre a saida do Cellular Automata puro.","Valor aproximado, sensivel a GC e ao estado do Editor.","Estimativa sujeita ao GC da Unity; use como indicio comparativo."
26,2025,"05A90EFF","Quantitativo","numRoomsTarget","2","contagem","Medido","Extracao de componentes abertos e densos apos iteracoes de Cellular Automata.","Tamanho estrutural da dungeon nesta execucao.","Cellular Automata nao cria salas como entidades planejadas; regioes emergem de celulas abertas."
26,2025,"05A90EFF","Quantitativo","connectivityRatio","100%","%","Medido","Busca no grafo extraido de componentes abertos; nenhuma conexao artificial e criada.","Mostra se as cavernas emergentes ficaram conectadas sem flood-fill reparador, carving ou grafo-guia.","CA puro nao garante conectividade global. Se a metrica ficar baixa, isso e uma limitacao real do algoritmo nesta configuracao."
26,2025,"05A90EFF","Quantitativo","verticalVariance","2","metros","Medido","Desvio padrao das alturas dos componentes extraidos do volume celular.","Ha variacao vertical mensuravel entre salas.","Verticalidade so aparece em uma variante celular 3D/multiandar; CA 2D simples nao possui altura."
26,2025,"05A90EFF","Quantitativo","fillPercentage","84.92%","%","Medido","Celulas abertas apos a regra celular divididas pelo total do volume.","Indica densidade espacial da dungeon.","Densidade e controlada indiretamente por chance inicial e limites de nascimento/sobrevivencia."
26,2025,"05A90EFF","Quantitativo","branchFactor","1","media","Medido","Media de conexoes entre componentes extraidos por passagens estreitas detectadas.","Layout mais linear, com poucas bifurcacoes.","Ramificacao emerge de gargalos naturais, nao de um grafo explicito."
26,2025,"05A90EFF","Quantitativo","avgPathLength","6","metros","Medido","Distancias no grafo extraido do resultado celular.","Distancia media a partir da sala inicial.","Caminhos sao medidos depois da extracao; CA nao controla caminho critico diretamente."
26,2025,"05A90EFF","Quantitativo","uniqueModules","20","contagem","Medido","Contagem de categorias logicas e prefabs usados na leitura/instanciacao do resultado.","Indica variedade basica de composicao.","CA tende a variar forma organica, mas nao aumenta variedade modular sozinho."
26,2025,"05A90EFF","Quantitativo","navigableVolumeRatio","100%","%","Estimado sem NavMesh","Estimativa logica de celulas abertas antes de NavMesh.","Use como estimativa inicial, nao como validacao fisica final.","Proxy logico; ilhas desconectadas podem inflar area aberta sem criar navegabilidade util."
26,2025,"05A90EFF","Quantitativo","criticalPathLength","6","metros","Medido","Maior distancia no grafo extraido a partir do componente inicial.","Aproxima o percurso principal inicio-objetivo.","CA puro nao direciona progressao inicio-fim sem uma camada adicional."
26,2025,"05A90EFF","Quantitativo","avgAlternativePathLength","0","metros","Medido","Media de conexoes marcadas como ciclos emergentes entre componentes.","Nao houve caminho alternativo nesta execucao.","Loops podem emergir, mas nao sao garantidos."
26,2025,"05A90EFF","Booleano","SupportsRandomEnemySpawns","Sim, testado","sim/nao","Suportado","Parametro medido sobre a saida do Cellular Automata puro.","Sistema configurado e com orcamento ativo.","Spawns usam regioes abertas extraidas; balanceamento nao e propriedade nativa do CA."
26,2025,"05A90EFF","Booleano","SupportsLootDistribution","Sim, testado","sim/nao","Suportado","Parametro medido sobre a saida do Cellular Automata puro.","Sistema configurado e com orcamento ativo.","Loot pode ser colocado nas regioes abertas, mas progressao por risco depende de outra camada."
26,2025,"05A90EFF","Booleano","SupportsTraps","Sim, testado","sim/nao","Suportado","Parametro medido sobre a saida do Cellular Automata puro.","Sistema configurado e com orcamento ativo.","Armadilhas podem usar celulas abertas/gargalos, mas sem semantica global nativa."
26,2025,"05A90EFF","Booleano","SupportsBacktrackingLoops","Nao","sim/nao","Medido","Parametro medido sobre a saida do Cellular Automata puro.","Parametro atendido somente quando as conexoes emergentes formam ciclos no grafo extraido.","CA pode formar ciclos emergentes, mas sem controle direto de loops."
26,2025,"05A90EFF","Booleano","SupportsVerticalConnectors","Sim","sim/nao","Medido","Conta execucoes com celulas abertas alinhadas entre pavimentos e convertidas em conector vertical inferido.","Parametro atendido apenas se o volume celular multiandar gerar alinhamentos abertos entre camadas.","Possivel apenas em uma leitura 3D/multiandar do CA, por alinhamento de celulas abertas entre camadas."
26,2025,"05A90EFF","Booleano","SupportsMultiFloor","Sim","sim/nao","Medido","Conta execucoes com mais de um pavimento e pelo menos uma conexao vertical inferida do volume celular.","Parametro atendido quando existe conexao vertical inferida do proprio volume celular.","CA 2D puro nao e multiandar; a variante 3D continua celular, mas precisa ser relatada como extensao volumetrica."
26,2025,"05A90EFF","Booleano","SupportsBossArena","Sim","sim/nao","Medido","Parametro medido sobre a saida do Cellular Automata puro.","Existe ao menos uma sala grande o suficiente.","Areas grandes podem emergir naturalmente, mas nao como arena semanticamente planejada."
26,2025,"05A90EFF","Booleano","SeedReproducible","Sim","sim/nao","Medido","Parametro medido sobre a saida do Cellular Automata puro.","A seed reproduziu a mesma topologia.","Resultado reproduzivel se ruido inicial e iteracoes usam a mesma seed."
26,2025,"05A90EFF","Booleano","RuntimeRegeneration","Nao","sim/nao","Medido","Parametro medido sobre a saida do Cellular Automata puro.","Tempo registrado: 281.001 ms.","Custo cresce com tamanho do grid, pavimentos e iteracoes."
26,2025,"05A90EFF","Booleano","BudgetAwareSpawns","Sim","sim/nao","Suportado","Parametro medido sobre a saida do Cellular Automata puro.","Orcamentos registrados: inimigos 10, loot 6, armadilhas 4.","Orcamento e aplicado apos a geracao, sobre celulas livres extraidas."
26,2025,"05A90EFF","Qualitativo","Replayability","5/5","Likert 1-5","Estimado automaticamente","Parametro medido sobre a saida do Cellular Automata puro.","Diversidade topologica: 100%.","Alta variacao visual/organica entre seeds e esperada."
26,2025,"05A90EFF","Qualitativo","Debuggability","5/5","Likert 1-5","Estimado automaticamente","Parametro medido sobre a saida do Cellular Automata puro.","Cellular Automata e reproduzivel e simples de parametrizar, mas o efeito de pequenas mudancas nas regras precisa ser observado por bateladas.","Regras sao simples, mas efeitos globais emergentes exigem analise por metricas."
26,2025,"05A90EFF","Qualitativo","Flow","4/5","Likert 1-5","Estimado automaticamente","Parametro medido sobre a saida do Cellular Automata puro.","Indica fluidez de navegacao esperada.","Fluxo global nao e garantido; depende de conectividade emergente."
26,2025,"05A90EFF","Qualitativo","Legibility","4/5","Likert 1-5","Estimado automaticamente","Parametro medido sobre a saida do Cellular Automata puro.","A legibilidade depende do equilibrio entre areas abertas, gargalos e ilhas desconectadas.","Cavernas organicas podem ser bonitas, mas menos legiveis que salas retangulares."
26,2025,"05A90EFF","Qualitativo","StructuralVariety","2/5","Likert 1-5","Estimado automaticamente","Parametro medido sobre a saida do Cellular Automata puro.","Indica variedade estrutural dentro desta execucao.","Boa variedade morfologica; menor controle sobre semantica estrutural."
26,2025,"05A90EFF","Performance","layoutGenerationMilliseconds","88.289","ms","Medido","Tempo para inicializar ruido, executar iteracoes celulares e extrair componentes.","Representa o custo algoritmico principal.","Inclui ruido inicial, iteracoes celulares e extracao de componentes."
26,2025,"05A90EFF","Performance","geometryInstantiationMilliseconds","189.353","ms","Medido","Parametro medido sobre a saida do Cellular Automata puro.","A execucao incluiu custo visual.","Custo visual depende dos prefabs/Unity, nao do CA puro."
26,2025,"05A90EFF","Performance","metricsCalculationMilliseconds","3.356","ms","Medido","Parametro medido sobre a saida do Cellular Automata puro.","Ajuda a quantificar custo da instrumentacao.","Custo da instrumentacao, nao do algoritmo."
26,2025,"05A90EFF","Performance","totalGenerationMilliseconds","281.001","ms","Medido","Parametro medido sobre a saida do Cellular Automata puro.","Inclui layout, instanciacao visual habilitada e calculo de metricas.","Inclui layout, instanciacao visual e metricas; compare junto do tempo logico."
26,2025,"05A90EFF","Performance","generatedGameObjectCount","8122","contagem","Medido","Parametro medido sobre a saida do Cellular Automata puro.","Indica peso potencial de instanciacao no Unity.","Reflete peso da montagem visual das celulas abertas."
26,2025,"05A90EFF","Performance","occupiedCellCount","6957","contagem","Medido","Parametro medido sobre a saida do Cellular Automata puro.","Proxy de escala espacial da dungeon.","Proxy do volume aberto gerado pelo CA."
26,2025,"05A90EFF","Performance","connectionCount","1","contagem","Medido","Quantidade de conexoes inferidas por gargalos/passagens ou sobreposicoes verticais.","Proxy de complexidade topologica.","Conexoes sao inferidas apos a geracao; nao sao primitivas nativas do CA."
26,2025,"05A90EFF","Performance","managedMemoryDeltaKB","-199868","KB","Estimado","Parametro medido sobre a saida do Cellular Automata puro.","Valor aproximado, sensivel a GC e ao estado do Editor.","Estimativa sujeita ao GC da Unity; use como indicio comparativo."
27,2026,"B25367FC","Quantitativo","numRoomsTarget","2","contagem","Medido","Extracao de componentes abertos e densos apos iteracoes de Cellular Automata.","Tamanho estrutural da dungeon nesta execucao.","Cellular Automata nao cria salas como entidades planejadas; regioes emergem de celulas abertas."
27,2026,"B25367FC","Quantitativo","connectivityRatio","100%","%","Medido","Busca no grafo extraido de componentes abertos; nenhuma conexao artificial e criada.","Mostra se as cavernas emergentes ficaram conectadas sem flood-fill reparador, carving ou grafo-guia.","CA puro nao garante conectividade global. Se a metrica ficar baixa, isso e uma limitacao real do algoritmo nesta configuracao."
27,2026,"B25367FC","Quantitativo","verticalVariance","2","metros","Medido","Desvio padrao das alturas dos componentes extraidos do volume celular.","Ha variacao vertical mensuravel entre salas.","Verticalidade so aparece em uma variante celular 3D/multiandar; CA 2D simples nao possui altura."
27,2026,"B25367FC","Quantitativo","fillPercentage","84.4%","%","Medido","Celulas abertas apos a regra celular divididas pelo total do volume.","Indica densidade espacial da dungeon.","Densidade e controlada indiretamente por chance inicial e limites de nascimento/sobrevivencia."
27,2026,"B25367FC","Quantitativo","branchFactor","1","media","Medido","Media de conexoes entre componentes extraidos por passagens estreitas detectadas.","Layout mais linear, com poucas bifurcacoes.","Ramificacao emerge de gargalos naturais, nao de um grafo explicito."
27,2026,"B25367FC","Quantitativo","avgPathLength","6","metros","Medido","Distancias no grafo extraido do resultado celular.","Distancia media a partir da sala inicial.","Caminhos sao medidos depois da extracao; CA nao controla caminho critico diretamente."
27,2026,"B25367FC","Quantitativo","uniqueModules","17","contagem","Medido","Contagem de categorias logicas e prefabs usados na leitura/instanciacao do resultado.","Indica variedade basica de composicao.","CA tende a variar forma organica, mas nao aumenta variedade modular sozinho."
27,2026,"B25367FC","Quantitativo","navigableVolumeRatio","100%","%","Estimado sem NavMesh","Estimativa logica de celulas abertas antes de NavMesh.","Use como estimativa inicial, nao como validacao fisica final.","Proxy logico; ilhas desconectadas podem inflar area aberta sem criar navegabilidade util."
27,2026,"B25367FC","Quantitativo","criticalPathLength","6","metros","Medido","Maior distancia no grafo extraido a partir do componente inicial.","Aproxima o percurso principal inicio-objetivo.","CA puro nao direciona progressao inicio-fim sem uma camada adicional."
27,2026,"B25367FC","Quantitativo","avgAlternativePathLength","0","metros","Medido","Media de conexoes marcadas como ciclos emergentes entre componentes.","Nao houve caminho alternativo nesta execucao.","Loops podem emergir, mas nao sao garantidos."
27,2026,"B25367FC","Booleano","SupportsRandomEnemySpawns","Sim, testado","sim/nao","Suportado","Parametro medido sobre a saida do Cellular Automata puro.","Sistema configurado e com orcamento ativo.","Spawns usam regioes abertas extraidas; balanceamento nao e propriedade nativa do CA."
27,2026,"B25367FC","Booleano","SupportsLootDistribution","Sim, testado","sim/nao","Suportado","Parametro medido sobre a saida do Cellular Automata puro.","Sistema configurado e com orcamento ativo.","Loot pode ser colocado nas regioes abertas, mas progressao por risco depende de outra camada."
27,2026,"B25367FC","Booleano","SupportsTraps","Sim, testado","sim/nao","Suportado","Parametro medido sobre a saida do Cellular Automata puro.","Sistema configurado e com orcamento ativo.","Armadilhas podem usar celulas abertas/gargalos, mas sem semantica global nativa."
27,2026,"B25367FC","Booleano","SupportsBacktrackingLoops","Nao","sim/nao","Medido","Parametro medido sobre a saida do Cellular Automata puro.","Parametro atendido somente quando as conexoes emergentes formam ciclos no grafo extraido.","CA pode formar ciclos emergentes, mas sem controle direto de loops."
27,2026,"B25367FC","Booleano","SupportsVerticalConnectors","Sim","sim/nao","Medido","Conta execucoes com celulas abertas alinhadas entre pavimentos e convertidas em conector vertical inferido.","Parametro atendido apenas se o volume celular multiandar gerar alinhamentos abertos entre camadas.","Possivel apenas em uma leitura 3D/multiandar do CA, por alinhamento de celulas abertas entre camadas."
27,2026,"B25367FC","Booleano","SupportsMultiFloor","Sim","sim/nao","Medido","Conta execucoes com mais de um pavimento e pelo menos uma conexao vertical inferida do volume celular.","Parametro atendido quando existe conexao vertical inferida do proprio volume celular.","CA 2D puro nao e multiandar; a variante 3D continua celular, mas precisa ser relatada como extensao volumetrica."
27,2026,"B25367FC","Booleano","SupportsBossArena","Sim","sim/nao","Medido","Parametro medido sobre a saida do Cellular Automata puro.","Existe ao menos uma sala grande o suficiente.","Areas grandes podem emergir naturalmente, mas nao como arena semanticamente planejada."
27,2026,"B25367FC","Booleano","SeedReproducible","Sim","sim/nao","Medido","Parametro medido sobre a saida do Cellular Automata puro.","A seed reproduziu a mesma topologia.","Resultado reproduzivel se ruido inicial e iteracoes usam a mesma seed."
27,2026,"B25367FC","Booleano","RuntimeRegeneration","Sim","sim/nao","Medido","Parametro medido sobre a saida do Cellular Automata puro.","Tempo registrado: 124.981 ms.","Custo cresce com tamanho do grid, pavimentos e iteracoes."
27,2026,"B25367FC","Booleano","BudgetAwareSpawns","Sim","sim/nao","Suportado","Parametro medido sobre a saida do Cellular Automata puro.","Orcamentos registrados: inimigos 10, loot 6, armadilhas 4.","Orcamento e aplicado apos a geracao, sobre celulas livres extraidas."
27,2026,"B25367FC","Qualitativo","Replayability","5/5","Likert 1-5","Estimado automaticamente","Parametro medido sobre a saida do Cellular Automata puro.","Diversidade topologica: 100%.","Alta variacao visual/organica entre seeds e esperada."
27,2026,"B25367FC","Qualitativo","Debuggability","5/5","Likert 1-5","Estimado automaticamente","Parametro medido sobre a saida do Cellular Automata puro.","Cellular Automata e reproduzivel e simples de parametrizar, mas o efeito de pequenas mudancas nas regras precisa ser observado por bateladas.","Regras sao simples, mas efeitos globais emergentes exigem analise por metricas."
27,2026,"B25367FC","Qualitativo","Flow","4/5","Likert 1-5","Estimado automaticamente","Parametro medido sobre a saida do Cellular Automata puro.","Indica fluidez de navegacao esperada.","Fluxo global nao e garantido; depende de conectividade emergente."
27,2026,"B25367FC","Qualitativo","Legibility","4/5","Likert 1-5","Estimado automaticamente","Parametro medido sobre a saida do Cellular Automata puro.","A legibilidade depende do equilibrio entre areas abertas, gargalos e ilhas desconectadas.","Cavernas organicas podem ser bonitas, mas menos legiveis que salas retangulares."
27,2026,"B25367FC","Qualitativo","StructuralVariety","2/5","Likert 1-5","Estimado automaticamente","Parametro medido sobre a saida do Cellular Automata puro.","Indica variedade estrutural dentro desta execucao.","Boa variedade morfologica; menor controle sobre semantica estrutural."
27,2026,"B25367FC","Performance","layoutGenerationMilliseconds","28.978","ms","Medido","Tempo para inicializar ruido, executar iteracoes celulares e extrair componentes.","Representa o custo algoritmico principal.","Inclui ruido inicial, iteracoes celulares e extracao de componentes."
27,2026,"B25367FC","Performance","geometryInstantiationMilliseconds","92.227","ms","Medido","Parametro medido sobre a saida do Cellular Automata puro.","A execucao incluiu custo visual.","Custo visual depende dos prefabs/Unity, nao do CA puro."
27,2026,"B25367FC","Performance","metricsCalculationMilliseconds","3.772","ms","Medido","Parametro medido sobre a saida do Cellular Automata puro.","Ajuda a quantificar custo da instrumentacao.","Custo da instrumentacao, nao do algoritmo."
27,2026,"B25367FC","Performance","totalGenerationMilliseconds","124.981","ms","Medido","Parametro medido sobre a saida do Cellular Automata puro.","Inclui layout, instanciacao visual habilitada e calculo de metricas.","Inclui layout, instanciacao visual e metricas; compare junto do tempo logico."
27,2026,"B25367FC","Performance","generatedGameObjectCount","8070","contagem","Medido","Parametro medido sobre a saida do Cellular Automata puro.","Indica peso potencial de instanciacao no Unity.","Reflete peso da montagem visual das celulas abertas."
27,2026,"B25367FC","Performance","occupiedCellCount","6914","contagem","Medido","Parametro medido sobre a saida do Cellular Automata puro.","Proxy de escala espacial da dungeon.","Proxy do volume aberto gerado pelo CA."
27,2026,"B25367FC","Performance","connectionCount","1","contagem","Medido","Quantidade de conexoes inferidas por gargalos/passagens ou sobreposicoes verticais.","Proxy de complexidade topologica.","Conexoes sao inferidas apos a geracao; nao sao primitivas nativas do CA."
27,2026,"B25367FC","Performance","managedMemoryDeltaKB","13152","KB","Estimado","Parametro medido sobre a saida do Cellular Automata puro.","Valor aproximado, sensivel a GC e ao estado do Editor.","Estimativa sujeita ao GC da Unity; use como indicio comparativo."
28,2027,"6D787A36","Quantitativo","numRoomsTarget","2","contagem","Medido","Extracao de componentes abertos e densos apos iteracoes de Cellular Automata.","Tamanho estrutural da dungeon nesta execucao.","Cellular Automata nao cria salas como entidades planejadas; regioes emergem de celulas abertas."
28,2027,"6D787A36","Quantitativo","connectivityRatio","100%","%","Medido","Busca no grafo extraido de componentes abertos; nenhuma conexao artificial e criada.","Mostra se as cavernas emergentes ficaram conectadas sem flood-fill reparador, carving ou grafo-guia.","CA puro nao garante conectividade global. Se a metrica ficar baixa, isso e uma limitacao real do algoritmo nesta configuracao."
28,2027,"6D787A36","Quantitativo","verticalVariance","2","metros","Medido","Desvio padrao das alturas dos componentes extraidos do volume celular.","Ha variacao vertical mensuravel entre salas.","Verticalidade so aparece em uma variante celular 3D/multiandar; CA 2D simples nao possui altura."
28,2027,"6D787A36","Quantitativo","fillPercentage","82.45%","%","Medido","Celulas abertas apos a regra celular divididas pelo total do volume.","Indica densidade espacial da dungeon.","Densidade e controlada indiretamente por chance inicial e limites de nascimento/sobrevivencia."
28,2027,"6D787A36","Quantitativo","branchFactor","1","media","Medido","Media de conexoes entre componentes extraidos por passagens estreitas detectadas.","Layout mais linear, com poucas bifurcacoes.","Ramificacao emerge de gargalos naturais, nao de um grafo explicito."
28,2027,"6D787A36","Quantitativo","avgPathLength","6","metros","Medido","Distancias no grafo extraido do resultado celular.","Distancia media a partir da sala inicial.","Caminhos sao medidos depois da extracao; CA nao controla caminho critico diretamente."
28,2027,"6D787A36","Quantitativo","uniqueModules","18","contagem","Medido","Contagem de categorias logicas e prefabs usados na leitura/instanciacao do resultado.","Indica variedade basica de composicao.","CA tende a variar forma organica, mas nao aumenta variedade modular sozinho."
28,2027,"6D787A36","Quantitativo","navigableVolumeRatio","100%","%","Estimado sem NavMesh","Estimativa logica de celulas abertas antes de NavMesh.","Use como estimativa inicial, nao como validacao fisica final.","Proxy logico; ilhas desconectadas podem inflar area aberta sem criar navegabilidade util."
28,2027,"6D787A36","Quantitativo","criticalPathLength","6","metros","Medido","Maior distancia no grafo extraido a partir do componente inicial.","Aproxima o percurso principal inicio-objetivo.","CA puro nao direciona progressao inicio-fim sem uma camada adicional."
28,2027,"6D787A36","Quantitativo","avgAlternativePathLength","0","metros","Medido","Media de conexoes marcadas como ciclos emergentes entre componentes.","Nao houve caminho alternativo nesta execucao.","Loops podem emergir, mas nao sao garantidos."
28,2027,"6D787A36","Booleano","SupportsRandomEnemySpawns","Sim, testado","sim/nao","Suportado","Parametro medido sobre a saida do Cellular Automata puro.","Sistema configurado e com orcamento ativo.","Spawns usam regioes abertas extraidas; balanceamento nao e propriedade nativa do CA."
28,2027,"6D787A36","Booleano","SupportsLootDistribution","Sim, testado","sim/nao","Suportado","Parametro medido sobre a saida do Cellular Automata puro.","Sistema configurado e com orcamento ativo.","Loot pode ser colocado nas regioes abertas, mas progressao por risco depende de outra camada."
28,2027,"6D787A36","Booleano","SupportsTraps","Sim, testado","sim/nao","Suportado","Parametro medido sobre a saida do Cellular Automata puro.","Sistema configurado e com orcamento ativo.","Armadilhas podem usar celulas abertas/gargalos, mas sem semantica global nativa."
28,2027,"6D787A36","Booleano","SupportsBacktrackingLoops","Nao","sim/nao","Medido","Parametro medido sobre a saida do Cellular Automata puro.","Parametro atendido somente quando as conexoes emergentes formam ciclos no grafo extraido.","CA pode formar ciclos emergentes, mas sem controle direto de loops."
28,2027,"6D787A36","Booleano","SupportsVerticalConnectors","Sim","sim/nao","Medido","Conta execucoes com celulas abertas alinhadas entre pavimentos e convertidas em conector vertical inferido.","Parametro atendido apenas se o volume celular multiandar gerar alinhamentos abertos entre camadas.","Possivel apenas em uma leitura 3D/multiandar do CA, por alinhamento de celulas abertas entre camadas."
28,2027,"6D787A36","Booleano","SupportsMultiFloor","Sim","sim/nao","Medido","Conta execucoes com mais de um pavimento e pelo menos uma conexao vertical inferida do volume celular.","Parametro atendido quando existe conexao vertical inferida do proprio volume celular.","CA 2D puro nao e multiandar; a variante 3D continua celular, mas precisa ser relatada como extensao volumetrica."
28,2027,"6D787A36","Booleano","SupportsBossArena","Sim","sim/nao","Medido","Parametro medido sobre a saida do Cellular Automata puro.","Existe ao menos uma sala grande o suficiente.","Areas grandes podem emergir naturalmente, mas nao como arena semanticamente planejada."
28,2027,"6D787A36","Booleano","SeedReproducible","Sim","sim/nao","Medido","Parametro medido sobre a saida do Cellular Automata puro.","A seed reproduziu a mesma topologia.","Resultado reproduzivel se ruido inicial e iteracoes usam a mesma seed."
28,2027,"6D787A36","Booleano","RuntimeRegeneration","Sim","sim/nao","Medido","Parametro medido sobre a saida do Cellular Automata puro.","Tempo registrado: 118.709 ms.","Custo cresce com tamanho do grid, pavimentos e iteracoes."
28,2027,"6D787A36","Booleano","BudgetAwareSpawns","Sim","sim/nao","Suportado","Parametro medido sobre a saida do Cellular Automata puro.","Orcamentos registrados: inimigos 10, loot 6, armadilhas 4.","Orcamento e aplicado apos a geracao, sobre celulas livres extraidas."
28,2027,"6D787A36","Qualitativo","Replayability","5/5","Likert 1-5","Estimado automaticamente","Parametro medido sobre a saida do Cellular Automata puro.","Diversidade topologica: 100%.","Alta variacao visual/organica entre seeds e esperada."
28,2027,"6D787A36","Qualitativo","Debuggability","5/5","Likert 1-5","Estimado automaticamente","Parametro medido sobre a saida do Cellular Automata puro.","Cellular Automata e reproduzivel e simples de parametrizar, mas o efeito de pequenas mudancas nas regras precisa ser observado por bateladas.","Regras sao simples, mas efeitos globais emergentes exigem analise por metricas."
28,2027,"6D787A36","Qualitativo","Flow","4/5","Likert 1-5","Estimado automaticamente","Parametro medido sobre a saida do Cellular Automata puro.","Indica fluidez de navegacao esperada.","Fluxo global nao e garantido; depende de conectividade emergente."
28,2027,"6D787A36","Qualitativo","Legibility","4/5","Likert 1-5","Estimado automaticamente","Parametro medido sobre a saida do Cellular Automata puro.","A legibilidade depende do equilibrio entre areas abertas, gargalos e ilhas desconectadas.","Cavernas organicas podem ser bonitas, mas menos legiveis que salas retangulares."
28,2027,"6D787A36","Qualitativo","StructuralVariety","2/5","Likert 1-5","Estimado automaticamente","Parametro medido sobre a saida do Cellular Automata puro.","Indica variedade estrutural dentro desta execucao.","Boa variedade morfologica; menor controle sobre semantica estrutural."
28,2027,"6D787A36","Performance","layoutGenerationMilliseconds","28.099","ms","Medido","Tempo para inicializar ruido, executar iteracoes celulares e extrair componentes.","Representa o custo algoritmico principal.","Inclui ruido inicial, iteracoes celulares e extracao de componentes."
28,2027,"6D787A36","Performance","geometryInstantiationMilliseconds","87.41","ms","Medido","Parametro medido sobre a saida do Cellular Automata puro.","A execucao incluiu custo visual.","Custo visual depende dos prefabs/Unity, nao do CA puro."
28,2027,"6D787A36","Performance","metricsCalculationMilliseconds","3.197","ms","Medido","Parametro medido sobre a saida do Cellular Automata puro.","Ajuda a quantificar custo da instrumentacao.","Custo da instrumentacao, nao do algoritmo."
28,2027,"6D787A36","Performance","totalGenerationMilliseconds","118.709","ms","Medido","Parametro medido sobre a saida do Cellular Automata puro.","Inclui layout, instanciacao visual habilitada e calculo de metricas.","Inclui layout, instanciacao visual e metricas; compare junto do tempo logico."
28,2027,"6D787A36","Performance","generatedGameObjectCount","8052","contagem","Medido","Parametro medido sobre a saida do Cellular Automata puro.","Indica peso potencial de instanciacao no Unity.","Reflete peso da montagem visual das celulas abertas."
28,2027,"6D787A36","Performance","occupiedCellCount","6754","contagem","Medido","Parametro medido sobre a saida do Cellular Automata puro.","Proxy de escala espacial da dungeon.","Proxy do volume aberto gerado pelo CA."
28,2027,"6D787A36","Performance","connectionCount","1","contagem","Medido","Quantidade de conexoes inferidas por gargalos/passagens ou sobreposicoes verticais.","Proxy de complexidade topologica.","Conexoes sao inferidas apos a geracao; nao sao primitivas nativas do CA."
28,2027,"6D787A36","Performance","managedMemoryDeltaKB","19220","KB","Estimado","Parametro medido sobre a saida do Cellular Automata puro.","Valor aproximado, sensivel a GC e ao estado do Editor.","Estimativa sujeita ao GC da Unity; use como indicio comparativo."
29,2028,"9AF97D5B","Quantitativo","numRoomsTarget","2","contagem","Medido","Extracao de componentes abertos e densos apos iteracoes de Cellular Automata.","Tamanho estrutural da dungeon nesta execucao.","Cellular Automata nao cria salas como entidades planejadas; regioes emergem de celulas abertas."
29,2028,"9AF97D5B","Quantitativo","connectivityRatio","100%","%","Medido","Busca no grafo extraido de componentes abertos; nenhuma conexao artificial e criada.","Mostra se as cavernas emergentes ficaram conectadas sem flood-fill reparador, carving ou grafo-guia.","CA puro nao garante conectividade global. Se a metrica ficar baixa, isso e uma limitacao real do algoritmo nesta configuracao."
29,2028,"9AF97D5B","Quantitativo","verticalVariance","2","metros","Medido","Desvio padrao das alturas dos componentes extraidos do volume celular.","Ha variacao vertical mensuravel entre salas.","Verticalidade so aparece em uma variante celular 3D/multiandar; CA 2D simples nao possui altura."
29,2028,"9AF97D5B","Quantitativo","fillPercentage","84.97%","%","Medido","Celulas abertas apos a regra celular divididas pelo total do volume.","Indica densidade espacial da dungeon.","Densidade e controlada indiretamente por chance inicial e limites de nascimento/sobrevivencia."
29,2028,"9AF97D5B","Quantitativo","branchFactor","1","media","Medido","Media de conexoes entre componentes extraidos por passagens estreitas detectadas.","Layout mais linear, com poucas bifurcacoes.","Ramificacao emerge de gargalos naturais, nao de um grafo explicito."
29,2028,"9AF97D5B","Quantitativo","avgPathLength","6","metros","Medido","Distancias no grafo extraido do resultado celular.","Distancia media a partir da sala inicial.","Caminhos sao medidos depois da extracao; CA nao controla caminho critico diretamente."
29,2028,"9AF97D5B","Quantitativo","uniqueModules","21","contagem","Medido","Contagem de categorias logicas e prefabs usados na leitura/instanciacao do resultado.","Indica variedade basica de composicao.","CA tende a variar forma organica, mas nao aumenta variedade modular sozinho."
29,2028,"9AF97D5B","Quantitativo","navigableVolumeRatio","100%","%","Estimado sem NavMesh","Estimativa logica de celulas abertas antes de NavMesh.","Use como estimativa inicial, nao como validacao fisica final.","Proxy logico; ilhas desconectadas podem inflar area aberta sem criar navegabilidade util."
29,2028,"9AF97D5B","Quantitativo","criticalPathLength","6","metros","Medido","Maior distancia no grafo extraido a partir do componente inicial.","Aproxima o percurso principal inicio-objetivo.","CA puro nao direciona progressao inicio-fim sem uma camada adicional."
29,2028,"9AF97D5B","Quantitativo","avgAlternativePathLength","0","metros","Medido","Media de conexoes marcadas como ciclos emergentes entre componentes.","Nao houve caminho alternativo nesta execucao.","Loops podem emergir, mas nao sao garantidos."
29,2028,"9AF97D5B","Booleano","SupportsRandomEnemySpawns","Sim, testado","sim/nao","Suportado","Parametro medido sobre a saida do Cellular Automata puro.","Sistema configurado e com orcamento ativo.","Spawns usam regioes abertas extraidas; balanceamento nao e propriedade nativa do CA."
29,2028,"9AF97D5B","Booleano","SupportsLootDistribution","Sim, testado","sim/nao","Suportado","Parametro medido sobre a saida do Cellular Automata puro.","Sistema configurado e com orcamento ativo.","Loot pode ser colocado nas regioes abertas, mas progressao por risco depende de outra camada."
29,2028,"9AF97D5B","Booleano","SupportsTraps","Sim, testado","sim/nao","Suportado","Parametro medido sobre a saida do Cellular Automata puro.","Sistema configurado e com orcamento ativo.","Armadilhas podem usar celulas abertas/gargalos, mas sem semantica global nativa."
29,2028,"9AF97D5B","Booleano","SupportsBacktrackingLoops","Nao","sim/nao","Medido","Parametro medido sobre a saida do Cellular Automata puro.","Parametro atendido somente quando as conexoes emergentes formam ciclos no grafo extraido.","CA pode formar ciclos emergentes, mas sem controle direto de loops."
29,2028,"9AF97D5B","Booleano","SupportsVerticalConnectors","Sim","sim/nao","Medido","Conta execucoes com celulas abertas alinhadas entre pavimentos e convertidas em conector vertical inferido.","Parametro atendido apenas se o volume celular multiandar gerar alinhamentos abertos entre camadas.","Possivel apenas em uma leitura 3D/multiandar do CA, por alinhamento de celulas abertas entre camadas."
29,2028,"9AF97D5B","Booleano","SupportsMultiFloor","Sim","sim/nao","Medido","Conta execucoes com mais de um pavimento e pelo menos uma conexao vertical inferida do volume celular.","Parametro atendido quando existe conexao vertical inferida do proprio volume celular.","CA 2D puro nao e multiandar; a variante 3D continua celular, mas precisa ser relatada como extensao volumetrica."
29,2028,"9AF97D5B","Booleano","SupportsBossArena","Sim","sim/nao","Medido","Parametro medido sobre a saida do Cellular Automata puro.","Existe ao menos uma sala grande o suficiente.","Areas grandes podem emergir naturalmente, mas nao como arena semanticamente planejada."
29,2028,"9AF97D5B","Booleano","SeedReproducible","Sim","sim/nao","Medido","Parametro medido sobre a saida do Cellular Automata puro.","A seed reproduziu a mesma topologia.","Resultado reproduzivel se ruido inicial e iteracoes usam a mesma seed."
29,2028,"9AF97D5B","Booleano","RuntimeRegeneration","Sim","sim/nao","Medido","Parametro medido sobre a saida do Cellular Automata puro.","Tempo registrado: 121.38 ms.","Custo cresce com tamanho do grid, pavimentos e iteracoes."
29,2028,"9AF97D5B","Booleano","BudgetAwareSpawns","Sim","sim/nao","Suportado","Parametro medido sobre a saida do Cellular Automata puro.","Orcamentos registrados: inimigos 10, loot 6, armadilhas 4.","Orcamento e aplicado apos a geracao, sobre celulas livres extraidas."
29,2028,"9AF97D5B","Qualitativo","Replayability","5/5","Likert 1-5","Estimado automaticamente","Parametro medido sobre a saida do Cellular Automata puro.","Diversidade topologica: 100%.","Alta variacao visual/organica entre seeds e esperada."
29,2028,"9AF97D5B","Qualitativo","Debuggability","5/5","Likert 1-5","Estimado automaticamente","Parametro medido sobre a saida do Cellular Automata puro.","Cellular Automata e reproduzivel e simples de parametrizar, mas o efeito de pequenas mudancas nas regras precisa ser observado por bateladas.","Regras sao simples, mas efeitos globais emergentes exigem analise por metricas."
29,2028,"9AF97D5B","Qualitativo","Flow","4/5","Likert 1-5","Estimado automaticamente","Parametro medido sobre a saida do Cellular Automata puro.","Indica fluidez de navegacao esperada.","Fluxo global nao e garantido; depende de conectividade emergente."
29,2028,"9AF97D5B","Qualitativo","Legibility","4/5","Likert 1-5","Estimado automaticamente","Parametro medido sobre a saida do Cellular Automata puro.","A legibilidade depende do equilibrio entre areas abertas, gargalos e ilhas desconectadas.","Cavernas organicas podem ser bonitas, mas menos legiveis que salas retangulares."
29,2028,"9AF97D5B","Qualitativo","StructuralVariety","2/5","Likert 1-5","Estimado automaticamente","Parametro medido sobre a saida do Cellular Automata puro.","Indica variedade estrutural dentro desta execucao.","Boa variedade morfologica; menor controle sobre semantica estrutural."
29,2028,"9AF97D5B","Performance","layoutGenerationMilliseconds","29.264","ms","Medido","Tempo para inicializar ruido, executar iteracoes celulares e extrair componentes.","Representa o custo algoritmico principal.","Inclui ruido inicial, iteracoes celulares e extracao de componentes."
29,2028,"9AF97D5B","Performance","geometryInstantiationMilliseconds","88.698","ms","Medido","Parametro medido sobre a saida do Cellular Automata puro.","A execucao incluiu custo visual.","Custo visual depende dos prefabs/Unity, nao do CA puro."
29,2028,"9AF97D5B","Performance","metricsCalculationMilliseconds","3.414","ms","Medido","Parametro medido sobre a saida do Cellular Automata puro.","Ajuda a quantificar custo da instrumentacao.","Custo da instrumentacao, nao do algoritmo."
29,2028,"9AF97D5B","Performance","totalGenerationMilliseconds","121.38","ms","Medido","Parametro medido sobre a saida do Cellular Automata puro.","Inclui layout, instanciacao visual habilitada e calculo de metricas.","Inclui layout, instanciacao visual e metricas; compare junto do tempo logico."
29,2028,"9AF97D5B","Performance","generatedGameObjectCount","8114","contagem","Medido","Parametro medido sobre a saida do Cellular Automata puro.","Indica peso potencial de instanciacao no Unity.","Reflete peso da montagem visual das celulas abertas."
29,2028,"9AF97D5B","Performance","occupiedCellCount","6961","contagem","Medido","Parametro medido sobre a saida do Cellular Automata puro.","Proxy de escala espacial da dungeon.","Proxy do volume aberto gerado pelo CA."
29,2028,"9AF97D5B","Performance","connectionCount","1","contagem","Medido","Quantidade de conexoes inferidas por gargalos/passagens ou sobreposicoes verticais.","Proxy de complexidade topologica.","Conexoes sao inferidas apos a geracao; nao sao primitivas nativas do CA."
29,2028,"9AF97D5B","Performance","managedMemoryDeltaKB","20932","KB","Estimado","Parametro medido sobre a saida do Cellular Automata puro.","Valor aproximado, sensivel a GC e ao estado do Editor.","Estimativa sujeita ao GC da Unity; use como indicio comparativo."
30,2029,"E936FF63","Quantitativo","numRoomsTarget","2","contagem","Medido","Extracao de componentes abertos e densos apos iteracoes de Cellular Automata.","Tamanho estrutural da dungeon nesta execucao.","Cellular Automata nao cria salas como entidades planejadas; regioes emergem de celulas abertas."
30,2029,"E936FF63","Quantitativo","connectivityRatio","100%","%","Medido","Busca no grafo extraido de componentes abertos; nenhuma conexao artificial e criada.","Mostra se as cavernas emergentes ficaram conectadas sem flood-fill reparador, carving ou grafo-guia.","CA puro nao garante conectividade global. Se a metrica ficar baixa, isso e uma limitacao real do algoritmo nesta configuracao."
30,2029,"E936FF63","Quantitativo","verticalVariance","2","metros","Medido","Desvio padrao das alturas dos componentes extraidos do volume celular.","Ha variacao vertical mensuravel entre salas.","Verticalidade so aparece em uma variante celular 3D/multiandar; CA 2D simples nao possui altura."
30,2029,"E936FF63","Quantitativo","fillPercentage","86.32%","%","Medido","Celulas abertas apos a regra celular divididas pelo total do volume.","Indica densidade espacial da dungeon.","Densidade e controlada indiretamente por chance inicial e limites de nascimento/sobrevivencia."
30,2029,"E936FF63","Quantitativo","branchFactor","1","media","Medido","Media de conexoes entre componentes extraidos por passagens estreitas detectadas.","Layout mais linear, com poucas bifurcacoes.","Ramificacao emerge de gargalos naturais, nao de um grafo explicito."
30,2029,"E936FF63","Quantitativo","avgPathLength","6","metros","Medido","Distancias no grafo extraido do resultado celular.","Distancia media a partir da sala inicial.","Caminhos sao medidos depois da extracao; CA nao controla caminho critico diretamente."
30,2029,"E936FF63","Quantitativo","uniqueModules","18","contagem","Medido","Contagem de categorias logicas e prefabs usados na leitura/instanciacao do resultado.","Indica variedade basica de composicao.","CA tende a variar forma organica, mas nao aumenta variedade modular sozinho."
30,2029,"E936FF63","Quantitativo","navigableVolumeRatio","100%","%","Estimado sem NavMesh","Estimativa logica de celulas abertas antes de NavMesh.","Use como estimativa inicial, nao como validacao fisica final.","Proxy logico; ilhas desconectadas podem inflar area aberta sem criar navegabilidade util."
30,2029,"E936FF63","Quantitativo","criticalPathLength","6","metros","Medido","Maior distancia no grafo extraido a partir do componente inicial.","Aproxima o percurso principal inicio-objetivo.","CA puro nao direciona progressao inicio-fim sem uma camada adicional."
30,2029,"E936FF63","Quantitativo","avgAlternativePathLength","0","metros","Medido","Media de conexoes marcadas como ciclos emergentes entre componentes.","Nao houve caminho alternativo nesta execucao.","Loops podem emergir, mas nao sao garantidos."
30,2029,"E936FF63","Booleano","SupportsRandomEnemySpawns","Sim, testado","sim/nao","Suportado","Parametro medido sobre a saida do Cellular Automata puro.","Sistema configurado e com orcamento ativo.","Spawns usam regioes abertas extraidas; balanceamento nao e propriedade nativa do CA."
30,2029,"E936FF63","Booleano","SupportsLootDistribution","Sim, testado","sim/nao","Suportado","Parametro medido sobre a saida do Cellular Automata puro.","Sistema configurado e com orcamento ativo.","Loot pode ser colocado nas regioes abertas, mas progressao por risco depende de outra camada."
30,2029,"E936FF63","Booleano","SupportsTraps","Sim, testado","sim/nao","Suportado","Parametro medido sobre a saida do Cellular Automata puro.","Sistema configurado e com orcamento ativo.","Armadilhas podem usar celulas abertas/gargalos, mas sem semantica global nativa."
30,2029,"E936FF63","Booleano","SupportsBacktrackingLoops","Nao","sim/nao","Medido","Parametro medido sobre a saida do Cellular Automata puro.","Parametro atendido somente quando as conexoes emergentes formam ciclos no grafo extraido.","CA pode formar ciclos emergentes, mas sem controle direto de loops."
30,2029,"E936FF63","Booleano","SupportsVerticalConnectors","Sim","sim/nao","Medido","Conta execucoes com celulas abertas alinhadas entre pavimentos e convertidas em conector vertical inferido.","Parametro atendido apenas se o volume celular multiandar gerar alinhamentos abertos entre camadas.","Possivel apenas em uma leitura 3D/multiandar do CA, por alinhamento de celulas abertas entre camadas."
30,2029,"E936FF63","Booleano","SupportsMultiFloor","Sim","sim/nao","Medido","Conta execucoes com mais de um pavimento e pelo menos uma conexao vertical inferida do volume celular.","Parametro atendido quando existe conexao vertical inferida do proprio volume celular.","CA 2D puro nao e multiandar; a variante 3D continua celular, mas precisa ser relatada como extensao volumetrica."
30,2029,"E936FF63","Booleano","SupportsBossArena","Sim","sim/nao","Medido","Parametro medido sobre a saida do Cellular Automata puro.","Existe ao menos uma sala grande o suficiente.","Areas grandes podem emergir naturalmente, mas nao como arena semanticamente planejada."
30,2029,"E936FF63","Booleano","SeedReproducible","Sim","sim/nao","Medido","Parametro medido sobre a saida do Cellular Automata puro.","A seed reproduziu a mesma topologia.","Resultado reproduzivel se ruido inicial e iteracoes usam a mesma seed."
30,2029,"E936FF63","Booleano","RuntimeRegeneration","Sim","sim/nao","Medido","Parametro medido sobre a saida do Cellular Automata puro.","Tempo registrado: 122.17 ms.","Custo cresce com tamanho do grid, pavimentos e iteracoes."
30,2029,"E936FF63","Booleano","BudgetAwareSpawns","Sim","sim/nao","Suportado","Parametro medido sobre a saida do Cellular Automata puro.","Orcamentos registrados: inimigos 10, loot 6, armadilhas 4.","Orcamento e aplicado apos a geracao, sobre celulas livres extraidas."
30,2029,"E936FF63","Qualitativo","Replayability","5/5","Likert 1-5","Estimado automaticamente","Parametro medido sobre a saida do Cellular Automata puro.","Diversidade topologica: 100%.","Alta variacao visual/organica entre seeds e esperada."
30,2029,"E936FF63","Qualitativo","Debuggability","5/5","Likert 1-5","Estimado automaticamente","Parametro medido sobre a saida do Cellular Automata puro.","Cellular Automata e reproduzivel e simples de parametrizar, mas o efeito de pequenas mudancas nas regras precisa ser observado por bateladas.","Regras sao simples, mas efeitos globais emergentes exigem analise por metricas."
30,2029,"E936FF63","Qualitativo","Flow","4/5","Likert 1-5","Estimado automaticamente","Parametro medido sobre a saida do Cellular Automata puro.","Indica fluidez de navegacao esperada.","Fluxo global nao e garantido; depende de conectividade emergente."
30,2029,"E936FF63","Qualitativo","Legibility","4/5","Likert 1-5","Estimado automaticamente","Parametro medido sobre a saida do Cellular Automata puro.","A legibilidade depende do equilibrio entre areas abertas, gargalos e ilhas desconectadas.","Cavernas organicas podem ser bonitas, mas menos legiveis que salas retangulares."
30,2029,"E936FF63","Qualitativo","StructuralVariety","2/5","Likert 1-5","Estimado automaticamente","Parametro medido sobre a saida do Cellular Automata puro.","Indica variedade estrutural dentro desta execucao.","Boa variedade morfologica; menor controle sobre semantica estrutural."
30,2029,"E936FF63","Performance","layoutGenerationMilliseconds","29.292","ms","Medido","Tempo para inicializar ruido, executar iteracoes celulares e extrair componentes.","Representa o custo algoritmico principal.","Inclui ruido inicial, iteracoes celulares e extracao de componentes."
30,2029,"E936FF63","Performance","geometryInstantiationMilliseconds","89.319","ms","Medido","Parametro medido sobre a saida do Cellular Automata puro.","A execucao incluiu custo visual.","Custo visual depende dos prefabs/Unity, nao do CA puro."
30,2029,"E936FF63","Performance","metricsCalculationMilliseconds","3.556","ms","Medido","Parametro medido sobre a saida do Cellular Automata puro.","Ajuda a quantificar custo da instrumentacao.","Custo da instrumentacao, nao do algoritmo."
30,2029,"E936FF63","Performance","totalGenerationMilliseconds","122.17","ms","Medido","Parametro medido sobre a saida do Cellular Automata puro.","Inclui layout, instanciacao visual habilitada e calculo de metricas.","Inclui layout, instanciacao visual e metricas; compare junto do tempo logico."
30,2029,"E936FF63","Performance","generatedGameObjectCount","8171","contagem","Medido","Parametro medido sobre a saida do Cellular Automata puro.","Indica peso potencial de instanciacao no Unity.","Reflete peso da montagem visual das celulas abertas."
30,2029,"E936FF63","Performance","occupiedCellCount","7071","contagem","Medido","Parametro medido sobre a saida do Cellular Automata puro.","Proxy de escala espacial da dungeon.","Proxy do volume aberto gerado pelo CA."
30,2029,"E936FF63","Performance","connectionCount","1","contagem","Medido","Quantidade de conexoes inferidas por gargalos/passagens ou sobreposicoes verticais.","Proxy de complexidade topologica.","Conexoes sao inferidas apos a geracao; nao sao primitivas nativas do CA."
30,2029,"E936FF63","Performance","managedMemoryDeltaKB","21248","KB","Estimado","Parametro medido sobre a saida do Cellular Automata puro.","Valor aproximado, sensivel a GC e ao estado do Editor.","Estimativa sujeita ao GC da Unity; use como indicio comparativo."
