runIndex,seed,topologyHash,category,parameterName,value,unit,status,collectionMethod,interpretation,algorithmApplicability
1,2000,"27C29434","Quantitativo","numRoomsTarget","2","contagem","Medido","Extracao de componentes abertos e densos apos a escavacao dos caminhantes.","Tamanho estrutural da dungeon nesta execucao.","Drunkard Walk nao cria salas planejadas; regioes amplas aparecem quando o passeio se auto-intersecta ou recebe stamps locais."
1,2000,"27C29434","Quantitativo","connectivityRatio","100%","%","Medido","Busca no grafo extraido de componentes escavados; nenhuma conexao artificial e criada.","Mostra se as regioes escavadas permaneceram conectadas sem flood-fill reparador, BSP, grafo-guia ou abertura posterior de tuneis.","Com caminhantes reiniciando apenas em celulas ja escavadas, a tendencia e conectividade alta; se falhar, e limitacao da extracao ou da variante multiandar."
1,2000,"27C29434","Quantitativo","verticalVariance","2","metros","Medido","Desvio padrao das alturas dos componentes extraidos do volume escavado.","Ha variacao vertical mensuravel entre salas.","Verticalidade so aparece quando a opcao multiandar permite passos verticais do proprio caminhante."
1,2000,"27C29434","Quantitativo","fillPercentage","30.03%","%","Medido","Celulas escavadas pelos caminhantes divididas pelo total do volume.","Indica densidade espacial da dungeon.","Densidade e controlada por meta de preenchimento, passos maximos, raio do pincel e stamps de sala."
1,2000,"27C29434","Quantitativo","branchFactor","1","media","Medido","Media de conexoes entre componentes extraidos por passagens estreitas geradas pelo passeio.","Layout mais linear, com poucas bifurcacoes.","Ramificacao emerge de reinicios em celulas ja escavadas e mudancas de direcao, nao de um grafo explicito."
1,2000,"27C29434","Quantitativo","avgPathLength","8","metros","Medido","Distancias no grafo extraido do resultado do passeio aleatorio.","Distancia media a partir da sala inicial.","Caminhos sao medidos depois da extracao; o passeio nao escolhe objetivo final semanticamente."
1,2000,"27C29434","Quantitativo","uniqueModules","21","contagem","Medido","Contagem de categorias logicas e prefabs usados na leitura/instanciacao do resultado.","Indica variedade basica de composicao.","O algoritmo varia forma do caminho; variedade modular depende da biblioteca e da camada de instanciacao."
1,2000,"27C29434","Quantitativo","navigableVolumeRatio","100%","%","Estimado sem NavMesh","Estimativa logica de celulas abertas antes de NavMesh.","Use como estimativa inicial, nao como validacao fisica final.","Proxy logico; deve ser confirmado com NavMesh/colisao em uma validacao fisica."
1,2000,"27C29434","Quantitativo","criticalPathLength","8","metros","Medido","Maior distancia no grafo extraido a partir do componente inicial.","Aproxima o percurso principal inicio-objetivo.","Pode gerar caminho longo por caminhada sinuosa, mas nao controla pacing ou progressao de missao sozinho."
1,2000,"27C29434","Quantitativo","avgAlternativePathLength","0","metros","Medido","Media de conexoes marcadas como ciclos emergentes entre componentes.","Nao houve caminho alternativo nesta execucao.","Loops podem emergir por auto-interseccao do passeio, mas nao sao garantidos por planejamento global."
1,2000,"27C29434","Booleano","SupportsRandomEnemySpawns","Sim, testado","sim/nao","Suportado","Parametro medido sobre a saida do Drunkard Walk puro.","Sistema configurado e com orcamento ativo.","Spawns usam regioes escavadas; balanceamento nao e propriedade nativa do Drunkard Walk."
1,2000,"27C29434","Booleano","SupportsLootDistribution","Sim, testado","sim/nao","Suportado","Parametro medido sobre a saida do Drunkard Walk puro.","Sistema configurado e com orcamento ativo.","Loot pode ser colocado nas regioes escavadas, mas progressao por risco depende de outra camada."
1,2000,"27C29434","Booleano","SupportsTraps","Sim, testado","sim/nao","Suportado","Parametro medido sobre a saida do Drunkard Walk puro.","Sistema configurado e com orcamento ativo.","Armadilhas podem usar celulas escavadas/gargalos, mas sem semantica global nativa."
1,2000,"27C29434","Booleano","SupportsBacktrackingLoops","Nao","sim/nao","Medido","Parametro medido sobre a saida do Drunkard Walk puro.","Parametro atendido somente quando as conexoes emergentes formam ciclos no grafo extraido.","Loops podem aparecer por auto-interseccao, mas nao ha garantia de ciclo jogavel em toda seed."
1,2000,"27C29434","Booleano","SupportsVerticalConnectors","Sim","sim/nao","Medido","Conta execucoes em que o passeio vertical escavou celulas alinhadas entre pavimentos.","Parametro atendido apenas se o proprio caminhante puder subir/descer e produzir alinhamentos entre pavimentos.","Possivel apenas na extensao multiandar em que o proprio caminhante faz passos verticais."
1,2000,"27C29434","Booleano","SupportsMultiFloor","Sim","sim/nao","Medido","Conta execucoes com mais de um pavimento e pelo menos uma conexao vertical inferida do proprio passeio.","Parametro atendido quando existe conexao vertical inferida do passeio multiandar.","Drunkard Walk 2D puro nao e multiandar; o passeio 3D continua puro, mas deve ser relatado como extensao volumetrica."
1,2000,"27C29434","Booleano","SupportsBossArena","Sim","sim/nao","Medido","Parametro medido sobre a saida do Drunkard Walk puro.","Existe ao menos uma sala grande o suficiente.","Areas grandes podem surgir por stamps ou sobreposicao de passos, mas nao sao arenas semanticamente planejadas."
1,2000,"27C29434","Booleano","SeedReproducible","Sim","sim/nao","Medido","Parametro medido sobre a saida do Drunkard Walk puro.","A seed reproduziu a mesma topologia.","Resultado reproduzivel quando o passeio usa a mesma seed."
1,2000,"27C29434","Booleano","RuntimeRegeneration","Sim","sim/nao","Medido","Parametro medido sobre a saida do Drunkard Walk puro.","Tempo registrado: 56.189 ms.","Custo cresce com tamanho do grid, quantidade de passos, caminhantes e raio de escavacao."
1,2000,"27C29434","Booleano","BudgetAwareSpawns","Sim","sim/nao","Suportado","Parametro medido sobre a saida do Drunkard Walk puro.","Orcamentos registrados: inimigos 10, loot 6, armadilhas 4.","Orcamento e aplicado apos a geracao, sobre celulas livres extraidas."
1,2000,"27C29434","Qualitativo","Replayability","5/5","Likert 1-5","Estimado automaticamente","Parametro medido sobre a saida do Drunkard Walk puro.","Diversidade topologica: 100%.","Alta variacao de percurso entre seeds e esperada."
1,2000,"27C29434","Qualitativo","Debuggability","5/5","Likert 1-5","Estimado automaticamente","Parametro medido sobre a saida do Drunkard Walk puro.","Drunkard Walk e reproduzivel e simples de depurar, pois o caminho do caminhante explica diretamente a area escavada.","O caminho do caminhante e facil de repetir e inspecionar, mas metricas ajudam a quantificar sinuosidade e loops."
1,2000,"27C29434","Qualitativo","Flow","4/5","Likert 1-5","Estimado automaticamente","Parametro medido sobre a saida do Drunkard Walk puro.","Indica fluidez de navegacao esperada.","Fluxo tende a ser continuo, mas pode ficar sinuoso demais ou pouco ramificado."
1,2000,"27C29434","Qualitativo","Legibility","5/5","Likert 1-5","Estimado automaticamente","Parametro medido sobre a saida do Drunkard Walk puro.","A legibilidade depende do equilibrio entre corredor escavado, areas abertas e excesso de sinuosidade.","Corredores escavados podem ser claros, mas excesso de curvas reduz orientacao."
1,2000,"27C29434","Qualitativo","StructuralVariety","2/5","Likert 1-5","Estimado automaticamente","Parametro medido sobre a saida do Drunkard Walk puro.","Indica variedade estrutural dentro desta execucao.","Boa variedade de trajetos; menor controle sobre categorias semanticas de sala."
1,2000,"27C29434","Performance","layoutGenerationMilliseconds","10.264","ms","Medido","Tempo para executar caminhantes, escavar celulas e extrair componentes.","Representa o custo algoritmico principal.","Inclui passeio aleatorio, escavacao e extracao de componentes."
1,2000,"27C29434","Performance","geometryInstantiationMilliseconds","44.525","ms","Medido","Parametro medido sobre a saida do Drunkard Walk puro.","A execucao incluiu custo visual.","Custo visual depende dos prefabs/Unity, nao do Drunkard Walk puro."
1,2000,"27C29434","Performance","metricsCalculationMilliseconds","1.397","ms","Medido","Parametro medido sobre a saida do Drunkard Walk puro.","Ajuda a quantificar custo da instrumentacao.","Custo da instrumentacao, nao do algoritmo."
1,2000,"27C29434","Performance","totalGenerationMilliseconds","56.189","ms","Medido","Parametro medido sobre a saida do Drunkard Walk puro.","Inclui layout, instanciacao visual habilitada e calculo de metricas.","Inclui layout, instanciacao visual e metricas; compare junto do tempo logico."
1,2000,"27C29434","Performance","generatedGameObjectCount","3076","contagem","Medido","Parametro medido sobre a saida do Drunkard Walk puro.","Indica peso potencial de instanciacao no Unity.","Reflete peso da montagem visual das celulas abertas."
1,2000,"27C29434","Performance","occupiedCellCount","2460","contagem","Medido","Parametro medido sobre a saida do Drunkard Walk puro.","Proxy de escala espacial da dungeon.","Proxy do volume escavado pelo Drunkard Walk."
1,2000,"27C29434","Performance","connectionCount","1","contagem","Medido","Quantidade de conexoes inferidas por gargalos/passagens ou passos verticais.","Proxy de complexidade topologica.","Conexoes sao inferidas apos a geracao; o algoritmo nativo e um passeio, nao um grafo explicito."
1,2000,"27C29434","Performance","managedMemoryDeltaKB","7684","KB","Estimado","Parametro medido sobre a saida do Drunkard Walk puro.","Valor aproximado, sensivel a GC e ao estado do Editor.","Estimativa sujeita ao GC da Unity; use como indicio comparativo."
2,2001,"EFE326B1","Quantitativo","numRoomsTarget","3","contagem","Medido","Extracao de componentes abertos e densos apos a escavacao dos caminhantes.","Tamanho estrutural da dungeon nesta execucao.","Drunkard Walk nao cria salas planejadas; regioes amplas aparecem quando o passeio se auto-intersecta ou recebe stamps locais."
2,2001,"EFE326B1","Quantitativo","connectivityRatio","100%","%","Medido","Busca no grafo extraido de componentes escavados; nenhuma conexao artificial e criada.","Mostra se as regioes escavadas permaneceram conectadas sem flood-fill reparador, BSP, grafo-guia ou abertura posterior de tuneis.","Com caminhantes reiniciando apenas em celulas ja escavadas, a tendencia e conectividade alta; se falhar, e limitacao da extracao ou da variante multiandar."
2,2001,"EFE326B1","Quantitativo","verticalVariance","1.886","metros","Medido","Desvio padrao das alturas dos componentes extraidos do volume escavado.","Ha variacao vertical mensuravel entre salas.","Verticalidade so aparece quando a opcao multiandar permite passos verticais do proprio caminhante."
2,2001,"EFE326B1","Quantitativo","fillPercentage","30.03%","%","Medido","Celulas escavadas pelos caminhantes divididas pelo total do volume.","Indica densidade espacial da dungeon.","Densidade e controlada por meta de preenchimento, passos maximos, raio do pincel e stamps de sala."
2,2001,"EFE326B1","Quantitativo","branchFactor","1.333","media","Medido","Media de conexoes entre componentes extraidos por passagens estreitas geradas pelo passeio.","Layout mais linear, com poucas bifurcacoes.","Ramificacao emerge de reinicios em celulas ja escavadas e mudancas de direcao, nao de um grafo explicito."
2,2001,"EFE326B1","Quantitativo","avgPathLength","26.484","metros","Medido","Distancias no grafo extraido do resultado do passeio aleatorio.","Distancia media a partir da sala inicial.","Caminhos sao medidos depois da extracao; o passeio nao escolhe objetivo final semanticamente."
2,2001,"EFE326B1","Quantitativo","uniqueModules","21","contagem","Medido","Contagem de categorias logicas e prefabs usados na leitura/instanciacao do resultado.","Indica variedade basica de composicao.","O algoritmo varia forma do caminho; variedade modular depende da biblioteca e da camada de instanciacao."
2,2001,"EFE326B1","Quantitativo","navigableVolumeRatio","100%","%","Estimado sem NavMesh","Estimativa logica de celulas abertas antes de NavMesh.","Use como estimativa inicial, nao como validacao fisica final.","Proxy logico; deve ser confirmado com NavMesh/colisao em uma validacao fisica."
2,2001,"EFE326B1","Quantitativo","criticalPathLength","36.802","metros","Medido","Maior distancia no grafo extraido a partir do componente inicial.","Aproxima o percurso principal inicio-objetivo.","Pode gerar caminho longo por caminhada sinuosa, mas nao controla pacing ou progressao de missao sozinho."
2,2001,"EFE326B1","Quantitativo","avgAlternativePathLength","0","metros","Medido","Media de conexoes marcadas como ciclos emergentes entre componentes.","Nao houve caminho alternativo nesta execucao.","Loops podem emergir por auto-interseccao do passeio, mas nao sao garantidos por planejamento global."
2,2001,"EFE326B1","Booleano","SupportsRandomEnemySpawns","Sim, testado","sim/nao","Suportado","Parametro medido sobre a saida do Drunkard Walk puro.","Sistema configurado e com orcamento ativo.","Spawns usam regioes escavadas; balanceamento nao e propriedade nativa do Drunkard Walk."
2,2001,"EFE326B1","Booleano","SupportsLootDistribution","Sim, testado","sim/nao","Suportado","Parametro medido sobre a saida do Drunkard Walk puro.","Sistema configurado e com orcamento ativo.","Loot pode ser colocado nas regioes escavadas, mas progressao por risco depende de outra camada."
2,2001,"EFE326B1","Booleano","SupportsTraps","Sim, testado","sim/nao","Suportado","Parametro medido sobre a saida do Drunkard Walk puro.","Sistema configurado e com orcamento ativo.","Armadilhas podem usar celulas escavadas/gargalos, mas sem semantica global nativa."
2,2001,"EFE326B1","Booleano","SupportsBacktrackingLoops","Nao","sim/nao","Medido","Parametro medido sobre a saida do Drunkard Walk puro.","Parametro atendido somente quando as conexoes emergentes formam ciclos no grafo extraido.","Loops podem aparecer por auto-interseccao, mas nao ha garantia de ciclo jogavel em toda seed."
2,2001,"EFE326B1","Booleano","SupportsVerticalConnectors","Sim","sim/nao","Medido","Conta execucoes em que o passeio vertical escavou celulas alinhadas entre pavimentos.","Parametro atendido apenas se o proprio caminhante puder subir/descer e produzir alinhamentos entre pavimentos.","Possivel apenas na extensao multiandar em que o proprio caminhante faz passos verticais."
2,2001,"EFE326B1","Booleano","SupportsMultiFloor","Sim","sim/nao","Medido","Conta execucoes com mais de um pavimento e pelo menos uma conexao vertical inferida do proprio passeio.","Parametro atendido quando existe conexao vertical inferida do passeio multiandar.","Drunkard Walk 2D puro nao e multiandar; o passeio 3D continua puro, mas deve ser relatado como extensao volumetrica."
2,2001,"EFE326B1","Booleano","SupportsBossArena","Sim","sim/nao","Medido","Parametro medido sobre a saida do Drunkard Walk puro.","Existe ao menos uma sala grande o suficiente.","Areas grandes podem surgir por stamps ou sobreposicao de passos, mas nao sao arenas semanticamente planejadas."
2,2001,"EFE326B1","Booleano","SeedReproducible","Sim","sim/nao","Medido","Parametro medido sobre a saida do Drunkard Walk puro.","A seed reproduziu a mesma topologia.","Resultado reproduzivel quando o passeio usa a mesma seed."
2,2001,"EFE326B1","Booleano","RuntimeRegeneration","Sim","sim/nao","Medido","Parametro medido sobre a saida do Drunkard Walk puro.","Tempo registrado: 95.727 ms.","Custo cresce com tamanho do grid, quantidade de passos, caminhantes e raio de escavacao."
2,2001,"EFE326B1","Booleano","BudgetAwareSpawns","Sim","sim/nao","Suportado","Parametro medido sobre a saida do Drunkard Walk puro.","Orcamentos registrados: inimigos 10, loot 6, armadilhas 4.","Orcamento e aplicado apos a geracao, sobre celulas livres extraidas."
2,2001,"EFE326B1","Qualitativo","Replayability","5/5","Likert 1-5","Estimado automaticamente","Parametro medido sobre a saida do Drunkard Walk puro.","Diversidade topologica: 100%.","Alta variacao de percurso entre seeds e esperada."
2,2001,"EFE326B1","Qualitativo","Debuggability","5/5","Likert 1-5","Estimado automaticamente","Parametro medido sobre a saida do Drunkard Walk puro.","Drunkard Walk e reproduzivel e simples de depurar, pois o caminho do caminhante explica diretamente a area escavada.","O caminho do caminhante e facil de repetir e inspecionar, mas metricas ajudam a quantificar sinuosidade e loops."
2,2001,"EFE326B1","Qualitativo","Flow","5/5","Likert 1-5","Estimado automaticamente","Parametro medido sobre a saida do Drunkard Walk puro.","Indica fluidez de navegacao esperada.","Fluxo tende a ser continuo, mas pode ficar sinuoso demais ou pouco ramificado."
2,2001,"EFE326B1","Qualitativo","Legibility","5/5","Likert 1-5","Estimado automaticamente","Parametro medido sobre a saida do Drunkard Walk puro.","A legibilidade depende do equilibrio entre corredor escavado, areas abertas e excesso de sinuosidade.","Corredores escavados podem ser claros, mas excesso de curvas reduz orientacao."
2,2001,"EFE326B1","Qualitativo","StructuralVariety","2/5","Likert 1-5","Estimado automaticamente","Parametro medido sobre a saida do Drunkard Walk puro.","Indica variedade estrutural dentro desta execucao.","Boa variedade de trajetos; menor controle sobre categorias semanticas de sala."
2,2001,"EFE326B1","Performance","layoutGenerationMilliseconds","18.299","ms","Medido","Tempo para executar caminhantes, escavar celulas e extrair componentes.","Representa o custo algoritmico principal.","Inclui passeio aleatorio, escavacao e extracao de componentes."
2,2001,"EFE326B1","Performance","geometryInstantiationMilliseconds","71.546","ms","Medido","Parametro medido sobre a saida do Drunkard Walk puro.","A execucao incluiu custo visual.","Custo visual depende dos prefabs/Unity, nao do Drunkard Walk puro."
2,2001,"EFE326B1","Performance","metricsCalculationMilliseconds","5.879","ms","Medido","Parametro medido sobre a saida do Drunkard Walk puro.","Ajuda a quantificar custo da instrumentacao.","Custo da instrumentacao, nao do algoritmo."
2,2001,"EFE326B1","Performance","totalGenerationMilliseconds","95.727","ms","Medido","Parametro medido sobre a saida do Drunkard Walk puro.","Inclui layout, instanciacao visual habilitada e calculo de metricas.","Inclui layout, instanciacao visual e metricas; compare junto do tempo logico."
2,2001,"EFE326B1","Performance","generatedGameObjectCount","3261","contagem","Medido","Parametro medido sobre a saida do Drunkard Walk puro.","Indica peso potencial de instanciacao no Unity.","Reflete peso da montagem visual das celulas abertas."
2,2001,"EFE326B1","Performance","occupiedCellCount","2460","contagem","Medido","Parametro medido sobre a saida do Drunkard Walk puro.","Proxy de escala espacial da dungeon.","Proxy do volume escavado pelo Drunkard Walk."
2,2001,"EFE326B1","Performance","connectionCount","2","contagem","Medido","Quantidade de conexoes inferidas por gargalos/passagens ou passos verticais.","Proxy de complexidade topologica.","Conexoes sao inferidas apos a geracao; o algoritmo nativo e um passeio, nao um grafo explicito."
2,2001,"EFE326B1","Performance","managedMemoryDeltaKB","7720","KB","Estimado","Parametro medido sobre a saida do Drunkard Walk puro.","Valor aproximado, sensivel a GC e ao estado do Editor.","Estimativa sujeita ao GC da Unity; use como indicio comparativo."
3,2002,"0F2BCA01","Quantitativo","numRoomsTarget","2","contagem","Medido","Extracao de componentes abertos e densos apos a escavacao dos caminhantes.","Tamanho estrutural da dungeon nesta execucao.","Drunkard Walk nao cria salas planejadas; regioes amplas aparecem quando o passeio se auto-intersecta ou recebe stamps locais."
3,2002,"0F2BCA01","Quantitativo","connectivityRatio","100%","%","Medido","Busca no grafo extraido de componentes escavados; nenhuma conexao artificial e criada.","Mostra se as regioes escavadas permaneceram conectadas sem flood-fill reparador, BSP, grafo-guia ou abertura posterior de tuneis.","Com caminhantes reiniciando apenas em celulas ja escavadas, a tendencia e conectividade alta; se falhar, e limitacao da extracao ou da variante multiandar."
3,2002,"0F2BCA01","Quantitativo","verticalVariance","2","metros","Medido","Desvio padrao das alturas dos componentes extraidos do volume escavado.","Ha variacao vertical mensuravel entre salas.","Verticalidade so aparece quando a opcao multiandar permite passos verticais do proprio caminhante."
3,2002,"0F2BCA01","Quantitativo","fillPercentage","30.08%","%","Medido","Celulas escavadas pelos caminhantes divididas pelo total do volume.","Indica densidade espacial da dungeon.","Densidade e controlada por meta de preenchimento, passos maximos, raio do pincel e stamps de sala."
3,2002,"0F2BCA01","Quantitativo","branchFactor","1","media","Medido","Media de conexoes entre componentes extraidos por passagens estreitas geradas pelo passeio.","Layout mais linear, com poucas bifurcacoes.","Ramificacao emerge de reinicios em celulas ja escavadas e mudancas de direcao, nao de um grafo explicito."
3,2002,"0F2BCA01","Quantitativo","avgPathLength","12.944","metros","Medido","Distancias no grafo extraido do resultado do passeio aleatorio.","Distancia media a partir da sala inicial.","Caminhos sao medidos depois da extracao; o passeio nao escolhe objetivo final semanticamente."
3,2002,"0F2BCA01","Quantitativo","uniqueModules","18","contagem","Medido","Contagem de categorias logicas e prefabs usados na leitura/instanciacao do resultado.","Indica variedade basica de composicao.","O algoritmo varia forma do caminho; variedade modular depende da biblioteca e da camada de instanciacao."
3,2002,"0F2BCA01","Quantitativo","navigableVolumeRatio","100%","%","Estimado sem NavMesh","Estimativa logica de celulas abertas antes de NavMesh.","Use como estimativa inicial, nao como validacao fisica final.","Proxy logico; deve ser confirmado com NavMesh/colisao em uma validacao fisica."
3,2002,"0F2BCA01","Quantitativo","criticalPathLength","12.944","metros","Medido","Maior distancia no grafo extraido a partir do componente inicial.","Aproxima o percurso principal inicio-objetivo.","Pode gerar caminho longo por caminhada sinuosa, mas nao controla pacing ou progressao de missao sozinho."
3,2002,"0F2BCA01","Quantitativo","avgAlternativePathLength","0","metros","Medido","Media de conexoes marcadas como ciclos emergentes entre componentes.","Nao houve caminho alternativo nesta execucao.","Loops podem emergir por auto-interseccao do passeio, mas nao sao garantidos por planejamento global."
3,2002,"0F2BCA01","Booleano","SupportsRandomEnemySpawns","Sim, testado","sim/nao","Suportado","Parametro medido sobre a saida do Drunkard Walk puro.","Sistema configurado e com orcamento ativo.","Spawns usam regioes escavadas; balanceamento nao e propriedade nativa do Drunkard Walk."
3,2002,"0F2BCA01","Booleano","SupportsLootDistribution","Sim, testado","sim/nao","Suportado","Parametro medido sobre a saida do Drunkard Walk puro.","Sistema configurado e com orcamento ativo.","Loot pode ser colocado nas regioes escavadas, mas progressao por risco depende de outra camada."
3,2002,"0F2BCA01","Booleano","SupportsTraps","Sim, testado","sim/nao","Suportado","Parametro medido sobre a saida do Drunkard Walk puro.","Sistema configurado e com orcamento ativo.","Armadilhas podem usar celulas escavadas/gargalos, mas sem semantica global nativa."
3,2002,"0F2BCA01","Booleano","SupportsBacktrackingLoops","Nao","sim/nao","Medido","Parametro medido sobre a saida do Drunkard Walk puro.","Parametro atendido somente quando as conexoes emergentes formam ciclos no grafo extraido.","Loops podem aparecer por auto-interseccao, mas nao ha garantia de ciclo jogavel em toda seed."
3,2002,"0F2BCA01","Booleano","SupportsVerticalConnectors","Sim","sim/nao","Medido","Conta execucoes em que o passeio vertical escavou celulas alinhadas entre pavimentos.","Parametro atendido apenas se o proprio caminhante puder subir/descer e produzir alinhamentos entre pavimentos.","Possivel apenas na extensao multiandar em que o proprio caminhante faz passos verticais."
3,2002,"0F2BCA01","Booleano","SupportsMultiFloor","Sim","sim/nao","Medido","Conta execucoes com mais de um pavimento e pelo menos uma conexao vertical inferida do proprio passeio.","Parametro atendido quando existe conexao vertical inferida do passeio multiandar.","Drunkard Walk 2D puro nao e multiandar; o passeio 3D continua puro, mas deve ser relatado como extensao volumetrica."
3,2002,"0F2BCA01","Booleano","SupportsBossArena","Sim","sim/nao","Medido","Parametro medido sobre a saida do Drunkard Walk puro.","Existe ao menos uma sala grande o suficiente.","Areas grandes podem surgir por stamps ou sobreposicao de passos, mas nao sao arenas semanticamente planejadas."
3,2002,"0F2BCA01","Booleano","SeedReproducible","Sim","sim/nao","Medido","Parametro medido sobre a saida do Drunkard Walk puro.","A seed reproduziu a mesma topologia.","Resultado reproduzivel quando o passeio usa a mesma seed."
3,2002,"0F2BCA01","Booleano","RuntimeRegeneration","Sim","sim/nao","Medido","Parametro medido sobre a saida do Drunkard Walk puro.","Tempo registrado: 86.064 ms.","Custo cresce com tamanho do grid, quantidade de passos, caminhantes e raio de escavacao."
3,2002,"0F2BCA01","Booleano","BudgetAwareSpawns","Sim","sim/nao","Suportado","Parametro medido sobre a saida do Drunkard Walk puro.","Orcamentos registrados: inimigos 10, loot 6, armadilhas 4.","Orcamento e aplicado apos a geracao, sobre celulas livres extraidas."
3,2002,"0F2BCA01","Qualitativo","Replayability","5/5","Likert 1-5","Estimado automaticamente","Parametro medido sobre a saida do Drunkard Walk puro.","Diversidade topologica: 100%.","Alta variacao de percurso entre seeds e esperada."
3,2002,"0F2BCA01","Qualitativo","Debuggability","5/5","Likert 1-5","Estimado automaticamente","Parametro medido sobre a saida do Drunkard Walk puro.","Drunkard Walk e reproduzivel e simples de depurar, pois o caminho do caminhante explica diretamente a area escavada.","O caminho do caminhante e facil de repetir e inspecionar, mas metricas ajudam a quantificar sinuosidade e loops."
3,2002,"0F2BCA01","Qualitativo","Flow","4/5","Likert 1-5","Estimado automaticamente","Parametro medido sobre a saida do Drunkard Walk puro.","Indica fluidez de navegacao esperada.","Fluxo tende a ser continuo, mas pode ficar sinuoso demais ou pouco ramificado."
3,2002,"0F2BCA01","Qualitativo","Legibility","5/5","Likert 1-5","Estimado automaticamente","Parametro medido sobre a saida do Drunkard Walk puro.","A legibilidade depende do equilibrio entre corredor escavado, areas abertas e excesso de sinuosidade.","Corredores escavados podem ser claros, mas excesso de curvas reduz orientacao."
3,2002,"0F2BCA01","Qualitativo","StructuralVariety","2/5","Likert 1-5","Estimado automaticamente","Parametro medido sobre a saida do Drunkard Walk puro.","Indica variedade estrutural dentro desta execucao.","Boa variedade de trajetos; menor controle sobre categorias semanticas de sala."
3,2002,"0F2BCA01","Performance","layoutGenerationMilliseconds","42.137","ms","Medido","Tempo para executar caminhantes, escavar celulas e extrair componentes.","Representa o custo algoritmico principal.","Inclui passeio aleatorio, escavacao e extracao de componentes."
3,2002,"0F2BCA01","Performance","geometryInstantiationMilliseconds","42.604","ms","Medido","Parametro medido sobre a saida do Drunkard Walk puro.","A execucao incluiu custo visual.","Custo visual depende dos prefabs/Unity, nao do Drunkard Walk puro."
3,2002,"0F2BCA01","Performance","metricsCalculationMilliseconds","1.32","ms","Medido","Parametro medido sobre a saida do Drunkard Walk puro.","Ajuda a quantificar custo da instrumentacao.","Custo da instrumentacao, nao do algoritmo."
3,2002,"0F2BCA01","Performance","totalGenerationMilliseconds","86.064","ms","Medido","Parametro medido sobre a saida do Drunkard Walk puro.","Inclui layout, instanciacao visual habilitada e calculo de metricas.","Inclui layout, instanciacao visual e metricas; compare junto do tempo logico."
3,2002,"0F2BCA01","Performance","generatedGameObjectCount","3115","contagem","Medido","Parametro medido sobre a saida do Drunkard Walk puro.","Indica peso potencial de instanciacao no Unity.","Reflete peso da montagem visual das celulas abertas."
3,2002,"0F2BCA01","Performance","occupiedCellCount","2464","contagem","Medido","Parametro medido sobre a saida do Drunkard Walk puro.","Proxy de escala espacial da dungeon.","Proxy do volume escavado pelo Drunkard Walk."
3,2002,"0F2BCA01","Performance","connectionCount","1","contagem","Medido","Quantidade de conexoes inferidas por gargalos/passagens ou passos verticais.","Proxy de complexidade topologica.","Conexoes sao inferidas apos a geracao; o algoritmo nativo e um passeio, nao um grafo explicito."
3,2002,"0F2BCA01","Performance","managedMemoryDeltaKB","-100776","KB","Estimado","Parametro medido sobre a saida do Drunkard Walk puro.","Valor aproximado, sensivel a GC e ao estado do Editor.","Estimativa sujeita ao GC da Unity; use como indicio comparativo."
4,2003,"C2A886F7","Quantitativo","numRoomsTarget","3","contagem","Medido","Extracao de componentes abertos e densos apos a escavacao dos caminhantes.","Tamanho estrutural da dungeon nesta execucao.","Drunkard Walk nao cria salas planejadas; regioes amplas aparecem quando o passeio se auto-intersecta ou recebe stamps locais."
4,2003,"C2A886F7","Quantitativo","connectivityRatio","100%","%","Medido","Busca no grafo extraido de componentes escavados; nenhuma conexao artificial e criada.","Mostra se as regioes escavadas permaneceram conectadas sem flood-fill reparador, BSP, grafo-guia ou abertura posterior de tuneis.","Com caminhantes reiniciando apenas em celulas ja escavadas, a tendencia e conectividade alta; se falhar, e limitacao da extracao ou da variante multiandar."
4,2003,"C2A886F7","Quantitativo","verticalVariance","1.886","metros","Medido","Desvio padrao das alturas dos componentes extraidos do volume escavado.","Ha variacao vertical mensuravel entre salas.","Verticalidade so aparece quando a opcao multiandar permite passos verticais do proprio caminhante."
4,2003,"C2A886F7","Quantitativo","fillPercentage","30.03%","%","Medido","Celulas escavadas pelos caminhantes divididas pelo total do volume.","Indica densidade espacial da dungeon.","Densidade e controlada por meta de preenchimento, passos maximos, raio do pincel e stamps de sala."
4,2003,"C2A886F7","Quantitativo","branchFactor","1.333","media","Medido","Media de conexoes entre componentes extraidos por passagens estreitas geradas pelo passeio.","Layout mais linear, com poucas bifurcacoes.","Ramificacao emerge de reinicios em celulas ja escavadas e mudancas de direcao, nao de um grafo explicito."
4,2003,"C2A886F7","Quantitativo","avgPathLength","42.907","metros","Medido","Distancias no grafo extraido do resultado do passeio aleatorio.","Distancia media a partir da sala inicial.","Caminhos sao medidos depois da extracao; o passeio nao escolhe objetivo final semanticamente."
4,2003,"C2A886F7","Quantitativo","uniqueModules","16","contagem","Medido","Contagem de categorias logicas e prefabs usados na leitura/instanciacao do resultado.","Indica variedade basica de composicao.","O algoritmo varia forma do caminho; variedade modular depende da biblioteca e da camada de instanciacao."
4,2003,"C2A886F7","Quantitativo","navigableVolumeRatio","100%","%","Estimado sem NavMesh","Estimativa logica de celulas abertas antes de NavMesh.","Use como estimativa inicial, nao como validacao fisica final.","Proxy logico; deve ser confirmado com NavMesh/colisao em uma validacao fisica."
4,2003,"C2A886F7","Quantitativo","criticalPathLength","71.815","metros","Medido","Maior distancia no grafo extraido a partir do componente inicial.","Aproxima o percurso principal inicio-objetivo.","Pode gerar caminho longo por caminhada sinuosa, mas nao controla pacing ou progressao de missao sozinho."
4,2003,"C2A886F7","Quantitativo","avgAlternativePathLength","0","metros","Medido","Media de conexoes marcadas como ciclos emergentes entre componentes.","Nao houve caminho alternativo nesta execucao.","Loops podem emergir por auto-interseccao do passeio, mas nao sao garantidos por planejamento global."
4,2003,"C2A886F7","Booleano","SupportsRandomEnemySpawns","Sim, testado","sim/nao","Suportado","Parametro medido sobre a saida do Drunkard Walk puro.","Sistema configurado e com orcamento ativo.","Spawns usam regioes escavadas; balanceamento nao e propriedade nativa do Drunkard Walk."
4,2003,"C2A886F7","Booleano","SupportsLootDistribution","Sim, testado","sim/nao","Suportado","Parametro medido sobre a saida do Drunkard Walk puro.","Sistema configurado e com orcamento ativo.","Loot pode ser colocado nas regioes escavadas, mas progressao por risco depende de outra camada."
4,2003,"C2A886F7","Booleano","SupportsTraps","Sim, testado","sim/nao","Suportado","Parametro medido sobre a saida do Drunkard Walk puro.","Sistema configurado e com orcamento ativo.","Armadilhas podem usar celulas escavadas/gargalos, mas sem semantica global nativa."
4,2003,"C2A886F7","Booleano","SupportsBacktrackingLoops","Nao","sim/nao","Medido","Parametro medido sobre a saida do Drunkard Walk puro.","Parametro atendido somente quando as conexoes emergentes formam ciclos no grafo extraido.","Loops podem aparecer por auto-interseccao, mas nao ha garantia de ciclo jogavel em toda seed."
4,2003,"C2A886F7","Booleano","SupportsVerticalConnectors","Sim","sim/nao","Medido","Conta execucoes em que o passeio vertical escavou celulas alinhadas entre pavimentos.","Parametro atendido apenas se o proprio caminhante puder subir/descer e produzir alinhamentos entre pavimentos.","Possivel apenas na extensao multiandar em que o proprio caminhante faz passos verticais."
4,2003,"C2A886F7","Booleano","SupportsMultiFloor","Sim","sim/nao","Medido","Conta execucoes com mais de um pavimento e pelo menos uma conexao vertical inferida do proprio passeio.","Parametro atendido quando existe conexao vertical inferida do passeio multiandar.","Drunkard Walk 2D puro nao e multiandar; o passeio 3D continua puro, mas deve ser relatado como extensao volumetrica."
4,2003,"C2A886F7","Booleano","SupportsBossArena","Sim","sim/nao","Medido","Parametro medido sobre a saida do Drunkard Walk puro.","Existe ao menos uma sala grande o suficiente.","Areas grandes podem surgir por stamps ou sobreposicao de passos, mas nao sao arenas semanticamente planejadas."
4,2003,"C2A886F7","Booleano","SeedReproducible","Sim","sim/nao","Medido","Parametro medido sobre a saida do Drunkard Walk puro.","A seed reproduziu a mesma topologia.","Resultado reproduzivel quando o passeio usa a mesma seed."
4,2003,"C2A886F7","Booleano","RuntimeRegeneration","Sim","sim/nao","Medido","Parametro medido sobre a saida do Drunkard Walk puro.","Tempo registrado: 50.741 ms.","Custo cresce com tamanho do grid, quantidade de passos, caminhantes e raio de escavacao."
4,2003,"C2A886F7","Booleano","BudgetAwareSpawns","Sim","sim/nao","Suportado","Parametro medido sobre a saida do Drunkard Walk puro.","Orcamentos registrados: inimigos 10, loot 6, armadilhas 4.","Orcamento e aplicado apos a geracao, sobre celulas livres extraidas."
4,2003,"C2A886F7","Qualitativo","Replayability","5/5","Likert 1-5","Estimado automaticamente","Parametro medido sobre a saida do Drunkard Walk puro.","Diversidade topologica: 100%.","Alta variacao de percurso entre seeds e esperada."
4,2003,"C2A886F7","Qualitativo","Debuggability","5/5","Likert 1-5","Estimado automaticamente","Parametro medido sobre a saida do Drunkard Walk puro.","Drunkard Walk e reproduzivel e simples de depurar, pois o caminho do caminhante explica diretamente a area escavada.","O caminho do caminhante e facil de repetir e inspecionar, mas metricas ajudam a quantificar sinuosidade e loops."
4,2003,"C2A886F7","Qualitativo","Flow","5/5","Likert 1-5","Estimado automaticamente","Parametro medido sobre a saida do Drunkard Walk puro.","Indica fluidez de navegacao esperada.","Fluxo tende a ser continuo, mas pode ficar sinuoso demais ou pouco ramificado."
4,2003,"C2A886F7","Qualitativo","Legibility","5/5","Likert 1-5","Estimado automaticamente","Parametro medido sobre a saida do Drunkard Walk puro.","A legibilidade depende do equilibrio entre corredor escavado, areas abertas e excesso de sinuosidade.","Corredores escavados podem ser claros, mas excesso de curvas reduz orientacao."
4,2003,"C2A886F7","Qualitativo","StructuralVariety","2/5","Likert 1-5","Estimado automaticamente","Parametro medido sobre a saida do Drunkard Walk puro.","Indica variedade estrutural dentro desta execucao.","Boa variedade de trajetos; menor controle sobre categorias semanticas de sala."
4,2003,"C2A886F7","Performance","layoutGenerationMilliseconds","9.961","ms","Medido","Tempo para executar caminhantes, escavar celulas e extrair componentes.","Representa o custo algoritmico principal.","Inclui passeio aleatorio, escavacao e extracao de componentes."
4,2003,"C2A886F7","Performance","geometryInstantiationMilliseconds","39.289","ms","Medido","Parametro medido sobre a saida do Drunkard Walk puro.","A execucao incluiu custo visual.","Custo visual depende dos prefabs/Unity, nao do Drunkard Walk puro."
4,2003,"C2A886F7","Performance","metricsCalculationMilliseconds","1.488","ms","Medido","Parametro medido sobre a saida do Drunkard Walk puro.","Ajuda a quantificar custo da instrumentacao.","Custo da instrumentacao, nao do algoritmo."
4,2003,"C2A886F7","Performance","totalGenerationMilliseconds","50.741","ms","Medido","Parametro medido sobre a saida do Drunkard Walk puro.","Inclui layout, instanciacao visual habilitada e calculo de metricas.","Inclui layout, instanciacao visual e metricas; compare junto do tempo logico."
4,2003,"C2A886F7","Performance","generatedGameObjectCount","3064","contagem","Medido","Parametro medido sobre a saida do Drunkard Walk puro.","Indica peso potencial de instanciacao no Unity.","Reflete peso da montagem visual das celulas abertas."
4,2003,"C2A886F7","Performance","occupiedCellCount","2460","contagem","Medido","Parametro medido sobre a saida do Drunkard Walk puro.","Proxy de escala espacial da dungeon.","Proxy do volume escavado pelo Drunkard Walk."
4,2003,"C2A886F7","Performance","connectionCount","2","contagem","Medido","Quantidade de conexoes inferidas por gargalos/passagens ou passos verticais.","Proxy de complexidade topologica.","Conexoes sao inferidas apos a geracao; o algoritmo nativo e um passeio, nao um grafo explicito."
4,2003,"C2A886F7","Performance","managedMemoryDeltaKB","3332","KB","Estimado","Parametro medido sobre a saida do Drunkard Walk puro.","Valor aproximado, sensivel a GC e ao estado do Editor.","Estimativa sujeita ao GC da Unity; use como indicio comparativo."
5,2004,"BEBF0A25","Quantitativo","numRoomsTarget","3","contagem","Medido","Extracao de componentes abertos e densos apos a escavacao dos caminhantes.","Tamanho estrutural da dungeon nesta execucao.","Drunkard Walk nao cria salas planejadas; regioes amplas aparecem quando o passeio se auto-intersecta ou recebe stamps locais."
5,2004,"BEBF0A25","Quantitativo","connectivityRatio","100%","%","Medido","Busca no grafo extraido de componentes escavados; nenhuma conexao artificial e criada.","Mostra se as regioes escavadas permaneceram conectadas sem flood-fill reparador, BSP, grafo-guia ou abertura posterior de tuneis.","Com caminhantes reiniciando apenas em celulas ja escavadas, a tendencia e conectividade alta; se falhar, e limitacao da extracao ou da variante multiandar."
5,2004,"BEBF0A25","Quantitativo","verticalVariance","1.886","metros","Medido","Desvio padrao das alturas dos componentes extraidos do volume escavado.","Ha variacao vertical mensuravel entre salas.","Verticalidade so aparece quando a opcao multiandar permite passos verticais do proprio caminhante."
5,2004,"BEBF0A25","Quantitativo","fillPercentage","30.05%","%","Medido","Celulas escavadas pelos caminhantes divididas pelo total do volume.","Indica densidade espacial da dungeon.","Densidade e controlada por meta de preenchimento, passos maximos, raio do pincel e stamps de sala."
5,2004,"BEBF0A25","Quantitativo","branchFactor","1.333","media","Medido","Media de conexoes entre componentes extraidos por passagens estreitas geradas pelo passeio.","Layout mais linear, com poucas bifurcacoes.","Ramificacao emerge de reinicios em celulas ja escavadas e mudancas de direcao, nao de um grafo explicito."
5,2004,"BEBF0A25","Quantitativo","avgPathLength","39.514","metros","Medido","Distancias no grafo extraido do resultado do passeio aleatorio.","Distancia media a partir da sala inicial.","Caminhos sao medidos depois da extracao; o passeio nao escolhe objetivo final semanticamente."
5,2004,"BEBF0A25","Quantitativo","uniqueModules","19","contagem","Medido","Contagem de categorias logicas e prefabs usados na leitura/instanciacao do resultado.","Indica variedade basica de composicao.","O algoritmo varia forma do caminho; variedade modular depende da biblioteca e da camada de instanciacao."
5,2004,"BEBF0A25","Quantitativo","navigableVolumeRatio","100%","%","Estimado sem NavMesh","Estimativa logica de celulas abertas antes de NavMesh.","Use como estimativa inicial, nao como validacao fisica final.","Proxy logico; deve ser confirmado com NavMesh/colisao em uma validacao fisica."
5,2004,"BEBF0A25","Quantitativo","criticalPathLength","60.886","metros","Medido","Maior distancia no grafo extraido a partir do componente inicial.","Aproxima o percurso principal inicio-objetivo.","Pode gerar caminho longo por caminhada sinuosa, mas nao controla pacing ou progressao de missao sozinho."
5,2004,"BEBF0A25","Quantitativo","avgAlternativePathLength","0","metros","Medido","Media de conexoes marcadas como ciclos emergentes entre componentes.","Nao houve caminho alternativo nesta execucao.","Loops podem emergir por auto-interseccao do passeio, mas nao sao garantidos por planejamento global."
5,2004,"BEBF0A25","Booleano","SupportsRandomEnemySpawns","Sim, testado","sim/nao","Suportado","Parametro medido sobre a saida do Drunkard Walk puro.","Sistema configurado e com orcamento ativo.","Spawns usam regioes escavadas; balanceamento nao e propriedade nativa do Drunkard Walk."
5,2004,"BEBF0A25","Booleano","SupportsLootDistribution","Sim, testado","sim/nao","Suportado","Parametro medido sobre a saida do Drunkard Walk puro.","Sistema configurado e com orcamento ativo.","Loot pode ser colocado nas regioes escavadas, mas progressao por risco depende de outra camada."
5,2004,"BEBF0A25","Booleano","SupportsTraps","Sim, testado","sim/nao","Suportado","Parametro medido sobre a saida do Drunkard Walk puro.","Sistema configurado e com orcamento ativo.","Armadilhas podem usar celulas escavadas/gargalos, mas sem semantica global nativa."
5,2004,"BEBF0A25","Booleano","SupportsBacktrackingLoops","Nao","sim/nao","Medido","Parametro medido sobre a saida do Drunkard Walk puro.","Parametro atendido somente quando as conexoes emergentes formam ciclos no grafo extraido.","Loops podem aparecer por auto-interseccao, mas nao ha garantia de ciclo jogavel em toda seed."
5,2004,"BEBF0A25","Booleano","SupportsVerticalConnectors","Sim","sim/nao","Medido","Conta execucoes em que o passeio vertical escavou celulas alinhadas entre pavimentos.","Parametro atendido apenas se o proprio caminhante puder subir/descer e produzir alinhamentos entre pavimentos.","Possivel apenas na extensao multiandar em que o proprio caminhante faz passos verticais."
5,2004,"BEBF0A25","Booleano","SupportsMultiFloor","Sim","sim/nao","Medido","Conta execucoes com mais de um pavimento e pelo menos uma conexao vertical inferida do proprio passeio.","Parametro atendido quando existe conexao vertical inferida do passeio multiandar.","Drunkard Walk 2D puro nao e multiandar; o passeio 3D continua puro, mas deve ser relatado como extensao volumetrica."
5,2004,"BEBF0A25","Booleano","SupportsBossArena","Sim","sim/nao","Medido","Parametro medido sobre a saida do Drunkard Walk puro.","Existe ao menos uma sala grande o suficiente.","Areas grandes podem surgir por stamps ou sobreposicao de passos, mas nao sao arenas semanticamente planejadas."
5,2004,"BEBF0A25","Booleano","SeedReproducible","Sim","sim/nao","Medido","Parametro medido sobre a saida do Drunkard Walk puro.","A seed reproduziu a mesma topologia.","Resultado reproduzivel quando o passeio usa a mesma seed."
5,2004,"BEBF0A25","Booleano","RuntimeRegeneration","Sim","sim/nao","Medido","Parametro medido sobre a saida do Drunkard Walk puro.","Tempo registrado: 49.45 ms.","Custo cresce com tamanho do grid, quantidade de passos, caminhantes e raio de escavacao."
5,2004,"BEBF0A25","Booleano","BudgetAwareSpawns","Sim","sim/nao","Suportado","Parametro medido sobre a saida do Drunkard Walk puro.","Orcamentos registrados: inimigos 10, loot 6, armadilhas 4.","Orcamento e aplicado apos a geracao, sobre celulas livres extraidas."
5,2004,"BEBF0A25","Qualitativo","Replayability","5/5","Likert 1-5","Estimado automaticamente","Parametro medido sobre a saida do Drunkard Walk puro.","Diversidade topologica: 100%.","Alta variacao de percurso entre seeds e esperada."
5,2004,"BEBF0A25","Qualitativo","Debuggability","5/5","Likert 1-5","Estimado automaticamente","Parametro medido sobre a saida do Drunkard Walk puro.","Drunkard Walk e reproduzivel e simples de depurar, pois o caminho do caminhante explica diretamente a area escavada.","O caminho do caminhante e facil de repetir e inspecionar, mas metricas ajudam a quantificar sinuosidade e loops."
5,2004,"BEBF0A25","Qualitativo","Flow","5/5","Likert 1-5","Estimado automaticamente","Parametro medido sobre a saida do Drunkard Walk puro.","Indica fluidez de navegacao esperada.","Fluxo tende a ser continuo, mas pode ficar sinuoso demais ou pouco ramificado."
5,2004,"BEBF0A25","Qualitativo","Legibility","5/5","Likert 1-5","Estimado automaticamente","Parametro medido sobre a saida do Drunkard Walk puro.","A legibilidade depende do equilibrio entre corredor escavado, areas abertas e excesso de sinuosidade.","Corredores escavados podem ser claros, mas excesso de curvas reduz orientacao."
5,2004,"BEBF0A25","Qualitativo","StructuralVariety","2/5","Likert 1-5","Estimado automaticamente","Parametro medido sobre a saida do Drunkard Walk puro.","Indica variedade estrutural dentro desta execucao.","Boa variedade de trajetos; menor controle sobre categorias semanticas de sala."
5,2004,"BEBF0A25","Performance","layoutGenerationMilliseconds","9.555","ms","Medido","Tempo para executar caminhantes, escavar celulas e extrair componentes.","Representa o custo algoritmico principal.","Inclui passeio aleatorio, escavacao e extracao de componentes."
5,2004,"BEBF0A25","Performance","geometryInstantiationMilliseconds","38.552","ms","Medido","Parametro medido sobre a saida do Drunkard Walk puro.","A execucao incluiu custo visual.","Custo visual depende dos prefabs/Unity, nao do Drunkard Walk puro."
5,2004,"BEBF0A25","Performance","metricsCalculationMilliseconds","1.339","ms","Medido","Parametro medido sobre a saida do Drunkard Walk puro.","Ajuda a quantificar custo da instrumentacao.","Custo da instrumentacao, nao do algoritmo."
5,2004,"BEBF0A25","Performance","totalGenerationMilliseconds","49.45","ms","Medido","Parametro medido sobre a saida do Drunkard Walk puro.","Inclui layout, instanciacao visual habilitada e calculo de metricas.","Inclui layout, instanciacao visual e metricas; compare junto do tempo logico."
5,2004,"BEBF0A25","Performance","generatedGameObjectCount","3239","contagem","Medido","Parametro medido sobre a saida do Drunkard Walk puro.","Indica peso potencial de instanciacao no Unity.","Reflete peso da montagem visual das celulas abertas."
5,2004,"BEBF0A25","Performance","occupiedCellCount","2462","contagem","Medido","Parametro medido sobre a saida do Drunkard Walk puro.","Proxy de escala espacial da dungeon.","Proxy do volume escavado pelo Drunkard Walk."
5,2004,"BEBF0A25","Performance","connectionCount","2","contagem","Medido","Quantidade de conexoes inferidas por gargalos/passagens ou passos verticais.","Proxy de complexidade topologica.","Conexoes sao inferidas apos a geracao; o algoritmo nativo e um passeio, nao um grafo explicito."
5,2004,"BEBF0A25","Performance","managedMemoryDeltaKB","6444","KB","Estimado","Parametro medido sobre a saida do Drunkard Walk puro.","Valor aproximado, sensivel a GC e ao estado do Editor.","Estimativa sujeita ao GC da Unity; use como indicio comparativo."
6,2005,"B772FADF","Quantitativo","numRoomsTarget","5","contagem","Medido","Extracao de componentes abertos e densos apos a escavacao dos caminhantes.","Tamanho estrutural da dungeon nesta execucao.","Drunkard Walk nao cria salas planejadas; regioes amplas aparecem quando o passeio se auto-intersecta ou recebe stamps locais."
6,2005,"B772FADF","Quantitativo","connectivityRatio","60%","%","Medido","Busca no grafo extraido de componentes escavados; nenhuma conexao artificial e criada.","Mostra se as regioes escavadas permaneceram conectadas sem flood-fill reparador, BSP, grafo-guia ou abertura posterior de tuneis.","Com caminhantes reiniciando apenas em celulas ja escavadas, a tendencia e conectividade alta; se falhar, e limitacao da extracao ou da variante multiandar."
6,2005,"B772FADF","Quantitativo","verticalVariance","1.6","metros","Medido","Desvio padrao das alturas dos componentes extraidos do volume escavado.","Ha variacao vertical mensuravel entre salas.","Verticalidade so aparece quando a opcao multiandar permite passos verticais do proprio caminhante."
6,2005,"B772FADF","Quantitativo","fillPercentage","30.03%","%","Medido","Celulas escavadas pelos caminhantes divididas pelo total do volume.","Indica densidade espacial da dungeon.","Densidade e controlada por meta de preenchimento, passos maximos, raio do pincel e stamps de sala."
6,2005,"B772FADF","Quantitativo","branchFactor","0.8","media","Medido","Media de conexoes entre componentes extraidos por passagens estreitas geradas pelo passeio.","Layout mais linear, com poucas bifurcacoes.","Ramificacao emerge de reinicios em celulas ja escavadas e mudancas de direcao, nao de um grafo explicito."
6,2005,"B772FADF","Quantitativo","avgPathLength","25.125","metros","Medido","Distancias no grafo extraido do resultado do passeio aleatorio.","Distancia media a partir da sala inicial.","Caminhos sao medidos depois da extracao; o passeio nao escolhe objetivo final semanticamente."
6,2005,"B772FADF","Quantitativo","uniqueModules","21","contagem","Medido","Contagem de categorias logicas e prefabs usados na leitura/instanciacao do resultado.","Indica variedade basica de composicao.","O algoritmo varia forma do caminho; variedade modular depende da biblioteca e da camada de instanciacao."
6,2005,"B772FADF","Quantitativo","navigableVolumeRatio","100%","%","Estimado sem NavMesh","Estimativa logica de celulas abertas antes de NavMesh.","Use como estimativa inicial, nao como validacao fisica final.","Proxy logico; deve ser confirmado com NavMesh/colisao em uma validacao fisica."
6,2005,"B772FADF","Quantitativo","criticalPathLength","36.249","metros","Medido","Maior distancia no grafo extraido a partir do componente inicial.","Aproxima o percurso principal inicio-objetivo.","Pode gerar caminho longo por caminhada sinuosa, mas nao controla pacing ou progressao de missao sozinho."
6,2005,"B772FADF","Quantitativo","avgAlternativePathLength","0","metros","Medido","Media de conexoes marcadas como ciclos emergentes entre componentes.","Nao houve caminho alternativo nesta execucao.","Loops podem emergir por auto-interseccao do passeio, mas nao sao garantidos por planejamento global."
6,2005,"B772FADF","Booleano","SupportsRandomEnemySpawns","Sim, testado","sim/nao","Suportado","Parametro medido sobre a saida do Drunkard Walk puro.","Sistema configurado e com orcamento ativo.","Spawns usam regioes escavadas; balanceamento nao e propriedade nativa do Drunkard Walk."
6,2005,"B772FADF","Booleano","SupportsLootDistribution","Sim, testado","sim/nao","Suportado","Parametro medido sobre a saida do Drunkard Walk puro.","Sistema configurado e com orcamento ativo.","Loot pode ser colocado nas regioes escavadas, mas progressao por risco depende de outra camada."
6,2005,"B772FADF","Booleano","SupportsTraps","Sim, testado","sim/nao","Suportado","Parametro medido sobre a saida do Drunkard Walk puro.","Sistema configurado e com orcamento ativo.","Armadilhas podem usar celulas escavadas/gargalos, mas sem semantica global nativa."
6,2005,"B772FADF","Booleano","SupportsBacktrackingLoops","Nao","sim/nao","Medido","Parametro medido sobre a saida do Drunkard Walk puro.","Parametro atendido somente quando as conexoes emergentes formam ciclos no grafo extraido.","Loops podem aparecer por auto-interseccao, mas nao ha garantia de ciclo jogavel em toda seed."
6,2005,"B772FADF","Booleano","SupportsVerticalConnectors","Sim","sim/nao","Medido","Conta execucoes em que o passeio vertical escavou celulas alinhadas entre pavimentos.","Parametro atendido apenas se o proprio caminhante puder subir/descer e produzir alinhamentos entre pavimentos.","Possivel apenas na extensao multiandar em que o proprio caminhante faz passos verticais."
6,2005,"B772FADF","Booleano","SupportsMultiFloor","Sim","sim/nao","Medido","Conta execucoes com mais de um pavimento e pelo menos uma conexao vertical inferida do proprio passeio.","Parametro atendido quando existe conexao vertical inferida do passeio multiandar.","Drunkard Walk 2D puro nao e multiandar; o passeio 3D continua puro, mas deve ser relatado como extensao volumetrica."
6,2005,"B772FADF","Booleano","SupportsBossArena","Sim","sim/nao","Medido","Parametro medido sobre a saida do Drunkard Walk puro.","Existe ao menos uma sala grande o suficiente.","Areas grandes podem surgir por stamps ou sobreposicao de passos, mas nao sao arenas semanticamente planejadas."
6,2005,"B772FADF","Booleano","SeedReproducible","Sim","sim/nao","Medido","Parametro medido sobre a saida do Drunkard Walk puro.","A seed reproduziu a mesma topologia.","Resultado reproduzivel quando o passeio usa a mesma seed."
6,2005,"B772FADF","Booleano","RuntimeRegeneration","Sim","sim/nao","Medido","Parametro medido sobre a saida do Drunkard Walk puro.","Tempo registrado: 50.817 ms.","Custo cresce com tamanho do grid, quantidade de passos, caminhantes e raio de escavacao."
6,2005,"B772FADF","Booleano","BudgetAwareSpawns","Sim","sim/nao","Suportado","Parametro medido sobre a saida do Drunkard Walk puro.","Orcamentos registrados: inimigos 10, loot 6, armadilhas 4.","Orcamento e aplicado apos a geracao, sobre celulas livres extraidas."
6,2005,"B772FADF","Qualitativo","Replayability","5/5","Likert 1-5","Estimado automaticamente","Parametro medido sobre a saida do Drunkard Walk puro.","Diversidade topologica: 100%.","Alta variacao de percurso entre seeds e esperada."
6,2005,"B772FADF","Qualitativo","Debuggability","5/5","Likert 1-5","Estimado automaticamente","Parametro medido sobre a saida do Drunkard Walk puro.","Drunkard Walk e reproduzivel e simples de depurar, pois o caminho do caminhante explica diretamente a area escavada.","O caminho do caminhante e facil de repetir e inspecionar, mas metricas ajudam a quantificar sinuosidade e loops."
6,2005,"B772FADF","Qualitativo","Flow","2/5","Likert 1-5","Estimado automaticamente","Parametro medido sobre a saida do Drunkard Walk puro.","Indica fluidez de navegacao esperada.","Fluxo tende a ser continuo, mas pode ficar sinuoso demais ou pouco ramificado."
6,2005,"B772FADF","Qualitativo","Legibility","4/5","Likert 1-5","Estimado automaticamente","Parametro medido sobre a saida do Drunkard Walk puro.","A legibilidade depende do equilibrio entre corredor escavado, areas abertas e excesso de sinuosidade.","Corredores escavados podem ser claros, mas excesso de curvas reduz orientacao."
6,2005,"B772FADF","Qualitativo","StructuralVariety","2/5","Likert 1-5","Estimado automaticamente","Parametro medido sobre a saida do Drunkard Walk puro.","Indica variedade estrutural dentro desta execucao.","Boa variedade de trajetos; menor controle sobre categorias semanticas de sala."
6,2005,"B772FADF","Performance","layoutGenerationMilliseconds","9.501","ms","Medido","Tempo para executar caminhantes, escavar celulas e extrair componentes.","Representa o custo algoritmico principal.","Inclui passeio aleatorio, escavacao e extracao de componentes."
6,2005,"B772FADF","Performance","geometryInstantiationMilliseconds","40.103","ms","Medido","Parametro medido sobre a saida do Drunkard Walk puro.","A execucao incluiu custo visual.","Custo visual depende dos prefabs/Unity, nao do Drunkard Walk puro."
6,2005,"B772FADF","Performance","metricsCalculationMilliseconds","1.211","ms","Medido","Parametro medido sobre a saida do Drunkard Walk puro.","Ajuda a quantificar custo da instrumentacao.","Custo da instrumentacao, nao do algoritmo."
6,2005,"B772FADF","Performance","totalGenerationMilliseconds","50.817","ms","Medido","Parametro medido sobre a saida do Drunkard Walk puro.","Inclui layout, instanciacao visual habilitada e calculo de metricas.","Inclui layout, instanciacao visual e metricas; compare junto do tempo logico."
6,2005,"B772FADF","Performance","generatedGameObjectCount","3244","contagem","Medido","Parametro medido sobre a saida do Drunkard Walk puro.","Indica peso potencial de instanciacao no Unity.","Reflete peso da montagem visual das celulas abertas."
6,2005,"B772FADF","Performance","occupiedCellCount","2460","contagem","Medido","Parametro medido sobre a saida do Drunkard Walk puro.","Proxy de escala espacial da dungeon.","Proxy do volume escavado pelo Drunkard Walk."
6,2005,"B772FADF","Performance","connectionCount","2","contagem","Medido","Quantidade de conexoes inferidas por gargalos/passagens ou passos verticais.","Proxy de complexidade topologica.","Conexoes sao inferidas apos a geracao; o algoritmo nativo e um passeio, nao um grafo explicito."
6,2005,"B772FADF","Performance","managedMemoryDeltaKB","6492","KB","Estimado","Parametro medido sobre a saida do Drunkard Walk puro.","Valor aproximado, sensivel a GC e ao estado do Editor.","Estimativa sujeita ao GC da Unity; use como indicio comparativo."
7,2006,"99B52482","Quantitativo","numRoomsTarget","5","contagem","Medido","Extracao de componentes abertos e densos apos a escavacao dos caminhantes.","Tamanho estrutural da dungeon nesta execucao.","Drunkard Walk nao cria salas planejadas; regioes amplas aparecem quando o passeio se auto-intersecta ou recebe stamps locais."
7,2006,"99B52482","Quantitativo","connectivityRatio","60%","%","Medido","Busca no grafo extraido de componentes escavados; nenhuma conexao artificial e criada.","Mostra se as regioes escavadas permaneceram conectadas sem flood-fill reparador, BSP, grafo-guia ou abertura posterior de tuneis.","Com caminhantes reiniciando apenas em celulas ja escavadas, a tendencia e conectividade alta; se falhar, e limitacao da extracao ou da variante multiandar."
7,2006,"99B52482","Quantitativo","verticalVariance","1.96","metros","Medido","Desvio padrao das alturas dos componentes extraidos do volume escavado.","Ha variacao vertical mensuravel entre salas.","Verticalidade so aparece quando a opcao multiandar permite passos verticais do proprio caminhante."
7,2006,"99B52482","Quantitativo","fillPercentage","30.04%","%","Medido","Celulas escavadas pelos caminhantes divididas pelo total do volume.","Indica densidade espacial da dungeon.","Densidade e controlada por meta de preenchimento, passos maximos, raio do pincel e stamps de sala."
7,2006,"99B52482","Quantitativo","branchFactor","0.8","media","Medido","Media de conexoes entre componentes extraidos por passagens estreitas geradas pelo passeio.","Layout mais linear, com poucas bifurcacoes.","Ramificacao emerge de reinicios em celulas ja escavadas e mudancas de direcao, nao de um grafo explicito."
7,2006,"99B52482","Quantitativo","avgPathLength","32.495","metros","Medido","Distancias no grafo extraido do resultado do passeio aleatorio.","Distancia media a partir da sala inicial.","Caminhos sao medidos depois da extracao; o passeio nao escolhe objetivo final semanticamente."
7,2006,"99B52482","Quantitativo","uniqueModules","22","contagem","Medido","Contagem de categorias logicas e prefabs usados na leitura/instanciacao do resultado.","Indica variedade basica de composicao.","O algoritmo varia forma do caminho; variedade modular depende da biblioteca e da camada de instanciacao."
7,2006,"99B52482","Quantitativo","navigableVolumeRatio","100%","%","Estimado sem NavMesh","Estimativa logica de celulas abertas antes de NavMesh.","Use como estimativa inicial, nao como validacao fisica final.","Proxy logico; deve ser confirmado com NavMesh/colisao em uma validacao fisica."
7,2006,"99B52482","Quantitativo","criticalPathLength","54.99","metros","Medido","Maior distancia no grafo extraido a partir do componente inicial.","Aproxima o percurso principal inicio-objetivo.","Pode gerar caminho longo por caminhada sinuosa, mas nao controla pacing ou progressao de missao sozinho."
7,2006,"99B52482","Quantitativo","avgAlternativePathLength","0","metros","Medido","Media de conexoes marcadas como ciclos emergentes entre componentes.","Nao houve caminho alternativo nesta execucao.","Loops podem emergir por auto-interseccao do passeio, mas nao sao garantidos por planejamento global."
7,2006,"99B52482","Booleano","SupportsRandomEnemySpawns","Sim, testado","sim/nao","Suportado","Parametro medido sobre a saida do Drunkard Walk puro.","Sistema configurado e com orcamento ativo.","Spawns usam regioes escavadas; balanceamento nao e propriedade nativa do Drunkard Walk."
7,2006,"99B52482","Booleano","SupportsLootDistribution","Sim, testado","sim/nao","Suportado","Parametro medido sobre a saida do Drunkard Walk puro.","Sistema configurado e com orcamento ativo.","Loot pode ser colocado nas regioes escavadas, mas progressao por risco depende de outra camada."
7,2006,"99B52482","Booleano","SupportsTraps","Sim, testado","sim/nao","Suportado","Parametro medido sobre a saida do Drunkard Walk puro.","Sistema configurado e com orcamento ativo.","Armadilhas podem usar celulas escavadas/gargalos, mas sem semantica global nativa."
7,2006,"99B52482","Booleano","SupportsBacktrackingLoops","Nao","sim/nao","Medido","Parametro medido sobre a saida do Drunkard Walk puro.","Parametro atendido somente quando as conexoes emergentes formam ciclos no grafo extraido.","Loops podem aparecer por auto-interseccao, mas nao ha garantia de ciclo jogavel em toda seed."
7,2006,"99B52482","Booleano","SupportsVerticalConnectors","Sim","sim/nao","Medido","Conta execucoes em que o passeio vertical escavou celulas alinhadas entre pavimentos.","Parametro atendido apenas se o proprio caminhante puder subir/descer e produzir alinhamentos entre pavimentos.","Possivel apenas na extensao multiandar em que o proprio caminhante faz passos verticais."
7,2006,"99B52482","Booleano","SupportsMultiFloor","Sim","sim/nao","Medido","Conta execucoes com mais de um pavimento e pelo menos uma conexao vertical inferida do proprio passeio.","Parametro atendido quando existe conexao vertical inferida do passeio multiandar.","Drunkard Walk 2D puro nao e multiandar; o passeio 3D continua puro, mas deve ser relatado como extensao volumetrica."
7,2006,"99B52482","Booleano","SupportsBossArena","Sim","sim/nao","Medido","Parametro medido sobre a saida do Drunkard Walk puro.","Existe ao menos uma sala grande o suficiente.","Areas grandes podem surgir por stamps ou sobreposicao de passos, mas nao sao arenas semanticamente planejadas."
7,2006,"99B52482","Booleano","SeedReproducible","Sim","sim/nao","Medido","Parametro medido sobre a saida do Drunkard Walk puro.","A seed reproduziu a mesma topologia.","Resultado reproduzivel quando o passeio usa a mesma seed."
7,2006,"99B52482","Booleano","RuntimeRegeneration","Sim","sim/nao","Medido","Parametro medido sobre a saida do Drunkard Walk puro.","Tempo registrado: 48.888 ms.","Custo cresce com tamanho do grid, quantidade de passos, caminhantes e raio de escavacao."
7,2006,"99B52482","Booleano","BudgetAwareSpawns","Sim","sim/nao","Suportado","Parametro medido sobre a saida do Drunkard Walk puro.","Orcamentos registrados: inimigos 10, loot 6, armadilhas 4.","Orcamento e aplicado apos a geracao, sobre celulas livres extraidas."
7,2006,"99B52482","Qualitativo","Replayability","5/5","Likert 1-5","Estimado automaticamente","Parametro medido sobre a saida do Drunkard Walk puro.","Diversidade topologica: 100%.","Alta variacao de percurso entre seeds e esperada."
7,2006,"99B52482","Qualitativo","Debuggability","5/5","Likert 1-5","Estimado automaticamente","Parametro medido sobre a saida do Drunkard Walk puro.","Drunkard Walk e reproduzivel e simples de depurar, pois o caminho do caminhante explica diretamente a area escavada.","O caminho do caminhante e facil de repetir e inspecionar, mas metricas ajudam a quantificar sinuosidade e loops."
7,2006,"99B52482","Qualitativo","Flow","2/5","Likert 1-5","Estimado automaticamente","Parametro medido sobre a saida do Drunkard Walk puro.","Indica fluidez de navegacao esperada.","Fluxo tende a ser continuo, mas pode ficar sinuoso demais ou pouco ramificado."
7,2006,"99B52482","Qualitativo","Legibility","4/5","Likert 1-5","Estimado automaticamente","Parametro medido sobre a saida do Drunkard Walk puro.","A legibilidade depende do equilibrio entre corredor escavado, areas abertas e excesso de sinuosidade.","Corredores escavados podem ser claros, mas excesso de curvas reduz orientacao."
7,2006,"99B52482","Qualitativo","StructuralVariety","2/5","Likert 1-5","Estimado automaticamente","Parametro medido sobre a saida do Drunkard Walk puro.","Indica variedade estrutural dentro desta execucao.","Boa variedade de trajetos; menor controle sobre categorias semanticas de sala."
7,2006,"99B52482","Performance","layoutGenerationMilliseconds","8.786","ms","Medido","Tempo para executar caminhantes, escavar celulas e extrair componentes.","Representa o custo algoritmico principal.","Inclui passeio aleatorio, escavacao e extracao de componentes."
7,2006,"99B52482","Performance","geometryInstantiationMilliseconds","38.835","ms","Medido","Parametro medido sobre a saida do Drunkard Walk puro.","A execucao incluiu custo visual.","Custo visual depende dos prefabs/Unity, nao do Drunkard Walk puro."
7,2006,"99B52482","Performance","metricsCalculationMilliseconds","1.265","ms","Medido","Parametro medido sobre a saida do Drunkard Walk puro.","Ajuda a quantificar custo da instrumentacao.","Custo da instrumentacao, nao do algoritmo."
7,2006,"99B52482","Performance","totalGenerationMilliseconds","48.888","ms","Medido","Parametro medido sobre a saida do Drunkard Walk puro.","Inclui layout, instanciacao visual habilitada e calculo de metricas.","Inclui layout, instanciacao visual e metricas; compare junto do tempo logico."
7,2006,"99B52482","Performance","generatedGameObjectCount","3341","contagem","Medido","Parametro medido sobre a saida do Drunkard Walk puro.","Indica peso potencial de instanciacao no Unity.","Reflete peso da montagem visual das celulas abertas."
7,2006,"99B52482","Performance","occupiedCellCount","2461","contagem","Medido","Parametro medido sobre a saida do Drunkard Walk puro.","Proxy de escala espacial da dungeon.","Proxy do volume escavado pelo Drunkard Walk."
7,2006,"99B52482","Performance","connectionCount","2","contagem","Medido","Quantidade de conexoes inferidas por gargalos/passagens ou passos verticais.","Proxy de complexidade topologica.","Conexoes sao inferidas apos a geracao; o algoritmo nativo e um passeio, nao um grafo explicito."
7,2006,"99B52482","Performance","managedMemoryDeltaKB","7608","KB","Estimado","Parametro medido sobre a saida do Drunkard Walk puro.","Valor aproximado, sensivel a GC e ao estado do Editor.","Estimativa sujeita ao GC da Unity; use como indicio comparativo."
8,2007,"263D94BF","Quantitativo","numRoomsTarget","3","contagem","Medido","Extracao de componentes abertos e densos apos a escavacao dos caminhantes.","Tamanho estrutural da dungeon nesta execucao.","Drunkard Walk nao cria salas planejadas; regioes amplas aparecem quando o passeio se auto-intersecta ou recebe stamps locais."
8,2007,"263D94BF","Quantitativo","connectivityRatio","100%","%","Medido","Busca no grafo extraido de componentes escavados; nenhuma conexao artificial e criada.","Mostra se as regioes escavadas permaneceram conectadas sem flood-fill reparador, BSP, grafo-guia ou abertura posterior de tuneis.","Com caminhantes reiniciando apenas em celulas ja escavadas, a tendencia e conectividade alta; se falhar, e limitacao da extracao ou da variante multiandar."
8,2007,"263D94BF","Quantitativo","verticalVariance","1.886","metros","Medido","Desvio padrao das alturas dos componentes extraidos do volume escavado.","Ha variacao vertical mensuravel entre salas.","Verticalidade so aparece quando a opcao multiandar permite passos verticais do proprio caminhante."
8,2007,"263D94BF","Quantitativo","fillPercentage","30.13%","%","Medido","Celulas escavadas pelos caminhantes divididas pelo total do volume.","Indica densidade espacial da dungeon.","Densidade e controlada por meta de preenchimento, passos maximos, raio do pincel e stamps de sala."
8,2007,"263D94BF","Quantitativo","branchFactor","1.333","media","Medido","Media de conexoes entre componentes extraidos por passagens estreitas geradas pelo passeio.","Layout mais linear, com poucas bifurcacoes.","Ramificacao emerge de reinicios em celulas ja escavadas e mudancas de direcao, nao de um grafo explicito."
8,2007,"263D94BF","Quantitativo","avgPathLength","36.025","metros","Medido","Distancias no grafo extraido do resultado do passeio aleatorio.","Distancia media a partir da sala inicial.","Caminhos sao medidos depois da extracao; o passeio nao escolhe objetivo final semanticamente."
8,2007,"263D94BF","Quantitativo","uniqueModules","21","contagem","Medido","Contagem de categorias logicas e prefabs usados na leitura/instanciacao do resultado.","Indica variedade basica de composicao.","O algoritmo varia forma do caminho; variedade modular depende da biblioteca e da camada de instanciacao."
8,2007,"263D94BF","Quantitativo","navigableVolumeRatio","100%","%","Estimado sem NavMesh","Estimativa logica de celulas abertas antes de NavMesh.","Use como estimativa inicial, nao como validacao fisica final.","Proxy logico; deve ser confirmado com NavMesh/colisao em uma validacao fisica."
8,2007,"263D94BF","Quantitativo","criticalPathLength","57.852","metros","Medido","Maior distancia no grafo extraido a partir do componente inicial.","Aproxima o percurso principal inicio-objetivo.","Pode gerar caminho longo por caminhada sinuosa, mas nao controla pacing ou progressao de missao sozinho."
8,2007,"263D94BF","Quantitativo","avgAlternativePathLength","0","metros","Medido","Media de conexoes marcadas como ciclos emergentes entre componentes.","Nao houve caminho alternativo nesta execucao.","Loops podem emergir por auto-interseccao do passeio, mas nao sao garantidos por planejamento global."
8,2007,"263D94BF","Booleano","SupportsRandomEnemySpawns","Sim, testado","sim/nao","Suportado","Parametro medido sobre a saida do Drunkard Walk puro.","Sistema configurado e com orcamento ativo.","Spawns usam regioes escavadas; balanceamento nao e propriedade nativa do Drunkard Walk."
8,2007,"263D94BF","Booleano","SupportsLootDistribution","Sim, testado","sim/nao","Suportado","Parametro medido sobre a saida do Drunkard Walk puro.","Sistema configurado e com orcamento ativo.","Loot pode ser colocado nas regioes escavadas, mas progressao por risco depende de outra camada."
8,2007,"263D94BF","Booleano","SupportsTraps","Sim, testado","sim/nao","Suportado","Parametro medido sobre a saida do Drunkard Walk puro.","Sistema configurado e com orcamento ativo.","Armadilhas podem usar celulas escavadas/gargalos, mas sem semantica global nativa."
8,2007,"263D94BF","Booleano","SupportsBacktrackingLoops","Nao","sim/nao","Medido","Parametro medido sobre a saida do Drunkard Walk puro.","Parametro atendido somente quando as conexoes emergentes formam ciclos no grafo extraido.","Loops podem aparecer por auto-interseccao, mas nao ha garantia de ciclo jogavel em toda seed."
8,2007,"263D94BF","Booleano","SupportsVerticalConnectors","Sim","sim/nao","Medido","Conta execucoes em que o passeio vertical escavou celulas alinhadas entre pavimentos.","Parametro atendido apenas se o proprio caminhante puder subir/descer e produzir alinhamentos entre pavimentos.","Possivel apenas na extensao multiandar em que o proprio caminhante faz passos verticais."
8,2007,"263D94BF","Booleano","SupportsMultiFloor","Sim","sim/nao","Medido","Conta execucoes com mais de um pavimento e pelo menos uma conexao vertical inferida do proprio passeio.","Parametro atendido quando existe conexao vertical inferida do passeio multiandar.","Drunkard Walk 2D puro nao e multiandar; o passeio 3D continua puro, mas deve ser relatado como extensao volumetrica."
8,2007,"263D94BF","Booleano","SupportsBossArena","Sim","sim/nao","Medido","Parametro medido sobre a saida do Drunkard Walk puro.","Existe ao menos uma sala grande o suficiente.","Areas grandes podem surgir por stamps ou sobreposicao de passos, mas nao sao arenas semanticamente planejadas."
8,2007,"263D94BF","Booleano","SeedReproducible","Sim","sim/nao","Medido","Parametro medido sobre a saida do Drunkard Walk puro.","A seed reproduziu a mesma topologia.","Resultado reproduzivel quando o passeio usa a mesma seed."
8,2007,"263D94BF","Booleano","RuntimeRegeneration","Sim","sim/nao","Medido","Parametro medido sobre a saida do Drunkard Walk puro.","Tempo registrado: 50.044 ms.","Custo cresce com tamanho do grid, quantidade de passos, caminhantes e raio de escavacao."
8,2007,"263D94BF","Booleano","BudgetAwareSpawns","Sim","sim/nao","Suportado","Parametro medido sobre a saida do Drunkard Walk puro.","Orcamentos registrados: inimigos 10, loot 6, armadilhas 4.","Orcamento e aplicado apos a geracao, sobre celulas livres extraidas."
8,2007,"263D94BF","Qualitativo","Replayability","5/5","Likert 1-5","Estimado automaticamente","Parametro medido sobre a saida do Drunkard Walk puro.","Diversidade topologica: 100%.","Alta variacao de percurso entre seeds e esperada."
8,2007,"263D94BF","Qualitativo","Debuggability","5/5","Likert 1-5","Estimado automaticamente","Parametro medido sobre a saida do Drunkard Walk puro.","Drunkard Walk e reproduzivel e simples de depurar, pois o caminho do caminhante explica diretamente a area escavada.","O caminho do caminhante e facil de repetir e inspecionar, mas metricas ajudam a quantificar sinuosidade e loops."
8,2007,"263D94BF","Qualitativo","Flow","5/5","Likert 1-5","Estimado automaticamente","Parametro medido sobre a saida do Drunkard Walk puro.","Indica fluidez de navegacao esperada.","Fluxo tende a ser continuo, mas pode ficar sinuoso demais ou pouco ramificado."
8,2007,"263D94BF","Qualitativo","Legibility","5/5","Likert 1-5","Estimado automaticamente","Parametro medido sobre a saida do Drunkard Walk puro.","A legibilidade depende do equilibrio entre corredor escavado, areas abertas e excesso de sinuosidade.","Corredores escavados podem ser claros, mas excesso de curvas reduz orientacao."
8,2007,"263D94BF","Qualitativo","StructuralVariety","2/5","Likert 1-5","Estimado automaticamente","Parametro medido sobre a saida do Drunkard Walk puro.","Indica variedade estrutural dentro desta execucao.","Boa variedade de trajetos; menor controle sobre categorias semanticas de sala."
8,2007,"263D94BF","Performance","layoutGenerationMilliseconds","9.876","ms","Medido","Tempo para executar caminhantes, escavar celulas e extrair componentes.","Representa o custo algoritmico principal.","Inclui passeio aleatorio, escavacao e extracao de componentes."
8,2007,"263D94BF","Performance","geometryInstantiationMilliseconds","38.883","ms","Medido","Parametro medido sobre a saida do Drunkard Walk puro.","A execucao incluiu custo visual.","Custo visual depende dos prefabs/Unity, nao do Drunkard Walk puro."
8,2007,"263D94BF","Performance","metricsCalculationMilliseconds","1.282","ms","Medido","Parametro medido sobre a saida do Drunkard Walk puro.","Ajuda a quantificar custo da instrumentacao.","Custo da instrumentacao, nao do algoritmo."
8,2007,"263D94BF","Performance","totalGenerationMilliseconds","50.044","ms","Medido","Parametro medido sobre a saida do Drunkard Walk puro.","Inclui layout, instanciacao visual habilitada e calculo de metricas.","Inclui layout, instanciacao visual e metricas; compare junto do tempo logico."
8,2007,"263D94BF","Performance","generatedGameObjectCount","3221","contagem","Medido","Parametro medido sobre a saida do Drunkard Walk puro.","Indica peso potencial de instanciacao no Unity.","Reflete peso da montagem visual das celulas abertas."
8,2007,"263D94BF","Performance","occupiedCellCount","2468","contagem","Medido","Parametro medido sobre a saida do Drunkard Walk puro.","Proxy de escala espacial da dungeon.","Proxy do volume escavado pelo Drunkard Walk."
8,2007,"263D94BF","Performance","connectionCount","2","contagem","Medido","Quantidade de conexoes inferidas por gargalos/passagens ou passos verticais.","Proxy de complexidade topologica.","Conexoes sao inferidas apos a geracao; o algoritmo nativo e um passeio, nao um grafo explicito."
8,2007,"263D94BF","Performance","managedMemoryDeltaKB","7684","KB","Estimado","Parametro medido sobre a saida do Drunkard Walk puro.","Valor aproximado, sensivel a GC e ao estado do Editor.","Estimativa sujeita ao GC da Unity; use como indicio comparativo."
9,2008,"42479BBF","Quantitativo","numRoomsTarget","4","contagem","Medido","Extracao de componentes abertos e densos apos a escavacao dos caminhantes.","Tamanho estrutural da dungeon nesta execucao.","Drunkard Walk nao cria salas planejadas; regioes amplas aparecem quando o passeio se auto-intersecta ou recebe stamps locais."
9,2008,"42479BBF","Quantitativo","connectivityRatio","75%","%","Medido","Busca no grafo extraido de componentes escavados; nenhuma conexao artificial e criada.","Mostra se as regioes escavadas permaneceram conectadas sem flood-fill reparador, BSP, grafo-guia ou abertura posterior de tuneis.","Com caminhantes reiniciando apenas em celulas ja escavadas, a tendencia e conectividade alta; se falhar, e limitacao da extracao ou da variante multiandar."
9,2008,"42479BBF","Quantitativo","verticalVariance","1.732","metros","Medido","Desvio padrao das alturas dos componentes extraidos do volume escavado.","Ha variacao vertical mensuravel entre salas.","Verticalidade so aparece quando a opcao multiandar permite passos verticais do proprio caminhante."
9,2008,"42479BBF","Quantitativo","fillPercentage","30.03%","%","Medido","Celulas escavadas pelos caminhantes divididas pelo total do volume.","Indica densidade espacial da dungeon.","Densidade e controlada por meta de preenchimento, passos maximos, raio do pincel e stamps de sala."
9,2008,"42479BBF","Quantitativo","branchFactor","1","media","Medido","Media de conexoes entre componentes extraidos por passagens estreitas geradas pelo passeio.","Layout mais linear, com poucas bifurcacoes.","Ramificacao emerge de reinicios em celulas ja escavadas e mudancas de direcao, nao de um grafo explicito."
9,2008,"42479BBF","Quantitativo","avgPathLength","26.361","metros","Medido","Distancias no grafo extraido do resultado do passeio aleatorio.","Distancia media a partir da sala inicial.","Caminhos sao medidos depois da extracao; o passeio nao escolhe objetivo final semanticamente."
9,2008,"42479BBF","Quantitativo","uniqueModules","21","contagem","Medido","Contagem de categorias logicas e prefabs usados na leitura/instanciacao do resultado.","Indica variedade basica de composicao.","O algoritmo varia forma do caminho; variedade modular depende da biblioteca e da camada de instanciacao."
9,2008,"42479BBF","Quantitativo","navigableVolumeRatio","100%","%","Estimado sem NavMesh","Estimativa logica de celulas abertas antes de NavMesh.","Use como estimativa inicial, nao como validacao fisica final.","Proxy logico; deve ser confirmado com NavMesh/colisao em uma validacao fisica."
9,2008,"42479BBF","Quantitativo","criticalPathLength","35.305","metros","Medido","Maior distancia no grafo extraido a partir do componente inicial.","Aproxima o percurso principal inicio-objetivo.","Pode gerar caminho longo por caminhada sinuosa, mas nao controla pacing ou progressao de missao sozinho."
9,2008,"42479BBF","Quantitativo","avgAlternativePathLength","0","metros","Medido","Media de conexoes marcadas como ciclos emergentes entre componentes.","Nao houve caminho alternativo nesta execucao.","Loops podem emergir por auto-interseccao do passeio, mas nao sao garantidos por planejamento global."
9,2008,"42479BBF","Booleano","SupportsRandomEnemySpawns","Sim, testado","sim/nao","Suportado","Parametro medido sobre a saida do Drunkard Walk puro.","Sistema configurado e com orcamento ativo.","Spawns usam regioes escavadas; balanceamento nao e propriedade nativa do Drunkard Walk."
9,2008,"42479BBF","Booleano","SupportsLootDistribution","Sim, testado","sim/nao","Suportado","Parametro medido sobre a saida do Drunkard Walk puro.","Sistema configurado e com orcamento ativo.","Loot pode ser colocado nas regioes escavadas, mas progressao por risco depende de outra camada."
9,2008,"42479BBF","Booleano","SupportsTraps","Sim, testado","sim/nao","Suportado","Parametro medido sobre a saida do Drunkard Walk puro.","Sistema configurado e com orcamento ativo.","Armadilhas podem usar celulas escavadas/gargalos, mas sem semantica global nativa."
9,2008,"42479BBF","Booleano","SupportsBacktrackingLoops","Nao","sim/nao","Medido","Parametro medido sobre a saida do Drunkard Walk puro.","Parametro atendido somente quando as conexoes emergentes formam ciclos no grafo extraido.","Loops podem aparecer por auto-interseccao, mas nao ha garantia de ciclo jogavel em toda seed."
9,2008,"42479BBF","Booleano","SupportsVerticalConnectors","Sim","sim/nao","Medido","Conta execucoes em que o passeio vertical escavou celulas alinhadas entre pavimentos.","Parametro atendido apenas se o proprio caminhante puder subir/descer e produzir alinhamentos entre pavimentos.","Possivel apenas na extensao multiandar em que o proprio caminhante faz passos verticais."
9,2008,"42479BBF","Booleano","SupportsMultiFloor","Sim","sim/nao","Medido","Conta execucoes com mais de um pavimento e pelo menos uma conexao vertical inferida do proprio passeio.","Parametro atendido quando existe conexao vertical inferida do passeio multiandar.","Drunkard Walk 2D puro nao e multiandar; o passeio 3D continua puro, mas deve ser relatado como extensao volumetrica."
9,2008,"42479BBF","Booleano","SupportsBossArena","Sim","sim/nao","Medido","Parametro medido sobre a saida do Drunkard Walk puro.","Existe ao menos uma sala grande o suficiente.","Areas grandes podem surgir por stamps ou sobreposicao de passos, mas nao sao arenas semanticamente planejadas."
9,2008,"42479BBF","Booleano","SeedReproducible","Sim","sim/nao","Medido","Parametro medido sobre a saida do Drunkard Walk puro.","A seed reproduziu a mesma topologia.","Resultado reproduzivel quando o passeio usa a mesma seed."
9,2008,"42479BBF","Booleano","RuntimeRegeneration","Sim","sim/nao","Medido","Parametro medido sobre a saida do Drunkard Walk puro.","Tempo registrado: 49.026 ms.","Custo cresce com tamanho do grid, quantidade de passos, caminhantes e raio de escavacao."
9,2008,"42479BBF","Booleano","BudgetAwareSpawns","Sim","sim/nao","Suportado","Parametro medido sobre a saida do Drunkard Walk puro.","Orcamentos registrados: inimigos 10, loot 6, armadilhas 4.","Orcamento e aplicado apos a geracao, sobre celulas livres extraidas."
9,2008,"42479BBF","Qualitativo","Replayability","5/5","Likert 1-5","Estimado automaticamente","Parametro medido sobre a saida do Drunkard Walk puro.","Diversidade topologica: 100%.","Alta variacao de percurso entre seeds e esperada."
9,2008,"42479BBF","Qualitativo","Debuggability","5/5","Likert 1-5","Estimado automaticamente","Parametro medido sobre a saida do Drunkard Walk puro.","Drunkard Walk e reproduzivel e simples de depurar, pois o caminho do caminhante explica diretamente a area escavada.","O caminho do caminhante e facil de repetir e inspecionar, mas metricas ajudam a quantificar sinuosidade e loops."
9,2008,"42479BBF","Qualitativo","Flow","2/5","Likert 1-5","Estimado automaticamente","Parametro medido sobre a saida do Drunkard Walk puro.","Indica fluidez de navegacao esperada.","Fluxo tende a ser continuo, mas pode ficar sinuoso demais ou pouco ramificado."
9,2008,"42479BBF","Qualitativo","Legibility","4/5","Likert 1-5","Estimado automaticamente","Parametro medido sobre a saida do Drunkard Walk puro.","A legibilidade depende do equilibrio entre corredor escavado, areas abertas e excesso de sinuosidade.","Corredores escavados podem ser claros, mas excesso de curvas reduz orientacao."
9,2008,"42479BBF","Qualitativo","StructuralVariety","2/5","Likert 1-5","Estimado automaticamente","Parametro medido sobre a saida do Drunkard Walk puro.","Indica variedade estrutural dentro desta execucao.","Boa variedade de trajetos; menor controle sobre categorias semanticas de sala."
9,2008,"42479BBF","Performance","layoutGenerationMilliseconds","9.564","ms","Medido","Tempo para executar caminhantes, escavar celulas e extrair componentes.","Representa o custo algoritmico principal.","Inclui passeio aleatorio, escavacao e extracao de componentes."
9,2008,"42479BBF","Performance","geometryInstantiationMilliseconds","38.163","ms","Medido","Parametro medido sobre a saida do Drunkard Walk puro.","A execucao incluiu custo visual.","Custo visual depende dos prefabs/Unity, nao do Drunkard Walk puro."
9,2008,"42479BBF","Performance","metricsCalculationMilliseconds","1.297","ms","Medido","Parametro medido sobre a saida do Drunkard Walk puro.","Ajuda a quantificar custo da instrumentacao.","Custo da instrumentacao, nao do algoritmo."
9,2008,"42479BBF","Performance","totalGenerationMilliseconds","49.026","ms","Medido","Parametro medido sobre a saida do Drunkard Walk puro.","Inclui layout, instanciacao visual habilitada e calculo de metricas.","Inclui layout, instanciacao visual e metricas; compare junto do tempo logico."
9,2008,"42479BBF","Performance","generatedGameObjectCount","3220","contagem","Medido","Parametro medido sobre a saida do Drunkard Walk puro.","Indica peso potencial de instanciacao no Unity.","Reflete peso da montagem visual das celulas abertas."
9,2008,"42479BBF","Performance","occupiedCellCount","2460","contagem","Medido","Parametro medido sobre a saida do Drunkard Walk puro.","Proxy de escala espacial da dungeon.","Proxy do volume escavado pelo Drunkard Walk."
9,2008,"42479BBF","Performance","connectionCount","2","contagem","Medido","Quantidade de conexoes inferidas por gargalos/passagens ou passos verticais.","Proxy de complexidade topologica.","Conexoes sao inferidas apos a geracao; o algoritmo nativo e um passeio, nao um grafo explicito."
9,2008,"42479BBF","Performance","managedMemoryDeltaKB","7516","KB","Estimado","Parametro medido sobre a saida do Drunkard Walk puro.","Valor aproximado, sensivel a GC e ao estado do Editor.","Estimativa sujeita ao GC da Unity; use como indicio comparativo."
10,2009,"9FE48A5C","Quantitativo","numRoomsTarget","2","contagem","Medido","Extracao de componentes abertos e densos apos a escavacao dos caminhantes.","Tamanho estrutural da dungeon nesta execucao.","Drunkard Walk nao cria salas planejadas; regioes amplas aparecem quando o passeio se auto-intersecta ou recebe stamps locais."
10,2009,"9FE48A5C","Quantitativo","connectivityRatio","100%","%","Medido","Busca no grafo extraido de componentes escavados; nenhuma conexao artificial e criada.","Mostra se as regioes escavadas permaneceram conectadas sem flood-fill reparador, BSP, grafo-guia ou abertura posterior de tuneis.","Com caminhantes reiniciando apenas em celulas ja escavadas, a tendencia e conectividade alta; se falhar, e limitacao da extracao ou da variante multiandar."
10,2009,"9FE48A5C","Quantitativo","verticalVariance","2","metros","Medido","Desvio padrao das alturas dos componentes extraidos do volume escavado.","Ha variacao vertical mensuravel entre salas.","Verticalidade so aparece quando a opcao multiandar permite passos verticais do proprio caminhante."
10,2009,"9FE48A5C","Quantitativo","fillPercentage","30.04%","%","Medido","Celulas escavadas pelos caminhantes divididas pelo total do volume.","Indica densidade espacial da dungeon.","Densidade e controlada por meta de preenchimento, passos maximos, raio do pincel e stamps de sala."
10,2009,"9FE48A5C","Quantitativo","branchFactor","1","media","Medido","Media de conexoes entre componentes extraidos por passagens estreitas geradas pelo passeio.","Layout mais linear, com poucas bifurcacoes.","Ramificacao emerge de reinicios em celulas ja escavadas e mudancas de direcao, nao de um grafo explicito."
10,2009,"9FE48A5C","Quantitativo","avgPathLength","8.472","metros","Medido","Distancias no grafo extraido do resultado do passeio aleatorio.","Distancia media a partir da sala inicial.","Caminhos sao medidos depois da extracao; o passeio nao escolhe objetivo final semanticamente."
10,2009,"9FE48A5C","Quantitativo","uniqueModules","17","contagem","Medido","Contagem de categorias logicas e prefabs usados na leitura/instanciacao do resultado.","Indica variedade basica de composicao.","O algoritmo varia forma do caminho; variedade modular depende da biblioteca e da camada de instanciacao."
10,2009,"9FE48A5C","Quantitativo","navigableVolumeRatio","100%","%","Estimado sem NavMesh","Estimativa logica de celulas abertas antes de NavMesh.","Use como estimativa inicial, nao como validacao fisica final.","Proxy logico; deve ser confirmado com NavMesh/colisao em uma validacao fisica."
10,2009,"9FE48A5C","Quantitativo","criticalPathLength","8.472","metros","Medido","Maior distancia no grafo extraido a partir do componente inicial.","Aproxima o percurso principal inicio-objetivo.","Pode gerar caminho longo por caminhada sinuosa, mas nao controla pacing ou progressao de missao sozinho."
10,2009,"9FE48A5C","Quantitativo","avgAlternativePathLength","0","metros","Medido","Media de conexoes marcadas como ciclos emergentes entre componentes.","Nao houve caminho alternativo nesta execucao.","Loops podem emergir por auto-interseccao do passeio, mas nao sao garantidos por planejamento global."
10,2009,"9FE48A5C","Booleano","SupportsRandomEnemySpawns","Sim, testado","sim/nao","Suportado","Parametro medido sobre a saida do Drunkard Walk puro.","Sistema configurado e com orcamento ativo.","Spawns usam regioes escavadas; balanceamento nao e propriedade nativa do Drunkard Walk."
10,2009,"9FE48A5C","Booleano","SupportsLootDistribution","Sim, testado","sim/nao","Suportado","Parametro medido sobre a saida do Drunkard Walk puro.","Sistema configurado e com orcamento ativo.","Loot pode ser colocado nas regioes escavadas, mas progressao por risco depende de outra camada."
10,2009,"9FE48A5C","Booleano","SupportsTraps","Sim, testado","sim/nao","Suportado","Parametro medido sobre a saida do Drunkard Walk puro.","Sistema configurado e com orcamento ativo.","Armadilhas podem usar celulas escavadas/gargalos, mas sem semantica global nativa."
10,2009,"9FE48A5C","Booleano","SupportsBacktrackingLoops","Nao","sim/nao","Medido","Parametro medido sobre a saida do Drunkard Walk puro.","Parametro atendido somente quando as conexoes emergentes formam ciclos no grafo extraido.","Loops podem aparecer por auto-interseccao, mas nao ha garantia de ciclo jogavel em toda seed."
10,2009,"9FE48A5C","Booleano","SupportsVerticalConnectors","Sim","sim/nao","Medido","Conta execucoes em que o passeio vertical escavou celulas alinhadas entre pavimentos.","Parametro atendido apenas se o proprio caminhante puder subir/descer e produzir alinhamentos entre pavimentos.","Possivel apenas na extensao multiandar em que o proprio caminhante faz passos verticais."
10,2009,"9FE48A5C","Booleano","SupportsMultiFloor","Sim","sim/nao","Medido","Conta execucoes com mais de um pavimento e pelo menos uma conexao vertical inferida do proprio passeio.","Parametro atendido quando existe conexao vertical inferida do passeio multiandar.","Drunkard Walk 2D puro nao e multiandar; o passeio 3D continua puro, mas deve ser relatado como extensao volumetrica."
10,2009,"9FE48A5C","Booleano","SupportsBossArena","Sim","sim/nao","Medido","Parametro medido sobre a saida do Drunkard Walk puro.","Existe ao menos uma sala grande o suficiente.","Areas grandes podem surgir por stamps ou sobreposicao de passos, mas nao sao arenas semanticamente planejadas."
10,2009,"9FE48A5C","Booleano","SeedReproducible","Sim","sim/nao","Medido","Parametro medido sobre a saida do Drunkard Walk puro.","A seed reproduziu a mesma topologia.","Resultado reproduzivel quando o passeio usa a mesma seed."
10,2009,"9FE48A5C","Booleano","RuntimeRegeneration","Sim","sim/nao","Medido","Parametro medido sobre a saida do Drunkard Walk puro.","Tempo registrado: 50.895 ms.","Custo cresce com tamanho do grid, quantidade de passos, caminhantes e raio de escavacao."
10,2009,"9FE48A5C","Booleano","BudgetAwareSpawns","Sim","sim/nao","Suportado","Parametro medido sobre a saida do Drunkard Walk puro.","Orcamentos registrados: inimigos 10, loot 6, armadilhas 4.","Orcamento e aplicado apos a geracao, sobre celulas livres extraidas."
10,2009,"9FE48A5C","Qualitativo","Replayability","5/5","Likert 1-5","Estimado automaticamente","Parametro medido sobre a saida do Drunkard Walk puro.","Diversidade topologica: 100%.","Alta variacao de percurso entre seeds e esperada."
10,2009,"9FE48A5C","Qualitativo","Debuggability","5/5","Likert 1-5","Estimado automaticamente","Parametro medido sobre a saida do Drunkard Walk puro.","Drunkard Walk e reproduzivel e simples de depurar, pois o caminho do caminhante explica diretamente a area escavada.","O caminho do caminhante e facil de repetir e inspecionar, mas metricas ajudam a quantificar sinuosidade e loops."
10,2009,"9FE48A5C","Qualitativo","Flow","4/5","Likert 1-5","Estimado automaticamente","Parametro medido sobre a saida do Drunkard Walk puro.","Indica fluidez de navegacao esperada.","Fluxo tende a ser continuo, mas pode ficar sinuoso demais ou pouco ramificado."
10,2009,"9FE48A5C","Qualitativo","Legibility","5/5","Likert 1-5","Estimado automaticamente","Parametro medido sobre a saida do Drunkard Walk puro.","A legibilidade depende do equilibrio entre corredor escavado, areas abertas e excesso de sinuosidade.","Corredores escavados podem ser claros, mas excesso de curvas reduz orientacao."
10,2009,"9FE48A5C","Qualitativo","StructuralVariety","2/5","Likert 1-5","Estimado automaticamente","Parametro medido sobre a saida do Drunkard Walk puro.","Indica variedade estrutural dentro desta execucao.","Boa variedade de trajetos; menor controle sobre categorias semanticas de sala."
10,2009,"9FE48A5C","Performance","layoutGenerationMilliseconds","9.842","ms","Medido","Tempo para executar caminhantes, escavar celulas e extrair componentes.","Representa o custo algoritmico principal.","Inclui passeio aleatorio, escavacao e extracao de componentes."
10,2009,"9FE48A5C","Performance","geometryInstantiationMilliseconds","39.748","ms","Medido","Parametro medido sobre a saida do Drunkard Walk puro.","A execucao incluiu custo visual.","Custo visual depende dos prefabs/Unity, nao do Drunkard Walk puro."
10,2009,"9FE48A5C","Performance","metricsCalculationMilliseconds","1.303","ms","Medido","Parametro medido sobre a saida do Drunkard Walk puro.","Ajuda a quantificar custo da instrumentacao.","Custo da instrumentacao, nao do algoritmo."
10,2009,"9FE48A5C","Performance","totalGenerationMilliseconds","50.895","ms","Medido","Parametro medido sobre a saida do Drunkard Walk puro.","Inclui layout, instanciacao visual habilitada e calculo de metricas.","Inclui layout, instanciacao visual e metricas; compare junto do tempo logico."
10,2009,"9FE48A5C","Performance","generatedGameObjectCount","3235","contagem","Medido","Parametro medido sobre a saida do Drunkard Walk puro.","Indica peso potencial de instanciacao no Unity.","Reflete peso da montagem visual das celulas abertas."
10,2009,"9FE48A5C","Performance","occupiedCellCount","2461","contagem","Medido","Parametro medido sobre a saida do Drunkard Walk puro.","Proxy de escala espacial da dungeon.","Proxy do volume escavado pelo Drunkard Walk."
10,2009,"9FE48A5C","Performance","connectionCount","1","contagem","Medido","Quantidade de conexoes inferidas por gargalos/passagens ou passos verticais.","Proxy de complexidade topologica.","Conexoes sao inferidas apos a geracao; o algoritmo nativo e um passeio, nao um grafo explicito."
10,2009,"9FE48A5C","Performance","managedMemoryDeltaKB","7624","KB","Estimado","Parametro medido sobre a saida do Drunkard Walk puro.","Valor aproximado, sensivel a GC e ao estado do Editor.","Estimativa sujeita ao GC da Unity; use como indicio comparativo."
11,2010,"FEFF574D","Quantitativo","numRoomsTarget","3","contagem","Medido","Extracao de componentes abertos e densos apos a escavacao dos caminhantes.","Tamanho estrutural da dungeon nesta execucao.","Drunkard Walk nao cria salas planejadas; regioes amplas aparecem quando o passeio se auto-intersecta ou recebe stamps locais."
11,2010,"FEFF574D","Quantitativo","connectivityRatio","100%","%","Medido","Busca no grafo extraido de componentes escavados; nenhuma conexao artificial e criada.","Mostra se as regioes escavadas permaneceram conectadas sem flood-fill reparador, BSP, grafo-guia ou abertura posterior de tuneis.","Com caminhantes reiniciando apenas em celulas ja escavadas, a tendencia e conectividade alta; se falhar, e limitacao da extracao ou da variante multiandar."
11,2010,"FEFF574D","Quantitativo","verticalVariance","1.886","metros","Medido","Desvio padrao das alturas dos componentes extraidos do volume escavado.","Ha variacao vertical mensuravel entre salas.","Verticalidade so aparece quando a opcao multiandar permite passos verticais do proprio caminhante."
11,2010,"FEFF574D","Quantitativo","fillPercentage","30.03%","%","Medido","Celulas escavadas pelos caminhantes divididas pelo total do volume.","Indica densidade espacial da dungeon.","Densidade e controlada por meta de preenchimento, passos maximos, raio do pincel e stamps de sala."
11,2010,"FEFF574D","Quantitativo","branchFactor","1.333","media","Medido","Media de conexoes entre componentes extraidos por passagens estreitas geradas pelo passeio.","Layout mais linear, com poucas bifurcacoes.","Ramificacao emerge de reinicios em celulas ja escavadas e mudancas de direcao, nao de um grafo explicito."
11,2010,"FEFF574D","Quantitativo","avgPathLength","37.616","metros","Medido","Distancias no grafo extraido do resultado do passeio aleatorio.","Distancia media a partir da sala inicial.","Caminhos sao medidos depois da extracao; o passeio nao escolhe objetivo final semanticamente."
11,2010,"FEFF574D","Quantitativo","uniqueModules","19","contagem","Medido","Contagem de categorias logicas e prefabs usados na leitura/instanciacao do resultado.","Indica variedade basica de composicao.","O algoritmo varia forma do caminho; variedade modular depende da biblioteca e da camada de instanciacao."
11,2010,"FEFF574D","Quantitativo","navigableVolumeRatio","100%","%","Estimado sem NavMesh","Estimativa logica de celulas abertas antes de NavMesh.","Use como estimativa inicial, nao como validacao fisica final.","Proxy logico; deve ser confirmado com NavMesh/colisao em uma validacao fisica."
11,2010,"FEFF574D","Quantitativo","criticalPathLength","56","metros","Medido","Maior distancia no grafo extraido a partir do componente inicial.","Aproxima o percurso principal inicio-objetivo.","Pode gerar caminho longo por caminhada sinuosa, mas nao controla pacing ou progressao de missao sozinho."
11,2010,"FEFF574D","Quantitativo","avgAlternativePathLength","0","metros","Medido","Media de conexoes marcadas como ciclos emergentes entre componentes.","Nao houve caminho alternativo nesta execucao.","Loops podem emergir por auto-interseccao do passeio, mas nao sao garantidos por planejamento global."
11,2010,"FEFF574D","Booleano","SupportsRandomEnemySpawns","Sim, testado","sim/nao","Suportado","Parametro medido sobre a saida do Drunkard Walk puro.","Sistema configurado e com orcamento ativo.","Spawns usam regioes escavadas; balanceamento nao e propriedade nativa do Drunkard Walk."
11,2010,"FEFF574D","Booleano","SupportsLootDistribution","Sim, testado","sim/nao","Suportado","Parametro medido sobre a saida do Drunkard Walk puro.","Sistema configurado e com orcamento ativo.","Loot pode ser colocado nas regioes escavadas, mas progressao por risco depende de outra camada."
11,2010,"FEFF574D","Booleano","SupportsTraps","Sim, testado","sim/nao","Suportado","Parametro medido sobre a saida do Drunkard Walk puro.","Sistema configurado e com orcamento ativo.","Armadilhas podem usar celulas escavadas/gargalos, mas sem semantica global nativa."
11,2010,"FEFF574D","Booleano","SupportsBacktrackingLoops","Nao","sim/nao","Medido","Parametro medido sobre a saida do Drunkard Walk puro.","Parametro atendido somente quando as conexoes emergentes formam ciclos no grafo extraido.","Loops podem aparecer por auto-interseccao, mas nao ha garantia de ciclo jogavel em toda seed."
11,2010,"FEFF574D","Booleano","SupportsVerticalConnectors","Sim","sim/nao","Medido","Conta execucoes em que o passeio vertical escavou celulas alinhadas entre pavimentos.","Parametro atendido apenas se o proprio caminhante puder subir/descer e produzir alinhamentos entre pavimentos.","Possivel apenas na extensao multiandar em que o proprio caminhante faz passos verticais."
11,2010,"FEFF574D","Booleano","SupportsMultiFloor","Sim","sim/nao","Medido","Conta execucoes com mais de um pavimento e pelo menos uma conexao vertical inferida do proprio passeio.","Parametro atendido quando existe conexao vertical inferida do passeio multiandar.","Drunkard Walk 2D puro nao e multiandar; o passeio 3D continua puro, mas deve ser relatado como extensao volumetrica."
11,2010,"FEFF574D","Booleano","SupportsBossArena","Sim","sim/nao","Medido","Parametro medido sobre a saida do Drunkard Walk puro.","Existe ao menos uma sala grande o suficiente.","Areas grandes podem surgir por stamps ou sobreposicao de passos, mas nao sao arenas semanticamente planejadas."
11,2010,"FEFF574D","Booleano","SeedReproducible","Sim","sim/nao","Medido","Parametro medido sobre a saida do Drunkard Walk puro.","A seed reproduziu a mesma topologia.","Resultado reproduzivel quando o passeio usa a mesma seed."
11,2010,"FEFF574D","Booleano","RuntimeRegeneration","Sim","sim/nao","Medido","Parametro medido sobre a saida do Drunkard Walk puro.","Tempo registrado: 50.34 ms.","Custo cresce com tamanho do grid, quantidade de passos, caminhantes e raio de escavacao."
11,2010,"FEFF574D","Booleano","BudgetAwareSpawns","Sim","sim/nao","Suportado","Parametro medido sobre a saida do Drunkard Walk puro.","Orcamentos registrados: inimigos 10, loot 6, armadilhas 4.","Orcamento e aplicado apos a geracao, sobre celulas livres extraidas."
11,2010,"FEFF574D","Qualitativo","Replayability","5/5","Likert 1-5","Estimado automaticamente","Parametro medido sobre a saida do Drunkard Walk puro.","Diversidade topologica: 100%.","Alta variacao de percurso entre seeds e esperada."
11,2010,"FEFF574D","Qualitativo","Debuggability","5/5","Likert 1-5","Estimado automaticamente","Parametro medido sobre a saida do Drunkard Walk puro.","Drunkard Walk e reproduzivel e simples de depurar, pois o caminho do caminhante explica diretamente a area escavada.","O caminho do caminhante e facil de repetir e inspecionar, mas metricas ajudam a quantificar sinuosidade e loops."
11,2010,"FEFF574D","Qualitativo","Flow","5/5","Likert 1-5","Estimado automaticamente","Parametro medido sobre a saida do Drunkard Walk puro.","Indica fluidez de navegacao esperada.","Fluxo tende a ser continuo, mas pode ficar sinuoso demais ou pouco ramificado."
11,2010,"FEFF574D","Qualitativo","Legibility","5/5","Likert 1-5","Estimado automaticamente","Parametro medido sobre a saida do Drunkard Walk puro.","A legibilidade depende do equilibrio entre corredor escavado, areas abertas e excesso de sinuosidade.","Corredores escavados podem ser claros, mas excesso de curvas reduz orientacao."
11,2010,"FEFF574D","Qualitativo","StructuralVariety","2/5","Likert 1-5","Estimado automaticamente","Parametro medido sobre a saida do Drunkard Walk puro.","Indica variedade estrutural dentro desta execucao.","Boa variedade de trajetos; menor controle sobre categorias semanticas de sala."
11,2010,"FEFF574D","Performance","layoutGenerationMilliseconds","10.174","ms","Medido","Tempo para executar caminhantes, escavar celulas e extrair componentes.","Representa o custo algoritmico principal.","Inclui passeio aleatorio, escavacao e extracao de componentes."
11,2010,"FEFF574D","Performance","geometryInstantiationMilliseconds","38.922","ms","Medido","Parametro medido sobre a saida do Drunkard Walk puro.","A execucao incluiu custo visual.","Custo visual depende dos prefabs/Unity, nao do Drunkard Walk puro."
11,2010,"FEFF574D","Performance","metricsCalculationMilliseconds","1.243","ms","Medido","Parametro medido sobre a saida do Drunkard Walk puro.","Ajuda a quantificar custo da instrumentacao.","Custo da instrumentacao, nao do algoritmo."
11,2010,"FEFF574D","Performance","totalGenerationMilliseconds","50.34","ms","Medido","Parametro medido sobre a saida do Drunkard Walk puro.","Inclui layout, instanciacao visual habilitada e calculo de metricas.","Inclui layout, instanciacao visual e metricas; compare junto do tempo logico."
11,2010,"FEFF574D","Performance","generatedGameObjectCount","3261","contagem","Medido","Parametro medido sobre a saida do Drunkard Walk puro.","Indica peso potencial de instanciacao no Unity.","Reflete peso da montagem visual das celulas abertas."
11,2010,"FEFF574D","Performance","occupiedCellCount","2460","contagem","Medido","Parametro medido sobre a saida do Drunkard Walk puro.","Proxy de escala espacial da dungeon.","Proxy do volume escavado pelo Drunkard Walk."
11,2010,"FEFF574D","Performance","connectionCount","2","contagem","Medido","Quantidade de conexoes inferidas por gargalos/passagens ou passos verticais.","Proxy de complexidade topologica.","Conexoes sao inferidas apos a geracao; o algoritmo nativo e um passeio, nao um grafo explicito."
11,2010,"FEFF574D","Performance","managedMemoryDeltaKB","7576","KB","Estimado","Parametro medido sobre a saida do Drunkard Walk puro.","Valor aproximado, sensivel a GC e ao estado do Editor.","Estimativa sujeita ao GC da Unity; use como indicio comparativo."
12,2011,"A721EC9C","Quantitativo","numRoomsTarget","5","contagem","Medido","Extracao de componentes abertos e densos apos a escavacao dos caminhantes.","Tamanho estrutural da dungeon nesta execucao.","Drunkard Walk nao cria salas planejadas; regioes amplas aparecem quando o passeio se auto-intersecta ou recebe stamps locais."
12,2011,"A721EC9C","Quantitativo","connectivityRatio","60%","%","Medido","Busca no grafo extraido de componentes escavados; nenhuma conexao artificial e criada.","Mostra se as regioes escavadas permaneceram conectadas sem flood-fill reparador, BSP, grafo-guia ou abertura posterior de tuneis.","Com caminhantes reiniciando apenas em celulas ja escavadas, a tendencia e conectividade alta; se falhar, e limitacao da extracao ou da variante multiandar."
12,2011,"A721EC9C","Quantitativo","verticalVariance","1.6","metros","Medido","Desvio padrao das alturas dos componentes extraidos do volume escavado.","Ha variacao vertical mensuravel entre salas.","Verticalidade so aparece quando a opcao multiandar permite passos verticais do proprio caminhante."
12,2011,"A721EC9C","Quantitativo","fillPercentage","30.05%","%","Medido","Celulas escavadas pelos caminhantes divididas pelo total do volume.","Indica densidade espacial da dungeon.","Densidade e controlada por meta de preenchimento, passos maximos, raio do pincel e stamps de sala."
12,2011,"A721EC9C","Quantitativo","branchFactor","0.8","media","Medido","Media de conexoes entre componentes extraidos por passagens estreitas geradas pelo passeio.","Layout mais linear, com poucas bifurcacoes.","Ramificacao emerge de reinicios em celulas ja escavadas e mudancas de direcao, nao de um grafo explicito."
12,2011,"A721EC9C","Quantitativo","avgPathLength","39.882","metros","Medido","Distancias no grafo extraido do resultado do passeio aleatorio.","Distancia media a partir da sala inicial.","Caminhos sao medidos depois da extracao; o passeio nao escolhe objetivo final semanticamente."
12,2011,"A721EC9C","Quantitativo","uniqueModules","21","contagem","Medido","Contagem de categorias logicas e prefabs usados na leitura/instanciacao do resultado.","Indica variedade basica de composicao.","O algoritmo varia forma do caminho; variedade modular depende da biblioteca e da camada de instanciacao."
12,2011,"A721EC9C","Quantitativo","navigableVolumeRatio","100%","%","Estimado sem NavMesh","Estimativa logica de celulas abertas antes de NavMesh.","Use como estimativa inicial, nao como validacao fisica final.","Proxy logico; deve ser confirmado com NavMesh/colisao em uma validacao fisica."
12,2011,"A721EC9C","Quantitativo","criticalPathLength","60.143","metros","Medido","Maior distancia no grafo extraido a partir do componente inicial.","Aproxima o percurso principal inicio-objetivo.","Pode gerar caminho longo por caminhada sinuosa, mas nao controla pacing ou progressao de missao sozinho."
12,2011,"A721EC9C","Quantitativo","avgAlternativePathLength","0","metros","Medido","Media de conexoes marcadas como ciclos emergentes entre componentes.","Nao houve caminho alternativo nesta execucao.","Loops podem emergir por auto-interseccao do passeio, mas nao sao garantidos por planejamento global."
12,2011,"A721EC9C","Booleano","SupportsRandomEnemySpawns","Sim, testado","sim/nao","Suportado","Parametro medido sobre a saida do Drunkard Walk puro.","Sistema configurado e com orcamento ativo.","Spawns usam regioes escavadas; balanceamento nao e propriedade nativa do Drunkard Walk."
12,2011,"A721EC9C","Booleano","SupportsLootDistribution","Sim, testado","sim/nao","Suportado","Parametro medido sobre a saida do Drunkard Walk puro.","Sistema configurado e com orcamento ativo.","Loot pode ser colocado nas regioes escavadas, mas progressao por risco depende de outra camada."
12,2011,"A721EC9C","Booleano","SupportsTraps","Sim, testado","sim/nao","Suportado","Parametro medido sobre a saida do Drunkard Walk puro.","Sistema configurado e com orcamento ativo.","Armadilhas podem usar celulas escavadas/gargalos, mas sem semantica global nativa."
12,2011,"A721EC9C","Booleano","SupportsBacktrackingLoops","Nao","sim/nao","Medido","Parametro medido sobre a saida do Drunkard Walk puro.","Parametro atendido somente quando as conexoes emergentes formam ciclos no grafo extraido.","Loops podem aparecer por auto-interseccao, mas nao ha garantia de ciclo jogavel em toda seed."
12,2011,"A721EC9C","Booleano","SupportsVerticalConnectors","Sim","sim/nao","Medido","Conta execucoes em que o passeio vertical escavou celulas alinhadas entre pavimentos.","Parametro atendido apenas se o proprio caminhante puder subir/descer e produzir alinhamentos entre pavimentos.","Possivel apenas na extensao multiandar em que o proprio caminhante faz passos verticais."
12,2011,"A721EC9C","Booleano","SupportsMultiFloor","Sim","sim/nao","Medido","Conta execucoes com mais de um pavimento e pelo menos uma conexao vertical inferida do proprio passeio.","Parametro atendido quando existe conexao vertical inferida do passeio multiandar.","Drunkard Walk 2D puro nao e multiandar; o passeio 3D continua puro, mas deve ser relatado como extensao volumetrica."
12,2011,"A721EC9C","Booleano","SupportsBossArena","Sim","sim/nao","Medido","Parametro medido sobre a saida do Drunkard Walk puro.","Existe ao menos uma sala grande o suficiente.","Areas grandes podem surgir por stamps ou sobreposicao de passos, mas nao sao arenas semanticamente planejadas."
12,2011,"A721EC9C","Booleano","SeedReproducible","Sim","sim/nao","Medido","Parametro medido sobre a saida do Drunkard Walk puro.","A seed reproduziu a mesma topologia.","Resultado reproduzivel quando o passeio usa a mesma seed."
12,2011,"A721EC9C","Booleano","RuntimeRegeneration","Sim","sim/nao","Medido","Parametro medido sobre a saida do Drunkard Walk puro.","Tempo registrado: 54.125 ms.","Custo cresce com tamanho do grid, quantidade de passos, caminhantes e raio de escavacao."
12,2011,"A721EC9C","Booleano","BudgetAwareSpawns","Sim","sim/nao","Suportado","Parametro medido sobre a saida do Drunkard Walk puro.","Orcamentos registrados: inimigos 10, loot 6, armadilhas 4.","Orcamento e aplicado apos a geracao, sobre celulas livres extraidas."
12,2011,"A721EC9C","Qualitativo","Replayability","5/5","Likert 1-5","Estimado automaticamente","Parametro medido sobre a saida do Drunkard Walk puro.","Diversidade topologica: 100%.","Alta variacao de percurso entre seeds e esperada."
12,2011,"A721EC9C","Qualitativo","Debuggability","5/5","Likert 1-5","Estimado automaticamente","Parametro medido sobre a saida do Drunkard Walk puro.","Drunkard Walk e reproduzivel e simples de depurar, pois o caminho do caminhante explica diretamente a area escavada.","O caminho do caminhante e facil de repetir e inspecionar, mas metricas ajudam a quantificar sinuosidade e loops."
12,2011,"A721EC9C","Qualitativo","Flow","2/5","Likert 1-5","Estimado automaticamente","Parametro medido sobre a saida do Drunkard Walk puro.","Indica fluidez de navegacao esperada.","Fluxo tende a ser continuo, mas pode ficar sinuoso demais ou pouco ramificado."
12,2011,"A721EC9C","Qualitativo","Legibility","4/5","Likert 1-5","Estimado automaticamente","Parametro medido sobre a saida do Drunkard Walk puro.","A legibilidade depende do equilibrio entre corredor escavado, areas abertas e excesso de sinuosidade.","Corredores escavados podem ser claros, mas excesso de curvas reduz orientacao."
12,2011,"A721EC9C","Qualitativo","StructuralVariety","2/5","Likert 1-5","Estimado automaticamente","Parametro medido sobre a saida do Drunkard Walk puro.","Indica variedade estrutural dentro desta execucao.","Boa variedade de trajetos; menor controle sobre categorias semanticas de sala."
12,2011,"A721EC9C","Performance","layoutGenerationMilliseconds","11.922","ms","Medido","Tempo para executar caminhantes, escavar celulas e extrair componentes.","Representa o custo algoritmico principal.","Inclui passeio aleatorio, escavacao e extracao de componentes."
12,2011,"A721EC9C","Performance","geometryInstantiationMilliseconds","40.248","ms","Medido","Parametro medido sobre a saida do Drunkard Walk puro.","A execucao incluiu custo visual.","Custo visual depende dos prefabs/Unity, nao do Drunkard Walk puro."
12,2011,"A721EC9C","Performance","metricsCalculationMilliseconds","1.951","ms","Medido","Parametro medido sobre a saida do Drunkard Walk puro.","Ajuda a quantificar custo da instrumentacao.","Custo da instrumentacao, nao do algoritmo."
12,2011,"A721EC9C","Performance","totalGenerationMilliseconds","54.125","ms","Medido","Parametro medido sobre a saida do Drunkard Walk puro.","Inclui layout, instanciacao visual habilitada e calculo de metricas.","Inclui layout, instanciacao visual e metricas; compare junto do tempo logico."
12,2011,"A721EC9C","Performance","generatedGameObjectCount","3283","contagem","Medido","Parametro medido sobre a saida do Drunkard Walk puro.","Indica peso potencial de instanciacao no Unity.","Reflete peso da montagem visual das celulas abertas."
12,2011,"A721EC9C","Performance","occupiedCellCount","2462","contagem","Medido","Parametro medido sobre a saida do Drunkard Walk puro.","Proxy de escala espacial da dungeon.","Proxy do volume escavado pelo Drunkard Walk."
12,2011,"A721EC9C","Performance","connectionCount","2","contagem","Medido","Quantidade de conexoes inferidas por gargalos/passagens ou passos verticais.","Proxy de complexidade topologica.","Conexoes sao inferidas apos a geracao; o algoritmo nativo e um passeio, nao um grafo explicito."
12,2011,"A721EC9C","Performance","managedMemoryDeltaKB","7596","KB","Estimado","Parametro medido sobre a saida do Drunkard Walk puro.","Valor aproximado, sensivel a GC e ao estado do Editor.","Estimativa sujeita ao GC da Unity; use como indicio comparativo."
13,2012,"F02A3EF9","Quantitativo","numRoomsTarget","3","contagem","Medido","Extracao de componentes abertos e densos apos a escavacao dos caminhantes.","Tamanho estrutural da dungeon nesta execucao.","Drunkard Walk nao cria salas planejadas; regioes amplas aparecem quando o passeio se auto-intersecta ou recebe stamps locais."
13,2012,"F02A3EF9","Quantitativo","connectivityRatio","100%","%","Medido","Busca no grafo extraido de componentes escavados; nenhuma conexao artificial e criada.","Mostra se as regioes escavadas permaneceram conectadas sem flood-fill reparador, BSP, grafo-guia ou abertura posterior de tuneis.","Com caminhantes reiniciando apenas em celulas ja escavadas, a tendencia e conectividade alta; se falhar, e limitacao da extracao ou da variante multiandar."
13,2012,"F02A3EF9","Quantitativo","verticalVariance","1.886","metros","Medido","Desvio padrao das alturas dos componentes extraidos do volume escavado.","Ha variacao vertical mensuravel entre salas.","Verticalidade so aparece quando a opcao multiandar permite passos verticais do proprio caminhante."
13,2012,"F02A3EF9","Quantitativo","fillPercentage","30.03%","%","Medido","Celulas escavadas pelos caminhantes divididas pelo total do volume.","Indica densidade espacial da dungeon.","Densidade e controlada por meta de preenchimento, passos maximos, raio do pincel e stamps de sala."
13,2012,"F02A3EF9","Quantitativo","branchFactor","1.333","media","Medido","Media de conexoes entre componentes extraidos por passagens estreitas geradas pelo passeio.","Layout mais linear, com poucas bifurcacoes.","Ramificacao emerge de reinicios em celulas ja escavadas e mudancas de direcao, nao de um grafo explicito."
13,2012,"F02A3EF9","Quantitativo","avgPathLength","43.953","metros","Medido","Distancias no grafo extraido do resultado do passeio aleatorio.","Distancia media a partir da sala inicial.","Caminhos sao medidos depois da extracao; o passeio nao escolhe objetivo final semanticamente."
13,2012,"F02A3EF9","Quantitativo","uniqueModules","18","contagem","Medido","Contagem de categorias logicas e prefabs usados na leitura/instanciacao do resultado.","Indica variedade basica de composicao.","O algoritmo varia forma do caminho; variedade modular depende da biblioteca e da camada de instanciacao."
13,2012,"F02A3EF9","Quantitativo","navigableVolumeRatio","100%","%","Estimado sem NavMesh","Estimativa logica de celulas abertas antes de NavMesh.","Use como estimativa inicial, nao como validacao fisica final.","Proxy logico; deve ser confirmado com NavMesh/colisao em uma validacao fisica."
13,2012,"F02A3EF9","Quantitativo","criticalPathLength","67.781","metros","Medido","Maior distancia no grafo extraido a partir do componente inicial.","Aproxima o percurso principal inicio-objetivo.","Pode gerar caminho longo por caminhada sinuosa, mas nao controla pacing ou progressao de missao sozinho."
13,2012,"F02A3EF9","Quantitativo","avgAlternativePathLength","0","metros","Medido","Media de conexoes marcadas como ciclos emergentes entre componentes.","Nao houve caminho alternativo nesta execucao.","Loops podem emergir por auto-interseccao do passeio, mas nao sao garantidos por planejamento global."
13,2012,"F02A3EF9","Booleano","SupportsRandomEnemySpawns","Sim, testado","sim/nao","Suportado","Parametro medido sobre a saida do Drunkard Walk puro.","Sistema configurado e com orcamento ativo.","Spawns usam regioes escavadas; balanceamento nao e propriedade nativa do Drunkard Walk."
13,2012,"F02A3EF9","Booleano","SupportsLootDistribution","Sim, testado","sim/nao","Suportado","Parametro medido sobre a saida do Drunkard Walk puro.","Sistema configurado e com orcamento ativo.","Loot pode ser colocado nas regioes escavadas, mas progressao por risco depende de outra camada."
13,2012,"F02A3EF9","Booleano","SupportsTraps","Sim, testado","sim/nao","Suportado","Parametro medido sobre a saida do Drunkard Walk puro.","Sistema configurado e com orcamento ativo.","Armadilhas podem usar celulas escavadas/gargalos, mas sem semantica global nativa."
13,2012,"F02A3EF9","Booleano","SupportsBacktrackingLoops","Nao","sim/nao","Medido","Parametro medido sobre a saida do Drunkard Walk puro.","Parametro atendido somente quando as conexoes emergentes formam ciclos no grafo extraido.","Loops podem aparecer por auto-interseccao, mas nao ha garantia de ciclo jogavel em toda seed."
13,2012,"F02A3EF9","Booleano","SupportsVerticalConnectors","Sim","sim/nao","Medido","Conta execucoes em que o passeio vertical escavou celulas alinhadas entre pavimentos.","Parametro atendido apenas se o proprio caminhante puder subir/descer e produzir alinhamentos entre pavimentos.","Possivel apenas na extensao multiandar em que o proprio caminhante faz passos verticais."
13,2012,"F02A3EF9","Booleano","SupportsMultiFloor","Sim","sim/nao","Medido","Conta execucoes com mais de um pavimento e pelo menos uma conexao vertical inferida do proprio passeio.","Parametro atendido quando existe conexao vertical inferida do passeio multiandar.","Drunkard Walk 2D puro nao e multiandar; o passeio 3D continua puro, mas deve ser relatado como extensao volumetrica."
13,2012,"F02A3EF9","Booleano","SupportsBossArena","Sim","sim/nao","Medido","Parametro medido sobre a saida do Drunkard Walk puro.","Existe ao menos uma sala grande o suficiente.","Areas grandes podem surgir por stamps ou sobreposicao de passos, mas nao sao arenas semanticamente planejadas."
13,2012,"F02A3EF9","Booleano","SeedReproducible","Sim","sim/nao","Medido","Parametro medido sobre a saida do Drunkard Walk puro.","A seed reproduziu a mesma topologia.","Resultado reproduzivel quando o passeio usa a mesma seed."
13,2012,"F02A3EF9","Booleano","RuntimeRegeneration","Sim","sim/nao","Medido","Parametro medido sobre a saida do Drunkard Walk puro.","Tempo registrado: 54.021 ms.","Custo cresce com tamanho do grid, quantidade de passos, caminhantes e raio de escavacao."
13,2012,"F02A3EF9","Booleano","BudgetAwareSpawns","Sim","sim/nao","Suportado","Parametro medido sobre a saida do Drunkard Walk puro.","Orcamentos registrados: inimigos 10, loot 6, armadilhas 4.","Orcamento e aplicado apos a geracao, sobre celulas livres extraidas."
13,2012,"F02A3EF9","Qualitativo","Replayability","5/5","Likert 1-5","Estimado automaticamente","Parametro medido sobre a saida do Drunkard Walk puro.","Diversidade topologica: 100%.","Alta variacao de percurso entre seeds e esperada."
13,2012,"F02A3EF9","Qualitativo","Debuggability","5/5","Likert 1-5","Estimado automaticamente","Parametro medido sobre a saida do Drunkard Walk puro.","Drunkard Walk e reproduzivel e simples de depurar, pois o caminho do caminhante explica diretamente a area escavada.","O caminho do caminhante e facil de repetir e inspecionar, mas metricas ajudam a quantificar sinuosidade e loops."
13,2012,"F02A3EF9","Qualitativo","Flow","5/5","Likert 1-5","Estimado automaticamente","Parametro medido sobre a saida do Drunkard Walk puro.","Indica fluidez de navegacao esperada.","Fluxo tende a ser continuo, mas pode ficar sinuoso demais ou pouco ramificado."
13,2012,"F02A3EF9","Qualitativo","Legibility","5/5","Likert 1-5","Estimado automaticamente","Parametro medido sobre a saida do Drunkard Walk puro.","A legibilidade depende do equilibrio entre corredor escavado, areas abertas e excesso de sinuosidade.","Corredores escavados podem ser claros, mas excesso de curvas reduz orientacao."
13,2012,"F02A3EF9","Qualitativo","StructuralVariety","2/5","Likert 1-5","Estimado automaticamente","Parametro medido sobre a saida do Drunkard Walk puro.","Indica variedade estrutural dentro desta execucao.","Boa variedade de trajetos; menor controle sobre categorias semanticas de sala."
13,2012,"F02A3EF9","Performance","layoutGenerationMilliseconds","10.213","ms","Medido","Tempo para executar caminhantes, escavar celulas e extrair componentes.","Representa o custo algoritmico principal.","Inclui passeio aleatorio, escavacao e extracao de componentes."
13,2012,"F02A3EF9","Performance","geometryInstantiationMilliseconds","42.586","ms","Medido","Parametro medido sobre a saida do Drunkard Walk puro.","A execucao incluiu custo visual.","Custo visual depende dos prefabs/Unity, nao do Drunkard Walk puro."
13,2012,"F02A3EF9","Performance","metricsCalculationMilliseconds","1.219","ms","Medido","Parametro medido sobre a saida do Drunkard Walk puro.","Ajuda a quantificar custo da instrumentacao.","Custo da instrumentacao, nao do algoritmo."
13,2012,"F02A3EF9","Performance","totalGenerationMilliseconds","54.021","ms","Medido","Parametro medido sobre a saida do Drunkard Walk puro.","Inclui layout, instanciacao visual habilitada e calculo de metricas.","Inclui layout, instanciacao visual e metricas; compare junto do tempo logico."
13,2012,"F02A3EF9","Performance","generatedGameObjectCount","3216","contagem","Medido","Parametro medido sobre a saida do Drunkard Walk puro.","Indica peso potencial de instanciacao no Unity.","Reflete peso da montagem visual das celulas abertas."
13,2012,"F02A3EF9","Performance","occupiedCellCount","2460","contagem","Medido","Parametro medido sobre a saida do Drunkard Walk puro.","Proxy de escala espacial da dungeon.","Proxy do volume escavado pelo Drunkard Walk."
13,2012,"F02A3EF9","Performance","connectionCount","2","contagem","Medido","Quantidade de conexoes inferidas por gargalos/passagens ou passos verticais.","Proxy de complexidade topologica.","Conexoes sao inferidas apos a geracao; o algoritmo nativo e um passeio, nao um grafo explicito."
13,2012,"F02A3EF9","Performance","managedMemoryDeltaKB","7568","KB","Estimado","Parametro medido sobre a saida do Drunkard Walk puro.","Valor aproximado, sensivel a GC e ao estado do Editor.","Estimativa sujeita ao GC da Unity; use como indicio comparativo."
14,2013,"A3F8EB77","Quantitativo","numRoomsTarget","2","contagem","Medido","Extracao de componentes abertos e densos apos a escavacao dos caminhantes.","Tamanho estrutural da dungeon nesta execucao.","Drunkard Walk nao cria salas planejadas; regioes amplas aparecem quando o passeio se auto-intersecta ou recebe stamps locais."
14,2013,"A3F8EB77","Quantitativo","connectivityRatio","100%","%","Medido","Busca no grafo extraido de componentes escavados; nenhuma conexao artificial e criada.","Mostra se as regioes escavadas permaneceram conectadas sem flood-fill reparador, BSP, grafo-guia ou abertura posterior de tuneis.","Com caminhantes reiniciando apenas em celulas ja escavadas, a tendencia e conectividade alta; se falhar, e limitacao da extracao ou da variante multiandar."
14,2013,"A3F8EB77","Quantitativo","verticalVariance","2","metros","Medido","Desvio padrao das alturas dos componentes extraidos do volume escavado.","Ha variacao vertical mensuravel entre salas.","Verticalidade so aparece quando a opcao multiandar permite passos verticais do proprio caminhante."
14,2013,"A3F8EB77","Quantitativo","fillPercentage","30.09%","%","Medido","Celulas escavadas pelos caminhantes divididas pelo total do volume.","Indica densidade espacial da dungeon.","Densidade e controlada por meta de preenchimento, passos maximos, raio do pincel e stamps de sala."
14,2013,"A3F8EB77","Quantitativo","branchFactor","1","media","Medido","Media de conexoes entre componentes extraidos por passagens estreitas geradas pelo passeio.","Layout mais linear, com poucas bifurcacoes.","Ramificacao emerge de reinicios em celulas ja escavadas e mudancas de direcao, nao de um grafo explicito."
14,2013,"A3F8EB77","Quantitativo","avgPathLength","16.649","metros","Medido","Distancias no grafo extraido do resultado do passeio aleatorio.","Distancia media a partir da sala inicial.","Caminhos sao medidos depois da extracao; o passeio nao escolhe objetivo final semanticamente."
14,2013,"A3F8EB77","Quantitativo","uniqueModules","19","contagem","Medido","Contagem de categorias logicas e prefabs usados na leitura/instanciacao do resultado.","Indica variedade basica de composicao.","O algoritmo varia forma do caminho; variedade modular depende da biblioteca e da camada de instanciacao."
14,2013,"A3F8EB77","Quantitativo","navigableVolumeRatio","100%","%","Estimado sem NavMesh","Estimativa logica de celulas abertas antes de NavMesh.","Use como estimativa inicial, nao como validacao fisica final.","Proxy logico; deve ser confirmado com NavMesh/colisao em uma validacao fisica."
14,2013,"A3F8EB77","Quantitativo","criticalPathLength","16.649","metros","Medido","Maior distancia no grafo extraido a partir do componente inicial.","Aproxima o percurso principal inicio-objetivo.","Pode gerar caminho longo por caminhada sinuosa, mas nao controla pacing ou progressao de missao sozinho."
14,2013,"A3F8EB77","Quantitativo","avgAlternativePathLength","0","metros","Medido","Media de conexoes marcadas como ciclos emergentes entre componentes.","Nao houve caminho alternativo nesta execucao.","Loops podem emergir por auto-interseccao do passeio, mas nao sao garantidos por planejamento global."
14,2013,"A3F8EB77","Booleano","SupportsRandomEnemySpawns","Sim, testado","sim/nao","Suportado","Parametro medido sobre a saida do Drunkard Walk puro.","Sistema configurado e com orcamento ativo.","Spawns usam regioes escavadas; balanceamento nao e propriedade nativa do Drunkard Walk."
14,2013,"A3F8EB77","Booleano","SupportsLootDistribution","Sim, testado","sim/nao","Suportado","Parametro medido sobre a saida do Drunkard Walk puro.","Sistema configurado e com orcamento ativo.","Loot pode ser colocado nas regioes escavadas, mas progressao por risco depende de outra camada."
14,2013,"A3F8EB77","Booleano","SupportsTraps","Sim, testado","sim/nao","Suportado","Parametro medido sobre a saida do Drunkard Walk puro.","Sistema configurado e com orcamento ativo.","Armadilhas podem usar celulas escavadas/gargalos, mas sem semantica global nativa."
14,2013,"A3F8EB77","Booleano","SupportsBacktrackingLoops","Nao","sim/nao","Medido","Parametro medido sobre a saida do Drunkard Walk puro.","Parametro atendido somente quando as conexoes emergentes formam ciclos no grafo extraido.","Loops podem aparecer por auto-interseccao, mas nao ha garantia de ciclo jogavel em toda seed."
14,2013,"A3F8EB77","Booleano","SupportsVerticalConnectors","Sim","sim/nao","Medido","Conta execucoes em que o passeio vertical escavou celulas alinhadas entre pavimentos.","Parametro atendido apenas se o proprio caminhante puder subir/descer e produzir alinhamentos entre pavimentos.","Possivel apenas na extensao multiandar em que o proprio caminhante faz passos verticais."
14,2013,"A3F8EB77","Booleano","SupportsMultiFloor","Sim","sim/nao","Medido","Conta execucoes com mais de um pavimento e pelo menos uma conexao vertical inferida do proprio passeio.","Parametro atendido quando existe conexao vertical inferida do passeio multiandar.","Drunkard Walk 2D puro nao e multiandar; o passeio 3D continua puro, mas deve ser relatado como extensao volumetrica."
14,2013,"A3F8EB77","Booleano","SupportsBossArena","Sim","sim/nao","Medido","Parametro medido sobre a saida do Drunkard Walk puro.","Existe ao menos uma sala grande o suficiente.","Areas grandes podem surgir por stamps ou sobreposicao de passos, mas nao sao arenas semanticamente planejadas."
14,2013,"A3F8EB77","Booleano","SeedReproducible","Sim","sim/nao","Medido","Parametro medido sobre a saida do Drunkard Walk puro.","A seed reproduziu a mesma topologia.","Resultado reproduzivel quando o passeio usa a mesma seed."
14,2013,"A3F8EB77","Booleano","RuntimeRegeneration","Sim","sim/nao","Medido","Parametro medido sobre a saida do Drunkard Walk puro.","Tempo registrado: 47.973 ms.","Custo cresce com tamanho do grid, quantidade de passos, caminhantes e raio de escavacao."
14,2013,"A3F8EB77","Booleano","BudgetAwareSpawns","Sim","sim/nao","Suportado","Parametro medido sobre a saida do Drunkard Walk puro.","Orcamentos registrados: inimigos 10, loot 6, armadilhas 4.","Orcamento e aplicado apos a geracao, sobre celulas livres extraidas."
14,2013,"A3F8EB77","Qualitativo","Replayability","5/5","Likert 1-5","Estimado automaticamente","Parametro medido sobre a saida do Drunkard Walk puro.","Diversidade topologica: 100%.","Alta variacao de percurso entre seeds e esperada."
14,2013,"A3F8EB77","Qualitativo","Debuggability","5/5","Likert 1-5","Estimado automaticamente","Parametro medido sobre a saida do Drunkard Walk puro.","Drunkard Walk e reproduzivel e simples de depurar, pois o caminho do caminhante explica diretamente a area escavada.","O caminho do caminhante e facil de repetir e inspecionar, mas metricas ajudam a quantificar sinuosidade e loops."
14,2013,"A3F8EB77","Qualitativo","Flow","4/5","Likert 1-5","Estimado automaticamente","Parametro medido sobre a saida do Drunkard Walk puro.","Indica fluidez de navegacao esperada.","Fluxo tende a ser continuo, mas pode ficar sinuoso demais ou pouco ramificado."
14,2013,"A3F8EB77","Qualitativo","Legibility","5/5","Likert 1-5","Estimado automaticamente","Parametro medido sobre a saida do Drunkard Walk puro.","A legibilidade depende do equilibrio entre corredor escavado, areas abertas e excesso de sinuosidade.","Corredores escavados podem ser claros, mas excesso de curvas reduz orientacao."
14,2013,"A3F8EB77","Qualitativo","StructuralVariety","2/5","Likert 1-5","Estimado automaticamente","Parametro medido sobre a saida do Drunkard Walk puro.","Indica variedade estrutural dentro desta execucao.","Boa variedade de trajetos; menor controle sobre categorias semanticas de sala."
14,2013,"A3F8EB77","Performance","layoutGenerationMilliseconds","9.029","ms","Medido","Tempo para executar caminhantes, escavar celulas e extrair componentes.","Representa o custo algoritmico principal.","Inclui passeio aleatorio, escavacao e extracao de componentes."
14,2013,"A3F8EB77","Performance","geometryInstantiationMilliseconds","37.529","ms","Medido","Parametro medido sobre a saida do Drunkard Walk puro.","A execucao incluiu custo visual.","Custo visual depende dos prefabs/Unity, nao do Drunkard Walk puro."
14,2013,"A3F8EB77","Performance","metricsCalculationMilliseconds","1.412","ms","Medido","Parametro medido sobre a saida do Drunkard Walk puro.","Ajuda a quantificar custo da instrumentacao.","Custo da instrumentacao, nao do algoritmo."
14,2013,"A3F8EB77","Performance","totalGenerationMilliseconds","47.973","ms","Medido","Parametro medido sobre a saida do Drunkard Walk puro.","Inclui layout, instanciacao visual habilitada e calculo de metricas.","Inclui layout, instanciacao visual e metricas; compare junto do tempo logico."
14,2013,"A3F8EB77","Performance","generatedGameObjectCount","3180","contagem","Medido","Parametro medido sobre a saida do Drunkard Walk puro.","Indica peso potencial de instanciacao no Unity.","Reflete peso da montagem visual das celulas abertas."
14,2013,"A3F8EB77","Performance","occupiedCellCount","2465","contagem","Medido","Parametro medido sobre a saida do Drunkard Walk puro.","Proxy de escala espacial da dungeon.","Proxy do volume escavado pelo Drunkard Walk."
14,2013,"A3F8EB77","Performance","connectionCount","1","contagem","Medido","Quantidade de conexoes inferidas por gargalos/passagens ou passos verticais.","Proxy de complexidade topologica.","Conexoes sao inferidas apos a geracao; o algoritmo nativo e um passeio, nao um grafo explicito."
14,2013,"A3F8EB77","Performance","managedMemoryDeltaKB","7624","KB","Estimado","Parametro medido sobre a saida do Drunkard Walk puro.","Valor aproximado, sensivel a GC e ao estado do Editor.","Estimativa sujeita ao GC da Unity; use como indicio comparativo."
15,2014,"CE09E272","Quantitativo","numRoomsTarget","2","contagem","Medido","Extracao de componentes abertos e densos apos a escavacao dos caminhantes.","Tamanho estrutural da dungeon nesta execucao.","Drunkard Walk nao cria salas planejadas; regioes amplas aparecem quando o passeio se auto-intersecta ou recebe stamps locais."
15,2014,"CE09E272","Quantitativo","connectivityRatio","100%","%","Medido","Busca no grafo extraido de componentes escavados; nenhuma conexao artificial e criada.","Mostra se as regioes escavadas permaneceram conectadas sem flood-fill reparador, BSP, grafo-guia ou abertura posterior de tuneis.","Com caminhantes reiniciando apenas em celulas ja escavadas, a tendencia e conectividade alta; se falhar, e limitacao da extracao ou da variante multiandar."
15,2014,"CE09E272","Quantitativo","verticalVariance","2","metros","Medido","Desvio padrao das alturas dos componentes extraidos do volume escavado.","Ha variacao vertical mensuravel entre salas.","Verticalidade so aparece quando a opcao multiandar permite passos verticais do proprio caminhante."
15,2014,"CE09E272","Quantitativo","fillPercentage","30.04%","%","Medido","Celulas escavadas pelos caminhantes divididas pelo total do volume.","Indica densidade espacial da dungeon.","Densidade e controlada por meta de preenchimento, passos maximos, raio do pincel e stamps de sala."
15,2014,"CE09E272","Quantitativo","branchFactor","1","media","Medido","Media de conexoes entre componentes extraidos por passagens estreitas geradas pelo passeio.","Layout mais linear, com poucas bifurcacoes.","Ramificacao emerge de reinicios em celulas ja escavadas e mudancas de direcao, nao de um grafo explicito."
15,2014,"CE09E272","Quantitativo","avgPathLength","17.416","metros","Medido","Distancias no grafo extraido do resultado do passeio aleatorio.","Distancia media a partir da sala inicial.","Caminhos sao medidos depois da extracao; o passeio nao escolhe objetivo final semanticamente."
15,2014,"CE09E272","Quantitativo","uniqueModules","16","contagem","Medido","Contagem de categorias logicas e prefabs usados na leitura/instanciacao do resultado.","Indica variedade basica de composicao.","O algoritmo varia forma do caminho; variedade modular depende da biblioteca e da camada de instanciacao."
15,2014,"CE09E272","Quantitativo","navigableVolumeRatio","100%","%","Estimado sem NavMesh","Estimativa logica de celulas abertas antes de NavMesh.","Use como estimativa inicial, nao como validacao fisica final.","Proxy logico; deve ser confirmado com NavMesh/colisao em uma validacao fisica."
15,2014,"CE09E272","Quantitativo","criticalPathLength","17.416","metros","Medido","Maior distancia no grafo extraido a partir do componente inicial.","Aproxima o percurso principal inicio-objetivo.","Pode gerar caminho longo por caminhada sinuosa, mas nao controla pacing ou progressao de missao sozinho."
15,2014,"CE09E272","Quantitativo","avgAlternativePathLength","0","metros","Medido","Media de conexoes marcadas como ciclos emergentes entre componentes.","Nao houve caminho alternativo nesta execucao.","Loops podem emergir por auto-interseccao do passeio, mas nao sao garantidos por planejamento global."
15,2014,"CE09E272","Booleano","SupportsRandomEnemySpawns","Sim, testado","sim/nao","Suportado","Parametro medido sobre a saida do Drunkard Walk puro.","Sistema configurado e com orcamento ativo.","Spawns usam regioes escavadas; balanceamento nao e propriedade nativa do Drunkard Walk."
15,2014,"CE09E272","Booleano","SupportsLootDistribution","Sim, testado","sim/nao","Suportado","Parametro medido sobre a saida do Drunkard Walk puro.","Sistema configurado e com orcamento ativo.","Loot pode ser colocado nas regioes escavadas, mas progressao por risco depende de outra camada."
15,2014,"CE09E272","Booleano","SupportsTraps","Sim, testado","sim/nao","Suportado","Parametro medido sobre a saida do Drunkard Walk puro.","Sistema configurado e com orcamento ativo.","Armadilhas podem usar celulas escavadas/gargalos, mas sem semantica global nativa."
15,2014,"CE09E272","Booleano","SupportsBacktrackingLoops","Nao","sim/nao","Medido","Parametro medido sobre a saida do Drunkard Walk puro.","Parametro atendido somente quando as conexoes emergentes formam ciclos no grafo extraido.","Loops podem aparecer por auto-interseccao, mas nao ha garantia de ciclo jogavel em toda seed."
15,2014,"CE09E272","Booleano","SupportsVerticalConnectors","Sim","sim/nao","Medido","Conta execucoes em que o passeio vertical escavou celulas alinhadas entre pavimentos.","Parametro atendido apenas se o proprio caminhante puder subir/descer e produzir alinhamentos entre pavimentos.","Possivel apenas na extensao multiandar em que o proprio caminhante faz passos verticais."
15,2014,"CE09E272","Booleano","SupportsMultiFloor","Sim","sim/nao","Medido","Conta execucoes com mais de um pavimento e pelo menos uma conexao vertical inferida do proprio passeio.","Parametro atendido quando existe conexao vertical inferida do passeio multiandar.","Drunkard Walk 2D puro nao e multiandar; o passeio 3D continua puro, mas deve ser relatado como extensao volumetrica."
15,2014,"CE09E272","Booleano","SupportsBossArena","Sim","sim/nao","Medido","Parametro medido sobre a saida do Drunkard Walk puro.","Existe ao menos uma sala grande o suficiente.","Areas grandes podem surgir por stamps ou sobreposicao de passos, mas nao sao arenas semanticamente planejadas."
15,2014,"CE09E272","Booleano","SeedReproducible","Sim","sim/nao","Medido","Parametro medido sobre a saida do Drunkard Walk puro.","A seed reproduziu a mesma topologia.","Resultado reproduzivel quando o passeio usa a mesma seed."
15,2014,"CE09E272","Booleano","RuntimeRegeneration","Sim","sim/nao","Medido","Parametro medido sobre a saida do Drunkard Walk puro.","Tempo registrado: 50.998 ms.","Custo cresce com tamanho do grid, quantidade de passos, caminhantes e raio de escavacao."
15,2014,"CE09E272","Booleano","BudgetAwareSpawns","Sim","sim/nao","Suportado","Parametro medido sobre a saida do Drunkard Walk puro.","Orcamentos registrados: inimigos 10, loot 6, armadilhas 4.","Orcamento e aplicado apos a geracao, sobre celulas livres extraidas."
15,2014,"CE09E272","Qualitativo","Replayability","5/5","Likert 1-5","Estimado automaticamente","Parametro medido sobre a saida do Drunkard Walk puro.","Diversidade topologica: 100%.","Alta variacao de percurso entre seeds e esperada."
15,2014,"CE09E272","Qualitativo","Debuggability","5/5","Likert 1-5","Estimado automaticamente","Parametro medido sobre a saida do Drunkard Walk puro.","Drunkard Walk e reproduzivel e simples de depurar, pois o caminho do caminhante explica diretamente a area escavada.","O caminho do caminhante e facil de repetir e inspecionar, mas metricas ajudam a quantificar sinuosidade e loops."
15,2014,"CE09E272","Qualitativo","Flow","4/5","Likert 1-5","Estimado automaticamente","Parametro medido sobre a saida do Drunkard Walk puro.","Indica fluidez de navegacao esperada.","Fluxo tende a ser continuo, mas pode ficar sinuoso demais ou pouco ramificado."
15,2014,"CE09E272","Qualitativo","Legibility","5/5","Likert 1-5","Estimado automaticamente","Parametro medido sobre a saida do Drunkard Walk puro.","A legibilidade depende do equilibrio entre corredor escavado, areas abertas e excesso de sinuosidade.","Corredores escavados podem ser claros, mas excesso de curvas reduz orientacao."
15,2014,"CE09E272","Qualitativo","StructuralVariety","2/5","Likert 1-5","Estimado automaticamente","Parametro medido sobre a saida do Drunkard Walk puro.","Indica variedade estrutural dentro desta execucao.","Boa variedade de trajetos; menor controle sobre categorias semanticas de sala."
15,2014,"CE09E272","Performance","layoutGenerationMilliseconds","9.972","ms","Medido","Tempo para executar caminhantes, escavar celulas e extrair componentes.","Representa o custo algoritmico principal.","Inclui passeio aleatorio, escavacao e extracao de componentes."
15,2014,"CE09E272","Performance","geometryInstantiationMilliseconds","39.294","ms","Medido","Parametro medido sobre a saida do Drunkard Walk puro.","A execucao incluiu custo visual.","Custo visual depende dos prefabs/Unity, nao do Drunkard Walk puro."
15,2014,"CE09E272","Performance","metricsCalculationMilliseconds","1.729","ms","Medido","Parametro medido sobre a saida do Drunkard Walk puro.","Ajuda a quantificar custo da instrumentacao.","Custo da instrumentacao, nao do algoritmo."
15,2014,"CE09E272","Performance","totalGenerationMilliseconds","50.998","ms","Medido","Parametro medido sobre a saida do Drunkard Walk puro.","Inclui layout, instanciacao visual habilitada e calculo de metricas.","Inclui layout, instanciacao visual e metricas; compare junto do tempo logico."
15,2014,"CE09E272","Performance","generatedGameObjectCount","3121","contagem","Medido","Parametro medido sobre a saida do Drunkard Walk puro.","Indica peso potencial de instanciacao no Unity.","Reflete peso da montagem visual das celulas abertas."
15,2014,"CE09E272","Performance","occupiedCellCount","2461","contagem","Medido","Parametro medido sobre a saida do Drunkard Walk puro.","Proxy de escala espacial da dungeon.","Proxy do volume escavado pelo Drunkard Walk."
15,2014,"CE09E272","Performance","connectionCount","1","contagem","Medido","Quantidade de conexoes inferidas por gargalos/passagens ou passos verticais.","Proxy de complexidade topologica.","Conexoes sao inferidas apos a geracao; o algoritmo nativo e um passeio, nao um grafo explicito."
15,2014,"CE09E272","Performance","managedMemoryDeltaKB","7600","KB","Estimado","Parametro medido sobre a saida do Drunkard Walk puro.","Valor aproximado, sensivel a GC e ao estado do Editor.","Estimativa sujeita ao GC da Unity; use como indicio comparativo."
16,2015,"EADE0115","Quantitativo","numRoomsTarget","2","contagem","Medido","Extracao de componentes abertos e densos apos a escavacao dos caminhantes.","Tamanho estrutural da dungeon nesta execucao.","Drunkard Walk nao cria salas planejadas; regioes amplas aparecem quando o passeio se auto-intersecta ou recebe stamps locais."
16,2015,"EADE0115","Quantitativo","connectivityRatio","100%","%","Medido","Busca no grafo extraido de componentes escavados; nenhuma conexao artificial e criada.","Mostra se as regioes escavadas permaneceram conectadas sem flood-fill reparador, BSP, grafo-guia ou abertura posterior de tuneis.","Com caminhantes reiniciando apenas em celulas ja escavadas, a tendencia e conectividade alta; se falhar, e limitacao da extracao ou da variante multiandar."
16,2015,"EADE0115","Quantitativo","verticalVariance","2","metros","Medido","Desvio padrao das alturas dos componentes extraidos do volume escavado.","Ha variacao vertical mensuravel entre salas.","Verticalidade so aparece quando a opcao multiandar permite passos verticais do proprio caminhante."
16,2015,"EADE0115","Quantitativo","fillPercentage","30.04%","%","Medido","Celulas escavadas pelos caminhantes divididas pelo total do volume.","Indica densidade espacial da dungeon.","Densidade e controlada por meta de preenchimento, passos maximos, raio do pincel e stamps de sala."
16,2015,"EADE0115","Quantitativo","branchFactor","1","media","Medido","Media de conexoes entre componentes extraidos por passagens estreitas geradas pelo passeio.","Layout mais linear, com poucas bifurcacoes.","Ramificacao emerge de reinicios em celulas ja escavadas e mudancas de direcao, nao de um grafo explicito."
16,2015,"EADE0115","Quantitativo","avgPathLength","14","metros","Medido","Distancias no grafo extraido do resultado do passeio aleatorio.","Distancia media a partir da sala inicial.","Caminhos sao medidos depois da extracao; o passeio nao escolhe objetivo final semanticamente."
16,2015,"EADE0115","Quantitativo","uniqueModules","16","contagem","Medido","Contagem de categorias logicas e prefabs usados na leitura/instanciacao do resultado.","Indica variedade basica de composicao.","O algoritmo varia forma do caminho; variedade modular depende da biblioteca e da camada de instanciacao."
16,2015,"EADE0115","Quantitativo","navigableVolumeRatio","100%","%","Estimado sem NavMesh","Estimativa logica de celulas abertas antes de NavMesh.","Use como estimativa inicial, nao como validacao fisica final.","Proxy logico; deve ser confirmado com NavMesh/colisao em uma validacao fisica."
16,2015,"EADE0115","Quantitativo","criticalPathLength","14","metros","Medido","Maior distancia no grafo extraido a partir do componente inicial.","Aproxima o percurso principal inicio-objetivo.","Pode gerar caminho longo por caminhada sinuosa, mas nao controla pacing ou progressao de missao sozinho."
16,2015,"EADE0115","Quantitativo","avgAlternativePathLength","0","metros","Medido","Media de conexoes marcadas como ciclos emergentes entre componentes.","Nao houve caminho alternativo nesta execucao.","Loops podem emergir por auto-interseccao do passeio, mas nao sao garantidos por planejamento global."
16,2015,"EADE0115","Booleano","SupportsRandomEnemySpawns","Sim, testado","sim/nao","Suportado","Parametro medido sobre a saida do Drunkard Walk puro.","Sistema configurado e com orcamento ativo.","Spawns usam regioes escavadas; balanceamento nao e propriedade nativa do Drunkard Walk."
16,2015,"EADE0115","Booleano","SupportsLootDistribution","Sim, testado","sim/nao","Suportado","Parametro medido sobre a saida do Drunkard Walk puro.","Sistema configurado e com orcamento ativo.","Loot pode ser colocado nas regioes escavadas, mas progressao por risco depende de outra camada."
16,2015,"EADE0115","Booleano","SupportsTraps","Sim, testado","sim/nao","Suportado","Parametro medido sobre a saida do Drunkard Walk puro.","Sistema configurado e com orcamento ativo.","Armadilhas podem usar celulas escavadas/gargalos, mas sem semantica global nativa."
16,2015,"EADE0115","Booleano","SupportsBacktrackingLoops","Nao","sim/nao","Medido","Parametro medido sobre a saida do Drunkard Walk puro.","Parametro atendido somente quando as conexoes emergentes formam ciclos no grafo extraido.","Loops podem aparecer por auto-interseccao, mas nao ha garantia de ciclo jogavel em toda seed."
16,2015,"EADE0115","Booleano","SupportsVerticalConnectors","Sim","sim/nao","Medido","Conta execucoes em que o passeio vertical escavou celulas alinhadas entre pavimentos.","Parametro atendido apenas se o proprio caminhante puder subir/descer e produzir alinhamentos entre pavimentos.","Possivel apenas na extensao multiandar em que o proprio caminhante faz passos verticais."
16,2015,"EADE0115","Booleano","SupportsMultiFloor","Sim","sim/nao","Medido","Conta execucoes com mais de um pavimento e pelo menos uma conexao vertical inferida do proprio passeio.","Parametro atendido quando existe conexao vertical inferida do passeio multiandar.","Drunkard Walk 2D puro nao e multiandar; o passeio 3D continua puro, mas deve ser relatado como extensao volumetrica."
16,2015,"EADE0115","Booleano","SupportsBossArena","Sim","sim/nao","Medido","Parametro medido sobre a saida do Drunkard Walk puro.","Existe ao menos uma sala grande o suficiente.","Areas grandes podem surgir por stamps ou sobreposicao de passos, mas nao sao arenas semanticamente planejadas."
16,2015,"EADE0115","Booleano","SeedReproducible","Sim","sim/nao","Medido","Parametro medido sobre a saida do Drunkard Walk puro.","A seed reproduziu a mesma topologia.","Resultado reproduzivel quando o passeio usa a mesma seed."
16,2015,"EADE0115","Booleano","RuntimeRegeneration","Sim","sim/nao","Medido","Parametro medido sobre a saida do Drunkard Walk puro.","Tempo registrado: 50.655 ms.","Custo cresce com tamanho do grid, quantidade de passos, caminhantes e raio de escavacao."
16,2015,"EADE0115","Booleano","BudgetAwareSpawns","Sim","sim/nao","Suportado","Parametro medido sobre a saida do Drunkard Walk puro.","Orcamentos registrados: inimigos 10, loot 6, armadilhas 4.","Orcamento e aplicado apos a geracao, sobre celulas livres extraidas."
16,2015,"EADE0115","Qualitativo","Replayability","5/5","Likert 1-5","Estimado automaticamente","Parametro medido sobre a saida do Drunkard Walk puro.","Diversidade topologica: 100%.","Alta variacao de percurso entre seeds e esperada."
16,2015,"EADE0115","Qualitativo","Debuggability","5/5","Likert 1-5","Estimado automaticamente","Parametro medido sobre a saida do Drunkard Walk puro.","Drunkard Walk e reproduzivel e simples de depurar, pois o caminho do caminhante explica diretamente a area escavada.","O caminho do caminhante e facil de repetir e inspecionar, mas metricas ajudam a quantificar sinuosidade e loops."
16,2015,"EADE0115","Qualitativo","Flow","4/5","Likert 1-5","Estimado automaticamente","Parametro medido sobre a saida do Drunkard Walk puro.","Indica fluidez de navegacao esperada.","Fluxo tende a ser continuo, mas pode ficar sinuoso demais ou pouco ramificado."
16,2015,"EADE0115","Qualitativo","Legibility","5/5","Likert 1-5","Estimado automaticamente","Parametro medido sobre a saida do Drunkard Walk puro.","A legibilidade depende do equilibrio entre corredor escavado, areas abertas e excesso de sinuosidade.","Corredores escavados podem ser claros, mas excesso de curvas reduz orientacao."
16,2015,"EADE0115","Qualitativo","StructuralVariety","2/5","Likert 1-5","Estimado automaticamente","Parametro medido sobre a saida do Drunkard Walk puro.","Indica variedade estrutural dentro desta execucao.","Boa variedade de trajetos; menor controle sobre categorias semanticas de sala."
16,2015,"EADE0115","Performance","layoutGenerationMilliseconds","9.828","ms","Medido","Tempo para executar caminhantes, escavar celulas e extrair componentes.","Representa o custo algoritmico principal.","Inclui passeio aleatorio, escavacao e extracao de componentes."
16,2015,"EADE0115","Performance","geometryInstantiationMilliseconds","39.516","ms","Medido","Parametro medido sobre a saida do Drunkard Walk puro.","A execucao incluiu custo visual.","Custo visual depende dos prefabs/Unity, nao do Drunkard Walk puro."
16,2015,"EADE0115","Performance","metricsCalculationMilliseconds","1.308","ms","Medido","Parametro medido sobre a saida do Drunkard Walk puro.","Ajuda a quantificar custo da instrumentacao.","Custo da instrumentacao, nao do algoritmo."
16,2015,"EADE0115","Performance","totalGenerationMilliseconds","50.655","ms","Medido","Parametro medido sobre a saida do Drunkard Walk puro.","Inclui layout, instanciacao visual habilitada e calculo de metricas.","Inclui layout, instanciacao visual e metricas; compare junto do tempo logico."
16,2015,"EADE0115","Performance","generatedGameObjectCount","3295","contagem","Medido","Parametro medido sobre a saida do Drunkard Walk puro.","Indica peso potencial de instanciacao no Unity.","Reflete peso da montagem visual das celulas abertas."
16,2015,"EADE0115","Performance","occupiedCellCount","2461","contagem","Medido","Parametro medido sobre a saida do Drunkard Walk puro.","Proxy de escala espacial da dungeon.","Proxy do volume escavado pelo Drunkard Walk."
16,2015,"EADE0115","Performance","connectionCount","1","contagem","Medido","Quantidade de conexoes inferidas por gargalos/passagens ou passos verticais.","Proxy de complexidade topologica.","Conexoes sao inferidas apos a geracao; o algoritmo nativo e um passeio, nao um grafo explicito."
16,2015,"EADE0115","Performance","managedMemoryDeltaKB","7748","KB","Estimado","Parametro medido sobre a saida do Drunkard Walk puro.","Valor aproximado, sensivel a GC e ao estado do Editor.","Estimativa sujeita ao GC da Unity; use como indicio comparativo."
17,2016,"E0D7541D","Quantitativo","numRoomsTarget","3","contagem","Medido","Extracao de componentes abertos e densos apos a escavacao dos caminhantes.","Tamanho estrutural da dungeon nesta execucao.","Drunkard Walk nao cria salas planejadas; regioes amplas aparecem quando o passeio se auto-intersecta ou recebe stamps locais."
17,2016,"E0D7541D","Quantitativo","connectivityRatio","100%","%","Medido","Busca no grafo extraido de componentes escavados; nenhuma conexao artificial e criada.","Mostra se as regioes escavadas permaneceram conectadas sem flood-fill reparador, BSP, grafo-guia ou abertura posterior de tuneis.","Com caminhantes reiniciando apenas em celulas ja escavadas, a tendencia e conectividade alta; se falhar, e limitacao da extracao ou da variante multiandar."
17,2016,"E0D7541D","Quantitativo","verticalVariance","1.886","metros","Medido","Desvio padrao das alturas dos componentes extraidos do volume escavado.","Ha variacao vertical mensuravel entre salas.","Verticalidade so aparece quando a opcao multiandar permite passos verticais do proprio caminhante."
17,2016,"E0D7541D","Quantitativo","fillPercentage","30.04%","%","Medido","Celulas escavadas pelos caminhantes divididas pelo total do volume.","Indica densidade espacial da dungeon.","Densidade e controlada por meta de preenchimento, passos maximos, raio do pincel e stamps de sala."
17,2016,"E0D7541D","Quantitativo","branchFactor","1.333","media","Medido","Media de conexoes entre componentes extraidos por passagens estreitas geradas pelo passeio.","Layout mais linear, com poucas bifurcacoes.","Ramificacao emerge de reinicios em celulas ja escavadas e mudancas de direcao, nao de um grafo explicito."
17,2016,"E0D7541D","Quantitativo","avgPathLength","23.121","metros","Medido","Distancias no grafo extraido do resultado do passeio aleatorio.","Distancia media a partir da sala inicial.","Caminhos sao medidos depois da extracao; o passeio nao escolhe objetivo final semanticamente."
17,2016,"E0D7541D","Quantitativo","uniqueModules","17","contagem","Medido","Contagem de categorias logicas e prefabs usados na leitura/instanciacao do resultado.","Indica variedade basica de composicao.","O algoritmo varia forma do caminho; variedade modular depende da biblioteca e da camada de instanciacao."
17,2016,"E0D7541D","Quantitativo","navigableVolumeRatio","100%","%","Estimado sem NavMesh","Estimativa logica de celulas abertas antes de NavMesh.","Use como estimativa inicial, nao como validacao fisica final.","Proxy logico; deve ser confirmado com NavMesh/colisao em uma validacao fisica."
17,2016,"E0D7541D","Quantitativo","criticalPathLength","30.077","metros","Medido","Maior distancia no grafo extraido a partir do componente inicial.","Aproxima o percurso principal inicio-objetivo.","Pode gerar caminho longo por caminhada sinuosa, mas nao controla pacing ou progressao de missao sozinho."
17,2016,"E0D7541D","Quantitativo","avgAlternativePathLength","0","metros","Medido","Media de conexoes marcadas como ciclos emergentes entre componentes.","Nao houve caminho alternativo nesta execucao.","Loops podem emergir por auto-interseccao do passeio, mas nao sao garantidos por planejamento global."
17,2016,"E0D7541D","Booleano","SupportsRandomEnemySpawns","Sim, testado","sim/nao","Suportado","Parametro medido sobre a saida do Drunkard Walk puro.","Sistema configurado e com orcamento ativo.","Spawns usam regioes escavadas; balanceamento nao e propriedade nativa do Drunkard Walk."
17,2016,"E0D7541D","Booleano","SupportsLootDistribution","Sim, testado","sim/nao","Suportado","Parametro medido sobre a saida do Drunkard Walk puro.","Sistema configurado e com orcamento ativo.","Loot pode ser colocado nas regioes escavadas, mas progressao por risco depende de outra camada."
17,2016,"E0D7541D","Booleano","SupportsTraps","Sim, testado","sim/nao","Suportado","Parametro medido sobre a saida do Drunkard Walk puro.","Sistema configurado e com orcamento ativo.","Armadilhas podem usar celulas escavadas/gargalos, mas sem semantica global nativa."
17,2016,"E0D7541D","Booleano","SupportsBacktrackingLoops","Nao","sim/nao","Medido","Parametro medido sobre a saida do Drunkard Walk puro.","Parametro atendido somente quando as conexoes emergentes formam ciclos no grafo extraido.","Loops podem aparecer por auto-interseccao, mas nao ha garantia de ciclo jogavel em toda seed."
17,2016,"E0D7541D","Booleano","SupportsVerticalConnectors","Sim","sim/nao","Medido","Conta execucoes em que o passeio vertical escavou celulas alinhadas entre pavimentos.","Parametro atendido apenas se o proprio caminhante puder subir/descer e produzir alinhamentos entre pavimentos.","Possivel apenas na extensao multiandar em que o proprio caminhante faz passos verticais."
17,2016,"E0D7541D","Booleano","SupportsMultiFloor","Sim","sim/nao","Medido","Conta execucoes com mais de um pavimento e pelo menos uma conexao vertical inferida do proprio passeio.","Parametro atendido quando existe conexao vertical inferida do passeio multiandar.","Drunkard Walk 2D puro nao e multiandar; o passeio 3D continua puro, mas deve ser relatado como extensao volumetrica."
17,2016,"E0D7541D","Booleano","SupportsBossArena","Sim","sim/nao","Medido","Parametro medido sobre a saida do Drunkard Walk puro.","Existe ao menos uma sala grande o suficiente.","Areas grandes podem surgir por stamps ou sobreposicao de passos, mas nao sao arenas semanticamente planejadas."
17,2016,"E0D7541D","Booleano","SeedReproducible","Sim","sim/nao","Medido","Parametro medido sobre a saida do Drunkard Walk puro.","A seed reproduziu a mesma topologia.","Resultado reproduzivel quando o passeio usa a mesma seed."
17,2016,"E0D7541D","Booleano","RuntimeRegeneration","Sim","sim/nao","Medido","Parametro medido sobre a saida do Drunkard Walk puro.","Tempo registrado: 50.772 ms.","Custo cresce com tamanho do grid, quantidade de passos, caminhantes e raio de escavacao."
17,2016,"E0D7541D","Booleano","BudgetAwareSpawns","Sim","sim/nao","Suportado","Parametro medido sobre a saida do Drunkard Walk puro.","Orcamentos registrados: inimigos 10, loot 6, armadilhas 4.","Orcamento e aplicado apos a geracao, sobre celulas livres extraidas."
17,2016,"E0D7541D","Qualitativo","Replayability","5/5","Likert 1-5","Estimado automaticamente","Parametro medido sobre a saida do Drunkard Walk puro.","Diversidade topologica: 100%.","Alta variacao de percurso entre seeds e esperada."
17,2016,"E0D7541D","Qualitativo","Debuggability","5/5","Likert 1-5","Estimado automaticamente","Parametro medido sobre a saida do Drunkard Walk puro.","Drunkard Walk e reproduzivel e simples de depurar, pois o caminho do caminhante explica diretamente a area escavada.","O caminho do caminhante e facil de repetir e inspecionar, mas metricas ajudam a quantificar sinuosidade e loops."
17,2016,"E0D7541D","Qualitativo","Flow","5/5","Likert 1-5","Estimado automaticamente","Parametro medido sobre a saida do Drunkard Walk puro.","Indica fluidez de navegacao esperada.","Fluxo tende a ser continuo, mas pode ficar sinuoso demais ou pouco ramificado."
17,2016,"E0D7541D","Qualitativo","Legibility","5/5","Likert 1-5","Estimado automaticamente","Parametro medido sobre a saida do Drunkard Walk puro.","A legibilidade depende do equilibrio entre corredor escavado, areas abertas e excesso de sinuosidade.","Corredores escavados podem ser claros, mas excesso de curvas reduz orientacao."
17,2016,"E0D7541D","Qualitativo","StructuralVariety","2/5","Likert 1-5","Estimado automaticamente","Parametro medido sobre a saida do Drunkard Walk puro.","Indica variedade estrutural dentro desta execucao.","Boa variedade de trajetos; menor controle sobre categorias semanticas de sala."
17,2016,"E0D7541D","Performance","layoutGenerationMilliseconds","9.685","ms","Medido","Tempo para executar caminhantes, escavar celulas e extrair componentes.","Representa o custo algoritmico principal.","Inclui passeio aleatorio, escavacao e extracao de componentes."
17,2016,"E0D7541D","Performance","geometryInstantiationMilliseconds","39.722","ms","Medido","Parametro medido sobre a saida do Drunkard Walk puro.","A execucao incluiu custo visual.","Custo visual depende dos prefabs/Unity, nao do Drunkard Walk puro."
17,2016,"E0D7541D","Performance","metricsCalculationMilliseconds","1.363","ms","Medido","Parametro medido sobre a saida do Drunkard Walk puro.","Ajuda a quantificar custo da instrumentacao.","Custo da instrumentacao, nao do algoritmo."
17,2016,"E0D7541D","Performance","totalGenerationMilliseconds","50.772","ms","Medido","Parametro medido sobre a saida do Drunkard Walk puro.","Inclui layout, instanciacao visual habilitada e calculo de metricas.","Inclui layout, instanciacao visual e metricas; compare junto do tempo logico."
17,2016,"E0D7541D","Performance","generatedGameObjectCount","3173","contagem","Medido","Parametro medido sobre a saida do Drunkard Walk puro.","Indica peso potencial de instanciacao no Unity.","Reflete peso da montagem visual das celulas abertas."
17,2016,"E0D7541D","Performance","occupiedCellCount","2461","contagem","Medido","Parametro medido sobre a saida do Drunkard Walk puro.","Proxy de escala espacial da dungeon.","Proxy do volume escavado pelo Drunkard Walk."
17,2016,"E0D7541D","Performance","connectionCount","2","contagem","Medido","Quantidade de conexoes inferidas por gargalos/passagens ou passos verticais.","Proxy de complexidade topologica.","Conexoes sao inferidas apos a geracao; o algoritmo nativo e um passeio, nao um grafo explicito."
17,2016,"E0D7541D","Performance","managedMemoryDeltaKB","7780","KB","Estimado","Parametro medido sobre a saida do Drunkard Walk puro.","Valor aproximado, sensivel a GC e ao estado do Editor.","Estimativa sujeita ao GC da Unity; use como indicio comparativo."
18,2017,"DC8816D6","Quantitativo","numRoomsTarget","5","contagem","Medido","Extracao de componentes abertos e densos apos a escavacao dos caminhantes.","Tamanho estrutural da dungeon nesta execucao.","Drunkard Walk nao cria salas planejadas; regioes amplas aparecem quando o passeio se auto-intersecta ou recebe stamps locais."
18,2017,"DC8816D6","Quantitativo","connectivityRatio","60%","%","Medido","Busca no grafo extraido de componentes escavados; nenhuma conexao artificial e criada.","Mostra se as regioes escavadas permaneceram conectadas sem flood-fill reparador, BSP, grafo-guia ou abertura posterior de tuneis.","Com caminhantes reiniciando apenas em celulas ja escavadas, a tendencia e conectividade alta; se falhar, e limitacao da extracao ou da variante multiandar."
18,2017,"DC8816D6","Quantitativo","verticalVariance","1.6","metros","Medido","Desvio padrao das alturas dos componentes extraidos do volume escavado.","Ha variacao vertical mensuravel entre salas.","Verticalidade so aparece quando a opcao multiandar permite passos verticais do proprio caminhante."
18,2017,"DC8816D6","Quantitativo","fillPercentage","30.05%","%","Medido","Celulas escavadas pelos caminhantes divididas pelo total do volume.","Indica densidade espacial da dungeon.","Densidade e controlada por meta de preenchimento, passos maximos, raio do pincel e stamps de sala."
18,2017,"DC8816D6","Quantitativo","branchFactor","0.8","media","Medido","Media de conexoes entre componentes extraidos por passagens estreitas geradas pelo passeio.","Layout mais linear, com poucas bifurcacoes.","Ramificacao emerge de reinicios em celulas ja escavadas e mudancas de direcao, nao de um grafo explicito."
18,2017,"DC8816D6","Quantitativo","avgPathLength","29.33","metros","Medido","Distancias no grafo extraido do resultado do passeio aleatorio.","Distancia media a partir da sala inicial.","Caminhos sao medidos depois da extracao; o passeio nao escolhe objetivo final semanticamente."
18,2017,"DC8816D6","Quantitativo","uniqueModules","22","contagem","Medido","Contagem de categorias logicas e prefabs usados na leitura/instanciacao do resultado.","Indica variedade basica de composicao.","O algoritmo varia forma do caminho; variedade modular depende da biblioteca e da camada de instanciacao."
18,2017,"DC8816D6","Quantitativo","navigableVolumeRatio","100%","%","Estimado sem NavMesh","Estimativa logica de celulas abertas antes de NavMesh.","Use como estimativa inicial, nao como validacao fisica final.","Proxy logico; deve ser confirmado com NavMesh/colisao em uma validacao fisica."
18,2017,"DC8816D6","Quantitativo","criticalPathLength","31.857","metros","Medido","Maior distancia no grafo extraido a partir do componente inicial.","Aproxima o percurso principal inicio-objetivo.","Pode gerar caminho longo por caminhada sinuosa, mas nao controla pacing ou progressao de missao sozinho."
18,2017,"DC8816D6","Quantitativo","avgAlternativePathLength","0","metros","Medido","Media de conexoes marcadas como ciclos emergentes entre componentes.","Nao houve caminho alternativo nesta execucao.","Loops podem emergir por auto-interseccao do passeio, mas nao sao garantidos por planejamento global."
18,2017,"DC8816D6","Booleano","SupportsRandomEnemySpawns","Sim, testado","sim/nao","Suportado","Parametro medido sobre a saida do Drunkard Walk puro.","Sistema configurado e com orcamento ativo.","Spawns usam regioes escavadas; balanceamento nao e propriedade nativa do Drunkard Walk."
18,2017,"DC8816D6","Booleano","SupportsLootDistribution","Sim, testado","sim/nao","Suportado","Parametro medido sobre a saida do Drunkard Walk puro.","Sistema configurado e com orcamento ativo.","Loot pode ser colocado nas regioes escavadas, mas progressao por risco depende de outra camada."
18,2017,"DC8816D6","Booleano","SupportsTraps","Sim, testado","sim/nao","Suportado","Parametro medido sobre a saida do Drunkard Walk puro.","Sistema configurado e com orcamento ativo.","Armadilhas podem usar celulas escavadas/gargalos, mas sem semantica global nativa."
18,2017,"DC8816D6","Booleano","SupportsBacktrackingLoops","Nao","sim/nao","Medido","Parametro medido sobre a saida do Drunkard Walk puro.","Parametro atendido somente quando as conexoes emergentes formam ciclos no grafo extraido.","Loops podem aparecer por auto-interseccao, mas nao ha garantia de ciclo jogavel em toda seed."
18,2017,"DC8816D6","Booleano","SupportsVerticalConnectors","Sim","sim/nao","Medido","Conta execucoes em que o passeio vertical escavou celulas alinhadas entre pavimentos.","Parametro atendido apenas se o proprio caminhante puder subir/descer e produzir alinhamentos entre pavimentos.","Possivel apenas na extensao multiandar em que o proprio caminhante faz passos verticais."
18,2017,"DC8816D6","Booleano","SupportsMultiFloor","Sim","sim/nao","Medido","Conta execucoes com mais de um pavimento e pelo menos uma conexao vertical inferida do proprio passeio.","Parametro atendido quando existe conexao vertical inferida do passeio multiandar.","Drunkard Walk 2D puro nao e multiandar; o passeio 3D continua puro, mas deve ser relatado como extensao volumetrica."
18,2017,"DC8816D6","Booleano","SupportsBossArena","Sim","sim/nao","Medido","Parametro medido sobre a saida do Drunkard Walk puro.","Existe ao menos uma sala grande o suficiente.","Areas grandes podem surgir por stamps ou sobreposicao de passos, mas nao sao arenas semanticamente planejadas."
18,2017,"DC8816D6","Booleano","SeedReproducible","Sim","sim/nao","Medido","Parametro medido sobre a saida do Drunkard Walk puro.","A seed reproduziu a mesma topologia.","Resultado reproduzivel quando o passeio usa a mesma seed."
18,2017,"DC8816D6","Booleano","RuntimeRegeneration","Sim","sim/nao","Medido","Parametro medido sobre a saida do Drunkard Walk puro.","Tempo registrado: 49.429 ms.","Custo cresce com tamanho do grid, quantidade de passos, caminhantes e raio de escavacao."
18,2017,"DC8816D6","Booleano","BudgetAwareSpawns","Sim","sim/nao","Suportado","Parametro medido sobre a saida do Drunkard Walk puro.","Orcamentos registrados: inimigos 10, loot 6, armadilhas 4.","Orcamento e aplicado apos a geracao, sobre celulas livres extraidas."
18,2017,"DC8816D6","Qualitativo","Replayability","5/5","Likert 1-5","Estimado automaticamente","Parametro medido sobre a saida do Drunkard Walk puro.","Diversidade topologica: 100%.","Alta variacao de percurso entre seeds e esperada."
18,2017,"DC8816D6","Qualitativo","Debuggability","5/5","Likert 1-5","Estimado automaticamente","Parametro medido sobre a saida do Drunkard Walk puro.","Drunkard Walk e reproduzivel e simples de depurar, pois o caminho do caminhante explica diretamente a area escavada.","O caminho do caminhante e facil de repetir e inspecionar, mas metricas ajudam a quantificar sinuosidade e loops."
18,2017,"DC8816D6","Qualitativo","Flow","2/5","Likert 1-5","Estimado automaticamente","Parametro medido sobre a saida do Drunkard Walk puro.","Indica fluidez de navegacao esperada.","Fluxo tende a ser continuo, mas pode ficar sinuoso demais ou pouco ramificado."
18,2017,"DC8816D6","Qualitativo","Legibility","4/5","Likert 1-5","Estimado automaticamente","Parametro medido sobre a saida do Drunkard Walk puro.","A legibilidade depende do equilibrio entre corredor escavado, areas abertas e excesso de sinuosidade.","Corredores escavados podem ser claros, mas excesso de curvas reduz orientacao."
18,2017,"DC8816D6","Qualitativo","StructuralVariety","2/5","Likert 1-5","Estimado automaticamente","Parametro medido sobre a saida do Drunkard Walk puro.","Indica variedade estrutural dentro desta execucao.","Boa variedade de trajetos; menor controle sobre categorias semanticas de sala."
18,2017,"DC8816D6","Performance","layoutGenerationMilliseconds","9.404","ms","Medido","Tempo para executar caminhantes, escavar celulas e extrair componentes.","Representa o custo algoritmico principal.","Inclui passeio aleatorio, escavacao e extracao de componentes."
18,2017,"DC8816D6","Performance","geometryInstantiationMilliseconds","38.633","ms","Medido","Parametro medido sobre a saida do Drunkard Walk puro.","A execucao incluiu custo visual.","Custo visual depende dos prefabs/Unity, nao do Drunkard Walk puro."
18,2017,"DC8816D6","Performance","metricsCalculationMilliseconds","1.389","ms","Medido","Parametro medido sobre a saida do Drunkard Walk puro.","Ajuda a quantificar custo da instrumentacao.","Custo da instrumentacao, nao do algoritmo."
18,2017,"DC8816D6","Performance","totalGenerationMilliseconds","49.429","ms","Medido","Parametro medido sobre a saida do Drunkard Walk puro.","Inclui layout, instanciacao visual habilitada e calculo de metricas.","Inclui layout, instanciacao visual e metricas; compare junto do tempo logico."
18,2017,"DC8816D6","Performance","generatedGameObjectCount","3250","contagem","Medido","Parametro medido sobre a saida do Drunkard Walk puro.","Indica peso potencial de instanciacao no Unity.","Reflete peso da montagem visual das celulas abertas."
18,2017,"DC8816D6","Performance","occupiedCellCount","2462","contagem","Medido","Parametro medido sobre a saida do Drunkard Walk puro.","Proxy de escala espacial da dungeon.","Proxy do volume escavado pelo Drunkard Walk."
18,2017,"DC8816D6","Performance","connectionCount","2","contagem","Medido","Quantidade de conexoes inferidas por gargalos/passagens ou passos verticais.","Proxy de complexidade topologica.","Conexoes sao inferidas apos a geracao; o algoritmo nativo e um passeio, nao um grafo explicito."
18,2017,"DC8816D6","Performance","managedMemoryDeltaKB","7800","KB","Estimado","Parametro medido sobre a saida do Drunkard Walk puro.","Valor aproximado, sensivel a GC e ao estado do Editor.","Estimativa sujeita ao GC da Unity; use como indicio comparativo."
19,2018,"7EA88459","Quantitativo","numRoomsTarget","3","contagem","Medido","Extracao de componentes abertos e densos apos a escavacao dos caminhantes.","Tamanho estrutural da dungeon nesta execucao.","Drunkard Walk nao cria salas planejadas; regioes amplas aparecem quando o passeio se auto-intersecta ou recebe stamps locais."
19,2018,"7EA88459","Quantitativo","connectivityRatio","100%","%","Medido","Busca no grafo extraido de componentes escavados; nenhuma conexao artificial e criada.","Mostra se as regioes escavadas permaneceram conectadas sem flood-fill reparador, BSP, grafo-guia ou abertura posterior de tuneis.","Com caminhantes reiniciando apenas em celulas ja escavadas, a tendencia e conectividade alta; se falhar, e limitacao da extracao ou da variante multiandar."
19,2018,"7EA88459","Quantitativo","verticalVariance","1.886","metros","Medido","Desvio padrao das alturas dos componentes extraidos do volume escavado.","Ha variacao vertical mensuravel entre salas.","Verticalidade so aparece quando a opcao multiandar permite passos verticais do proprio caminhante."
19,2018,"7EA88459","Quantitativo","fillPercentage","30.03%","%","Medido","Celulas escavadas pelos caminhantes divididas pelo total do volume.","Indica densidade espacial da dungeon.","Densidade e controlada por meta de preenchimento, passos maximos, raio do pincel e stamps de sala."
19,2018,"7EA88459","Quantitativo","branchFactor","1.333","media","Medido","Media de conexoes entre componentes extraidos por passagens estreitas geradas pelo passeio.","Layout mais linear, com poucas bifurcacoes.","Ramificacao emerge de reinicios em celulas ja escavadas e mudancas de direcao, nao de um grafo explicito."
19,2018,"7EA88459","Quantitativo","avgPathLength","39.019","metros","Medido","Distancias no grafo extraido do resultado do passeio aleatorio.","Distancia media a partir da sala inicial.","Caminhos sao medidos depois da extracao; o passeio nao escolhe objetivo final semanticamente."
19,2018,"7EA88459","Quantitativo","uniqueModules","21","contagem","Medido","Contagem de categorias logicas e prefabs usados na leitura/instanciacao do resultado.","Indica variedade basica de composicao.","O algoritmo varia forma do caminho; variedade modular depende da biblioteca e da camada de instanciacao."
19,2018,"7EA88459","Quantitativo","navigableVolumeRatio","100%","%","Estimado sem NavMesh","Estimativa logica de celulas abertas antes de NavMesh.","Use como estimativa inicial, nao como validacao fisica final.","Proxy logico; deve ser confirmado com NavMesh/colisao em uma validacao fisica."
19,2018,"7EA88459","Quantitativo","criticalPathLength","56.038","metros","Medido","Maior distancia no grafo extraido a partir do componente inicial.","Aproxima o percurso principal inicio-objetivo.","Pode gerar caminho longo por caminhada sinuosa, mas nao controla pacing ou progressao de missao sozinho."
19,2018,"7EA88459","Quantitativo","avgAlternativePathLength","0","metros","Medido","Media de conexoes marcadas como ciclos emergentes entre componentes.","Nao houve caminho alternativo nesta execucao.","Loops podem emergir por auto-interseccao do passeio, mas nao sao garantidos por planejamento global."
19,2018,"7EA88459","Booleano","SupportsRandomEnemySpawns","Sim, testado","sim/nao","Suportado","Parametro medido sobre a saida do Drunkard Walk puro.","Sistema configurado e com orcamento ativo.","Spawns usam regioes escavadas; balanceamento nao e propriedade nativa do Drunkard Walk."
19,2018,"7EA88459","Booleano","SupportsLootDistribution","Sim, testado","sim/nao","Suportado","Parametro medido sobre a saida do Drunkard Walk puro.","Sistema configurado e com orcamento ativo.","Loot pode ser colocado nas regioes escavadas, mas progressao por risco depende de outra camada."
19,2018,"7EA88459","Booleano","SupportsTraps","Sim, testado","sim/nao","Suportado","Parametro medido sobre a saida do Drunkard Walk puro.","Sistema configurado e com orcamento ativo.","Armadilhas podem usar celulas escavadas/gargalos, mas sem semantica global nativa."
19,2018,"7EA88459","Booleano","SupportsBacktrackingLoops","Nao","sim/nao","Medido","Parametro medido sobre a saida do Drunkard Walk puro.","Parametro atendido somente quando as conexoes emergentes formam ciclos no grafo extraido.","Loops podem aparecer por auto-interseccao, mas nao ha garantia de ciclo jogavel em toda seed."
19,2018,"7EA88459","Booleano","SupportsVerticalConnectors","Sim","sim/nao","Medido","Conta execucoes em que o passeio vertical escavou celulas alinhadas entre pavimentos.","Parametro atendido apenas se o proprio caminhante puder subir/descer e produzir alinhamentos entre pavimentos.","Possivel apenas na extensao multiandar em que o proprio caminhante faz passos verticais."
19,2018,"7EA88459","Booleano","SupportsMultiFloor","Sim","sim/nao","Medido","Conta execucoes com mais de um pavimento e pelo menos uma conexao vertical inferida do proprio passeio.","Parametro atendido quando existe conexao vertical inferida do passeio multiandar.","Drunkard Walk 2D puro nao e multiandar; o passeio 3D continua puro, mas deve ser relatado como extensao volumetrica."
19,2018,"7EA88459","Booleano","SupportsBossArena","Sim","sim/nao","Medido","Parametro medido sobre a saida do Drunkard Walk puro.","Existe ao menos uma sala grande o suficiente.","Areas grandes podem surgir por stamps ou sobreposicao de passos, mas nao sao arenas semanticamente planejadas."
19,2018,"7EA88459","Booleano","SeedReproducible","Sim","sim/nao","Medido","Parametro medido sobre a saida do Drunkard Walk puro.","A seed reproduziu a mesma topologia.","Resultado reproduzivel quando o passeio usa a mesma seed."
19,2018,"7EA88459","Booleano","RuntimeRegeneration","Sim","sim/nao","Medido","Parametro medido sobre a saida do Drunkard Walk puro.","Tempo registrado: 74.579 ms.","Custo cresce com tamanho do grid, quantidade de passos, caminhantes e raio de escavacao."
19,2018,"7EA88459","Booleano","BudgetAwareSpawns","Sim","sim/nao","Suportado","Parametro medido sobre a saida do Drunkard Walk puro.","Orcamentos registrados: inimigos 10, loot 6, armadilhas 4.","Orcamento e aplicado apos a geracao, sobre celulas livres extraidas."
19,2018,"7EA88459","Qualitativo","Replayability","5/5","Likert 1-5","Estimado automaticamente","Parametro medido sobre a saida do Drunkard Walk puro.","Diversidade topologica: 100%.","Alta variacao de percurso entre seeds e esperada."
19,2018,"7EA88459","Qualitativo","Debuggability","5/5","Likert 1-5","Estimado automaticamente","Parametro medido sobre a saida do Drunkard Walk puro.","Drunkard Walk e reproduzivel e simples de depurar, pois o caminho do caminhante explica diretamente a area escavada.","O caminho do caminhante e facil de repetir e inspecionar, mas metricas ajudam a quantificar sinuosidade e loops."
19,2018,"7EA88459","Qualitativo","Flow","5/5","Likert 1-5","Estimado automaticamente","Parametro medido sobre a saida do Drunkard Walk puro.","Indica fluidez de navegacao esperada.","Fluxo tende a ser continuo, mas pode ficar sinuoso demais ou pouco ramificado."
19,2018,"7EA88459","Qualitativo","Legibility","5/5","Likert 1-5","Estimado automaticamente","Parametro medido sobre a saida do Drunkard Walk puro.","A legibilidade depende do equilibrio entre corredor escavado, areas abertas e excesso de sinuosidade.","Corredores escavados podem ser claros, mas excesso de curvas reduz orientacao."
19,2018,"7EA88459","Qualitativo","StructuralVariety","2/5","Likert 1-5","Estimado automaticamente","Parametro medido sobre a saida do Drunkard Walk puro.","Indica variedade estrutural dentro desta execucao.","Boa variedade de trajetos; menor controle sobre categorias semanticas de sala."
19,2018,"7EA88459","Performance","layoutGenerationMilliseconds","14.918","ms","Medido","Tempo para executar caminhantes, escavar celulas e extrair componentes.","Representa o custo algoritmico principal.","Inclui passeio aleatorio, escavacao e extracao de componentes."
19,2018,"7EA88459","Performance","geometryInstantiationMilliseconds","53.24","ms","Medido","Parametro medido sobre a saida do Drunkard Walk puro.","A execucao incluiu custo visual.","Custo visual depende dos prefabs/Unity, nao do Drunkard Walk puro."
19,2018,"7EA88459","Performance","metricsCalculationMilliseconds","6.418","ms","Medido","Parametro medido sobre a saida do Drunkard Walk puro.","Ajuda a quantificar custo da instrumentacao.","Custo da instrumentacao, nao do algoritmo."
19,2018,"7EA88459","Performance","totalGenerationMilliseconds","74.579","ms","Medido","Parametro medido sobre a saida do Drunkard Walk puro.","Inclui layout, instanciacao visual habilitada e calculo de metricas.","Inclui layout, instanciacao visual e metricas; compare junto do tempo logico."
19,2018,"7EA88459","Performance","generatedGameObjectCount","3231","contagem","Medido","Parametro medido sobre a saida do Drunkard Walk puro.","Indica peso potencial de instanciacao no Unity.","Reflete peso da montagem visual das celulas abertas."
19,2018,"7EA88459","Performance","occupiedCellCount","2460","contagem","Medido","Parametro medido sobre a saida do Drunkard Walk puro.","Proxy de escala espacial da dungeon.","Proxy do volume escavado pelo Drunkard Walk."
19,2018,"7EA88459","Performance","connectionCount","2","contagem","Medido","Quantidade de conexoes inferidas por gargalos/passagens ou passos verticais.","Proxy de complexidade topologica.","Conexoes sao inferidas apos a geracao; o algoritmo nativo e um passeio, nao um grafo explicito."
19,2018,"7EA88459","Performance","managedMemoryDeltaKB","7756","KB","Estimado","Parametro medido sobre a saida do Drunkard Walk puro.","Valor aproximado, sensivel a GC e ao estado do Editor.","Estimativa sujeita ao GC da Unity; use como indicio comparativo."
20,2019,"6DFC6BC8","Quantitativo","numRoomsTarget","2","contagem","Medido","Extracao de componentes abertos e densos apos a escavacao dos caminhantes.","Tamanho estrutural da dungeon nesta execucao.","Drunkard Walk nao cria salas planejadas; regioes amplas aparecem quando o passeio se auto-intersecta ou recebe stamps locais."
20,2019,"6DFC6BC8","Quantitativo","connectivityRatio","100%","%","Medido","Busca no grafo extraido de componentes escavados; nenhuma conexao artificial e criada.","Mostra se as regioes escavadas permaneceram conectadas sem flood-fill reparador, BSP, grafo-guia ou abertura posterior de tuneis.","Com caminhantes reiniciando apenas em celulas ja escavadas, a tendencia e conectividade alta; se falhar, e limitacao da extracao ou da variante multiandar."
20,2019,"6DFC6BC8","Quantitativo","verticalVariance","2","metros","Medido","Desvio padrao das alturas dos componentes extraidos do volume escavado.","Ha variacao vertical mensuravel entre salas.","Verticalidade so aparece quando a opcao multiandar permite passos verticais do proprio caminhante."
20,2019,"6DFC6BC8","Quantitativo","fillPercentage","30.03%","%","Medido","Celulas escavadas pelos caminhantes divididas pelo total do volume.","Indica densidade espacial da dungeon.","Densidade e controlada por meta de preenchimento, passos maximos, raio do pincel e stamps de sala."
20,2019,"6DFC6BC8","Quantitativo","branchFactor","1","media","Medido","Media de conexoes entre componentes extraidos por passagens estreitas geradas pelo passeio.","Layout mais linear, com poucas bifurcacoes.","Ramificacao emerge de reinicios em celulas ja escavadas e mudancas de direcao, nao de um grafo explicito."
20,2019,"6DFC6BC8","Quantitativo","avgPathLength","8.472","metros","Medido","Distancias no grafo extraido do resultado do passeio aleatorio.","Distancia media a partir da sala inicial.","Caminhos sao medidos depois da extracao; o passeio nao escolhe objetivo final semanticamente."
20,2019,"6DFC6BC8","Quantitativo","uniqueModules","17","contagem","Medido","Contagem de categorias logicas e prefabs usados na leitura/instanciacao do resultado.","Indica variedade basica de composicao.","O algoritmo varia forma do caminho; variedade modular depende da biblioteca e da camada de instanciacao."
20,2019,"6DFC6BC8","Quantitativo","navigableVolumeRatio","100%","%","Estimado sem NavMesh","Estimativa logica de celulas abertas antes de NavMesh.","Use como estimativa inicial, nao como validacao fisica final.","Proxy logico; deve ser confirmado com NavMesh/colisao em uma validacao fisica."
20,2019,"6DFC6BC8","Quantitativo","criticalPathLength","8.472","metros","Medido","Maior distancia no grafo extraido a partir do componente inicial.","Aproxima o percurso principal inicio-objetivo.","Pode gerar caminho longo por caminhada sinuosa, mas nao controla pacing ou progressao de missao sozinho."
20,2019,"6DFC6BC8","Quantitativo","avgAlternativePathLength","0","metros","Medido","Media de conexoes marcadas como ciclos emergentes entre componentes.","Nao houve caminho alternativo nesta execucao.","Loops podem emergir por auto-interseccao do passeio, mas nao sao garantidos por planejamento global."
20,2019,"6DFC6BC8","Booleano","SupportsRandomEnemySpawns","Sim, testado","sim/nao","Suportado","Parametro medido sobre a saida do Drunkard Walk puro.","Sistema configurado e com orcamento ativo.","Spawns usam regioes escavadas; balanceamento nao e propriedade nativa do Drunkard Walk."
20,2019,"6DFC6BC8","Booleano","SupportsLootDistribution","Sim, testado","sim/nao","Suportado","Parametro medido sobre a saida do Drunkard Walk puro.","Sistema configurado e com orcamento ativo.","Loot pode ser colocado nas regioes escavadas, mas progressao por risco depende de outra camada."
20,2019,"6DFC6BC8","Booleano","SupportsTraps","Sim, testado","sim/nao","Suportado","Parametro medido sobre a saida do Drunkard Walk puro.","Sistema configurado e com orcamento ativo.","Armadilhas podem usar celulas escavadas/gargalos, mas sem semantica global nativa."
20,2019,"6DFC6BC8","Booleano","SupportsBacktrackingLoops","Nao","sim/nao","Medido","Parametro medido sobre a saida do Drunkard Walk puro.","Parametro atendido somente quando as conexoes emergentes formam ciclos no grafo extraido.","Loops podem aparecer por auto-interseccao, mas nao ha garantia de ciclo jogavel em toda seed."
20,2019,"6DFC6BC8","Booleano","SupportsVerticalConnectors","Sim","sim/nao","Medido","Conta execucoes em que o passeio vertical escavou celulas alinhadas entre pavimentos.","Parametro atendido apenas se o proprio caminhante puder subir/descer e produzir alinhamentos entre pavimentos.","Possivel apenas na extensao multiandar em que o proprio caminhante faz passos verticais."
20,2019,"6DFC6BC8","Booleano","SupportsMultiFloor","Sim","sim/nao","Medido","Conta execucoes com mais de um pavimento e pelo menos uma conexao vertical inferida do proprio passeio.","Parametro atendido quando existe conexao vertical inferida do passeio multiandar.","Drunkard Walk 2D puro nao e multiandar; o passeio 3D continua puro, mas deve ser relatado como extensao volumetrica."
20,2019,"6DFC6BC8","Booleano","SupportsBossArena","Sim","sim/nao","Medido","Parametro medido sobre a saida do Drunkard Walk puro.","Existe ao menos uma sala grande o suficiente.","Areas grandes podem surgir por stamps ou sobreposicao de passos, mas nao sao arenas semanticamente planejadas."
20,2019,"6DFC6BC8","Booleano","SeedReproducible","Sim","sim/nao","Medido","Parametro medido sobre a saida do Drunkard Walk puro.","A seed reproduziu a mesma topologia.","Resultado reproduzivel quando o passeio usa a mesma seed."
20,2019,"6DFC6BC8","Booleano","RuntimeRegeneration","Sim","sim/nao","Medido","Parametro medido sobre a saida do Drunkard Walk puro.","Tempo registrado: 68.113 ms.","Custo cresce com tamanho do grid, quantidade de passos, caminhantes e raio de escavacao."
20,2019,"6DFC6BC8","Booleano","BudgetAwareSpawns","Sim","sim/nao","Suportado","Parametro medido sobre a saida do Drunkard Walk puro.","Orcamentos registrados: inimigos 10, loot 6, armadilhas 4.","Orcamento e aplicado apos a geracao, sobre celulas livres extraidas."
20,2019,"6DFC6BC8","Qualitativo","Replayability","5/5","Likert 1-5","Estimado automaticamente","Parametro medido sobre a saida do Drunkard Walk puro.","Diversidade topologica: 100%.","Alta variacao de percurso entre seeds e esperada."
20,2019,"6DFC6BC8","Qualitativo","Debuggability","5/5","Likert 1-5","Estimado automaticamente","Parametro medido sobre a saida do Drunkard Walk puro.","Drunkard Walk e reproduzivel e simples de depurar, pois o caminho do caminhante explica diretamente a area escavada.","O caminho do caminhante e facil de repetir e inspecionar, mas metricas ajudam a quantificar sinuosidade e loops."
20,2019,"6DFC6BC8","Qualitativo","Flow","4/5","Likert 1-5","Estimado automaticamente","Parametro medido sobre a saida do Drunkard Walk puro.","Indica fluidez de navegacao esperada.","Fluxo tende a ser continuo, mas pode ficar sinuoso demais ou pouco ramificado."
20,2019,"6DFC6BC8","Qualitativo","Legibility","5/5","Likert 1-5","Estimado automaticamente","Parametro medido sobre a saida do Drunkard Walk puro.","A legibilidade depende do equilibrio entre corredor escavado, areas abertas e excesso de sinuosidade.","Corredores escavados podem ser claros, mas excesso de curvas reduz orientacao."
20,2019,"6DFC6BC8","Qualitativo","StructuralVariety","2/5","Likert 1-5","Estimado automaticamente","Parametro medido sobre a saida do Drunkard Walk puro.","Indica variedade estrutural dentro desta execucao.","Boa variedade de trajetos; menor controle sobre categorias semanticas de sala."
20,2019,"6DFC6BC8","Performance","layoutGenerationMilliseconds","27.519","ms","Medido","Tempo para executar caminhantes, escavar celulas e extrair componentes.","Representa o custo algoritmico principal.","Inclui passeio aleatorio, escavacao e extracao de componentes."
20,2019,"6DFC6BC8","Performance","geometryInstantiationMilliseconds","39.186","ms","Medido","Parametro medido sobre a saida do Drunkard Walk puro.","A execucao incluiu custo visual.","Custo visual depende dos prefabs/Unity, nao do Drunkard Walk puro."
20,2019,"6DFC6BC8","Performance","metricsCalculationMilliseconds","1.405","ms","Medido","Parametro medido sobre a saida do Drunkard Walk puro.","Ajuda a quantificar custo da instrumentacao.","Custo da instrumentacao, nao do algoritmo."
20,2019,"6DFC6BC8","Performance","totalGenerationMilliseconds","68.113","ms","Medido","Parametro medido sobre a saida do Drunkard Walk puro.","Inclui layout, instanciacao visual habilitada e calculo de metricas.","Inclui layout, instanciacao visual e metricas; compare junto do tempo logico."
20,2019,"6DFC6BC8","Performance","generatedGameObjectCount","3099","contagem","Medido","Parametro medido sobre a saida do Drunkard Walk puro.","Indica peso potencial de instanciacao no Unity.","Reflete peso da montagem visual das celulas abertas."
20,2019,"6DFC6BC8","Performance","occupiedCellCount","2460","contagem","Medido","Parametro medido sobre a saida do Drunkard Walk puro.","Proxy de escala espacial da dungeon.","Proxy do volume escavado pelo Drunkard Walk."
20,2019,"6DFC6BC8","Performance","connectionCount","1","contagem","Medido","Quantidade de conexoes inferidas por gargalos/passagens ou passos verticais.","Proxy de complexidade topologica.","Conexoes sao inferidas apos a geracao; o algoritmo nativo e um passeio, nao um grafo explicito."
20,2019,"6DFC6BC8","Performance","managedMemoryDeltaKB","-115944","KB","Estimado","Parametro medido sobre a saida do Drunkard Walk puro.","Valor aproximado, sensivel a GC e ao estado do Editor.","Estimativa sujeita ao GC da Unity; use como indicio comparativo."
21,2020,"1C845AB4","Quantitativo","numRoomsTarget","5","contagem","Medido","Extracao de componentes abertos e densos apos a escavacao dos caminhantes.","Tamanho estrutural da dungeon nesta execucao.","Drunkard Walk nao cria salas planejadas; regioes amplas aparecem quando o passeio se auto-intersecta ou recebe stamps locais."
21,2020,"1C845AB4","Quantitativo","connectivityRatio","60%","%","Medido","Busca no grafo extraido de componentes escavados; nenhuma conexao artificial e criada.","Mostra se as regioes escavadas permaneceram conectadas sem flood-fill reparador, BSP, grafo-guia ou abertura posterior de tuneis.","Com caminhantes reiniciando apenas em celulas ja escavadas, a tendencia e conectividade alta; se falhar, e limitacao da extracao ou da variante multiandar."
21,2020,"1C845AB4","Quantitativo","verticalVariance","1.6","metros","Medido","Desvio padrao das alturas dos componentes extraidos do volume escavado.","Ha variacao vertical mensuravel entre salas.","Verticalidade so aparece quando a opcao multiandar permite passos verticais do proprio caminhante."
21,2020,"1C845AB4","Quantitativo","fillPercentage","30.04%","%","Medido","Celulas escavadas pelos caminhantes divididas pelo total do volume.","Indica densidade espacial da dungeon.","Densidade e controlada por meta de preenchimento, passos maximos, raio do pincel e stamps de sala."
21,2020,"1C845AB4","Quantitativo","branchFactor","0.8","media","Medido","Media de conexoes entre componentes extraidos por passagens estreitas geradas pelo passeio.","Layout mais linear, com poucas bifurcacoes.","Ramificacao emerge de reinicios em celulas ja escavadas e mudancas de direcao, nao de um grafo explicito."
21,2020,"1C845AB4","Quantitativo","avgPathLength","32.475","metros","Medido","Distancias no grafo extraido do resultado do passeio aleatorio.","Distancia media a partir da sala inicial.","Caminhos sao medidos depois da extracao; o passeio nao escolhe objetivo final semanticamente."
21,2020,"1C845AB4","Quantitativo","uniqueModules","18","contagem","Medido","Contagem de categorias logicas e prefabs usados na leitura/instanciacao do resultado.","Indica variedade basica de composicao.","O algoritmo varia forma do caminho; variedade modular depende da biblioteca e da camada de instanciacao."
21,2020,"1C845AB4","Quantitativo","navigableVolumeRatio","100%","%","Estimado sem NavMesh","Estimativa logica de celulas abertas antes de NavMesh.","Use como estimativa inicial, nao como validacao fisica final.","Proxy logico; deve ser confirmado com NavMesh/colisao em uma validacao fisica."
21,2020,"1C845AB4","Quantitativo","criticalPathLength","52.703","metros","Medido","Maior distancia no grafo extraido a partir do componente inicial.","Aproxima o percurso principal inicio-objetivo.","Pode gerar caminho longo por caminhada sinuosa, mas nao controla pacing ou progressao de missao sozinho."
21,2020,"1C845AB4","Quantitativo","avgAlternativePathLength","0","metros","Medido","Media de conexoes marcadas como ciclos emergentes entre componentes.","Nao houve caminho alternativo nesta execucao.","Loops podem emergir por auto-interseccao do passeio, mas nao sao garantidos por planejamento global."
21,2020,"1C845AB4","Booleano","SupportsRandomEnemySpawns","Sim, testado","sim/nao","Suportado","Parametro medido sobre a saida do Drunkard Walk puro.","Sistema configurado e com orcamento ativo.","Spawns usam regioes escavadas; balanceamento nao e propriedade nativa do Drunkard Walk."
21,2020,"1C845AB4","Booleano","SupportsLootDistribution","Sim, testado","sim/nao","Suportado","Parametro medido sobre a saida do Drunkard Walk puro.","Sistema configurado e com orcamento ativo.","Loot pode ser colocado nas regioes escavadas, mas progressao por risco depende de outra camada."
21,2020,"1C845AB4","Booleano","SupportsTraps","Sim, testado","sim/nao","Suportado","Parametro medido sobre a saida do Drunkard Walk puro.","Sistema configurado e com orcamento ativo.","Armadilhas podem usar celulas escavadas/gargalos, mas sem semantica global nativa."
21,2020,"1C845AB4","Booleano","SupportsBacktrackingLoops","Nao","sim/nao","Medido","Parametro medido sobre a saida do Drunkard Walk puro.","Parametro atendido somente quando as conexoes emergentes formam ciclos no grafo extraido.","Loops podem aparecer por auto-interseccao, mas nao ha garantia de ciclo jogavel em toda seed."
21,2020,"1C845AB4","Booleano","SupportsVerticalConnectors","Sim","sim/nao","Medido","Conta execucoes em que o passeio vertical escavou celulas alinhadas entre pavimentos.","Parametro atendido apenas se o proprio caminhante puder subir/descer e produzir alinhamentos entre pavimentos.","Possivel apenas na extensao multiandar em que o proprio caminhante faz passos verticais."
21,2020,"1C845AB4","Booleano","SupportsMultiFloor","Sim","sim/nao","Medido","Conta execucoes com mais de um pavimento e pelo menos uma conexao vertical inferida do proprio passeio.","Parametro atendido quando existe conexao vertical inferida do passeio multiandar.","Drunkard Walk 2D puro nao e multiandar; o passeio 3D continua puro, mas deve ser relatado como extensao volumetrica."
21,2020,"1C845AB4","Booleano","SupportsBossArena","Sim","sim/nao","Medido","Parametro medido sobre a saida do Drunkard Walk puro.","Existe ao menos uma sala grande o suficiente.","Areas grandes podem surgir por stamps ou sobreposicao de passos, mas nao sao arenas semanticamente planejadas."
21,2020,"1C845AB4","Booleano","SeedReproducible","Sim","sim/nao","Medido","Parametro medido sobre a saida do Drunkard Walk puro.","A seed reproduziu a mesma topologia.","Resultado reproduzivel quando o passeio usa a mesma seed."
21,2020,"1C845AB4","Booleano","RuntimeRegeneration","Sim","sim/nao","Medido","Parametro medido sobre a saida do Drunkard Walk puro.","Tempo registrado: 48.027 ms.","Custo cresce com tamanho do grid, quantidade de passos, caminhantes e raio de escavacao."
21,2020,"1C845AB4","Booleano","BudgetAwareSpawns","Sim","sim/nao","Suportado","Parametro medido sobre a saida do Drunkard Walk puro.","Orcamentos registrados: inimigos 10, loot 6, armadilhas 4.","Orcamento e aplicado apos a geracao, sobre celulas livres extraidas."
21,2020,"1C845AB4","Qualitativo","Replayability","5/5","Likert 1-5","Estimado automaticamente","Parametro medido sobre a saida do Drunkard Walk puro.","Diversidade topologica: 100%.","Alta variacao de percurso entre seeds e esperada."
21,2020,"1C845AB4","Qualitativo","Debuggability","5/5","Likert 1-5","Estimado automaticamente","Parametro medido sobre a saida do Drunkard Walk puro.","Drunkard Walk e reproduzivel e simples de depurar, pois o caminho do caminhante explica diretamente a area escavada.","O caminho do caminhante e facil de repetir e inspecionar, mas metricas ajudam a quantificar sinuosidade e loops."
21,2020,"1C845AB4","Qualitativo","Flow","2/5","Likert 1-5","Estimado automaticamente","Parametro medido sobre a saida do Drunkard Walk puro.","Indica fluidez de navegacao esperada.","Fluxo tende a ser continuo, mas pode ficar sinuoso demais ou pouco ramificado."
21,2020,"1C845AB4","Qualitativo","Legibility","4/5","Likert 1-5","Estimado automaticamente","Parametro medido sobre a saida do Drunkard Walk puro.","A legibilidade depende do equilibrio entre corredor escavado, areas abertas e excesso de sinuosidade.","Corredores escavados podem ser claros, mas excesso de curvas reduz orientacao."
21,2020,"1C845AB4","Qualitativo","StructuralVariety","2/5","Likert 1-5","Estimado automaticamente","Parametro medido sobre a saida do Drunkard Walk puro.","Indica variedade estrutural dentro desta execucao.","Boa variedade de trajetos; menor controle sobre categorias semanticas de sala."
21,2020,"1C845AB4","Performance","layoutGenerationMilliseconds","10.337","ms","Medido","Tempo para executar caminhantes, escavar celulas e extrair componentes.","Representa o custo algoritmico principal.","Inclui passeio aleatorio, escavacao e extracao de componentes."
21,2020,"1C845AB4","Performance","geometryInstantiationMilliseconds","36.421","ms","Medido","Parametro medido sobre a saida do Drunkard Walk puro.","A execucao incluiu custo visual.","Custo visual depende dos prefabs/Unity, nao do Drunkard Walk puro."
21,2020,"1C845AB4","Performance","metricsCalculationMilliseconds","1.266","ms","Medido","Parametro medido sobre a saida do Drunkard Walk puro.","Ajuda a quantificar custo da instrumentacao.","Custo da instrumentacao, nao do algoritmo."
21,2020,"1C845AB4","Performance","totalGenerationMilliseconds","48.027","ms","Medido","Parametro medido sobre a saida do Drunkard Walk puro.","Inclui layout, instanciacao visual habilitada e calculo de metricas.","Inclui layout, instanciacao visual e metricas; compare junto do tempo logico."
21,2020,"1C845AB4","Performance","generatedGameObjectCount","3183","contagem","Medido","Parametro medido sobre a saida do Drunkard Walk puro.","Indica peso potencial de instanciacao no Unity.","Reflete peso da montagem visual das celulas abertas."
21,2020,"1C845AB4","Performance","occupiedCellCount","2461","contagem","Medido","Parametro medido sobre a saida do Drunkard Walk puro.","Proxy de escala espacial da dungeon.","Proxy do volume escavado pelo Drunkard Walk."
21,2020,"1C845AB4","Performance","connectionCount","2","contagem","Medido","Quantidade de conexoes inferidas por gargalos/passagens ou passos verticais.","Proxy de complexidade topologica.","Conexoes sao inferidas apos a geracao; o algoritmo nativo e um passeio, nao um grafo explicito."
21,2020,"1C845AB4","Performance","managedMemoryDeltaKB","3272","KB","Estimado","Parametro medido sobre a saida do Drunkard Walk puro.","Valor aproximado, sensivel a GC e ao estado do Editor.","Estimativa sujeita ao GC da Unity; use como indicio comparativo."
22,2021,"8147B425","Quantitativo","numRoomsTarget","4","contagem","Medido","Extracao de componentes abertos e densos apos a escavacao dos caminhantes.","Tamanho estrutural da dungeon nesta execucao.","Drunkard Walk nao cria salas planejadas; regioes amplas aparecem quando o passeio se auto-intersecta ou recebe stamps locais."
22,2021,"8147B425","Quantitativo","connectivityRatio","75%","%","Medido","Busca no grafo extraido de componentes escavados; nenhuma conexao artificial e criada.","Mostra se as regioes escavadas permaneceram conectadas sem flood-fill reparador, BSP, grafo-guia ou abertura posterior de tuneis.","Com caminhantes reiniciando apenas em celulas ja escavadas, a tendencia e conectividade alta; se falhar, e limitacao da extracao ou da variante multiandar."
22,2021,"8147B425","Quantitativo","verticalVariance","1.732","metros","Medido","Desvio padrao das alturas dos componentes extraidos do volume escavado.","Ha variacao vertical mensuravel entre salas.","Verticalidade so aparece quando a opcao multiandar permite passos verticais do proprio caminhante."
22,2021,"8147B425","Quantitativo","fillPercentage","30.03%","%","Medido","Celulas escavadas pelos caminhantes divididas pelo total do volume.","Indica densidade espacial da dungeon.","Densidade e controlada por meta de preenchimento, passos maximos, raio do pincel e stamps de sala."
22,2021,"8147B425","Quantitativo","branchFactor","1","media","Medido","Media de conexoes entre componentes extraidos por passagens estreitas geradas pelo passeio.","Layout mais linear, com poucas bifurcacoes.","Ramificacao emerge de reinicios em celulas ja escavadas e mudancas de direcao, nao de um grafo explicito."
22,2021,"8147B425","Quantitativo","avgPathLength","39.746","metros","Medido","Distancias no grafo extraido do resultado do passeio aleatorio.","Distancia media a partir da sala inicial.","Caminhos sao medidos depois da extracao; o passeio nao escolhe objetivo final semanticamente."
22,2021,"8147B425","Quantitativo","uniqueModules","23","contagem","Medido","Contagem de categorias logicas e prefabs usados na leitura/instanciacao do resultado.","Indica variedade basica de composicao.","O algoritmo varia forma do caminho; variedade modular depende da biblioteca e da camada de instanciacao."
22,2021,"8147B425","Quantitativo","navigableVolumeRatio","100%","%","Estimado sem NavMesh","Estimativa logica de celulas abertas antes de NavMesh.","Use como estimativa inicial, nao como validacao fisica final.","Proxy logico; deve ser confirmado com NavMesh/colisao em uma validacao fisica."
22,2021,"8147B425","Quantitativo","criticalPathLength","67.246","metros","Medido","Maior distancia no grafo extraido a partir do componente inicial.","Aproxima o percurso principal inicio-objetivo.","Pode gerar caminho longo por caminhada sinuosa, mas nao controla pacing ou progressao de missao sozinho."
22,2021,"8147B425","Quantitativo","avgAlternativePathLength","0","metros","Medido","Media de conexoes marcadas como ciclos emergentes entre componentes.","Nao houve caminho alternativo nesta execucao.","Loops podem emergir por auto-interseccao do passeio, mas nao sao garantidos por planejamento global."
22,2021,"8147B425","Booleano","SupportsRandomEnemySpawns","Sim, testado","sim/nao","Suportado","Parametro medido sobre a saida do Drunkard Walk puro.","Sistema configurado e com orcamento ativo.","Spawns usam regioes escavadas; balanceamento nao e propriedade nativa do Drunkard Walk."
22,2021,"8147B425","Booleano","SupportsLootDistribution","Sim, testado","sim/nao","Suportado","Parametro medido sobre a saida do Drunkard Walk puro.","Sistema configurado e com orcamento ativo.","Loot pode ser colocado nas regioes escavadas, mas progressao por risco depende de outra camada."
22,2021,"8147B425","Booleano","SupportsTraps","Sim, testado","sim/nao","Suportado","Parametro medido sobre a saida do Drunkard Walk puro.","Sistema configurado e com orcamento ativo.","Armadilhas podem usar celulas escavadas/gargalos, mas sem semantica global nativa."
22,2021,"8147B425","Booleano","SupportsBacktrackingLoops","Nao","sim/nao","Medido","Parametro medido sobre a saida do Drunkard Walk puro.","Parametro atendido somente quando as conexoes emergentes formam ciclos no grafo extraido.","Loops podem aparecer por auto-interseccao, mas nao ha garantia de ciclo jogavel em toda seed."
22,2021,"8147B425","Booleano","SupportsVerticalConnectors","Sim","sim/nao","Medido","Conta execucoes em que o passeio vertical escavou celulas alinhadas entre pavimentos.","Parametro atendido apenas se o proprio caminhante puder subir/descer e produzir alinhamentos entre pavimentos.","Possivel apenas na extensao multiandar em que o proprio caminhante faz passos verticais."
22,2021,"8147B425","Booleano","SupportsMultiFloor","Sim","sim/nao","Medido","Conta execucoes com mais de um pavimento e pelo menos uma conexao vertical inferida do proprio passeio.","Parametro atendido quando existe conexao vertical inferida do passeio multiandar.","Drunkard Walk 2D puro nao e multiandar; o passeio 3D continua puro, mas deve ser relatado como extensao volumetrica."
22,2021,"8147B425","Booleano","SupportsBossArena","Sim","sim/nao","Medido","Parametro medido sobre a saida do Drunkard Walk puro.","Existe ao menos uma sala grande o suficiente.","Areas grandes podem surgir por stamps ou sobreposicao de passos, mas nao sao arenas semanticamente planejadas."
22,2021,"8147B425","Booleano","SeedReproducible","Sim","sim/nao","Medido","Parametro medido sobre a saida do Drunkard Walk puro.","A seed reproduziu a mesma topologia.","Resultado reproduzivel quando o passeio usa a mesma seed."
22,2021,"8147B425","Booleano","RuntimeRegeneration","Sim","sim/nao","Medido","Parametro medido sobre a saida do Drunkard Walk puro.","Tempo registrado: 53.097 ms.","Custo cresce com tamanho do grid, quantidade de passos, caminhantes e raio de escavacao."
22,2021,"8147B425","Booleano","BudgetAwareSpawns","Sim","sim/nao","Suportado","Parametro medido sobre a saida do Drunkard Walk puro.","Orcamentos registrados: inimigos 10, loot 6, armadilhas 4.","Orcamento e aplicado apos a geracao, sobre celulas livres extraidas."
22,2021,"8147B425","Qualitativo","Replayability","5/5","Likert 1-5","Estimado automaticamente","Parametro medido sobre a saida do Drunkard Walk puro.","Diversidade topologica: 100%.","Alta variacao de percurso entre seeds e esperada."
22,2021,"8147B425","Qualitativo","Debuggability","5/5","Likert 1-5","Estimado automaticamente","Parametro medido sobre a saida do Drunkard Walk puro.","Drunkard Walk e reproduzivel e simples de depurar, pois o caminho do caminhante explica diretamente a area escavada.","O caminho do caminhante e facil de repetir e inspecionar, mas metricas ajudam a quantificar sinuosidade e loops."
22,2021,"8147B425","Qualitativo","Flow","2/5","Likert 1-5","Estimado automaticamente","Parametro medido sobre a saida do Drunkard Walk puro.","Indica fluidez de navegacao esperada.","Fluxo tende a ser continuo, mas pode ficar sinuoso demais ou pouco ramificado."
22,2021,"8147B425","Qualitativo","Legibility","4/5","Likert 1-5","Estimado automaticamente","Parametro medido sobre a saida do Drunkard Walk puro.","A legibilidade depende do equilibrio entre corredor escavado, areas abertas e excesso de sinuosidade.","Corredores escavados podem ser claros, mas excesso de curvas reduz orientacao."
22,2021,"8147B425","Qualitativo","StructuralVariety","2/5","Likert 1-5","Estimado automaticamente","Parametro medido sobre a saida do Drunkard Walk puro.","Indica variedade estrutural dentro desta execucao.","Boa variedade de trajetos; menor controle sobre categorias semanticas de sala."
22,2021,"8147B425","Performance","layoutGenerationMilliseconds","11.552","ms","Medido","Tempo para executar caminhantes, escavar celulas e extrair componentes.","Representa o custo algoritmico principal.","Inclui passeio aleatorio, escavacao e extracao de componentes."
22,2021,"8147B425","Performance","geometryInstantiationMilliseconds","40.298","ms","Medido","Parametro medido sobre a saida do Drunkard Walk puro.","A execucao incluiu custo visual.","Custo visual depende dos prefabs/Unity, nao do Drunkard Walk puro."
22,2021,"8147B425","Performance","metricsCalculationMilliseconds","1.243","ms","Medido","Parametro medido sobre a saida do Drunkard Walk puro.","Ajuda a quantificar custo da instrumentacao.","Custo da instrumentacao, nao do algoritmo."
22,2021,"8147B425","Performance","totalGenerationMilliseconds","53.097","ms","Medido","Parametro medido sobre a saida do Drunkard Walk puro.","Inclui layout, instanciacao visual habilitada e calculo de metricas.","Inclui layout, instanciacao visual e metricas; compare junto do tempo logico."
22,2021,"8147B425","Performance","generatedGameObjectCount","3260","contagem","Medido","Parametro medido sobre a saida do Drunkard Walk puro.","Indica peso potencial de instanciacao no Unity.","Reflete peso da montagem visual das celulas abertas."
22,2021,"8147B425","Performance","occupiedCellCount","2460","contagem","Medido","Parametro medido sobre a saida do Drunkard Walk puro.","Proxy de escala espacial da dungeon.","Proxy do volume escavado pelo Drunkard Walk."
22,2021,"8147B425","Performance","connectionCount","2","contagem","Medido","Quantidade de conexoes inferidas por gargalos/passagens ou passos verticais.","Proxy de complexidade topologica.","Conexoes sao inferidas apos a geracao; o algoritmo nativo e um passeio, nao um grafo explicito."
22,2021,"8147B425","Performance","managedMemoryDeltaKB","6348","KB","Estimado","Parametro medido sobre a saida do Drunkard Walk puro.","Valor aproximado, sensivel a GC e ao estado do Editor.","Estimativa sujeita ao GC da Unity; use como indicio comparativo."
23,2022,"C0FB3C55","Quantitativo","numRoomsTarget","4","contagem","Medido","Extracao de componentes abertos e densos apos a escavacao dos caminhantes.","Tamanho estrutural da dungeon nesta execucao.","Drunkard Walk nao cria salas planejadas; regioes amplas aparecem quando o passeio se auto-intersecta ou recebe stamps locais."
23,2022,"C0FB3C55","Quantitativo","connectivityRatio","75%","%","Medido","Busca no grafo extraido de componentes escavados; nenhuma conexao artificial e criada.","Mostra se as regioes escavadas permaneceram conectadas sem flood-fill reparador, BSP, grafo-guia ou abertura posterior de tuneis.","Com caminhantes reiniciando apenas em celulas ja escavadas, a tendencia e conectividade alta; se falhar, e limitacao da extracao ou da variante multiandar."
23,2022,"C0FB3C55","Quantitativo","verticalVariance","1.732","metros","Medido","Desvio padrao das alturas dos componentes extraidos do volume escavado.","Ha variacao vertical mensuravel entre salas.","Verticalidade so aparece quando a opcao multiandar permite passos verticais do proprio caminhante."
23,2022,"C0FB3C55","Quantitativo","fillPercentage","30.04%","%","Medido","Celulas escavadas pelos caminhantes divididas pelo total do volume.","Indica densidade espacial da dungeon.","Densidade e controlada por meta de preenchimento, passos maximos, raio do pincel e stamps de sala."
23,2022,"C0FB3C55","Quantitativo","branchFactor","1","media","Medido","Media de conexoes entre componentes extraidos por passagens estreitas geradas pelo passeio.","Layout mais linear, com poucas bifurcacoes.","Ramificacao emerge de reinicios em celulas ja escavadas e mudancas de direcao, nao de um grafo explicito."
23,2022,"C0FB3C55","Quantitativo","avgPathLength","50.249","metros","Medido","Distancias no grafo extraido do resultado do passeio aleatorio.","Distancia media a partir da sala inicial.","Caminhos sao medidos depois da extracao; o passeio nao escolhe objetivo final semanticamente."
23,2022,"C0FB3C55","Quantitativo","uniqueModules","18","contagem","Medido","Contagem de categorias logicas e prefabs usados na leitura/instanciacao do resultado.","Indica variedade basica de composicao.","O algoritmo varia forma do caminho; variedade modular depende da biblioteca e da camada de instanciacao."
23,2022,"C0FB3C55","Quantitativo","navigableVolumeRatio","100%","%","Estimado sem NavMesh","Estimativa logica de celulas abertas antes de NavMesh.","Use como estimativa inicial, nao como validacao fisica final.","Proxy logico; deve ser confirmado com NavMesh/colisao em uma validacao fisica."
23,2022,"C0FB3C55","Quantitativo","criticalPathLength","57.666","metros","Medido","Maior distancia no grafo extraido a partir do componente inicial.","Aproxima o percurso principal inicio-objetivo.","Pode gerar caminho longo por caminhada sinuosa, mas nao controla pacing ou progressao de missao sozinho."
23,2022,"C0FB3C55","Quantitativo","avgAlternativePathLength","0","metros","Medido","Media de conexoes marcadas como ciclos emergentes entre componentes.","Nao houve caminho alternativo nesta execucao.","Loops podem emergir por auto-interseccao do passeio, mas nao sao garantidos por planejamento global."
23,2022,"C0FB3C55","Booleano","SupportsRandomEnemySpawns","Sim, testado","sim/nao","Suportado","Parametro medido sobre a saida do Drunkard Walk puro.","Sistema configurado e com orcamento ativo.","Spawns usam regioes escavadas; balanceamento nao e propriedade nativa do Drunkard Walk."
23,2022,"C0FB3C55","Booleano","SupportsLootDistribution","Sim, testado","sim/nao","Suportado","Parametro medido sobre a saida do Drunkard Walk puro.","Sistema configurado e com orcamento ativo.","Loot pode ser colocado nas regioes escavadas, mas progressao por risco depende de outra camada."
23,2022,"C0FB3C55","Booleano","SupportsTraps","Sim, testado","sim/nao","Suportado","Parametro medido sobre a saida do Drunkard Walk puro.","Sistema configurado e com orcamento ativo.","Armadilhas podem usar celulas escavadas/gargalos, mas sem semantica global nativa."
23,2022,"C0FB3C55","Booleano","SupportsBacktrackingLoops","Nao","sim/nao","Medido","Parametro medido sobre a saida do Drunkard Walk puro.","Parametro atendido somente quando as conexoes emergentes formam ciclos no grafo extraido.","Loops podem aparecer por auto-interseccao, mas nao ha garantia de ciclo jogavel em toda seed."
23,2022,"C0FB3C55","Booleano","SupportsVerticalConnectors","Sim","sim/nao","Medido","Conta execucoes em que o passeio vertical escavou celulas alinhadas entre pavimentos.","Parametro atendido apenas se o proprio caminhante puder subir/descer e produzir alinhamentos entre pavimentos.","Possivel apenas na extensao multiandar em que o proprio caminhante faz passos verticais."
23,2022,"C0FB3C55","Booleano","SupportsMultiFloor","Sim","sim/nao","Medido","Conta execucoes com mais de um pavimento e pelo menos uma conexao vertical inferida do proprio passeio.","Parametro atendido quando existe conexao vertical inferida do passeio multiandar.","Drunkard Walk 2D puro nao e multiandar; o passeio 3D continua puro, mas deve ser relatado como extensao volumetrica."
23,2022,"C0FB3C55","Booleano","SupportsBossArena","Sim","sim/nao","Medido","Parametro medido sobre a saida do Drunkard Walk puro.","Existe ao menos uma sala grande o suficiente.","Areas grandes podem surgir por stamps ou sobreposicao de passos, mas nao sao arenas semanticamente planejadas."
23,2022,"C0FB3C55","Booleano","SeedReproducible","Sim","sim/nao","Medido","Parametro medido sobre a saida do Drunkard Walk puro.","A seed reproduziu a mesma topologia.","Resultado reproduzivel quando o passeio usa a mesma seed."
23,2022,"C0FB3C55","Booleano","RuntimeRegeneration","Sim","sim/nao","Medido","Parametro medido sobre a saida do Drunkard Walk puro.","Tempo registrado: 54.091 ms.","Custo cresce com tamanho do grid, quantidade de passos, caminhantes e raio de escavacao."
23,2022,"C0FB3C55","Booleano","BudgetAwareSpawns","Sim","sim/nao","Suportado","Parametro medido sobre a saida do Drunkard Walk puro.","Orcamentos registrados: inimigos 10, loot 6, armadilhas 4.","Orcamento e aplicado apos a geracao, sobre celulas livres extraidas."
23,2022,"C0FB3C55","Qualitativo","Replayability","5/5","Likert 1-5","Estimado automaticamente","Parametro medido sobre a saida do Drunkard Walk puro.","Diversidade topologica: 100%.","Alta variacao de percurso entre seeds e esperada."
23,2022,"C0FB3C55","Qualitativo","Debuggability","5/5","Likert 1-5","Estimado automaticamente","Parametro medido sobre a saida do Drunkard Walk puro.","Drunkard Walk e reproduzivel e simples de depurar, pois o caminho do caminhante explica diretamente a area escavada.","O caminho do caminhante e facil de repetir e inspecionar, mas metricas ajudam a quantificar sinuosidade e loops."
23,2022,"C0FB3C55","Qualitativo","Flow","2/5","Likert 1-5","Estimado automaticamente","Parametro medido sobre a saida do Drunkard Walk puro.","Indica fluidez de navegacao esperada.","Fluxo tende a ser continuo, mas pode ficar sinuoso demais ou pouco ramificado."
23,2022,"C0FB3C55","Qualitativo","Legibility","4/5","Likert 1-5","Estimado automaticamente","Parametro medido sobre a saida do Drunkard Walk puro.","A legibilidade depende do equilibrio entre corredor escavado, areas abertas e excesso de sinuosidade.","Corredores escavados podem ser claros, mas excesso de curvas reduz orientacao."
23,2022,"C0FB3C55","Qualitativo","StructuralVariety","2/5","Likert 1-5","Estimado automaticamente","Parametro medido sobre a saida do Drunkard Walk puro.","Indica variedade estrutural dentro desta execucao.","Boa variedade de trajetos; menor controle sobre categorias semanticas de sala."
23,2022,"C0FB3C55","Performance","layoutGenerationMilliseconds","8.668","ms","Medido","Tempo para executar caminhantes, escavar celulas e extrair componentes.","Representa o custo algoritmico principal.","Inclui passeio aleatorio, escavacao e extracao de componentes."
23,2022,"C0FB3C55","Performance","geometryInstantiationMilliseconds","44.132","ms","Medido","Parametro medido sobre a saida do Drunkard Walk puro.","A execucao incluiu custo visual.","Custo visual depende dos prefabs/Unity, nao do Drunkard Walk puro."
23,2022,"C0FB3C55","Performance","metricsCalculationMilliseconds","1.289","ms","Medido","Parametro medido sobre a saida do Drunkard Walk puro.","Ajuda a quantificar custo da instrumentacao.","Custo da instrumentacao, nao do algoritmo."
23,2022,"C0FB3C55","Performance","totalGenerationMilliseconds","54.091","ms","Medido","Parametro medido sobre a saida do Drunkard Walk puro.","Inclui layout, instanciacao visual habilitada e calculo de metricas.","Inclui layout, instanciacao visual e metricas; compare junto do tempo logico."
23,2022,"C0FB3C55","Performance","generatedGameObjectCount","3272","contagem","Medido","Parametro medido sobre a saida do Drunkard Walk puro.","Indica peso potencial de instanciacao no Unity.","Reflete peso da montagem visual das celulas abertas."
23,2022,"C0FB3C55","Performance","occupiedCellCount","2461","contagem","Medido","Parametro medido sobre a saida do Drunkard Walk puro.","Proxy de escala espacial da dungeon.","Proxy do volume escavado pelo Drunkard Walk."
23,2022,"C0FB3C55","Performance","connectionCount","2","contagem","Medido","Quantidade de conexoes inferidas por gargalos/passagens ou passos verticais.","Proxy de complexidade topologica.","Conexoes sao inferidas apos a geracao; o algoritmo nativo e um passeio, nao um grafo explicito."
23,2022,"C0FB3C55","Performance","managedMemoryDeltaKB","6468","KB","Estimado","Parametro medido sobre a saida do Drunkard Walk puro.","Valor aproximado, sensivel a GC e ao estado do Editor.","Estimativa sujeita ao GC da Unity; use como indicio comparativo."
24,2023,"B0B50AA2","Quantitativo","numRoomsTarget","4","contagem","Medido","Extracao de componentes abertos e densos apos a escavacao dos caminhantes.","Tamanho estrutural da dungeon nesta execucao.","Drunkard Walk nao cria salas planejadas; regioes amplas aparecem quando o passeio se auto-intersecta ou recebe stamps locais."
24,2023,"B0B50AA2","Quantitativo","connectivityRatio","75%","%","Medido","Busca no grafo extraido de componentes escavados; nenhuma conexao artificial e criada.","Mostra se as regioes escavadas permaneceram conectadas sem flood-fill reparador, BSP, grafo-guia ou abertura posterior de tuneis.","Com caminhantes reiniciando apenas em celulas ja escavadas, a tendencia e conectividade alta; se falhar, e limitacao da extracao ou da variante multiandar."
24,2023,"B0B50AA2","Quantitativo","verticalVariance","1.732","metros","Medido","Desvio padrao das alturas dos componentes extraidos do volume escavado.","Ha variacao vertical mensuravel entre salas.","Verticalidade so aparece quando a opcao multiandar permite passos verticais do proprio caminhante."
24,2023,"B0B50AA2","Quantitativo","fillPercentage","30.08%","%","Medido","Celulas escavadas pelos caminhantes divididas pelo total do volume.","Indica densidade espacial da dungeon.","Densidade e controlada por meta de preenchimento, passos maximos, raio do pincel e stamps de sala."
24,2023,"B0B50AA2","Quantitativo","branchFactor","1","media","Medido","Media de conexoes entre componentes extraidos por passagens estreitas geradas pelo passeio.","Layout mais linear, com poucas bifurcacoes.","Ramificacao emerge de reinicios em celulas ja escavadas e mudancas de direcao, nao de um grafo explicito."
24,2023,"B0B50AA2","Quantitativo","avgPathLength","39.485","metros","Medido","Distancias no grafo extraido do resultado do passeio aleatorio.","Distancia media a partir da sala inicial.","Caminhos sao medidos depois da extracao; o passeio nao escolhe objetivo final semanticamente."
24,2023,"B0B50AA2","Quantitativo","uniqueModules","23","contagem","Medido","Contagem de categorias logicas e prefabs usados na leitura/instanciacao do resultado.","Indica variedade basica de composicao.","O algoritmo varia forma do caminho; variedade modular depende da biblioteca e da camada de instanciacao."
24,2023,"B0B50AA2","Quantitativo","navigableVolumeRatio","100%","%","Estimado sem NavMesh","Estimativa logica de celulas abertas antes de NavMesh.","Use como estimativa inicial, nao como validacao fisica final.","Proxy logico; deve ser confirmado com NavMesh/colisao em uma validacao fisica."
24,2023,"B0B50AA2","Quantitativo","criticalPathLength","52.166","metros","Medido","Maior distancia no grafo extraido a partir do componente inicial.","Aproxima o percurso principal inicio-objetivo.","Pode gerar caminho longo por caminhada sinuosa, mas nao controla pacing ou progressao de missao sozinho."
24,2023,"B0B50AA2","Quantitativo","avgAlternativePathLength","0","metros","Medido","Media de conexoes marcadas como ciclos emergentes entre componentes.","Nao houve caminho alternativo nesta execucao.","Loops podem emergir por auto-interseccao do passeio, mas nao sao garantidos por planejamento global."
24,2023,"B0B50AA2","Booleano","SupportsRandomEnemySpawns","Sim, testado","sim/nao","Suportado","Parametro medido sobre a saida do Drunkard Walk puro.","Sistema configurado e com orcamento ativo.","Spawns usam regioes escavadas; balanceamento nao e propriedade nativa do Drunkard Walk."
24,2023,"B0B50AA2","Booleano","SupportsLootDistribution","Sim, testado","sim/nao","Suportado","Parametro medido sobre a saida do Drunkard Walk puro.","Sistema configurado e com orcamento ativo.","Loot pode ser colocado nas regioes escavadas, mas progressao por risco depende de outra camada."
24,2023,"B0B50AA2","Booleano","SupportsTraps","Sim, testado","sim/nao","Suportado","Parametro medido sobre a saida do Drunkard Walk puro.","Sistema configurado e com orcamento ativo.","Armadilhas podem usar celulas escavadas/gargalos, mas sem semantica global nativa."
24,2023,"B0B50AA2","Booleano","SupportsBacktrackingLoops","Nao","sim/nao","Medido","Parametro medido sobre a saida do Drunkard Walk puro.","Parametro atendido somente quando as conexoes emergentes formam ciclos no grafo extraido.","Loops podem aparecer por auto-interseccao, mas nao ha garantia de ciclo jogavel em toda seed."
24,2023,"B0B50AA2","Booleano","SupportsVerticalConnectors","Sim","sim/nao","Medido","Conta execucoes em que o passeio vertical escavou celulas alinhadas entre pavimentos.","Parametro atendido apenas se o proprio caminhante puder subir/descer e produzir alinhamentos entre pavimentos.","Possivel apenas na extensao multiandar em que o proprio caminhante faz passos verticais."
24,2023,"B0B50AA2","Booleano","SupportsMultiFloor","Sim","sim/nao","Medido","Conta execucoes com mais de um pavimento e pelo menos uma conexao vertical inferida do proprio passeio.","Parametro atendido quando existe conexao vertical inferida do passeio multiandar.","Drunkard Walk 2D puro nao e multiandar; o passeio 3D continua puro, mas deve ser relatado como extensao volumetrica."
24,2023,"B0B50AA2","Booleano","SupportsBossArena","Sim","sim/nao","Medido","Parametro medido sobre a saida do Drunkard Walk puro.","Existe ao menos uma sala grande o suficiente.","Areas grandes podem surgir por stamps ou sobreposicao de passos, mas nao sao arenas semanticamente planejadas."
24,2023,"B0B50AA2","Booleano","SeedReproducible","Sim","sim/nao","Medido","Parametro medido sobre a saida do Drunkard Walk puro.","A seed reproduziu a mesma topologia.","Resultado reproduzivel quando o passeio usa a mesma seed."
24,2023,"B0B50AA2","Booleano","RuntimeRegeneration","Sim","sim/nao","Medido","Parametro medido sobre a saida do Drunkard Walk puro.","Tempo registrado: 48.522 ms.","Custo cresce com tamanho do grid, quantidade de passos, caminhantes e raio de escavacao."
24,2023,"B0B50AA2","Booleano","BudgetAwareSpawns","Sim","sim/nao","Suportado","Parametro medido sobre a saida do Drunkard Walk puro.","Orcamentos registrados: inimigos 10, loot 6, armadilhas 4.","Orcamento e aplicado apos a geracao, sobre celulas livres extraidas."
24,2023,"B0B50AA2","Qualitativo","Replayability","5/5","Likert 1-5","Estimado automaticamente","Parametro medido sobre a saida do Drunkard Walk puro.","Diversidade topologica: 100%.","Alta variacao de percurso entre seeds e esperada."
24,2023,"B0B50AA2","Qualitativo","Debuggability","5/5","Likert 1-5","Estimado automaticamente","Parametro medido sobre a saida do Drunkard Walk puro.","Drunkard Walk e reproduzivel e simples de depurar, pois o caminho do caminhante explica diretamente a area escavada.","O caminho do caminhante e facil de repetir e inspecionar, mas metricas ajudam a quantificar sinuosidade e loops."
24,2023,"B0B50AA2","Qualitativo","Flow","2/5","Likert 1-5","Estimado automaticamente","Parametro medido sobre a saida do Drunkard Walk puro.","Indica fluidez de navegacao esperada.","Fluxo tende a ser continuo, mas pode ficar sinuoso demais ou pouco ramificado."
24,2023,"B0B50AA2","Qualitativo","Legibility","4/5","Likert 1-5","Estimado automaticamente","Parametro medido sobre a saida do Drunkard Walk puro.","A legibilidade depende do equilibrio entre corredor escavado, areas abertas e excesso de sinuosidade.","Corredores escavados podem ser claros, mas excesso de curvas reduz orientacao."
24,2023,"B0B50AA2","Qualitativo","StructuralVariety","2/5","Likert 1-5","Estimado automaticamente","Parametro medido sobre a saida do Drunkard Walk puro.","Indica variedade estrutural dentro desta execucao.","Boa variedade de trajetos; menor controle sobre categorias semanticas de sala."
24,2023,"B0B50AA2","Performance","layoutGenerationMilliseconds","8.869","ms","Medido","Tempo para executar caminhantes, escavar celulas e extrair componentes.","Representa o custo algoritmico principal.","Inclui passeio aleatorio, escavacao e extracao de componentes."
24,2023,"B0B50AA2","Performance","geometryInstantiationMilliseconds","38.467","ms","Medido","Parametro medido sobre a saida do Drunkard Walk puro.","A execucao incluiu custo visual.","Custo visual depende dos prefabs/Unity, nao do Drunkard Walk puro."
24,2023,"B0B50AA2","Performance","metricsCalculationMilliseconds","1.183","ms","Medido","Parametro medido sobre a saida do Drunkard Walk puro.","Ajuda a quantificar custo da instrumentacao.","Custo da instrumentacao, nao do algoritmo."
24,2023,"B0B50AA2","Performance","totalGenerationMilliseconds","48.522","ms","Medido","Parametro medido sobre a saida do Drunkard Walk puro.","Inclui layout, instanciacao visual habilitada e calculo de metricas.","Inclui layout, instanciacao visual e metricas; compare junto do tempo logico."
24,2023,"B0B50AA2","Performance","generatedGameObjectCount","3267","contagem","Medido","Parametro medido sobre a saida do Drunkard Walk puro.","Indica peso potencial de instanciacao no Unity.","Reflete peso da montagem visual das celulas abertas."
24,2023,"B0B50AA2","Performance","occupiedCellCount","2464","contagem","Medido","Parametro medido sobre a saida do Drunkard Walk puro.","Proxy de escala espacial da dungeon.","Proxy do volume escavado pelo Drunkard Walk."
24,2023,"B0B50AA2","Performance","connectionCount","2","contagem","Medido","Quantidade de conexoes inferidas por gargalos/passagens ou passos verticais.","Proxy de complexidade topologica.","Conexoes sao inferidas apos a geracao; o algoritmo nativo e um passeio, nao um grafo explicito."
24,2023,"B0B50AA2","Performance","managedMemoryDeltaKB","7232","KB","Estimado","Parametro medido sobre a saida do Drunkard Walk puro.","Valor aproximado, sensivel a GC e ao estado do Editor.","Estimativa sujeita ao GC da Unity; use como indicio comparativo."
25,2024,"69DA7134","Quantitativo","numRoomsTarget","3","contagem","Medido","Extracao de componentes abertos e densos apos a escavacao dos caminhantes.","Tamanho estrutural da dungeon nesta execucao.","Drunkard Walk nao cria salas planejadas; regioes amplas aparecem quando o passeio se auto-intersecta ou recebe stamps locais."
25,2024,"69DA7134","Quantitativo","connectivityRatio","100%","%","Medido","Busca no grafo extraido de componentes escavados; nenhuma conexao artificial e criada.","Mostra se as regioes escavadas permaneceram conectadas sem flood-fill reparador, BSP, grafo-guia ou abertura posterior de tuneis.","Com caminhantes reiniciando apenas em celulas ja escavadas, a tendencia e conectividade alta; se falhar, e limitacao da extracao ou da variante multiandar."
25,2024,"69DA7134","Quantitativo","verticalVariance","1.886","metros","Medido","Desvio padrao das alturas dos componentes extraidos do volume escavado.","Ha variacao vertical mensuravel entre salas.","Verticalidade so aparece quando a opcao multiandar permite passos verticais do proprio caminhante."
25,2024,"69DA7134","Quantitativo","fillPercentage","30.04%","%","Medido","Celulas escavadas pelos caminhantes divididas pelo total do volume.","Indica densidade espacial da dungeon.","Densidade e controlada por meta de preenchimento, passos maximos, raio do pincel e stamps de sala."
25,2024,"69DA7134","Quantitativo","branchFactor","1.333","media","Medido","Media de conexoes entre componentes extraidos por passagens estreitas geradas pelo passeio.","Layout mais linear, com poucas bifurcacoes.","Ramificacao emerge de reinicios em celulas ja escavadas e mudancas de direcao, nao de um grafo explicito."
25,2024,"69DA7134","Quantitativo","avgPathLength","37.144","metros","Medido","Distancias no grafo extraido do resultado do passeio aleatorio.","Distancia media a partir da sala inicial.","Caminhos sao medidos depois da extracao; o passeio nao escolhe objetivo final semanticamente."
25,2024,"69DA7134","Quantitativo","uniqueModules","17","contagem","Medido","Contagem de categorias logicas e prefabs usados na leitura/instanciacao do resultado.","Indica variedade basica de composicao.","O algoritmo varia forma do caminho; variedade modular depende da biblioteca e da camada de instanciacao."
25,2024,"69DA7134","Quantitativo","navigableVolumeRatio","100%","%","Estimado sem NavMesh","Estimativa logica de celulas abertas antes de NavMesh.","Use como estimativa inicial, nao como validacao fisica final.","Proxy logico; deve ser confirmado com NavMesh/colisao em uma validacao fisica."
25,2024,"69DA7134","Quantitativo","criticalPathLength","58.626","metros","Medido","Maior distancia no grafo extraido a partir do componente inicial.","Aproxima o percurso principal inicio-objetivo.","Pode gerar caminho longo por caminhada sinuosa, mas nao controla pacing ou progressao de missao sozinho."
25,2024,"69DA7134","Quantitativo","avgAlternativePathLength","0","metros","Medido","Media de conexoes marcadas como ciclos emergentes entre componentes.","Nao houve caminho alternativo nesta execucao.","Loops podem emergir por auto-interseccao do passeio, mas nao sao garantidos por planejamento global."
25,2024,"69DA7134","Booleano","SupportsRandomEnemySpawns","Sim, testado","sim/nao","Suportado","Parametro medido sobre a saida do Drunkard Walk puro.","Sistema configurado e com orcamento ativo.","Spawns usam regioes escavadas; balanceamento nao e propriedade nativa do Drunkard Walk."
25,2024,"69DA7134","Booleano","SupportsLootDistribution","Sim, testado","sim/nao","Suportado","Parametro medido sobre a saida do Drunkard Walk puro.","Sistema configurado e com orcamento ativo.","Loot pode ser colocado nas regioes escavadas, mas progressao por risco depende de outra camada."
25,2024,"69DA7134","Booleano","SupportsTraps","Sim, testado","sim/nao","Suportado","Parametro medido sobre a saida do Drunkard Walk puro.","Sistema configurado e com orcamento ativo.","Armadilhas podem usar celulas escavadas/gargalos, mas sem semantica global nativa."
25,2024,"69DA7134","Booleano","SupportsBacktrackingLoops","Nao","sim/nao","Medido","Parametro medido sobre a saida do Drunkard Walk puro.","Parametro atendido somente quando as conexoes emergentes formam ciclos no grafo extraido.","Loops podem aparecer por auto-interseccao, mas nao ha garantia de ciclo jogavel em toda seed."
25,2024,"69DA7134","Booleano","SupportsVerticalConnectors","Sim","sim/nao","Medido","Conta execucoes em que o passeio vertical escavou celulas alinhadas entre pavimentos.","Parametro atendido apenas se o proprio caminhante puder subir/descer e produzir alinhamentos entre pavimentos.","Possivel apenas na extensao multiandar em que o proprio caminhante faz passos verticais."
25,2024,"69DA7134","Booleano","SupportsMultiFloor","Sim","sim/nao","Medido","Conta execucoes com mais de um pavimento e pelo menos uma conexao vertical inferida do proprio passeio.","Parametro atendido quando existe conexao vertical inferida do passeio multiandar.","Drunkard Walk 2D puro nao e multiandar; o passeio 3D continua puro, mas deve ser relatado como extensao volumetrica."
25,2024,"69DA7134","Booleano","SupportsBossArena","Sim","sim/nao","Medido","Parametro medido sobre a saida do Drunkard Walk puro.","Existe ao menos uma sala grande o suficiente.","Areas grandes podem surgir por stamps ou sobreposicao de passos, mas nao sao arenas semanticamente planejadas."
25,2024,"69DA7134","Booleano","SeedReproducible","Sim","sim/nao","Medido","Parametro medido sobre a saida do Drunkard Walk puro.","A seed reproduziu a mesma topologia.","Resultado reproduzivel quando o passeio usa a mesma seed."
25,2024,"69DA7134","Booleano","RuntimeRegeneration","Sim","sim/nao","Medido","Parametro medido sobre a saida do Drunkard Walk puro.","Tempo registrado: 45.899 ms.","Custo cresce com tamanho do grid, quantidade de passos, caminhantes e raio de escavacao."
25,2024,"69DA7134","Booleano","BudgetAwareSpawns","Sim","sim/nao","Suportado","Parametro medido sobre a saida do Drunkard Walk puro.","Orcamentos registrados: inimigos 10, loot 6, armadilhas 4.","Orcamento e aplicado apos a geracao, sobre celulas livres extraidas."
25,2024,"69DA7134","Qualitativo","Replayability","5/5","Likert 1-5","Estimado automaticamente","Parametro medido sobre a saida do Drunkard Walk puro.","Diversidade topologica: 100%.","Alta variacao de percurso entre seeds e esperada."
25,2024,"69DA7134","Qualitativo","Debuggability","5/5","Likert 1-5","Estimado automaticamente","Parametro medido sobre a saida do Drunkard Walk puro.","Drunkard Walk e reproduzivel e simples de depurar, pois o caminho do caminhante explica diretamente a area escavada.","O caminho do caminhante e facil de repetir e inspecionar, mas metricas ajudam a quantificar sinuosidade e loops."
25,2024,"69DA7134","Qualitativo","Flow","5/5","Likert 1-5","Estimado automaticamente","Parametro medido sobre a saida do Drunkard Walk puro.","Indica fluidez de navegacao esperada.","Fluxo tende a ser continuo, mas pode ficar sinuoso demais ou pouco ramificado."
25,2024,"69DA7134","Qualitativo","Legibility","5/5","Likert 1-5","Estimado automaticamente","Parametro medido sobre a saida do Drunkard Walk puro.","A legibilidade depende do equilibrio entre corredor escavado, areas abertas e excesso de sinuosidade.","Corredores escavados podem ser claros, mas excesso de curvas reduz orientacao."
25,2024,"69DA7134","Qualitativo","StructuralVariety","2/5","Likert 1-5","Estimado automaticamente","Parametro medido sobre a saida do Drunkard Walk puro.","Indica variedade estrutural dentro desta execucao.","Boa variedade de trajetos; menor controle sobre categorias semanticas de sala."
25,2024,"69DA7134","Performance","layoutGenerationMilliseconds","8.613","ms","Medido","Tempo para executar caminhantes, escavar celulas e extrair componentes.","Representa o custo algoritmico principal.","Inclui passeio aleatorio, escavacao e extracao de componentes."
25,2024,"69DA7134","Performance","geometryInstantiationMilliseconds","36.026","ms","Medido","Parametro medido sobre a saida do Drunkard Walk puro.","A execucao incluiu custo visual.","Custo visual depende dos prefabs/Unity, nao do Drunkard Walk puro."
25,2024,"69DA7134","Performance","metricsCalculationMilliseconds","1.258","ms","Medido","Parametro medido sobre a saida do Drunkard Walk puro.","Ajuda a quantificar custo da instrumentacao.","Custo da instrumentacao, nao do algoritmo."
25,2024,"69DA7134","Performance","totalGenerationMilliseconds","45.899","ms","Medido","Parametro medido sobre a saida do Drunkard Walk puro.","Inclui layout, instanciacao visual habilitada e calculo de metricas.","Inclui layout, instanciacao visual e metricas; compare junto do tempo logico."
25,2024,"69DA7134","Performance","generatedGameObjectCount","3236","contagem","Medido","Parametro medido sobre a saida do Drunkard Walk puro.","Indica peso potencial de instanciacao no Unity.","Reflete peso da montagem visual das celulas abertas."
25,2024,"69DA7134","Performance","occupiedCellCount","2461","contagem","Medido","Parametro medido sobre a saida do Drunkard Walk puro.","Proxy de escala espacial da dungeon.","Proxy do volume escavado pelo Drunkard Walk."
25,2024,"69DA7134","Performance","connectionCount","2","contagem","Medido","Quantidade de conexoes inferidas por gargalos/passagens ou passos verticais.","Proxy de complexidade topologica.","Conexoes sao inferidas apos a geracao; o algoritmo nativo e um passeio, nao um grafo explicito."
25,2024,"69DA7134","Performance","managedMemoryDeltaKB","7664","KB","Estimado","Parametro medido sobre a saida do Drunkard Walk puro.","Valor aproximado, sensivel a GC e ao estado do Editor.","Estimativa sujeita ao GC da Unity; use como indicio comparativo."
26,2025,"1FDF03CD","Quantitativo","numRoomsTarget","2","contagem","Medido","Extracao de componentes abertos e densos apos a escavacao dos caminhantes.","Tamanho estrutural da dungeon nesta execucao.","Drunkard Walk nao cria salas planejadas; regioes amplas aparecem quando o passeio se auto-intersecta ou recebe stamps locais."
26,2025,"1FDF03CD","Quantitativo","connectivityRatio","100%","%","Medido","Busca no grafo extraido de componentes escavados; nenhuma conexao artificial e criada.","Mostra se as regioes escavadas permaneceram conectadas sem flood-fill reparador, BSP, grafo-guia ou abertura posterior de tuneis.","Com caminhantes reiniciando apenas em celulas ja escavadas, a tendencia e conectividade alta; se falhar, e limitacao da extracao ou da variante multiandar."
26,2025,"1FDF03CD","Quantitativo","verticalVariance","2","metros","Medido","Desvio padrao das alturas dos componentes extraidos do volume escavado.","Ha variacao vertical mensuravel entre salas.","Verticalidade so aparece quando a opcao multiandar permite passos verticais do proprio caminhante."
26,2025,"1FDF03CD","Quantitativo","fillPercentage","30.03%","%","Medido","Celulas escavadas pelos caminhantes divididas pelo total do volume.","Indica densidade espacial da dungeon.","Densidade e controlada por meta de preenchimento, passos maximos, raio do pincel e stamps de sala."
26,2025,"1FDF03CD","Quantitativo","branchFactor","1","media","Medido","Media de conexoes entre componentes extraidos por passagens estreitas geradas pelo passeio.","Layout mais linear, com poucas bifurcacoes.","Ramificacao emerge de reinicios em celulas ja escavadas e mudancas de direcao, nao de um grafo explicito."
26,2025,"1FDF03CD","Quantitativo","avgPathLength","8","metros","Medido","Distancias no grafo extraido do resultado do passeio aleatorio.","Distancia media a partir da sala inicial.","Caminhos sao medidos depois da extracao; o passeio nao escolhe objetivo final semanticamente."
26,2025,"1FDF03CD","Quantitativo","uniqueModules","16","contagem","Medido","Contagem de categorias logicas e prefabs usados na leitura/instanciacao do resultado.","Indica variedade basica de composicao.","O algoritmo varia forma do caminho; variedade modular depende da biblioteca e da camada de instanciacao."
26,2025,"1FDF03CD","Quantitativo","navigableVolumeRatio","100%","%","Estimado sem NavMesh","Estimativa logica de celulas abertas antes de NavMesh.","Use como estimativa inicial, nao como validacao fisica final.","Proxy logico; deve ser confirmado com NavMesh/colisao em uma validacao fisica."
26,2025,"1FDF03CD","Quantitativo","criticalPathLength","8","metros","Medido","Maior distancia no grafo extraido a partir do componente inicial.","Aproxima o percurso principal inicio-objetivo.","Pode gerar caminho longo por caminhada sinuosa, mas nao controla pacing ou progressao de missao sozinho."
26,2025,"1FDF03CD","Quantitativo","avgAlternativePathLength","0","metros","Medido","Media de conexoes marcadas como ciclos emergentes entre componentes.","Nao houve caminho alternativo nesta execucao.","Loops podem emergir por auto-interseccao do passeio, mas nao sao garantidos por planejamento global."
26,2025,"1FDF03CD","Booleano","SupportsRandomEnemySpawns","Sim, testado","sim/nao","Suportado","Parametro medido sobre a saida do Drunkard Walk puro.","Sistema configurado e com orcamento ativo.","Spawns usam regioes escavadas; balanceamento nao e propriedade nativa do Drunkard Walk."
26,2025,"1FDF03CD","Booleano","SupportsLootDistribution","Sim, testado","sim/nao","Suportado","Parametro medido sobre a saida do Drunkard Walk puro.","Sistema configurado e com orcamento ativo.","Loot pode ser colocado nas regioes escavadas, mas progressao por risco depende de outra camada."
26,2025,"1FDF03CD","Booleano","SupportsTraps","Sim, testado","sim/nao","Suportado","Parametro medido sobre a saida do Drunkard Walk puro.","Sistema configurado e com orcamento ativo.","Armadilhas podem usar celulas escavadas/gargalos, mas sem semantica global nativa."
26,2025,"1FDF03CD","Booleano","SupportsBacktrackingLoops","Nao","sim/nao","Medido","Parametro medido sobre a saida do Drunkard Walk puro.","Parametro atendido somente quando as conexoes emergentes formam ciclos no grafo extraido.","Loops podem aparecer por auto-interseccao, mas nao ha garantia de ciclo jogavel em toda seed."
26,2025,"1FDF03CD","Booleano","SupportsVerticalConnectors","Sim","sim/nao","Medido","Conta execucoes em que o passeio vertical escavou celulas alinhadas entre pavimentos.","Parametro atendido apenas se o proprio caminhante puder subir/descer e produzir alinhamentos entre pavimentos.","Possivel apenas na extensao multiandar em que o proprio caminhante faz passos verticais."
26,2025,"1FDF03CD","Booleano","SupportsMultiFloor","Sim","sim/nao","Medido","Conta execucoes com mais de um pavimento e pelo menos uma conexao vertical inferida do proprio passeio.","Parametro atendido quando existe conexao vertical inferida do passeio multiandar.","Drunkard Walk 2D puro nao e multiandar; o passeio 3D continua puro, mas deve ser relatado como extensao volumetrica."
26,2025,"1FDF03CD","Booleano","SupportsBossArena","Sim","sim/nao","Medido","Parametro medido sobre a saida do Drunkard Walk puro.","Existe ao menos uma sala grande o suficiente.","Areas grandes podem surgir por stamps ou sobreposicao de passos, mas nao sao arenas semanticamente planejadas."
26,2025,"1FDF03CD","Booleano","SeedReproducible","Sim","sim/nao","Medido","Parametro medido sobre a saida do Drunkard Walk puro.","A seed reproduziu a mesma topologia.","Resultado reproduzivel quando o passeio usa a mesma seed."
26,2025,"1FDF03CD","Booleano","RuntimeRegeneration","Sim","sim/nao","Medido","Parametro medido sobre a saida do Drunkard Walk puro.","Tempo registrado: 50.794 ms.","Custo cresce com tamanho do grid, quantidade de passos, caminhantes e raio de escavacao."
26,2025,"1FDF03CD","Booleano","BudgetAwareSpawns","Sim","sim/nao","Suportado","Parametro medido sobre a saida do Drunkard Walk puro.","Orcamentos registrados: inimigos 10, loot 6, armadilhas 4.","Orcamento e aplicado apos a geracao, sobre celulas livres extraidas."
26,2025,"1FDF03CD","Qualitativo","Replayability","5/5","Likert 1-5","Estimado automaticamente","Parametro medido sobre a saida do Drunkard Walk puro.","Diversidade topologica: 100%.","Alta variacao de percurso entre seeds e esperada."
26,2025,"1FDF03CD","Qualitativo","Debuggability","5/5","Likert 1-5","Estimado automaticamente","Parametro medido sobre a saida do Drunkard Walk puro.","Drunkard Walk e reproduzivel e simples de depurar, pois o caminho do caminhante explica diretamente a area escavada.","O caminho do caminhante e facil de repetir e inspecionar, mas metricas ajudam a quantificar sinuosidade e loops."
26,2025,"1FDF03CD","Qualitativo","Flow","4/5","Likert 1-5","Estimado automaticamente","Parametro medido sobre a saida do Drunkard Walk puro.","Indica fluidez de navegacao esperada.","Fluxo tende a ser continuo, mas pode ficar sinuoso demais ou pouco ramificado."
26,2025,"1FDF03CD","Qualitativo","Legibility","5/5","Likert 1-5","Estimado automaticamente","Parametro medido sobre a saida do Drunkard Walk puro.","A legibilidade depende do equilibrio entre corredor escavado, areas abertas e excesso de sinuosidade.","Corredores escavados podem ser claros, mas excesso de curvas reduz orientacao."
26,2025,"1FDF03CD","Qualitativo","StructuralVariety","2/5","Likert 1-5","Estimado automaticamente","Parametro medido sobre a saida do Drunkard Walk puro.","Indica variedade estrutural dentro desta execucao.","Boa variedade de trajetos; menor controle sobre categorias semanticas de sala."
26,2025,"1FDF03CD","Performance","layoutGenerationMilliseconds","9.104","ms","Medido","Tempo para executar caminhantes, escavar celulas e extrair componentes.","Representa o custo algoritmico principal.","Inclui passeio aleatorio, escavacao e extracao de componentes."
26,2025,"1FDF03CD","Performance","geometryInstantiationMilliseconds","40.106","ms","Medido","Parametro medido sobre a saida do Drunkard Walk puro.","A execucao incluiu custo visual.","Custo visual depende dos prefabs/Unity, nao do Drunkard Walk puro."
26,2025,"1FDF03CD","Performance","metricsCalculationMilliseconds","1.581","ms","Medido","Parametro medido sobre a saida do Drunkard Walk puro.","Ajuda a quantificar custo da instrumentacao.","Custo da instrumentacao, nao do algoritmo."
26,2025,"1FDF03CD","Performance","totalGenerationMilliseconds","50.794","ms","Medido","Parametro medido sobre a saida do Drunkard Walk puro.","Inclui layout, instanciacao visual habilitada e calculo de metricas.","Inclui layout, instanciacao visual e metricas; compare junto do tempo logico."
26,2025,"1FDF03CD","Performance","generatedGameObjectCount","3148","contagem","Medido","Parametro medido sobre a saida do Drunkard Walk puro.","Indica peso potencial de instanciacao no Unity.","Reflete peso da montagem visual das celulas abertas."
26,2025,"1FDF03CD","Performance","occupiedCellCount","2460","contagem","Medido","Parametro medido sobre a saida do Drunkard Walk puro.","Proxy de escala espacial da dungeon.","Proxy do volume escavado pelo Drunkard Walk."
26,2025,"1FDF03CD","Performance","connectionCount","1","contagem","Medido","Quantidade de conexoes inferidas por gargalos/passagens ou passos verticais.","Proxy de complexidade topologica.","Conexoes sao inferidas apos a geracao; o algoritmo nativo e um passeio, nao um grafo explicito."
26,2025,"1FDF03CD","Performance","managedMemoryDeltaKB","7548","KB","Estimado","Parametro medido sobre a saida do Drunkard Walk puro.","Valor aproximado, sensivel a GC e ao estado do Editor.","Estimativa sujeita ao GC da Unity; use como indicio comparativo."
27,2026,"553FB569","Quantitativo","numRoomsTarget","5","contagem","Medido","Extracao de componentes abertos e densos apos a escavacao dos caminhantes.","Tamanho estrutural da dungeon nesta execucao.","Drunkard Walk nao cria salas planejadas; regioes amplas aparecem quando o passeio se auto-intersecta ou recebe stamps locais."
27,2026,"553FB569","Quantitativo","connectivityRatio","60%","%","Medido","Busca no grafo extraido de componentes escavados; nenhuma conexao artificial e criada.","Mostra se as regioes escavadas permaneceram conectadas sem flood-fill reparador, BSP, grafo-guia ou abertura posterior de tuneis.","Com caminhantes reiniciando apenas em celulas ja escavadas, a tendencia e conectividade alta; se falhar, e limitacao da extracao ou da variante multiandar."
27,2026,"553FB569","Quantitativo","verticalVariance","1.96","metros","Medido","Desvio padrao das alturas dos componentes extraidos do volume escavado.","Ha variacao vertical mensuravel entre salas.","Verticalidade so aparece quando a opcao multiandar permite passos verticais do proprio caminhante."
27,2026,"553FB569","Quantitativo","fillPercentage","30.03%","%","Medido","Celulas escavadas pelos caminhantes divididas pelo total do volume.","Indica densidade espacial da dungeon.","Densidade e controlada por meta de preenchimento, passos maximos, raio do pincel e stamps de sala."
27,2026,"553FB569","Quantitativo","branchFactor","0.8","media","Medido","Media de conexoes entre componentes extraidos por passagens estreitas geradas pelo passeio.","Layout mais linear, com poucas bifurcacoes.","Ramificacao emerge de reinicios em celulas ja escavadas e mudancas de direcao, nao de um grafo explicito."
27,2026,"553FB569","Quantitativo","avgPathLength","42.361","metros","Medido","Distancias no grafo extraido do resultado do passeio aleatorio.","Distancia media a partir da sala inicial.","Caminhos sao medidos depois da extracao; o passeio nao escolhe objetivo final semanticamente."
27,2026,"553FB569","Quantitativo","uniqueModules","21","contagem","Medido","Contagem de categorias logicas e prefabs usados na leitura/instanciacao do resultado.","Indica variedade basica de composicao.","O algoritmo varia forma do caminho; variedade modular depende da biblioteca e da camada de instanciacao."
27,2026,"553FB569","Quantitativo","navigableVolumeRatio","100%","%","Estimado sem NavMesh","Estimativa logica de celulas abertas antes de NavMesh.","Use como estimativa inicial, nao como validacao fisica final.","Proxy logico; deve ser confirmado com NavMesh/colisao em uma validacao fisica."
27,2026,"553FB569","Quantitativo","criticalPathLength","58.361","metros","Medido","Maior distancia no grafo extraido a partir do componente inicial.","Aproxima o percurso principal inicio-objetivo.","Pode gerar caminho longo por caminhada sinuosa, mas nao controla pacing ou progressao de missao sozinho."
27,2026,"553FB569","Quantitativo","avgAlternativePathLength","0","metros","Medido","Media de conexoes marcadas como ciclos emergentes entre componentes.","Nao houve caminho alternativo nesta execucao.","Loops podem emergir por auto-interseccao do passeio, mas nao sao garantidos por planejamento global."
27,2026,"553FB569","Booleano","SupportsRandomEnemySpawns","Sim, testado","sim/nao","Suportado","Parametro medido sobre a saida do Drunkard Walk puro.","Sistema configurado e com orcamento ativo.","Spawns usam regioes escavadas; balanceamento nao e propriedade nativa do Drunkard Walk."
27,2026,"553FB569","Booleano","SupportsLootDistribution","Sim, testado","sim/nao","Suportado","Parametro medido sobre a saida do Drunkard Walk puro.","Sistema configurado e com orcamento ativo.","Loot pode ser colocado nas regioes escavadas, mas progressao por risco depende de outra camada."
27,2026,"553FB569","Booleano","SupportsTraps","Sim, testado","sim/nao","Suportado","Parametro medido sobre a saida do Drunkard Walk puro.","Sistema configurado e com orcamento ativo.","Armadilhas podem usar celulas escavadas/gargalos, mas sem semantica global nativa."
27,2026,"553FB569","Booleano","SupportsBacktrackingLoops","Nao","sim/nao","Medido","Parametro medido sobre a saida do Drunkard Walk puro.","Parametro atendido somente quando as conexoes emergentes formam ciclos no grafo extraido.","Loops podem aparecer por auto-interseccao, mas nao ha garantia de ciclo jogavel em toda seed."
27,2026,"553FB569","Booleano","SupportsVerticalConnectors","Sim","sim/nao","Medido","Conta execucoes em que o passeio vertical escavou celulas alinhadas entre pavimentos.","Parametro atendido apenas se o proprio caminhante puder subir/descer e produzir alinhamentos entre pavimentos.","Possivel apenas na extensao multiandar em que o proprio caminhante faz passos verticais."
27,2026,"553FB569","Booleano","SupportsMultiFloor","Sim","sim/nao","Medido","Conta execucoes com mais de um pavimento e pelo menos uma conexao vertical inferida do proprio passeio.","Parametro atendido quando existe conexao vertical inferida do passeio multiandar.","Drunkard Walk 2D puro nao e multiandar; o passeio 3D continua puro, mas deve ser relatado como extensao volumetrica."
27,2026,"553FB569","Booleano","SupportsBossArena","Sim","sim/nao","Medido","Parametro medido sobre a saida do Drunkard Walk puro.","Existe ao menos uma sala grande o suficiente.","Areas grandes podem surgir por stamps ou sobreposicao de passos, mas nao sao arenas semanticamente planejadas."
27,2026,"553FB569","Booleano","SeedReproducible","Sim","sim/nao","Medido","Parametro medido sobre a saida do Drunkard Walk puro.","A seed reproduziu a mesma topologia.","Resultado reproduzivel quando o passeio usa a mesma seed."
27,2026,"553FB569","Booleano","RuntimeRegeneration","Sim","sim/nao","Medido","Parametro medido sobre a saida do Drunkard Walk puro.","Tempo registrado: 44.992 ms.","Custo cresce com tamanho do grid, quantidade de passos, caminhantes e raio de escavacao."
27,2026,"553FB569","Booleano","BudgetAwareSpawns","Sim","sim/nao","Suportado","Parametro medido sobre a saida do Drunkard Walk puro.","Orcamentos registrados: inimigos 10, loot 6, armadilhas 4.","Orcamento e aplicado apos a geracao, sobre celulas livres extraidas."
27,2026,"553FB569","Qualitativo","Replayability","5/5","Likert 1-5","Estimado automaticamente","Parametro medido sobre a saida do Drunkard Walk puro.","Diversidade topologica: 100%.","Alta variacao de percurso entre seeds e esperada."
27,2026,"553FB569","Qualitativo","Debuggability","5/5","Likert 1-5","Estimado automaticamente","Parametro medido sobre a saida do Drunkard Walk puro.","Drunkard Walk e reproduzivel e simples de depurar, pois o caminho do caminhante explica diretamente a area escavada.","O caminho do caminhante e facil de repetir e inspecionar, mas metricas ajudam a quantificar sinuosidade e loops."
27,2026,"553FB569","Qualitativo","Flow","2/5","Likert 1-5","Estimado automaticamente","Parametro medido sobre a saida do Drunkard Walk puro.","Indica fluidez de navegacao esperada.","Fluxo tende a ser continuo, mas pode ficar sinuoso demais ou pouco ramificado."
27,2026,"553FB569","Qualitativo","Legibility","4/5","Likert 1-5","Estimado automaticamente","Parametro medido sobre a saida do Drunkard Walk puro.","A legibilidade depende do equilibrio entre corredor escavado, areas abertas e excesso de sinuosidade.","Corredores escavados podem ser claros, mas excesso de curvas reduz orientacao."
27,2026,"553FB569","Qualitativo","StructuralVariety","2/5","Likert 1-5","Estimado automaticamente","Parametro medido sobre a saida do Drunkard Walk puro.","Indica variedade estrutural dentro desta execucao.","Boa variedade de trajetos; menor controle sobre categorias semanticas de sala."
27,2026,"553FB569","Performance","layoutGenerationMilliseconds","9.456","ms","Medido","Tempo para executar caminhantes, escavar celulas e extrair componentes.","Representa o custo algoritmico principal.","Inclui passeio aleatorio, escavacao e extracao de componentes."
27,2026,"553FB569","Performance","geometryInstantiationMilliseconds","34.319","ms","Medido","Parametro medido sobre a saida do Drunkard Walk puro.","A execucao incluiu custo visual.","Custo visual depende dos prefabs/Unity, nao do Drunkard Walk puro."
27,2026,"553FB569","Performance","metricsCalculationMilliseconds","1.215","ms","Medido","Parametro medido sobre a saida do Drunkard Walk puro.","Ajuda a quantificar custo da instrumentacao.","Custo da instrumentacao, nao do algoritmo."
27,2026,"553FB569","Performance","totalGenerationMilliseconds","44.992","ms","Medido","Parametro medido sobre a saida do Drunkard Walk puro.","Inclui layout, instanciacao visual habilitada e calculo de metricas.","Inclui layout, instanciacao visual e metricas; compare junto do tempo logico."
27,2026,"553FB569","Performance","generatedGameObjectCount","3086","contagem","Medido","Parametro medido sobre a saida do Drunkard Walk puro.","Indica peso potencial de instanciacao no Unity.","Reflete peso da montagem visual das celulas abertas."
27,2026,"553FB569","Performance","occupiedCellCount","2460","contagem","Medido","Parametro medido sobre a saida do Drunkard Walk puro.","Proxy de escala espacial da dungeon.","Proxy do volume escavado pelo Drunkard Walk."
27,2026,"553FB569","Performance","connectionCount","2","contagem","Medido","Quantidade de conexoes inferidas por gargalos/passagens ou passos verticais.","Proxy de complexidade topologica.","Conexoes sao inferidas apos a geracao; o algoritmo nativo e um passeio, nao um grafo explicito."
27,2026,"553FB569","Performance","managedMemoryDeltaKB","7532","KB","Estimado","Parametro medido sobre a saida do Drunkard Walk puro.","Valor aproximado, sensivel a GC e ao estado do Editor.","Estimativa sujeita ao GC da Unity; use como indicio comparativo."
28,2027,"81B4784A","Quantitativo","numRoomsTarget","3","contagem","Medido","Extracao de componentes abertos e densos apos a escavacao dos caminhantes.","Tamanho estrutural da dungeon nesta execucao.","Drunkard Walk nao cria salas planejadas; regioes amplas aparecem quando o passeio se auto-intersecta ou recebe stamps locais."
28,2027,"81B4784A","Quantitativo","connectivityRatio","100%","%","Medido","Busca no grafo extraido de componentes escavados; nenhuma conexao artificial e criada.","Mostra se as regioes escavadas permaneceram conectadas sem flood-fill reparador, BSP, grafo-guia ou abertura posterior de tuneis.","Com caminhantes reiniciando apenas em celulas ja escavadas, a tendencia e conectividade alta; se falhar, e limitacao da extracao ou da variante multiandar."
28,2027,"81B4784A","Quantitativo","verticalVariance","1.886","metros","Medido","Desvio padrao das alturas dos componentes extraidos do volume escavado.","Ha variacao vertical mensuravel entre salas.","Verticalidade so aparece quando a opcao multiandar permite passos verticais do proprio caminhante."
28,2027,"81B4784A","Quantitativo","fillPercentage","30.04%","%","Medido","Celulas escavadas pelos caminhantes divididas pelo total do volume.","Indica densidade espacial da dungeon.","Densidade e controlada por meta de preenchimento, passos maximos, raio do pincel e stamps de sala."
28,2027,"81B4784A","Quantitativo","branchFactor","1.333","media","Medido","Media de conexoes entre componentes extraidos por passagens estreitas geradas pelo passeio.","Layout mais linear, com poucas bifurcacoes.","Ramificacao emerge de reinicios em celulas ja escavadas e mudancas de direcao, nao de um grafo explicito."
28,2027,"81B4784A","Quantitativo","avgPathLength","30.848","metros","Medido","Distancias no grafo extraido do resultado do passeio aleatorio.","Distancia media a partir da sala inicial.","Caminhos sao medidos depois da extracao; o passeio nao escolhe objetivo final semanticamente."
28,2027,"81B4784A","Quantitativo","uniqueModules","17","contagem","Medido","Contagem de categorias logicas e prefabs usados na leitura/instanciacao do resultado.","Indica variedade basica de composicao.","O algoritmo varia forma do caminho; variedade modular depende da biblioteca e da camada de instanciacao."
28,2027,"81B4784A","Quantitativo","navigableVolumeRatio","100%","%","Estimado sem NavMesh","Estimativa logica de celulas abertas antes de NavMesh.","Use como estimativa inicial, nao como validacao fisica final.","Proxy logico; deve ser confirmado com NavMesh/colisao em uma validacao fisica."
28,2027,"81B4784A","Quantitativo","criticalPathLength","44.889","metros","Medido","Maior distancia no grafo extraido a partir do componente inicial.","Aproxima o percurso principal inicio-objetivo.","Pode gerar caminho longo por caminhada sinuosa, mas nao controla pacing ou progressao de missao sozinho."
28,2027,"81B4784A","Quantitativo","avgAlternativePathLength","0","metros","Medido","Media de conexoes marcadas como ciclos emergentes entre componentes.","Nao houve caminho alternativo nesta execucao.","Loops podem emergir por auto-interseccao do passeio, mas nao sao garantidos por planejamento global."
28,2027,"81B4784A","Booleano","SupportsRandomEnemySpawns","Sim, testado","sim/nao","Suportado","Parametro medido sobre a saida do Drunkard Walk puro.","Sistema configurado e com orcamento ativo.","Spawns usam regioes escavadas; balanceamento nao e propriedade nativa do Drunkard Walk."
28,2027,"81B4784A","Booleano","SupportsLootDistribution","Sim, testado","sim/nao","Suportado","Parametro medido sobre a saida do Drunkard Walk puro.","Sistema configurado e com orcamento ativo.","Loot pode ser colocado nas regioes escavadas, mas progressao por risco depende de outra camada."
28,2027,"81B4784A","Booleano","SupportsTraps","Sim, testado","sim/nao","Suportado","Parametro medido sobre a saida do Drunkard Walk puro.","Sistema configurado e com orcamento ativo.","Armadilhas podem usar celulas escavadas/gargalos, mas sem semantica global nativa."
28,2027,"81B4784A","Booleano","SupportsBacktrackingLoops","Nao","sim/nao","Medido","Parametro medido sobre a saida do Drunkard Walk puro.","Parametro atendido somente quando as conexoes emergentes formam ciclos no grafo extraido.","Loops podem aparecer por auto-interseccao, mas nao ha garantia de ciclo jogavel em toda seed."
28,2027,"81B4784A","Booleano","SupportsVerticalConnectors","Sim","sim/nao","Medido","Conta execucoes em que o passeio vertical escavou celulas alinhadas entre pavimentos.","Parametro atendido apenas se o proprio caminhante puder subir/descer e produzir alinhamentos entre pavimentos.","Possivel apenas na extensao multiandar em que o proprio caminhante faz passos verticais."
28,2027,"81B4784A","Booleano","SupportsMultiFloor","Sim","sim/nao","Medido","Conta execucoes com mais de um pavimento e pelo menos uma conexao vertical inferida do proprio passeio.","Parametro atendido quando existe conexao vertical inferida do passeio multiandar.","Drunkard Walk 2D puro nao e multiandar; o passeio 3D continua puro, mas deve ser relatado como extensao volumetrica."
28,2027,"81B4784A","Booleano","SupportsBossArena","Sim","sim/nao","Medido","Parametro medido sobre a saida do Drunkard Walk puro.","Existe ao menos uma sala grande o suficiente.","Areas grandes podem surgir por stamps ou sobreposicao de passos, mas nao sao arenas semanticamente planejadas."
28,2027,"81B4784A","Booleano","SeedReproducible","Sim","sim/nao","Medido","Parametro medido sobre a saida do Drunkard Walk puro.","A seed reproduziu a mesma topologia.","Resultado reproduzivel quando o passeio usa a mesma seed."
28,2027,"81B4784A","Booleano","RuntimeRegeneration","Sim","sim/nao","Medido","Parametro medido sobre a saida do Drunkard Walk puro.","Tempo registrado: 46.429 ms.","Custo cresce com tamanho do grid, quantidade de passos, caminhantes e raio de escavacao."
28,2027,"81B4784A","Booleano","BudgetAwareSpawns","Sim","sim/nao","Suportado","Parametro medido sobre a saida do Drunkard Walk puro.","Orcamentos registrados: inimigos 10, loot 6, armadilhas 4.","Orcamento e aplicado apos a geracao, sobre celulas livres extraidas."
28,2027,"81B4784A","Qualitativo","Replayability","5/5","Likert 1-5","Estimado automaticamente","Parametro medido sobre a saida do Drunkard Walk puro.","Diversidade topologica: 100%.","Alta variacao de percurso entre seeds e esperada."
28,2027,"81B4784A","Qualitativo","Debuggability","5/5","Likert 1-5","Estimado automaticamente","Parametro medido sobre a saida do Drunkard Walk puro.","Drunkard Walk e reproduzivel e simples de depurar, pois o caminho do caminhante explica diretamente a area escavada.","O caminho do caminhante e facil de repetir e inspecionar, mas metricas ajudam a quantificar sinuosidade e loops."
28,2027,"81B4784A","Qualitativo","Flow","5/5","Likert 1-5","Estimado automaticamente","Parametro medido sobre a saida do Drunkard Walk puro.","Indica fluidez de navegacao esperada.","Fluxo tende a ser continuo, mas pode ficar sinuoso demais ou pouco ramificado."
28,2027,"81B4784A","Qualitativo","Legibility","5/5","Likert 1-5","Estimado automaticamente","Parametro medido sobre a saida do Drunkard Walk puro.","A legibilidade depende do equilibrio entre corredor escavado, areas abertas e excesso de sinuosidade.","Corredores escavados podem ser claros, mas excesso de curvas reduz orientacao."
28,2027,"81B4784A","Qualitativo","StructuralVariety","2/5","Likert 1-5","Estimado automaticamente","Parametro medido sobre a saida do Drunkard Walk puro.","Indica variedade estrutural dentro desta execucao.","Boa variedade de trajetos; menor controle sobre categorias semanticas de sala."
28,2027,"81B4784A","Performance","layoutGenerationMilliseconds","8.725","ms","Medido","Tempo para executar caminhantes, escavar celulas e extrair componentes.","Representa o custo algoritmico principal.","Inclui passeio aleatorio, escavacao e extracao de componentes."
28,2027,"81B4784A","Performance","geometryInstantiationMilliseconds","36.48","ms","Medido","Parametro medido sobre a saida do Drunkard Walk puro.","A execucao incluiu custo visual.","Custo visual depende dos prefabs/Unity, nao do Drunkard Walk puro."
28,2027,"81B4784A","Performance","metricsCalculationMilliseconds","1.223","ms","Medido","Parametro medido sobre a saida do Drunkard Walk puro.","Ajuda a quantificar custo da instrumentacao.","Custo da instrumentacao, nao do algoritmo."
28,2027,"81B4784A","Performance","totalGenerationMilliseconds","46.429","ms","Medido","Parametro medido sobre a saida do Drunkard Walk puro.","Inclui layout, instanciacao visual habilitada e calculo de metricas.","Inclui layout, instanciacao visual e metricas; compare junto do tempo logico."
28,2027,"81B4784A","Performance","generatedGameObjectCount","3229","contagem","Medido","Parametro medido sobre a saida do Drunkard Walk puro.","Indica peso potencial de instanciacao no Unity.","Reflete peso da montagem visual das celulas abertas."
28,2027,"81B4784A","Performance","occupiedCellCount","2461","contagem","Medido","Parametro medido sobre a saida do Drunkard Walk puro.","Proxy de escala espacial da dungeon.","Proxy do volume escavado pelo Drunkard Walk."
28,2027,"81B4784A","Performance","connectionCount","2","contagem","Medido","Quantidade de conexoes inferidas por gargalos/passagens ou passos verticais.","Proxy de complexidade topologica.","Conexoes sao inferidas apos a geracao; o algoritmo nativo e um passeio, nao um grafo explicito."
28,2027,"81B4784A","Performance","managedMemoryDeltaKB","7644","KB","Estimado","Parametro medido sobre a saida do Drunkard Walk puro.","Valor aproximado, sensivel a GC e ao estado do Editor.","Estimativa sujeita ao GC da Unity; use como indicio comparativo."
29,2028,"F8BC19CF","Quantitativo","numRoomsTarget","4","contagem","Medido","Extracao de componentes abertos e densos apos a escavacao dos caminhantes.","Tamanho estrutural da dungeon nesta execucao.","Drunkard Walk nao cria salas planejadas; regioes amplas aparecem quando o passeio se auto-intersecta ou recebe stamps locais."
29,2028,"F8BC19CF","Quantitativo","connectivityRatio","75%","%","Medido","Busca no grafo extraido de componentes escavados; nenhuma conexao artificial e criada.","Mostra se as regioes escavadas permaneceram conectadas sem flood-fill reparador, BSP, grafo-guia ou abertura posterior de tuneis.","Com caminhantes reiniciando apenas em celulas ja escavadas, a tendencia e conectividade alta; se falhar, e limitacao da extracao ou da variante multiandar."
29,2028,"F8BC19CF","Quantitativo","verticalVariance","1.732","metros","Medido","Desvio padrao das alturas dos componentes extraidos do volume escavado.","Ha variacao vertical mensuravel entre salas.","Verticalidade so aparece quando a opcao multiandar permite passos verticais do proprio caminhante."
29,2028,"F8BC19CF","Quantitativo","fillPercentage","30.04%","%","Medido","Celulas escavadas pelos caminhantes divididas pelo total do volume.","Indica densidade espacial da dungeon.","Densidade e controlada por meta de preenchimento, passos maximos, raio do pincel e stamps de sala."
29,2028,"F8BC19CF","Quantitativo","branchFactor","1","media","Medido","Media de conexoes entre componentes extraidos por passagens estreitas geradas pelo passeio.","Layout mais linear, com poucas bifurcacoes.","Ramificacao emerge de reinicios em celulas ja escavadas e mudancas de direcao, nao de um grafo explicito."
29,2028,"F8BC19CF","Quantitativo","avgPathLength","51.572","metros","Medido","Distancias no grafo extraido do resultado do passeio aleatorio.","Distancia media a partir da sala inicial.","Caminhos sao medidos depois da extracao; o passeio nao escolhe objetivo final semanticamente."
29,2028,"F8BC19CF","Quantitativo","uniqueModules","23","contagem","Medido","Contagem de categorias logicas e prefabs usados na leitura/instanciacao do resultado.","Indica variedade basica de composicao.","O algoritmo varia forma do caminho; variedade modular depende da biblioteca e da camada de instanciacao."
29,2028,"F8BC19CF","Quantitativo","navigableVolumeRatio","100%","%","Estimado sem NavMesh","Estimativa logica de celulas abertas antes de NavMesh.","Use como estimativa inicial, nao como validacao fisica final.","Proxy logico; deve ser confirmado com NavMesh/colisao em uma validacao fisica."
29,2028,"F8BC19CF","Quantitativo","criticalPathLength","71.941","metros","Medido","Maior distancia no grafo extraido a partir do componente inicial.","Aproxima o percurso principal inicio-objetivo.","Pode gerar caminho longo por caminhada sinuosa, mas nao controla pacing ou progressao de missao sozinho."
29,2028,"F8BC19CF","Quantitativo","avgAlternativePathLength","0","metros","Medido","Media de conexoes marcadas como ciclos emergentes entre componentes.","Nao houve caminho alternativo nesta execucao.","Loops podem emergir por auto-interseccao do passeio, mas nao sao garantidos por planejamento global."
29,2028,"F8BC19CF","Booleano","SupportsRandomEnemySpawns","Sim, testado","sim/nao","Suportado","Parametro medido sobre a saida do Drunkard Walk puro.","Sistema configurado e com orcamento ativo.","Spawns usam regioes escavadas; balanceamento nao e propriedade nativa do Drunkard Walk."
29,2028,"F8BC19CF","Booleano","SupportsLootDistribution","Sim, testado","sim/nao","Suportado","Parametro medido sobre a saida do Drunkard Walk puro.","Sistema configurado e com orcamento ativo.","Loot pode ser colocado nas regioes escavadas, mas progressao por risco depende de outra camada."
29,2028,"F8BC19CF","Booleano","SupportsTraps","Sim, testado","sim/nao","Suportado","Parametro medido sobre a saida do Drunkard Walk puro.","Sistema configurado e com orcamento ativo.","Armadilhas podem usar celulas escavadas/gargalos, mas sem semantica global nativa."
29,2028,"F8BC19CF","Booleano","SupportsBacktrackingLoops","Nao","sim/nao","Medido","Parametro medido sobre a saida do Drunkard Walk puro.","Parametro atendido somente quando as conexoes emergentes formam ciclos no grafo extraido.","Loops podem aparecer por auto-interseccao, mas nao ha garantia de ciclo jogavel em toda seed."
29,2028,"F8BC19CF","Booleano","SupportsVerticalConnectors","Sim","sim/nao","Medido","Conta execucoes em que o passeio vertical escavou celulas alinhadas entre pavimentos.","Parametro atendido apenas se o proprio caminhante puder subir/descer e produzir alinhamentos entre pavimentos.","Possivel apenas na extensao multiandar em que o proprio caminhante faz passos verticais."
29,2028,"F8BC19CF","Booleano","SupportsMultiFloor","Sim","sim/nao","Medido","Conta execucoes com mais de um pavimento e pelo menos uma conexao vertical inferida do proprio passeio.","Parametro atendido quando existe conexao vertical inferida do passeio multiandar.","Drunkard Walk 2D puro nao e multiandar; o passeio 3D continua puro, mas deve ser relatado como extensao volumetrica."
29,2028,"F8BC19CF","Booleano","SupportsBossArena","Sim","sim/nao","Medido","Parametro medido sobre a saida do Drunkard Walk puro.","Existe ao menos uma sala grande o suficiente.","Areas grandes podem surgir por stamps ou sobreposicao de passos, mas nao sao arenas semanticamente planejadas."
29,2028,"F8BC19CF","Booleano","SeedReproducible","Sim","sim/nao","Medido","Parametro medido sobre a saida do Drunkard Walk puro.","A seed reproduziu a mesma topologia.","Resultado reproduzivel quando o passeio usa a mesma seed."
29,2028,"F8BC19CF","Booleano","RuntimeRegeneration","Sim","sim/nao","Medido","Parametro medido sobre a saida do Drunkard Walk puro.","Tempo registrado: 47.024 ms.","Custo cresce com tamanho do grid, quantidade de passos, caminhantes e raio de escavacao."
29,2028,"F8BC19CF","Booleano","BudgetAwareSpawns","Sim","sim/nao","Suportado","Parametro medido sobre a saida do Drunkard Walk puro.","Orcamentos registrados: inimigos 10, loot 6, armadilhas 4.","Orcamento e aplicado apos a geracao, sobre celulas livres extraidas."
29,2028,"F8BC19CF","Qualitativo","Replayability","5/5","Likert 1-5","Estimado automaticamente","Parametro medido sobre a saida do Drunkard Walk puro.","Diversidade topologica: 100%.","Alta variacao de percurso entre seeds e esperada."
29,2028,"F8BC19CF","Qualitativo","Debuggability","5/5","Likert 1-5","Estimado automaticamente","Parametro medido sobre a saida do Drunkard Walk puro.","Drunkard Walk e reproduzivel e simples de depurar, pois o caminho do caminhante explica diretamente a area escavada.","O caminho do caminhante e facil de repetir e inspecionar, mas metricas ajudam a quantificar sinuosidade e loops."
29,2028,"F8BC19CF","Qualitativo","Flow","2/5","Likert 1-5","Estimado automaticamente","Parametro medido sobre a saida do Drunkard Walk puro.","Indica fluidez de navegacao esperada.","Fluxo tende a ser continuo, mas pode ficar sinuoso demais ou pouco ramificado."
29,2028,"F8BC19CF","Qualitativo","Legibility","4/5","Likert 1-5","Estimado automaticamente","Parametro medido sobre a saida do Drunkard Walk puro.","A legibilidade depende do equilibrio entre corredor escavado, areas abertas e excesso de sinuosidade.","Corredores escavados podem ser claros, mas excesso de curvas reduz orientacao."
29,2028,"F8BC19CF","Qualitativo","StructuralVariety","2/5","Likert 1-5","Estimado automaticamente","Parametro medido sobre a saida do Drunkard Walk puro.","Indica variedade estrutural dentro desta execucao.","Boa variedade de trajetos; menor controle sobre categorias semanticas de sala."
29,2028,"F8BC19CF","Performance","layoutGenerationMilliseconds","9.41","ms","Medido","Tempo para executar caminhantes, escavar celulas e extrair componentes.","Representa o custo algoritmico principal.","Inclui passeio aleatorio, escavacao e extracao de componentes."
29,2028,"F8BC19CF","Performance","geometryInstantiationMilliseconds","36.424","ms","Medido","Parametro medido sobre a saida do Drunkard Walk puro.","A execucao incluiu custo visual.","Custo visual depende dos prefabs/Unity, nao do Drunkard Walk puro."
29,2028,"F8BC19CF","Performance","metricsCalculationMilliseconds","1.188","ms","Medido","Parametro medido sobre a saida do Drunkard Walk puro.","Ajuda a quantificar custo da instrumentacao.","Custo da instrumentacao, nao do algoritmo."
29,2028,"F8BC19CF","Performance","totalGenerationMilliseconds","47.024","ms","Medido","Parametro medido sobre a saida do Drunkard Walk puro.","Inclui layout, instanciacao visual habilitada e calculo de metricas.","Inclui layout, instanciacao visual e metricas; compare junto do tempo logico."
29,2028,"F8BC19CF","Performance","generatedGameObjectCount","3219","contagem","Medido","Parametro medido sobre a saida do Drunkard Walk puro.","Indica peso potencial de instanciacao no Unity.","Reflete peso da montagem visual das celulas abertas."
29,2028,"F8BC19CF","Performance","occupiedCellCount","2461","contagem","Medido","Parametro medido sobre a saida do Drunkard Walk puro.","Proxy de escala espacial da dungeon.","Proxy do volume escavado pelo Drunkard Walk."
29,2028,"F8BC19CF","Performance","connectionCount","2","contagem","Medido","Quantidade de conexoes inferidas por gargalos/passagens ou passos verticais.","Proxy de complexidade topologica.","Conexoes sao inferidas apos a geracao; o algoritmo nativo e um passeio, nao um grafo explicito."
29,2028,"F8BC19CF","Performance","managedMemoryDeltaKB","7592","KB","Estimado","Parametro medido sobre a saida do Drunkard Walk puro.","Valor aproximado, sensivel a GC e ao estado do Editor.","Estimativa sujeita ao GC da Unity; use como indicio comparativo."
30,2029,"AE02B6E0","Quantitativo","numRoomsTarget","3","contagem","Medido","Extracao de componentes abertos e densos apos a escavacao dos caminhantes.","Tamanho estrutural da dungeon nesta execucao.","Drunkard Walk nao cria salas planejadas; regioes amplas aparecem quando o passeio se auto-intersecta ou recebe stamps locais."
30,2029,"AE02B6E0","Quantitativo","connectivityRatio","100%","%","Medido","Busca no grafo extraido de componentes escavados; nenhuma conexao artificial e criada.","Mostra se as regioes escavadas permaneceram conectadas sem flood-fill reparador, BSP, grafo-guia ou abertura posterior de tuneis.","Com caminhantes reiniciando apenas em celulas ja escavadas, a tendencia e conectividade alta; se falhar, e limitacao da extracao ou da variante multiandar."
30,2029,"AE02B6E0","Quantitativo","verticalVariance","1.886","metros","Medido","Desvio padrao das alturas dos componentes extraidos do volume escavado.","Ha variacao vertical mensuravel entre salas.","Verticalidade so aparece quando a opcao multiandar permite passos verticais do proprio caminhante."
30,2029,"AE02B6E0","Quantitativo","fillPercentage","30.04%","%","Medido","Celulas escavadas pelos caminhantes divididas pelo total do volume.","Indica densidade espacial da dungeon.","Densidade e controlada por meta de preenchimento, passos maximos, raio do pincel e stamps de sala."
30,2029,"AE02B6E0","Quantitativo","branchFactor","1.333","media","Medido","Media de conexoes entre componentes extraidos por passagens estreitas geradas pelo passeio.","Layout mais linear, com poucas bifurcacoes.","Ramificacao emerge de reinicios em celulas ja escavadas e mudancas de direcao, nao de um grafo explicito."
30,2029,"AE02B6E0","Quantitativo","avgPathLength","31.695","metros","Medido","Distancias no grafo extraido do resultado do passeio aleatorio.","Distancia media a partir da sala inicial.","Caminhos sao medidos depois da extracao; o passeio nao escolhe objetivo final semanticamente."
30,2029,"AE02B6E0","Quantitativo","uniqueModules","24","contagem","Medido","Contagem de categorias logicas e prefabs usados na leitura/instanciacao do resultado.","Indica variedade basica de composicao.","O algoritmo varia forma do caminho; variedade modular depende da biblioteca e da camada de instanciacao."
30,2029,"AE02B6E0","Quantitativo","navigableVolumeRatio","100%","%","Estimado sem NavMesh","Estimativa logica de celulas abertas antes de NavMesh.","Use como estimativa inicial, nao como validacao fisica final.","Proxy logico; deve ser confirmado com NavMesh/colisao em uma validacao fisica."
30,2029,"AE02B6E0","Quantitativo","criticalPathLength","42.419","metros","Medido","Maior distancia no grafo extraido a partir do componente inicial.","Aproxima o percurso principal inicio-objetivo.","Pode gerar caminho longo por caminhada sinuosa, mas nao controla pacing ou progressao de missao sozinho."
30,2029,"AE02B6E0","Quantitativo","avgAlternativePathLength","0","metros","Medido","Media de conexoes marcadas como ciclos emergentes entre componentes.","Nao houve caminho alternativo nesta execucao.","Loops podem emergir por auto-interseccao do passeio, mas nao sao garantidos por planejamento global."
30,2029,"AE02B6E0","Booleano","SupportsRandomEnemySpawns","Sim, testado","sim/nao","Suportado","Parametro medido sobre a saida do Drunkard Walk puro.","Sistema configurado e com orcamento ativo.","Spawns usam regioes escavadas; balanceamento nao e propriedade nativa do Drunkard Walk."
30,2029,"AE02B6E0","Booleano","SupportsLootDistribution","Sim, testado","sim/nao","Suportado","Parametro medido sobre a saida do Drunkard Walk puro.","Sistema configurado e com orcamento ativo.","Loot pode ser colocado nas regioes escavadas, mas progressao por risco depende de outra camada."
30,2029,"AE02B6E0","Booleano","SupportsTraps","Sim, testado","sim/nao","Suportado","Parametro medido sobre a saida do Drunkard Walk puro.","Sistema configurado e com orcamento ativo.","Armadilhas podem usar celulas escavadas/gargalos, mas sem semantica global nativa."
30,2029,"AE02B6E0","Booleano","SupportsBacktrackingLoops","Nao","sim/nao","Medido","Parametro medido sobre a saida do Drunkard Walk puro.","Parametro atendido somente quando as conexoes emergentes formam ciclos no grafo extraido.","Loops podem aparecer por auto-interseccao, mas nao ha garantia de ciclo jogavel em toda seed."
30,2029,"AE02B6E0","Booleano","SupportsVerticalConnectors","Sim","sim/nao","Medido","Conta execucoes em que o passeio vertical escavou celulas alinhadas entre pavimentos.","Parametro atendido apenas se o proprio caminhante puder subir/descer e produzir alinhamentos entre pavimentos.","Possivel apenas na extensao multiandar em que o proprio caminhante faz passos verticais."
30,2029,"AE02B6E0","Booleano","SupportsMultiFloor","Sim","sim/nao","Medido","Conta execucoes com mais de um pavimento e pelo menos uma conexao vertical inferida do proprio passeio.","Parametro atendido quando existe conexao vertical inferida do passeio multiandar.","Drunkard Walk 2D puro nao e multiandar; o passeio 3D continua puro, mas deve ser relatado como extensao volumetrica."
30,2029,"AE02B6E0","Booleano","SupportsBossArena","Sim","sim/nao","Medido","Parametro medido sobre a saida do Drunkard Walk puro.","Existe ao menos uma sala grande o suficiente.","Areas grandes podem surgir por stamps ou sobreposicao de passos, mas nao sao arenas semanticamente planejadas."
30,2029,"AE02B6E0","Booleano","SeedReproducible","Sim","sim/nao","Medido","Parametro medido sobre a saida do Drunkard Walk puro.","A seed reproduziu a mesma topologia.","Resultado reproduzivel quando o passeio usa a mesma seed."
30,2029,"AE02B6E0","Booleano","RuntimeRegeneration","Sim","sim/nao","Medido","Parametro medido sobre a saida do Drunkard Walk puro.","Tempo registrado: 45.605 ms.","Custo cresce com tamanho do grid, quantidade de passos, caminhantes e raio de escavacao."
30,2029,"AE02B6E0","Booleano","BudgetAwareSpawns","Sim","sim/nao","Suportado","Parametro medido sobre a saida do Drunkard Walk puro.","Orcamentos registrados: inimigos 10, loot 6, armadilhas 4.","Orcamento e aplicado apos a geracao, sobre celulas livres extraidas."
30,2029,"AE02B6E0","Qualitativo","Replayability","5/5","Likert 1-5","Estimado automaticamente","Parametro medido sobre a saida do Drunkard Walk puro.","Diversidade topologica: 100%.","Alta variacao de percurso entre seeds e esperada."
30,2029,"AE02B6E0","Qualitativo","Debuggability","5/5","Likert 1-5","Estimado automaticamente","Parametro medido sobre a saida do Drunkard Walk puro.","Drunkard Walk e reproduzivel e simples de depurar, pois o caminho do caminhante explica diretamente a area escavada.","O caminho do caminhante e facil de repetir e inspecionar, mas metricas ajudam a quantificar sinuosidade e loops."
30,2029,"AE02B6E0","Qualitativo","Flow","5/5","Likert 1-5","Estimado automaticamente","Parametro medido sobre a saida do Drunkard Walk puro.","Indica fluidez de navegacao esperada.","Fluxo tende a ser continuo, mas pode ficar sinuoso demais ou pouco ramificado."
30,2029,"AE02B6E0","Qualitativo","Legibility","5/5","Likert 1-5","Estimado automaticamente","Parametro medido sobre a saida do Drunkard Walk puro.","A legibilidade depende do equilibrio entre corredor escavado, areas abertas e excesso de sinuosidade.","Corredores escavados podem ser claros, mas excesso de curvas reduz orientacao."
30,2029,"AE02B6E0","Qualitativo","StructuralVariety","2/5","Likert 1-5","Estimado automaticamente","Parametro medido sobre a saida do Drunkard Walk puro.","Indica variedade estrutural dentro desta execucao.","Boa variedade de trajetos; menor controle sobre categorias semanticas de sala."
30,2029,"AE02B6E0","Performance","layoutGenerationMilliseconds","9.136","ms","Medido","Tempo para executar caminhantes, escavar celulas e extrair componentes.","Representa o custo algoritmico principal.","Inclui passeio aleatorio, escavacao e extracao de componentes."
30,2029,"AE02B6E0","Performance","geometryInstantiationMilliseconds","35.216","ms","Medido","Parametro medido sobre a saida do Drunkard Walk puro.","A execucao incluiu custo visual.","Custo visual depende dos prefabs/Unity, nao do Drunkard Walk puro."
30,2029,"AE02B6E0","Performance","metricsCalculationMilliseconds","1.251","ms","Medido","Parametro medido sobre a saida do Drunkard Walk puro.","Ajuda a quantificar custo da instrumentacao.","Custo da instrumentacao, nao do algoritmo."
30,2029,"AE02B6E0","Performance","totalGenerationMilliseconds","45.605","ms","Medido","Parametro medido sobre a saida do Drunkard Walk puro.","Inclui layout, instanciacao visual habilitada e calculo de metricas.","Inclui layout, instanciacao visual e metricas; compare junto do tempo logico."
30,2029,"AE02B6E0","Performance","generatedGameObjectCount","3177","contagem","Medido","Parametro medido sobre a saida do Drunkard Walk puro.","Indica peso potencial de instanciacao no Unity.","Reflete peso da montagem visual das celulas abertas."
30,2029,"AE02B6E0","Performance","occupiedCellCount","2461","contagem","Medido","Parametro medido sobre a saida do Drunkard Walk puro.","Proxy de escala espacial da dungeon.","Proxy do volume escavado pelo Drunkard Walk."
30,2029,"AE02B6E0","Performance","connectionCount","2","contagem","Medido","Quantidade de conexoes inferidas por gargalos/passagens ou passos verticais.","Proxy de complexidade topologica.","Conexoes sao inferidas apos a geracao; o algoritmo nativo e um passeio, nao um grafo explicito."
30,2029,"AE02B6E0","Performance","managedMemoryDeltaKB","7628","KB","Estimado","Parametro medido sobre a saida do Drunkard Walk puro.","Valor aproximado, sensivel a GC e ao estado do Editor.","Estimativa sujeita ao GC da Unity; use como indicio comparativo."
