runIndex,seed,topologyHash,category,parameterName,value,unit,status,collectionMethod,interpretation,algorithmApplicability
1,2000,"AD449757","Quantitativo","numRoomsTarget","41","contagem","Medido","Extracao de componentes de celulas de sala colapsadas pelo WFC.","Tamanho estrutural da dungeon nesta execucao.","WFC nao controla salas como entidade global; salas emergem de componentes de tiles."
1,2000,"AD449757","Quantitativo","connectivityRatio","2.44%","%","Medido","Busca no grafo extraido dos componentes de sala e corredores do WFC, incluindo a espinha dorsal observada quando ativa.","Mostra se o WFC produziu uma dungeon conectada sem reparo global posterior.","WFC puro nao garante conectividade global por padrao; esta variante usa uma espinha dorsal observada como restricao inicial do proprio WFC, nao como reparo posterior."
1,2000,"AD449757","Quantitativo","verticalVariance","1.951","metros","Medido","Desvio padrao das alturas dos componentes de sala extraidos.","Ha variacao vertical mensuravel entre salas.","WFC pode representar verticalidade se o tileset tiver sockets verticais."
1,2000,"AD449757","Quantitativo","fillPercentage","97.34%","%","Medido","Celulas ocupadas por modulos WFC divididas pelo total do volume.","Indica densidade espacial da dungeon.","Densidade e resultado de pesos e compatibilidades locais, nao de controle global direto."
1,2000,"AD449757","Quantitativo","branchFactor","0.244","media","Medido","Media de conexoes por componente de sala no grafo extraido.","Layout mais linear, com poucas bifurcacoes.","Ramificacao emerge das conexoes locais; controlar grau medio diretamente exige tileset/pesos bem calibrados."
1,2000,"AD449757","Quantitativo","avgPathLength","0","metros","Medido","Distancias no grafo extraido do resultado WFC.","Distancia media a partir da sala inicial.","Caminhos sao medidos apos extrair um grafo do colapso; nao sao objetivo nativo do WFC."
1,2000,"AD449757","Quantitativo","uniqueModules","48","contagem","Medido","Contagem de modulos WFC e prefabs efetivamente usados.","Indica variedade basica de composicao.","WFC tende a ser forte em variedade local quando ha um tileset rico."
1,2000,"AD449757","Quantitativo","navigableVolumeRatio","100%","%","Estimado sem NavMesh","Estimativa logica de celulas ocupadas antes de NavMesh.","Use como estimativa inicial, nao como validacao fisica final.","Proxy logico; validacao final ainda depende de NavMesh e colisores."
1,2000,"AD449757","Quantitativo","criticalPathLength","0","metros","Medido","Maior distancia no grafo extraido a partir da sala inicial.","Aproxima o percurso principal inicio-objetivo.","Caminho critico nao e controlado diretamente pelo WFC puro."
1,2000,"AD449757","Quantitativo","avgAlternativePathLength","0","metros","Medido","Media de conexoes extras inferidas em componentes de corredor com mais de duas salas.","Nao houve caminho alternativo nesta execucao.","Loops podem emergir, mas nao sao garantidos sem regras locais que favorecam ciclos."
1,2000,"AD449757","Booleano","SupportsRandomEnemySpawns","Sim, testado","sim/nao","Suportado","Parametro medido sobre a saida colapsada pelo WFC.","Sistema configurado e com orcamento ativo.","Spawns usam celulas de sala extraidas; balanceamento e camada de gameplay."
1,2000,"AD449757","Booleano","SupportsLootDistribution","Sim, testado","sim/nao","Suportado","Parametro medido sobre a saida colapsada pelo WFC.","Sistema configurado e com orcamento ativo.","Loot pode ser colocado sobre componentes de sala, mas progressao por risco nao e nativa do WFC."
1,2000,"AD449757","Booleano","SupportsTraps","Sim, testado","sim/nao","Suportado","Parametro medido sobre a saida colapsada pelo WFC.","Sistema configurado e com orcamento ativo.","Armadilhas podem usar celulas/corredores resultantes; sem semantica global nativa."
1,2000,"AD449757","Booleano","SupportsBacktrackingLoops","Nao","sim/nao","Medido","Parametro medido sobre a saida colapsada pelo WFC.","Parametro atendido quando o resultado WFC contem ciclos inferidos no grafo extraido.","WFC pode criar loops emergentes; se a metrica vier baixa, isso e uma limitacao da configuracao pura testada."
1,2000,"AD449757","Booleano","SupportsVerticalConnectors","Nao","sim/nao","Medido","Conta execucoes com pares de modulos WFC stairs_up/stairs_down conectando pavimentos.","Parametro atendido somente quando os modulos verticais do WFC aparecem conectados a salas/corredores.","Suportado quando tiles verticais e observacoes iniciais fazem parte do proprio tileset WFC, sem BSP/Room Graph."
1,2000,"AD449757","Booleano","SupportsMultiFloor","Nao","sim/nao","Medido","Conta execucoes com mais de um pavimento e conexao vertical extraida do proprio colapso.","Parametro atendido quando ha pavimentos conectados por sockets verticais do proprio WFC.","Multiandar e possivel em WFC 3D com sockets verticais, mas nao e garantido em WFC 2D simples."
1,2000,"AD449757","Booleano","SupportsBossArena","Sim","sim/nao","Medido","Parametro medido sobre a saida colapsada pelo WFC.","Existe ao menos uma sala grande o suficiente.","Arenas grandes nao sao naturais no WFC local; exigem tiles/padroes que favorecam areas amplas."
1,2000,"AD449757","Booleano","SeedReproducible","Sim","sim/nao","Medido","Parametro medido sobre a saida colapsada pelo WFC.","A seed reproduziu a mesma topologia.","O colapso e reproduzivel se todas as escolhas usam a mesma seed."
1,2000,"AD449757","Booleano","RuntimeRegeneration","Sim","sim/nao","Medido","Parametro medido sobre a saida colapsada pelo WFC.","Tempo registrado: 192.489 ms.","Custo depende do tamanho do volume, quantidade de modulos e numero de contradicoes/reinicios."
1,2000,"AD449757","Booleano","BudgetAwareSpawns","Sim","sim/nao","Suportado","Parametro medido sobre a saida colapsada pelo WFC.","Orcamentos registrados: inimigos 10, loot 6, armadilhas 4.","Orcamento e aplicado depois sobre celulas livres extraidas; nao e propriedade nativa do WFC."
1,2000,"AD449757","Qualitativo","Replayability","5/5","Likert 1-5","Estimado automaticamente","Parametro medido sobre a saida colapsada pelo WFC.","Diversidade topologica: 100%.","WFC costuma variar bem em padroes locais; diversidade topologica depende do tileset."
1,2000,"AD449757","Qualitativo","Debuggability","5/5","Likert 1-5","Estimado automaticamente","Parametro medido sobre a saida colapsada pelo WFC.","WFC e deterministico por seed, mas contradicoes e propagacao de entropia tornam a depuracao menos direta que BSP/Room Graph.","Mais dificil de depurar que BSP/Room Graph, pois erros aparecem como contradicoes de restricao."
1,2000,"AD449757","Qualitativo","Flow","1/5","Likert 1-5","Estimado automaticamente","Parametro medido sobre a saida colapsada pelo WFC.","Indica fluidez de navegacao esperada.","Fluxo global nao e garantido por restricoes locais; precisa ser medido apos o colapso."
1,2000,"AD449757","Qualitativo","Legibility","3/5","Likert 1-5","Estimado automaticamente","Parametro medido sobre a saida colapsada pelo WFC.","A legibilidade depende muito do conjunto de tiles e das restricoes locais usadas.","Boa legibilidade exige tileset com padroes claros; ruido local pode reduzir leitura espacial."
1,2000,"AD449757","Qualitativo","StructuralVariety","3/5","Likert 1-5","Estimado automaticamente","Parametro medido sobre a saida colapsada pelo WFC.","Indica variedade estrutural dentro desta execucao.","Ponto forte potencial do WFC, principalmente na variedade local de tiles."
1,2000,"AD449757","Performance","layoutGenerationMilliseconds","61.505","ms","Medido","Tempo para colapsar o volume WFC, propagar restricoes e extrair componentes.","Representa o custo algoritmico principal.","Inclui colapso, propagacao e extracao de componentes; comparar separado da instanciacao Unity."
1,2000,"AD449757","Performance","geometryInstantiationMilliseconds","130.186","ms","Medido","Parametro medido sobre a saida colapsada pelo WFC.","A execucao incluiu custo visual.","Custo visual depende dos prefabs/Unity, nao do WFC puro."
1,2000,"AD449757","Performance","metricsCalculationMilliseconds","0.776","ms","Medido","Parametro medido sobre a saida colapsada pelo WFC.","Ajuda a quantificar custo da instrumentacao.","Custo da instrumentacao, nao do algoritmo."
1,2000,"AD449757","Performance","totalGenerationMilliseconds","192.489","ms","Medido","Parametro medido sobre a saida colapsada pelo WFC.","Inclui layout, instanciacao visual habilitada e calculo de metricas.","Inclui layout, instanciacao visual e metricas; use junto com o tempo logico."
1,2000,"AD449757","Performance","generatedGameObjectCount","12432","contagem","Medido","Parametro medido sobre a saida colapsada pelo WFC.","Indica peso potencial de instanciacao no Unity.","Reflete peso da montagem visual dos tiles colapsados."
1,2000,"AD449757","Performance","occupiedCellCount","7974","contagem","Medido","Parametro medido sobre a saida colapsada pelo WFC.","Proxy de escala espacial da dungeon.","Proxy do volume ocupado pelo colapso."
1,2000,"AD449757","Performance","connectionCount","5","contagem","Medido","Quantidade de conexoes inferidas a partir de componentes de corredor.","Proxy de complexidade topologica.","Conexoes sao inferidas apos o colapso; nao sao primitivas nativas do WFC."
1,2000,"AD449757","Performance","managedMemoryDeltaKB","27228","KB","Estimado","Parametro medido sobre a saida colapsada pelo WFC.","Valor aproximado, sensivel a GC e ao estado do Editor.","Estimativa sujeita ao GC da Unity; use como indicio comparativo."
2,2001,"8075E94A","Quantitativo","numRoomsTarget","41","contagem","Medido","Extracao de componentes de celulas de sala colapsadas pelo WFC.","Tamanho estrutural da dungeon nesta execucao.","WFC nao controla salas como entidade global; salas emergem de componentes de tiles."
2,2001,"8075E94A","Quantitativo","connectivityRatio","2.44%","%","Medido","Busca no grafo extraido dos componentes de sala e corredores do WFC, incluindo a espinha dorsal observada quando ativa.","Mostra se o WFC produziu uma dungeon conectada sem reparo global posterior.","WFC puro nao garante conectividade global por padrao; esta variante usa uma espinha dorsal observada como restricao inicial do proprio WFC, nao como reparo posterior."
2,2001,"8075E94A","Quantitativo","verticalVariance","1.999","metros","Medido","Desvio padrao das alturas dos componentes de sala extraidos.","Ha variacao vertical mensuravel entre salas.","WFC pode representar verticalidade se o tileset tiver sockets verticais."
2,2001,"8075E94A","Quantitativo","fillPercentage","96.39%","%","Medido","Celulas ocupadas por modulos WFC divididas pelo total do volume.","Indica densidade espacial da dungeon.","Densidade e resultado de pesos e compatibilidades locais, nao de controle global direto."
2,2001,"8075E94A","Quantitativo","branchFactor","0.195","media","Medido","Media de conexoes por componente de sala no grafo extraido.","Layout mais linear, com poucas bifurcacoes.","Ramificacao emerge das conexoes locais; controlar grau medio diretamente exige tileset/pesos bem calibrados."
2,2001,"8075E94A","Quantitativo","avgPathLength","0","metros","Medido","Distancias no grafo extraido do resultado WFC.","Distancia media a partir da sala inicial.","Caminhos sao medidos apos extrair um grafo do colapso; nao sao objetivo nativo do WFC."
2,2001,"8075E94A","Quantitativo","uniqueModules","49","contagem","Medido","Contagem de modulos WFC e prefabs efetivamente usados.","Indica variedade basica de composicao.","WFC tende a ser forte em variedade local quando ha um tileset rico."
2,2001,"8075E94A","Quantitativo","navigableVolumeRatio","100%","%","Estimado sem NavMesh","Estimativa logica de celulas ocupadas antes de NavMesh.","Use como estimativa inicial, nao como validacao fisica final.","Proxy logico; validacao final ainda depende de NavMesh e colisores."
2,2001,"8075E94A","Quantitativo","criticalPathLength","0","metros","Medido","Maior distancia no grafo extraido a partir da sala inicial.","Aproxima o percurso principal inicio-objetivo.","Caminho critico nao e controlado diretamente pelo WFC puro."
2,2001,"8075E94A","Quantitativo","avgAlternativePathLength","0","metros","Medido","Media de conexoes extras inferidas em componentes de corredor com mais de duas salas.","Nao houve caminho alternativo nesta execucao.","Loops podem emergir, mas nao sao garantidos sem regras locais que favorecam ciclos."
2,2001,"8075E94A","Booleano","SupportsRandomEnemySpawns","Sim, testado","sim/nao","Suportado","Parametro medido sobre a saida colapsada pelo WFC.","Sistema configurado e com orcamento ativo.","Spawns usam celulas de sala extraidas; balanceamento e camada de gameplay."
2,2001,"8075E94A","Booleano","SupportsLootDistribution","Sim, testado","sim/nao","Suportado","Parametro medido sobre a saida colapsada pelo WFC.","Sistema configurado e com orcamento ativo.","Loot pode ser colocado sobre componentes de sala, mas progressao por risco nao e nativa do WFC."
2,2001,"8075E94A","Booleano","SupportsTraps","Sim, testado","sim/nao","Suportado","Parametro medido sobre a saida colapsada pelo WFC.","Sistema configurado e com orcamento ativo.","Armadilhas podem usar celulas/corredores resultantes; sem semantica global nativa."
2,2001,"8075E94A","Booleano","SupportsBacktrackingLoops","Nao","sim/nao","Medido","Parametro medido sobre a saida colapsada pelo WFC.","Parametro atendido quando o resultado WFC contem ciclos inferidos no grafo extraido.","WFC pode criar loops emergentes; se a metrica vier baixa, isso e uma limitacao da configuracao pura testada."
2,2001,"8075E94A","Booleano","SupportsVerticalConnectors","Nao","sim/nao","Medido","Conta execucoes com pares de modulos WFC stairs_up/stairs_down conectando pavimentos.","Parametro atendido somente quando os modulos verticais do WFC aparecem conectados a salas/corredores.","Suportado quando tiles verticais e observacoes iniciais fazem parte do proprio tileset WFC, sem BSP/Room Graph."
2,2001,"8075E94A","Booleano","SupportsMultiFloor","Nao","sim/nao","Medido","Conta execucoes com mais de um pavimento e conexao vertical extraida do proprio colapso.","Parametro atendido quando ha pavimentos conectados por sockets verticais do proprio WFC.","Multiandar e possivel em WFC 3D com sockets verticais, mas nao e garantido em WFC 2D simples."
2,2001,"8075E94A","Booleano","SupportsBossArena","Sim","sim/nao","Medido","Parametro medido sobre a saida colapsada pelo WFC.","Existe ao menos uma sala grande o suficiente.","Arenas grandes nao sao naturais no WFC local; exigem tiles/padroes que favorecam areas amplas."
2,2001,"8075E94A","Booleano","SeedReproducible","Sim","sim/nao","Medido","Parametro medido sobre a saida colapsada pelo WFC.","A seed reproduziu a mesma topologia.","O colapso e reproduzivel se todas as escolhas usam a mesma seed."
2,2001,"8075E94A","Booleano","RuntimeRegeneration","Sim","sim/nao","Medido","Parametro medido sobre a saida colapsada pelo WFC.","Tempo registrado: 185.366 ms.","Custo depende do tamanho do volume, quantidade de modulos e numero de contradicoes/reinicios."
2,2001,"8075E94A","Booleano","BudgetAwareSpawns","Sim","sim/nao","Suportado","Parametro medido sobre a saida colapsada pelo WFC.","Orcamentos registrados: inimigos 10, loot 6, armadilhas 4.","Orcamento e aplicado depois sobre celulas livres extraidas; nao e propriedade nativa do WFC."
2,2001,"8075E94A","Qualitativo","Replayability","5/5","Likert 1-5","Estimado automaticamente","Parametro medido sobre a saida colapsada pelo WFC.","Diversidade topologica: 100%.","WFC costuma variar bem em padroes locais; diversidade topologica depende do tileset."
2,2001,"8075E94A","Qualitativo","Debuggability","5/5","Likert 1-5","Estimado automaticamente","Parametro medido sobre a saida colapsada pelo WFC.","WFC e deterministico por seed, mas contradicoes e propagacao de entropia tornam a depuracao menos direta que BSP/Room Graph.","Mais dificil de depurar que BSP/Room Graph, pois erros aparecem como contradicoes de restricao."
2,2001,"8075E94A","Qualitativo","Flow","1/5","Likert 1-5","Estimado automaticamente","Parametro medido sobre a saida colapsada pelo WFC.","Indica fluidez de navegacao esperada.","Fluxo global nao e garantido por restricoes locais; precisa ser medido apos o colapso."
2,2001,"8075E94A","Qualitativo","Legibility","3/5","Likert 1-5","Estimado automaticamente","Parametro medido sobre a saida colapsada pelo WFC.","A legibilidade depende muito do conjunto de tiles e das restricoes locais usadas.","Boa legibilidade exige tileset com padroes claros; ruido local pode reduzir leitura espacial."
2,2001,"8075E94A","Qualitativo","StructuralVariety","3/5","Likert 1-5","Estimado automaticamente","Parametro medido sobre a saida colapsada pelo WFC.","Indica variedade estrutural dentro desta execucao.","Ponto forte potencial do WFC, principalmente na variedade local de tiles."
2,2001,"8075E94A","Performance","layoutGenerationMilliseconds","60.133","ms","Medido","Tempo para colapsar o volume WFC, propagar restricoes e extrair componentes.","Representa o custo algoritmico principal.","Inclui colapso, propagacao e extracao de componentes; comparar separado da instanciacao Unity."
2,2001,"8075E94A","Performance","geometryInstantiationMilliseconds","124.559","ms","Medido","Parametro medido sobre a saida colapsada pelo WFC.","A execucao incluiu custo visual.","Custo visual depende dos prefabs/Unity, nao do WFC puro."
2,2001,"8075E94A","Performance","metricsCalculationMilliseconds","0.67","ms","Medido","Parametro medido sobre a saida colapsada pelo WFC.","Ajuda a quantificar custo da instrumentacao.","Custo da instrumentacao, nao do algoritmo."
2,2001,"8075E94A","Performance","totalGenerationMilliseconds","185.366","ms","Medido","Parametro medido sobre a saida colapsada pelo WFC.","Inclui layout, instanciacao visual habilitada e calculo de metricas.","Inclui layout, instanciacao visual e metricas; use junto com o tempo logico."
2,2001,"8075E94A","Performance","generatedGameObjectCount","12436","contagem","Medido","Parametro medido sobre a saida colapsada pelo WFC.","Indica peso potencial de instanciacao no Unity.","Reflete peso da montagem visual dos tiles colapsados."
2,2001,"8075E94A","Performance","occupiedCellCount","7896","contagem","Medido","Parametro medido sobre a saida colapsada pelo WFC.","Proxy de escala espacial da dungeon.","Proxy do volume ocupado pelo colapso."
2,2001,"8075E94A","Performance","connectionCount","4","contagem","Medido","Quantidade de conexoes inferidas a partir de componentes de corredor.","Proxy de complexidade topologica.","Conexoes sao inferidas apos o colapso; nao sao primitivas nativas do WFC."
2,2001,"8075E94A","Performance","managedMemoryDeltaKB","30388","KB","Estimado","Parametro medido sobre a saida colapsada pelo WFC.","Valor aproximado, sensivel a GC e ao estado do Editor.","Estimativa sujeita ao GC da Unity; use como indicio comparativo."
3,2002,"0409C706","Quantitativo","numRoomsTarget","47","contagem","Medido","Extracao de componentes de celulas de sala colapsadas pelo WFC.","Tamanho estrutural da dungeon nesta execucao.","WFC nao controla salas como entidade global; salas emergem de componentes de tiles."
3,2002,"0409C706","Quantitativo","connectivityRatio","2.13%","%","Medido","Busca no grafo extraido dos componentes de sala e corredores do WFC, incluindo a espinha dorsal observada quando ativa.","Mostra se o WFC produziu uma dungeon conectada sem reparo global posterior.","WFC puro nao garante conectividade global por padrao; esta variante usa uma espinha dorsal observada como restricao inicial do proprio WFC, nao como reparo posterior."
3,2002,"0409C706","Quantitativo","verticalVariance","1.989","metros","Medido","Desvio padrao das alturas dos componentes de sala extraidos.","Ha variacao vertical mensuravel entre salas.","WFC pode representar verticalidade se o tileset tiver sockets verticais."
3,2002,"0409C706","Quantitativo","fillPercentage","97.64%","%","Medido","Celulas ocupadas por modulos WFC divididas pelo total do volume.","Indica densidade espacial da dungeon.","Densidade e resultado de pesos e compatibilidades locais, nao de controle global direto."
3,2002,"0409C706","Quantitativo","branchFactor","0.298","media","Medido","Media de conexoes por componente de sala no grafo extraido.","Layout mais linear, com poucas bifurcacoes.","Ramificacao emerge das conexoes locais; controlar grau medio diretamente exige tileset/pesos bem calibrados."
3,2002,"0409C706","Quantitativo","avgPathLength","0","metros","Medido","Distancias no grafo extraido do resultado WFC.","Distancia media a partir da sala inicial.","Caminhos sao medidos apos extrair um grafo do colapso; nao sao objetivo nativo do WFC."
3,2002,"0409C706","Quantitativo","uniqueModules","49","contagem","Medido","Contagem de modulos WFC e prefabs efetivamente usados.","Indica variedade basica de composicao.","WFC tende a ser forte em variedade local quando ha um tileset rico."
3,2002,"0409C706","Quantitativo","navigableVolumeRatio","100%","%","Estimado sem NavMesh","Estimativa logica de celulas ocupadas antes de NavMesh.","Use como estimativa inicial, nao como validacao fisica final.","Proxy logico; validacao final ainda depende de NavMesh e colisores."
3,2002,"0409C706","Quantitativo","criticalPathLength","0","metros","Medido","Maior distancia no grafo extraido a partir da sala inicial.","Aproxima o percurso principal inicio-objetivo.","Caminho critico nao e controlado diretamente pelo WFC puro."
3,2002,"0409C706","Quantitativo","avgAlternativePathLength","0","metros","Medido","Media de conexoes extras inferidas em componentes de corredor com mais de duas salas.","Nao houve caminho alternativo nesta execucao.","Loops podem emergir, mas nao sao garantidos sem regras locais que favorecam ciclos."
3,2002,"0409C706","Booleano","SupportsRandomEnemySpawns","Sim, testado","sim/nao","Suportado","Parametro medido sobre a saida colapsada pelo WFC.","Sistema configurado e com orcamento ativo.","Spawns usam celulas de sala extraidas; balanceamento e camada de gameplay."
3,2002,"0409C706","Booleano","SupportsLootDistribution","Sim, testado","sim/nao","Suportado","Parametro medido sobre a saida colapsada pelo WFC.","Sistema configurado e com orcamento ativo.","Loot pode ser colocado sobre componentes de sala, mas progressao por risco nao e nativa do WFC."
3,2002,"0409C706","Booleano","SupportsTraps","Sim, testado","sim/nao","Suportado","Parametro medido sobre a saida colapsada pelo WFC.","Sistema configurado e com orcamento ativo.","Armadilhas podem usar celulas/corredores resultantes; sem semantica global nativa."
3,2002,"0409C706","Booleano","SupportsBacktrackingLoops","Nao","sim/nao","Medido","Parametro medido sobre a saida colapsada pelo WFC.","Parametro atendido quando o resultado WFC contem ciclos inferidos no grafo extraido.","WFC pode criar loops emergentes; se a metrica vier baixa, isso e uma limitacao da configuracao pura testada."
3,2002,"0409C706","Booleano","SupportsVerticalConnectors","Nao","sim/nao","Medido","Conta execucoes com pares de modulos WFC stairs_up/stairs_down conectando pavimentos.","Parametro atendido somente quando os modulos verticais do WFC aparecem conectados a salas/corredores.","Suportado quando tiles verticais e observacoes iniciais fazem parte do proprio tileset WFC, sem BSP/Room Graph."
3,2002,"0409C706","Booleano","SupportsMultiFloor","Nao","sim/nao","Medido","Conta execucoes com mais de um pavimento e conexao vertical extraida do proprio colapso.","Parametro atendido quando ha pavimentos conectados por sockets verticais do proprio WFC.","Multiandar e possivel em WFC 3D com sockets verticais, mas nao e garantido em WFC 2D simples."
3,2002,"0409C706","Booleano","SupportsBossArena","Sim","sim/nao","Medido","Parametro medido sobre a saida colapsada pelo WFC.","Existe ao menos uma sala grande o suficiente.","Arenas grandes nao sao naturais no WFC local; exigem tiles/padroes que favorecam areas amplas."
3,2002,"0409C706","Booleano","SeedReproducible","Sim","sim/nao","Medido","Parametro medido sobre a saida colapsada pelo WFC.","A seed reproduziu a mesma topologia.","O colapso e reproduzivel se todas as escolhas usam a mesma seed."
3,2002,"0409C706","Booleano","RuntimeRegeneration","Sim","sim/nao","Medido","Parametro medido sobre a saida colapsada pelo WFC.","Tempo registrado: 183.814 ms.","Custo depende do tamanho do volume, quantidade de modulos e numero de contradicoes/reinicios."
3,2002,"0409C706","Booleano","BudgetAwareSpawns","Sim","sim/nao","Suportado","Parametro medido sobre a saida colapsada pelo WFC.","Orcamentos registrados: inimigos 10, loot 6, armadilhas 4.","Orcamento e aplicado depois sobre celulas livres extraidas; nao e propriedade nativa do WFC."
3,2002,"0409C706","Qualitativo","Replayability","5/5","Likert 1-5","Estimado automaticamente","Parametro medido sobre a saida colapsada pelo WFC.","Diversidade topologica: 100%.","WFC costuma variar bem em padroes locais; diversidade topologica depende do tileset."
3,2002,"0409C706","Qualitativo","Debuggability","5/5","Likert 1-5","Estimado automaticamente","Parametro medido sobre a saida colapsada pelo WFC.","WFC e deterministico por seed, mas contradicoes e propagacao de entropia tornam a depuracao menos direta que BSP/Room Graph.","Mais dificil de depurar que BSP/Room Graph, pois erros aparecem como contradicoes de restricao."
3,2002,"0409C706","Qualitativo","Flow","1/5","Likert 1-5","Estimado automaticamente","Parametro medido sobre a saida colapsada pelo WFC.","Indica fluidez de navegacao esperada.","Fluxo global nao e garantido por restricoes locais; precisa ser medido apos o colapso."
3,2002,"0409C706","Qualitativo","Legibility","3/5","Likert 1-5","Estimado automaticamente","Parametro medido sobre a saida colapsada pelo WFC.","A legibilidade depende muito do conjunto de tiles e das restricoes locais usadas.","Boa legibilidade exige tileset com padroes claros; ruido local pode reduzir leitura espacial."
3,2002,"0409C706","Qualitativo","StructuralVariety","3/5","Likert 1-5","Estimado automaticamente","Parametro medido sobre a saida colapsada pelo WFC.","Indica variedade estrutural dentro desta execucao.","Ponto forte potencial do WFC, principalmente na variedade local de tiles."
3,2002,"0409C706","Performance","layoutGenerationMilliseconds","57.681","ms","Medido","Tempo para colapsar o volume WFC, propagar restricoes e extrair componentes.","Representa o custo algoritmico principal.","Inclui colapso, propagacao e extracao de componentes; comparar separado da instanciacao Unity."
3,2002,"0409C706","Performance","geometryInstantiationMilliseconds","125.406","ms","Medido","Parametro medido sobre a saida colapsada pelo WFC.","A execucao incluiu custo visual.","Custo visual depende dos prefabs/Unity, nao do WFC puro."
3,2002,"0409C706","Performance","metricsCalculationMilliseconds","0.723","ms","Medido","Parametro medido sobre a saida colapsada pelo WFC.","Ajuda a quantificar custo da instrumentacao.","Custo da instrumentacao, nao do algoritmo."
3,2002,"0409C706","Performance","totalGenerationMilliseconds","183.814","ms","Medido","Parametro medido sobre a saida colapsada pelo WFC.","Inclui layout, instanciacao visual habilitada e calculo de metricas.","Inclui layout, instanciacao visual e metricas; use junto com o tempo logico."
3,2002,"0409C706","Performance","generatedGameObjectCount","12533","contagem","Medido","Parametro medido sobre a saida colapsada pelo WFC.","Indica peso potencial de instanciacao no Unity.","Reflete peso da montagem visual dos tiles colapsados."
3,2002,"0409C706","Performance","occupiedCellCount","7999","contagem","Medido","Parametro medido sobre a saida colapsada pelo WFC.","Proxy de escala espacial da dungeon.","Proxy do volume ocupado pelo colapso."
3,2002,"0409C706","Performance","connectionCount","7","contagem","Medido","Quantidade de conexoes inferidas a partir de componentes de corredor.","Proxy de complexidade topologica.","Conexoes sao inferidas apos o colapso; nao sao primitivas nativas do WFC."
3,2002,"0409C706","Performance","managedMemoryDeltaKB","30744","KB","Estimado","Parametro medido sobre a saida colapsada pelo WFC.","Valor aproximado, sensivel a GC e ao estado do Editor.","Estimativa sujeita ao GC da Unity; use como indicio comparativo."
4,2003,"4D03B9CD","Quantitativo","numRoomsTarget","43","contagem","Medido","Extracao de componentes de celulas de sala colapsadas pelo WFC.","Tamanho estrutural da dungeon nesta execucao.","WFC nao controla salas como entidade global; salas emergem de componentes de tiles."
4,2003,"4D03B9CD","Quantitativo","connectivityRatio","2.33%","%","Medido","Busca no grafo extraido dos componentes de sala e corredores do WFC, incluindo a espinha dorsal observada quando ativa.","Mostra se o WFC produziu uma dungeon conectada sem reparo global posterior.","WFC puro nao garante conectividade global por padrao; esta variante usa uma espinha dorsal observada como restricao inicial do proprio WFC, nao como reparo posterior."
4,2003,"4D03B9CD","Quantitativo","verticalVariance","1.999","metros","Medido","Desvio padrao das alturas dos componentes de sala extraidos.","Ha variacao vertical mensuravel entre salas.","WFC pode representar verticalidade se o tileset tiver sockets verticais."
4,2003,"4D03B9CD","Quantitativo","fillPercentage","96.63%","%","Medido","Celulas ocupadas por modulos WFC divididas pelo total do volume.","Indica densidade espacial da dungeon.","Densidade e resultado de pesos e compatibilidades locais, nao de controle global direto."
4,2003,"4D03B9CD","Quantitativo","branchFactor","0.233","media","Medido","Media de conexoes por componente de sala no grafo extraido.","Layout mais linear, com poucas bifurcacoes.","Ramificacao emerge das conexoes locais; controlar grau medio diretamente exige tileset/pesos bem calibrados."
4,2003,"4D03B9CD","Quantitativo","avgPathLength","0","metros","Medido","Distancias no grafo extraido do resultado WFC.","Distancia media a partir da sala inicial.","Caminhos sao medidos apos extrair um grafo do colapso; nao sao objetivo nativo do WFC."
4,2003,"4D03B9CD","Quantitativo","uniqueModules","48","contagem","Medido","Contagem de modulos WFC e prefabs efetivamente usados.","Indica variedade basica de composicao.","WFC tende a ser forte em variedade local quando ha um tileset rico."
4,2003,"4D03B9CD","Quantitativo","navigableVolumeRatio","100%","%","Estimado sem NavMesh","Estimativa logica de celulas ocupadas antes de NavMesh.","Use como estimativa inicial, nao como validacao fisica final.","Proxy logico; validacao final ainda depende de NavMesh e colisores."
4,2003,"4D03B9CD","Quantitativo","criticalPathLength","0","metros","Medido","Maior distancia no grafo extraido a partir da sala inicial.","Aproxima o percurso principal inicio-objetivo.","Caminho critico nao e controlado diretamente pelo WFC puro."
4,2003,"4D03B9CD","Quantitativo","avgAlternativePathLength","0","metros","Medido","Media de conexoes extras inferidas em componentes de corredor com mais de duas salas.","Nao houve caminho alternativo nesta execucao.","Loops podem emergir, mas nao sao garantidos sem regras locais que favorecam ciclos."
4,2003,"4D03B9CD","Booleano","SupportsRandomEnemySpawns","Sim, testado","sim/nao","Suportado","Parametro medido sobre a saida colapsada pelo WFC.","Sistema configurado e com orcamento ativo.","Spawns usam celulas de sala extraidas; balanceamento e camada de gameplay."
4,2003,"4D03B9CD","Booleano","SupportsLootDistribution","Sim, testado","sim/nao","Suportado","Parametro medido sobre a saida colapsada pelo WFC.","Sistema configurado e com orcamento ativo.","Loot pode ser colocado sobre componentes de sala, mas progressao por risco nao e nativa do WFC."
4,2003,"4D03B9CD","Booleano","SupportsTraps","Sim, testado","sim/nao","Suportado","Parametro medido sobre a saida colapsada pelo WFC.","Sistema configurado e com orcamento ativo.","Armadilhas podem usar celulas/corredores resultantes; sem semantica global nativa."
4,2003,"4D03B9CD","Booleano","SupportsBacktrackingLoops","Nao","sim/nao","Medido","Parametro medido sobre a saida colapsada pelo WFC.","Parametro atendido quando o resultado WFC contem ciclos inferidos no grafo extraido.","WFC pode criar loops emergentes; se a metrica vier baixa, isso e uma limitacao da configuracao pura testada."
4,2003,"4D03B9CD","Booleano","SupportsVerticalConnectors","Nao","sim/nao","Medido","Conta execucoes com pares de modulos WFC stairs_up/stairs_down conectando pavimentos.","Parametro atendido somente quando os modulos verticais do WFC aparecem conectados a salas/corredores.","Suportado quando tiles verticais e observacoes iniciais fazem parte do proprio tileset WFC, sem BSP/Room Graph."
4,2003,"4D03B9CD","Booleano","SupportsMultiFloor","Nao","sim/nao","Medido","Conta execucoes com mais de um pavimento e conexao vertical extraida do proprio colapso.","Parametro atendido quando ha pavimentos conectados por sockets verticais do proprio WFC.","Multiandar e possivel em WFC 3D com sockets verticais, mas nao e garantido em WFC 2D simples."
4,2003,"4D03B9CD","Booleano","SupportsBossArena","Sim","sim/nao","Medido","Parametro medido sobre a saida colapsada pelo WFC.","Existe ao menos uma sala grande o suficiente.","Arenas grandes nao sao naturais no WFC local; exigem tiles/padroes que favorecam areas amplas."
4,2003,"4D03B9CD","Booleano","SeedReproducible","Sim","sim/nao","Medido","Parametro medido sobre a saida colapsada pelo WFC.","A seed reproduziu a mesma topologia.","O colapso e reproduzivel se todas as escolhas usam a mesma seed."
4,2003,"4D03B9CD","Booleano","RuntimeRegeneration","Sim","sim/nao","Medido","Parametro medido sobre a saida colapsada pelo WFC.","Tempo registrado: 211.686 ms.","Custo depende do tamanho do volume, quantidade de modulos e numero de contradicoes/reinicios."
4,2003,"4D03B9CD","Booleano","BudgetAwareSpawns","Sim","sim/nao","Suportado","Parametro medido sobre a saida colapsada pelo WFC.","Orcamentos registrados: inimigos 10, loot 6, armadilhas 4.","Orcamento e aplicado depois sobre celulas livres extraidas; nao e propriedade nativa do WFC."
4,2003,"4D03B9CD","Qualitativo","Replayability","5/5","Likert 1-5","Estimado automaticamente","Parametro medido sobre a saida colapsada pelo WFC.","Diversidade topologica: 100%.","WFC costuma variar bem em padroes locais; diversidade topologica depende do tileset."
4,2003,"4D03B9CD","Qualitativo","Debuggability","5/5","Likert 1-5","Estimado automaticamente","Parametro medido sobre a saida colapsada pelo WFC.","WFC e deterministico por seed, mas contradicoes e propagacao de entropia tornam a depuracao menos direta que BSP/Room Graph.","Mais dificil de depurar que BSP/Room Graph, pois erros aparecem como contradicoes de restricao."
4,2003,"4D03B9CD","Qualitativo","Flow","1/5","Likert 1-5","Estimado automaticamente","Parametro medido sobre a saida colapsada pelo WFC.","Indica fluidez de navegacao esperada.","Fluxo global nao e garantido por restricoes locais; precisa ser medido apos o colapso."
4,2003,"4D03B9CD","Qualitativo","Legibility","3/5","Likert 1-5","Estimado automaticamente","Parametro medido sobre a saida colapsada pelo WFC.","A legibilidade depende muito do conjunto de tiles e das restricoes locais usadas.","Boa legibilidade exige tileset com padroes claros; ruido local pode reduzir leitura espacial."
4,2003,"4D03B9CD","Qualitativo","StructuralVariety","3/5","Likert 1-5","Estimado automaticamente","Parametro medido sobre a saida colapsada pelo WFC.","Indica variedade estrutural dentro desta execucao.","Ponto forte potencial do WFC, principalmente na variedade local de tiles."
4,2003,"4D03B9CD","Performance","layoutGenerationMilliseconds","83.447","ms","Medido","Tempo para colapsar o volume WFC, propagar restricoes e extrair componentes.","Representa o custo algoritmico principal.","Inclui colapso, propagacao e extracao de componentes; comparar separado da instanciacao Unity."
4,2003,"4D03B9CD","Performance","geometryInstantiationMilliseconds","127.481","ms","Medido","Parametro medido sobre a saida colapsada pelo WFC.","A execucao incluiu custo visual.","Custo visual depende dos prefabs/Unity, nao do WFC puro."
4,2003,"4D03B9CD","Performance","metricsCalculationMilliseconds","0.756","ms","Medido","Parametro medido sobre a saida colapsada pelo WFC.","Ajuda a quantificar custo da instrumentacao.","Custo da instrumentacao, nao do algoritmo."
4,2003,"4D03B9CD","Performance","totalGenerationMilliseconds","211.686","ms","Medido","Parametro medido sobre a saida colapsada pelo WFC.","Inclui layout, instanciacao visual habilitada e calculo de metricas.","Inclui layout, instanciacao visual e metricas; use junto com o tempo logico."
4,2003,"4D03B9CD","Performance","generatedGameObjectCount","12481","contagem","Medido","Parametro medido sobre a saida colapsada pelo WFC.","Indica peso potencial de instanciacao no Unity.","Reflete peso da montagem visual dos tiles colapsados."
4,2003,"4D03B9CD","Performance","occupiedCellCount","7916","contagem","Medido","Parametro medido sobre a saida colapsada pelo WFC.","Proxy de escala espacial da dungeon.","Proxy do volume ocupado pelo colapso."
4,2003,"4D03B9CD","Performance","connectionCount","5","contagem","Medido","Quantidade de conexoes inferidas a partir de componentes de corredor.","Proxy de complexidade topologica.","Conexoes sao inferidas apos o colapso; nao sao primitivas nativas do WFC."
4,2003,"4D03B9CD","Performance","managedMemoryDeltaKB","-82708","KB","Estimado","Parametro medido sobre a saida colapsada pelo WFC.","Valor aproximado, sensivel a GC e ao estado do Editor.","Estimativa sujeita ao GC da Unity; use como indicio comparativo."
5,2004,"C3330D14","Quantitativo","numRoomsTarget","50","contagem","Medido","Extracao de componentes de celulas de sala colapsadas pelo WFC.","Tamanho estrutural da dungeon nesta execucao.","WFC nao controla salas como entidade global; salas emergem de componentes de tiles."
5,2004,"C3330D14","Quantitativo","connectivityRatio","6%","%","Medido","Busca no grafo extraido dos componentes de sala e corredores do WFC, incluindo a espinha dorsal observada quando ativa.","Mostra se o WFC produziu uma dungeon conectada sem reparo global posterior.","WFC puro nao garante conectividade global por padrao; esta variante usa uma espinha dorsal observada como restricao inicial do proprio WFC, nao como reparo posterior."
5,2004,"C3330D14","Quantitativo","verticalVariance","1.96","metros","Medido","Desvio padrao das alturas dos componentes de sala extraidos.","Ha variacao vertical mensuravel entre salas.","WFC pode representar verticalidade se o tileset tiver sockets verticais."
5,2004,"C3330D14","Quantitativo","fillPercentage","96.58%","%","Medido","Celulas ocupadas por modulos WFC divididas pelo total do volume.","Indica densidade espacial da dungeon.","Densidade e resultado de pesos e compatibilidades locais, nao de controle global direto."
5,2004,"C3330D14","Quantitativo","branchFactor","0.44","media","Medido","Media de conexoes por componente de sala no grafo extraido.","Layout mais linear, com poucas bifurcacoes.","Ramificacao emerge das conexoes locais; controlar grau medio diretamente exige tileset/pesos bem calibrados."
5,2004,"C3330D14","Quantitativo","avgPathLength","52","metros","Medido","Distancias no grafo extraido do resultado WFC.","Distancia media a partir da sala inicial.","Caminhos sao medidos apos extrair um grafo do colapso; nao sao objetivo nativo do WFC."
5,2004,"C3330D14","Quantitativo","uniqueModules","49","contagem","Medido","Contagem de modulos WFC e prefabs efetivamente usados.","Indica variedade basica de composicao.","WFC tende a ser forte em variedade local quando ha um tileset rico."
5,2004,"C3330D14","Quantitativo","navigableVolumeRatio","100%","%","Estimado sem NavMesh","Estimativa logica de celulas ocupadas antes de NavMesh.","Use como estimativa inicial, nao como validacao fisica final.","Proxy logico; validacao final ainda depende de NavMesh e colisores."
5,2004,"C3330D14","Quantitativo","criticalPathLength","62","metros","Medido","Maior distancia no grafo extraido a partir da sala inicial.","Aproxima o percurso principal inicio-objetivo.","Caminho critico nao e controlado diretamente pelo WFC puro."
5,2004,"C3330D14","Quantitativo","avgAlternativePathLength","42","metros","Medido","Media de conexoes extras inferidas em componentes de corredor com mais de duas salas.","Ha caminhos alternativos mensuraveis.","Loops podem emergir, mas nao sao garantidos sem regras locais que favorecam ciclos."
5,2004,"C3330D14","Booleano","SupportsRandomEnemySpawns","Sim, testado","sim/nao","Suportado","Parametro medido sobre a saida colapsada pelo WFC.","Sistema configurado e com orcamento ativo.","Spawns usam celulas de sala extraidas; balanceamento e camada de gameplay."
5,2004,"C3330D14","Booleano","SupportsLootDistribution","Sim, testado","sim/nao","Suportado","Parametro medido sobre a saida colapsada pelo WFC.","Sistema configurado e com orcamento ativo.","Loot pode ser colocado sobre componentes de sala, mas progressao por risco nao e nativa do WFC."
5,2004,"C3330D14","Booleano","SupportsTraps","Sim, testado","sim/nao","Suportado","Parametro medido sobre a saida colapsada pelo WFC.","Sistema configurado e com orcamento ativo.","Armadilhas podem usar celulas/corredores resultantes; sem semantica global nativa."
5,2004,"C3330D14","Booleano","SupportsBacktrackingLoops","Nao","sim/nao","Medido","Parametro medido sobre a saida colapsada pelo WFC.","Parametro atendido quando o resultado WFC contem ciclos inferidos no grafo extraido.","WFC pode criar loops emergentes; se a metrica vier baixa, isso e uma limitacao da configuracao pura testada."
5,2004,"C3330D14","Booleano","SupportsVerticalConnectors","Nao","sim/nao","Medido","Conta execucoes com pares de modulos WFC stairs_up/stairs_down conectando pavimentos.","Parametro atendido somente quando os modulos verticais do WFC aparecem conectados a salas/corredores.","Suportado quando tiles verticais e observacoes iniciais fazem parte do proprio tileset WFC, sem BSP/Room Graph."
5,2004,"C3330D14","Booleano","SupportsMultiFloor","Nao","sim/nao","Medido","Conta execucoes com mais de um pavimento e conexao vertical extraida do proprio colapso.","Parametro atendido quando ha pavimentos conectados por sockets verticais do proprio WFC.","Multiandar e possivel em WFC 3D com sockets verticais, mas nao e garantido em WFC 2D simples."
5,2004,"C3330D14","Booleano","SupportsBossArena","Sim","sim/nao","Medido","Parametro medido sobre a saida colapsada pelo WFC.","Existe ao menos uma sala grande o suficiente.","Arenas grandes nao sao naturais no WFC local; exigem tiles/padroes que favorecam areas amplas."
5,2004,"C3330D14","Booleano","SeedReproducible","Sim","sim/nao","Medido","Parametro medido sobre a saida colapsada pelo WFC.","A seed reproduziu a mesma topologia.","O colapso e reproduzivel se todas as escolhas usam a mesma seed."
5,2004,"C3330D14","Booleano","RuntimeRegeneration","Sim","sim/nao","Medido","Parametro medido sobre a saida colapsada pelo WFC.","Tempo registrado: 184.229 ms.","Custo depende do tamanho do volume, quantidade de modulos e numero de contradicoes/reinicios."
5,2004,"C3330D14","Booleano","BudgetAwareSpawns","Sim","sim/nao","Suportado","Parametro medido sobre a saida colapsada pelo WFC.","Orcamentos registrados: inimigos 10, loot 6, armadilhas 4.","Orcamento e aplicado depois sobre celulas livres extraidas; nao e propriedade nativa do WFC."
5,2004,"C3330D14","Qualitativo","Replayability","5/5","Likert 1-5","Estimado automaticamente","Parametro medido sobre a saida colapsada pelo WFC.","Diversidade topologica: 100%.","WFC costuma variar bem em padroes locais; diversidade topologica depende do tileset."
5,2004,"C3330D14","Qualitativo","Debuggability","5/5","Likert 1-5","Estimado automaticamente","Parametro medido sobre a saida colapsada pelo WFC.","WFC e deterministico por seed, mas contradicoes e propagacao de entropia tornam a depuracao menos direta que BSP/Room Graph.","Mais dificil de depurar que BSP/Room Graph, pois erros aparecem como contradicoes de restricao."
5,2004,"C3330D14","Qualitativo","Flow","2/5","Likert 1-5","Estimado automaticamente","Parametro medido sobre a saida colapsada pelo WFC.","Indica fluidez de navegacao esperada.","Fluxo global nao e garantido por restricoes locais; precisa ser medido apos o colapso."
5,2004,"C3330D14","Qualitativo","Legibility","3/5","Likert 1-5","Estimado automaticamente","Parametro medido sobre a saida colapsada pelo WFC.","A legibilidade depende muito do conjunto de tiles e das restricoes locais usadas.","Boa legibilidade exige tileset com padroes claros; ruido local pode reduzir leitura espacial."
5,2004,"C3330D14","Qualitativo","StructuralVariety","3/5","Likert 1-5","Estimado automaticamente","Parametro medido sobre a saida colapsada pelo WFC.","Indica variedade estrutural dentro desta execucao.","Ponto forte potencial do WFC, principalmente na variedade local de tiles."
5,2004,"C3330D14","Performance","layoutGenerationMilliseconds","59.446","ms","Medido","Tempo para colapsar o volume WFC, propagar restricoes e extrair componentes.","Representa o custo algoritmico principal.","Inclui colapso, propagacao e extracao de componentes; comparar separado da instanciacao Unity."
5,2004,"C3330D14","Performance","geometryInstantiationMilliseconds","123.915","ms","Medido","Parametro medido sobre a saida colapsada pelo WFC.","A execucao incluiu custo visual.","Custo visual depende dos prefabs/Unity, nao do WFC puro."
5,2004,"C3330D14","Performance","metricsCalculationMilliseconds","0.864","ms","Medido","Parametro medido sobre a saida colapsada pelo WFC.","Ajuda a quantificar custo da instrumentacao.","Custo da instrumentacao, nao do algoritmo."
5,2004,"C3330D14","Performance","totalGenerationMilliseconds","184.229","ms","Medido","Parametro medido sobre a saida colapsada pelo WFC.","Inclui layout, instanciacao visual habilitada e calculo de metricas.","Inclui layout, instanciacao visual e metricas; use junto com o tempo logico."
5,2004,"C3330D14","Performance","generatedGameObjectCount","12342","contagem","Medido","Parametro medido sobre a saida colapsada pelo WFC.","Indica peso potencial de instanciacao no Unity.","Reflete peso da montagem visual dos tiles colapsados."
5,2004,"C3330D14","Performance","occupiedCellCount","7912","contagem","Medido","Parametro medido sobre a saida colapsada pelo WFC.","Proxy de escala espacial da dungeon.","Proxy do volume ocupado pelo colapso."
5,2004,"C3330D14","Performance","connectionCount","11","contagem","Medido","Quantidade de conexoes inferidas a partir de componentes de corredor.","Proxy de complexidade topologica.","Conexoes sao inferidas apos o colapso; nao sao primitivas nativas do WFC."
5,2004,"C3330D14","Performance","managedMemoryDeltaKB","26992","KB","Estimado","Parametro medido sobre a saida colapsada pelo WFC.","Valor aproximado, sensivel a GC e ao estado do Editor.","Estimativa sujeita ao GC da Unity; use como indicio comparativo."
6,2005,"1D5C36F8","Quantitativo","numRoomsTarget","49","contagem","Medido","Extracao de componentes de celulas de sala colapsadas pelo WFC.","Tamanho estrutural da dungeon nesta execucao.","WFC nao controla salas como entidade global; salas emergem de componentes de tiles."
6,2005,"1D5C36F8","Quantitativo","connectivityRatio","4.08%","%","Medido","Busca no grafo extraido dos componentes de sala e corredores do WFC, incluindo a espinha dorsal observada quando ativa.","Mostra se o WFC produziu uma dungeon conectada sem reparo global posterior.","WFC puro nao garante conectividade global por padrao; esta variante usa uma espinha dorsal observada como restricao inicial do proprio WFC, nao como reparo posterior."
6,2005,"1D5C36F8","Quantitativo","verticalVariance","1.99","metros","Medido","Desvio padrao das alturas dos componentes de sala extraidos.","Ha variacao vertical mensuravel entre salas.","WFC pode representar verticalidade se o tileset tiver sockets verticais."
6,2005,"1D5C36F8","Quantitativo","fillPercentage","96.68%","%","Medido","Celulas ocupadas por modulos WFC divididas pelo total do volume.","Indica densidade espacial da dungeon.","Densidade e resultado de pesos e compatibilidades locais, nao de controle global direto."
6,2005,"1D5C36F8","Quantitativo","branchFactor","0.163","media","Medido","Media de conexoes por componente de sala no grafo extraido.","Layout mais linear, com poucas bifurcacoes.","Ramificacao emerge das conexoes locais; controlar grau medio diretamente exige tileset/pesos bem calibrados."
6,2005,"1D5C36F8","Quantitativo","avgPathLength","14","metros","Medido","Distancias no grafo extraido do resultado WFC.","Distancia media a partir da sala inicial.","Caminhos sao medidos apos extrair um grafo do colapso; nao sao objetivo nativo do WFC."
6,2005,"1D5C36F8","Quantitativo","uniqueModules","49","contagem","Medido","Contagem de modulos WFC e prefabs efetivamente usados.","Indica variedade basica de composicao.","WFC tende a ser forte em variedade local quando ha um tileset rico."
6,2005,"1D5C36F8","Quantitativo","navigableVolumeRatio","100%","%","Estimado sem NavMesh","Estimativa logica de celulas ocupadas antes de NavMesh.","Use como estimativa inicial, nao como validacao fisica final.","Proxy logico; validacao final ainda depende de NavMesh e colisores."
6,2005,"1D5C36F8","Quantitativo","criticalPathLength","14","metros","Medido","Maior distancia no grafo extraido a partir da sala inicial.","Aproxima o percurso principal inicio-objetivo.","Caminho critico nao e controlado diretamente pelo WFC puro."
6,2005,"1D5C36F8","Quantitativo","avgAlternativePathLength","0","metros","Medido","Media de conexoes extras inferidas em componentes de corredor com mais de duas salas.","Nao houve caminho alternativo nesta execucao.","Loops podem emergir, mas nao sao garantidos sem regras locais que favorecam ciclos."
6,2005,"1D5C36F8","Booleano","SupportsRandomEnemySpawns","Sim, testado","sim/nao","Suportado","Parametro medido sobre a saida colapsada pelo WFC.","Sistema configurado e com orcamento ativo.","Spawns usam celulas de sala extraidas; balanceamento e camada de gameplay."
6,2005,"1D5C36F8","Booleano","SupportsLootDistribution","Sim, testado","sim/nao","Suportado","Parametro medido sobre a saida colapsada pelo WFC.","Sistema configurado e com orcamento ativo.","Loot pode ser colocado sobre componentes de sala, mas progressao por risco nao e nativa do WFC."
6,2005,"1D5C36F8","Booleano","SupportsTraps","Sim, testado","sim/nao","Suportado","Parametro medido sobre a saida colapsada pelo WFC.","Sistema configurado e com orcamento ativo.","Armadilhas podem usar celulas/corredores resultantes; sem semantica global nativa."
6,2005,"1D5C36F8","Booleano","SupportsBacktrackingLoops","Nao","sim/nao","Medido","Parametro medido sobre a saida colapsada pelo WFC.","Parametro atendido quando o resultado WFC contem ciclos inferidos no grafo extraido.","WFC pode criar loops emergentes; se a metrica vier baixa, isso e uma limitacao da configuracao pura testada."
6,2005,"1D5C36F8","Booleano","SupportsVerticalConnectors","Nao","sim/nao","Medido","Conta execucoes com pares de modulos WFC stairs_up/stairs_down conectando pavimentos.","Parametro atendido somente quando os modulos verticais do WFC aparecem conectados a salas/corredores.","Suportado quando tiles verticais e observacoes iniciais fazem parte do proprio tileset WFC, sem BSP/Room Graph."
6,2005,"1D5C36F8","Booleano","SupportsMultiFloor","Nao","sim/nao","Medido","Conta execucoes com mais de um pavimento e conexao vertical extraida do proprio colapso.","Parametro atendido quando ha pavimentos conectados por sockets verticais do proprio WFC.","Multiandar e possivel em WFC 3D com sockets verticais, mas nao e garantido em WFC 2D simples."
6,2005,"1D5C36F8","Booleano","SupportsBossArena","Sim","sim/nao","Medido","Parametro medido sobre a saida colapsada pelo WFC.","Existe ao menos uma sala grande o suficiente.","Arenas grandes nao sao naturais no WFC local; exigem tiles/padroes que favorecam areas amplas."
6,2005,"1D5C36F8","Booleano","SeedReproducible","Sim","sim/nao","Medido","Parametro medido sobre a saida colapsada pelo WFC.","A seed reproduziu a mesma topologia.","O colapso e reproduzivel se todas as escolhas usam a mesma seed."
6,2005,"1D5C36F8","Booleano","RuntimeRegeneration","Sim","sim/nao","Medido","Parametro medido sobre a saida colapsada pelo WFC.","Tempo registrado: 185.477 ms.","Custo depende do tamanho do volume, quantidade de modulos e numero de contradicoes/reinicios."
6,2005,"1D5C36F8","Booleano","BudgetAwareSpawns","Sim","sim/nao","Suportado","Parametro medido sobre a saida colapsada pelo WFC.","Orcamentos registrados: inimigos 10, loot 6, armadilhas 4.","Orcamento e aplicado depois sobre celulas livres extraidas; nao e propriedade nativa do WFC."
6,2005,"1D5C36F8","Qualitativo","Replayability","5/5","Likert 1-5","Estimado automaticamente","Parametro medido sobre a saida colapsada pelo WFC.","Diversidade topologica: 100%.","WFC costuma variar bem em padroes locais; diversidade topologica depende do tileset."
6,2005,"1D5C36F8","Qualitativo","Debuggability","5/5","Likert 1-5","Estimado automaticamente","Parametro medido sobre a saida colapsada pelo WFC.","WFC e deterministico por seed, mas contradicoes e propagacao de entropia tornam a depuracao menos direta que BSP/Room Graph.","Mais dificil de depurar que BSP/Room Graph, pois erros aparecem como contradicoes de restricao."
6,2005,"1D5C36F8","Qualitativo","Flow","2/5","Likert 1-5","Estimado automaticamente","Parametro medido sobre a saida colapsada pelo WFC.","Indica fluidez de navegacao esperada.","Fluxo global nao e garantido por restricoes locais; precisa ser medido apos o colapso."
6,2005,"1D5C36F8","Qualitativo","Legibility","3/5","Likert 1-5","Estimado automaticamente","Parametro medido sobre a saida colapsada pelo WFC.","A legibilidade depende muito do conjunto de tiles e das restricoes locais usadas.","Boa legibilidade exige tileset com padroes claros; ruido local pode reduzir leitura espacial."
6,2005,"1D5C36F8","Qualitativo","StructuralVariety","3/5","Likert 1-5","Estimado automaticamente","Parametro medido sobre a saida colapsada pelo WFC.","Indica variedade estrutural dentro desta execucao.","Ponto forte potencial do WFC, principalmente na variedade local de tiles."
6,2005,"1D5C36F8","Performance","layoutGenerationMilliseconds","61.618","ms","Medido","Tempo para colapsar o volume WFC, propagar restricoes e extrair componentes.","Representa o custo algoritmico principal.","Inclui colapso, propagacao e extracao de componentes; comparar separado da instanciacao Unity."
6,2005,"1D5C36F8","Performance","geometryInstantiationMilliseconds","123.053","ms","Medido","Parametro medido sobre a saida colapsada pelo WFC.","A execucao incluiu custo visual.","Custo visual depende dos prefabs/Unity, nao do WFC puro."
6,2005,"1D5C36F8","Performance","metricsCalculationMilliseconds","0.804","ms","Medido","Parametro medido sobre a saida colapsada pelo WFC.","Ajuda a quantificar custo da instrumentacao.","Custo da instrumentacao, nao do algoritmo."
6,2005,"1D5C36F8","Performance","totalGenerationMilliseconds","185.477","ms","Medido","Parametro medido sobre a saida colapsada pelo WFC.","Inclui layout, instanciacao visual habilitada e calculo de metricas.","Inclui layout, instanciacao visual e metricas; use junto com o tempo logico."
6,2005,"1D5C36F8","Performance","generatedGameObjectCount","12249","contagem","Medido","Parametro medido sobre a saida colapsada pelo WFC.","Indica peso potencial de instanciacao no Unity.","Reflete peso da montagem visual dos tiles colapsados."
6,2005,"1D5C36F8","Performance","occupiedCellCount","7920","contagem","Medido","Parametro medido sobre a saida colapsada pelo WFC.","Proxy de escala espacial da dungeon.","Proxy do volume ocupado pelo colapso."
6,2005,"1D5C36F8","Performance","connectionCount","4","contagem","Medido","Quantidade de conexoes inferidas a partir de componentes de corredor.","Proxy de complexidade topologica.","Conexoes sao inferidas apos o colapso; nao sao primitivas nativas do WFC."
6,2005,"1D5C36F8","Performance","managedMemoryDeltaKB","31656","KB","Estimado","Parametro medido sobre a saida colapsada pelo WFC.","Valor aproximado, sensivel a GC e ao estado do Editor.","Estimativa sujeita ao GC da Unity; use como indicio comparativo."
7,2006,"005077BE","Quantitativo","numRoomsTarget","46","contagem","Medido","Extracao de componentes de celulas de sala colapsadas pelo WFC.","Tamanho estrutural da dungeon nesta execucao.","WFC nao controla salas como entidade global; salas emergem de componentes de tiles."
7,2006,"005077BE","Quantitativo","connectivityRatio","2.17%","%","Medido","Busca no grafo extraido dos componentes de sala e corredores do WFC, incluindo a espinha dorsal observada quando ativa.","Mostra se o WFC produziu uma dungeon conectada sem reparo global posterior.","WFC puro nao garante conectividade global por padrao; esta variante usa uma espinha dorsal observada como restricao inicial do proprio WFC, nao como reparo posterior."
7,2006,"005077BE","Quantitativo","verticalVariance","1.983","metros","Medido","Desvio padrao das alturas dos componentes de sala extraidos.","Ha variacao vertical mensuravel entre salas.","WFC pode representar verticalidade se o tileset tiver sockets verticais."
7,2006,"005077BE","Quantitativo","fillPercentage","96.46%","%","Medido","Celulas ocupadas por modulos WFC divididas pelo total do volume.","Indica densidade espacial da dungeon.","Densidade e resultado de pesos e compatibilidades locais, nao de controle global direto."
7,2006,"005077BE","Quantitativo","branchFactor","0.261","media","Medido","Media de conexoes por componente de sala no grafo extraido.","Layout mais linear, com poucas bifurcacoes.","Ramificacao emerge das conexoes locais; controlar grau medio diretamente exige tileset/pesos bem calibrados."
7,2006,"005077BE","Quantitativo","avgPathLength","0","metros","Medido","Distancias no grafo extraido do resultado WFC.","Distancia media a partir da sala inicial.","Caminhos sao medidos apos extrair um grafo do colapso; nao sao objetivo nativo do WFC."
7,2006,"005077BE","Quantitativo","uniqueModules","49","contagem","Medido","Contagem de modulos WFC e prefabs efetivamente usados.","Indica variedade basica de composicao.","WFC tende a ser forte em variedade local quando ha um tileset rico."
7,2006,"005077BE","Quantitativo","navigableVolumeRatio","100%","%","Estimado sem NavMesh","Estimativa logica de celulas ocupadas antes de NavMesh.","Use como estimativa inicial, nao como validacao fisica final.","Proxy logico; validacao final ainda depende de NavMesh e colisores."
7,2006,"005077BE","Quantitativo","criticalPathLength","0","metros","Medido","Maior distancia no grafo extraido a partir da sala inicial.","Aproxima o percurso principal inicio-objetivo.","Caminho critico nao e controlado diretamente pelo WFC puro."
7,2006,"005077BE","Quantitativo","avgAlternativePathLength","0","metros","Medido","Media de conexoes extras inferidas em componentes de corredor com mais de duas salas.","Nao houve caminho alternativo nesta execucao.","Loops podem emergir, mas nao sao garantidos sem regras locais que favorecam ciclos."
7,2006,"005077BE","Booleano","SupportsRandomEnemySpawns","Sim, testado","sim/nao","Suportado","Parametro medido sobre a saida colapsada pelo WFC.","Sistema configurado e com orcamento ativo.","Spawns usam celulas de sala extraidas; balanceamento e camada de gameplay."
7,2006,"005077BE","Booleano","SupportsLootDistribution","Sim, testado","sim/nao","Suportado","Parametro medido sobre a saida colapsada pelo WFC.","Sistema configurado e com orcamento ativo.","Loot pode ser colocado sobre componentes de sala, mas progressao por risco nao e nativa do WFC."
7,2006,"005077BE","Booleano","SupportsTraps","Sim, testado","sim/nao","Suportado","Parametro medido sobre a saida colapsada pelo WFC.","Sistema configurado e com orcamento ativo.","Armadilhas podem usar celulas/corredores resultantes; sem semantica global nativa."
7,2006,"005077BE","Booleano","SupportsBacktrackingLoops","Nao","sim/nao","Medido","Parametro medido sobre a saida colapsada pelo WFC.","Parametro atendido quando o resultado WFC contem ciclos inferidos no grafo extraido.","WFC pode criar loops emergentes; se a metrica vier baixa, isso e uma limitacao da configuracao pura testada."
7,2006,"005077BE","Booleano","SupportsVerticalConnectors","Nao","sim/nao","Medido","Conta execucoes com pares de modulos WFC stairs_up/stairs_down conectando pavimentos.","Parametro atendido somente quando os modulos verticais do WFC aparecem conectados a salas/corredores.","Suportado quando tiles verticais e observacoes iniciais fazem parte do proprio tileset WFC, sem BSP/Room Graph."
7,2006,"005077BE","Booleano","SupportsMultiFloor","Nao","sim/nao","Medido","Conta execucoes com mais de um pavimento e conexao vertical extraida do proprio colapso.","Parametro atendido quando ha pavimentos conectados por sockets verticais do proprio WFC.","Multiandar e possivel em WFC 3D com sockets verticais, mas nao e garantido em WFC 2D simples."
7,2006,"005077BE","Booleano","SupportsBossArena","Sim","sim/nao","Medido","Parametro medido sobre a saida colapsada pelo WFC.","Existe ao menos uma sala grande o suficiente.","Arenas grandes nao sao naturais no WFC local; exigem tiles/padroes que favorecam areas amplas."
7,2006,"005077BE","Booleano","SeedReproducible","Sim","sim/nao","Medido","Parametro medido sobre a saida colapsada pelo WFC.","A seed reproduziu a mesma topologia.","O colapso e reproduzivel se todas as escolhas usam a mesma seed."
7,2006,"005077BE","Booleano","RuntimeRegeneration","Sim","sim/nao","Medido","Parametro medido sobre a saida colapsada pelo WFC.","Tempo registrado: 192.319 ms.","Custo depende do tamanho do volume, quantidade de modulos e numero de contradicoes/reinicios."
7,2006,"005077BE","Booleano","BudgetAwareSpawns","Sim","sim/nao","Suportado","Parametro medido sobre a saida colapsada pelo WFC.","Orcamentos registrados: inimigos 10, loot 6, armadilhas 4.","Orcamento e aplicado depois sobre celulas livres extraidas; nao e propriedade nativa do WFC."
7,2006,"005077BE","Qualitativo","Replayability","5/5","Likert 1-5","Estimado automaticamente","Parametro medido sobre a saida colapsada pelo WFC.","Diversidade topologica: 100%.","WFC costuma variar bem em padroes locais; diversidade topologica depende do tileset."
7,2006,"005077BE","Qualitativo","Debuggability","5/5","Likert 1-5","Estimado automaticamente","Parametro medido sobre a saida colapsada pelo WFC.","WFC e deterministico por seed, mas contradicoes e propagacao de entropia tornam a depuracao menos direta que BSP/Room Graph.","Mais dificil de depurar que BSP/Room Graph, pois erros aparecem como contradicoes de restricao."
7,2006,"005077BE","Qualitativo","Flow","1/5","Likert 1-5","Estimado automaticamente","Parametro medido sobre a saida colapsada pelo WFC.","Indica fluidez de navegacao esperada.","Fluxo global nao e garantido por restricoes locais; precisa ser medido apos o colapso."
7,2006,"005077BE","Qualitativo","Legibility","3/5","Likert 1-5","Estimado automaticamente","Parametro medido sobre a saida colapsada pelo WFC.","A legibilidade depende muito do conjunto de tiles e das restricoes locais usadas.","Boa legibilidade exige tileset com padroes claros; ruido local pode reduzir leitura espacial."
7,2006,"005077BE","Qualitativo","StructuralVariety","3/5","Likert 1-5","Estimado automaticamente","Parametro medido sobre a saida colapsada pelo WFC.","Indica variedade estrutural dentro desta execucao.","Ponto forte potencial do WFC, principalmente na variedade local de tiles."
7,2006,"005077BE","Performance","layoutGenerationMilliseconds","58.692","ms","Medido","Tempo para colapsar o volume WFC, propagar restricoes e extrair componentes.","Representa o custo algoritmico principal.","Inclui colapso, propagacao e extracao de componentes; comparar separado da instanciacao Unity."
7,2006,"005077BE","Performance","geometryInstantiationMilliseconds","132.782","ms","Medido","Parametro medido sobre a saida colapsada pelo WFC.","A execucao incluiu custo visual.","Custo visual depende dos prefabs/Unity, nao do WFC puro."
7,2006,"005077BE","Performance","metricsCalculationMilliseconds","0.84","ms","Medido","Parametro medido sobre a saida colapsada pelo WFC.","Ajuda a quantificar custo da instrumentacao.","Custo da instrumentacao, nao do algoritmo."
7,2006,"005077BE","Performance","totalGenerationMilliseconds","192.319","ms","Medido","Parametro medido sobre a saida colapsada pelo WFC.","Inclui layout, instanciacao visual habilitada e calculo de metricas.","Inclui layout, instanciacao visual e metricas; use junto com o tempo logico."
7,2006,"005077BE","Performance","generatedGameObjectCount","12392","contagem","Medido","Parametro medido sobre a saida colapsada pelo WFC.","Indica peso potencial de instanciacao no Unity.","Reflete peso da montagem visual dos tiles colapsados."
7,2006,"005077BE","Performance","occupiedCellCount","7902","contagem","Medido","Parametro medido sobre a saida colapsada pelo WFC.","Proxy de escala espacial da dungeon.","Proxy do volume ocupado pelo colapso."
7,2006,"005077BE","Performance","connectionCount","6","contagem","Medido","Quantidade de conexoes inferidas a partir de componentes de corredor.","Proxy de complexidade topologica.","Conexoes sao inferidas apos o colapso; nao sao primitivas nativas do WFC."
7,2006,"005077BE","Performance","managedMemoryDeltaKB","30892","KB","Estimado","Parametro medido sobre a saida colapsada pelo WFC.","Valor aproximado, sensivel a GC e ao estado do Editor.","Estimativa sujeita ao GC da Unity; use como indicio comparativo."
8,2007,"28F01ED3","Quantitativo","numRoomsTarget","39","contagem","Medido","Extracao de componentes de celulas de sala colapsadas pelo WFC.","Tamanho estrutural da dungeon nesta execucao.","WFC nao controla salas como entidade global; salas emergem de componentes de tiles."
8,2007,"28F01ED3","Quantitativo","connectivityRatio","2.56%","%","Medido","Busca no grafo extraido dos componentes de sala e corredores do WFC, incluindo a espinha dorsal observada quando ativa.","Mostra se o WFC produziu uma dungeon conectada sem reparo global posterior.","WFC puro nao garante conectividade global por padrao; esta variante usa uma espinha dorsal observada como restricao inicial do proprio WFC, nao como reparo posterior."
8,2007,"28F01ED3","Quantitativo","verticalVariance","1.983","metros","Medido","Desvio padrao das alturas dos componentes de sala extraidos.","Ha variacao vertical mensuravel entre salas.","WFC pode representar verticalidade se o tileset tiver sockets verticais."
8,2007,"28F01ED3","Quantitativo","fillPercentage","96.34%","%","Medido","Celulas ocupadas por modulos WFC divididas pelo total do volume.","Indica densidade espacial da dungeon.","Densidade e resultado de pesos e compatibilidades locais, nao de controle global direto."
8,2007,"28F01ED3","Quantitativo","branchFactor","0.051","media","Medido","Media de conexoes por componente de sala no grafo extraido.","Layout mais linear, com poucas bifurcacoes.","Ramificacao emerge das conexoes locais; controlar grau medio diretamente exige tileset/pesos bem calibrados."
8,2007,"28F01ED3","Quantitativo","avgPathLength","0","metros","Medido","Distancias no grafo extraido do resultado WFC.","Distancia media a partir da sala inicial.","Caminhos sao medidos apos extrair um grafo do colapso; nao sao objetivo nativo do WFC."
8,2007,"28F01ED3","Quantitativo","uniqueModules","49","contagem","Medido","Contagem de modulos WFC e prefabs efetivamente usados.","Indica variedade basica de composicao.","WFC tende a ser forte em variedade local quando ha um tileset rico."
8,2007,"28F01ED3","Quantitativo","navigableVolumeRatio","100%","%","Estimado sem NavMesh","Estimativa logica de celulas ocupadas antes de NavMesh.","Use como estimativa inicial, nao como validacao fisica final.","Proxy logico; validacao final ainda depende de NavMesh e colisores."
8,2007,"28F01ED3","Quantitativo","criticalPathLength","0","metros","Medido","Maior distancia no grafo extraido a partir da sala inicial.","Aproxima o percurso principal inicio-objetivo.","Caminho critico nao e controlado diretamente pelo WFC puro."
8,2007,"28F01ED3","Quantitativo","avgAlternativePathLength","0","metros","Medido","Media de conexoes extras inferidas em componentes de corredor com mais de duas salas.","Nao houve caminho alternativo nesta execucao.","Loops podem emergir, mas nao sao garantidos sem regras locais que favorecam ciclos."
8,2007,"28F01ED3","Booleano","SupportsRandomEnemySpawns","Sim, testado","sim/nao","Suportado","Parametro medido sobre a saida colapsada pelo WFC.","Sistema configurado e com orcamento ativo.","Spawns usam celulas de sala extraidas; balanceamento e camada de gameplay."
8,2007,"28F01ED3","Booleano","SupportsLootDistribution","Sim, testado","sim/nao","Suportado","Parametro medido sobre a saida colapsada pelo WFC.","Sistema configurado e com orcamento ativo.","Loot pode ser colocado sobre componentes de sala, mas progressao por risco nao e nativa do WFC."
8,2007,"28F01ED3","Booleano","SupportsTraps","Sim, testado","sim/nao","Suportado","Parametro medido sobre a saida colapsada pelo WFC.","Sistema configurado e com orcamento ativo.","Armadilhas podem usar celulas/corredores resultantes; sem semantica global nativa."
8,2007,"28F01ED3","Booleano","SupportsBacktrackingLoops","Nao","sim/nao","Medido","Parametro medido sobre a saida colapsada pelo WFC.","Parametro atendido quando o resultado WFC contem ciclos inferidos no grafo extraido.","WFC pode criar loops emergentes; se a metrica vier baixa, isso e uma limitacao da configuracao pura testada."
8,2007,"28F01ED3","Booleano","SupportsVerticalConnectors","Nao","sim/nao","Medido","Conta execucoes com pares de modulos WFC stairs_up/stairs_down conectando pavimentos.","Parametro atendido somente quando os modulos verticais do WFC aparecem conectados a salas/corredores.","Suportado quando tiles verticais e observacoes iniciais fazem parte do proprio tileset WFC, sem BSP/Room Graph."
8,2007,"28F01ED3","Booleano","SupportsMultiFloor","Nao","sim/nao","Medido","Conta execucoes com mais de um pavimento e conexao vertical extraida do proprio colapso.","Parametro atendido quando ha pavimentos conectados por sockets verticais do proprio WFC.","Multiandar e possivel em WFC 3D com sockets verticais, mas nao e garantido em WFC 2D simples."
8,2007,"28F01ED3","Booleano","SupportsBossArena","Sim","sim/nao","Medido","Parametro medido sobre a saida colapsada pelo WFC.","Existe ao menos uma sala grande o suficiente.","Arenas grandes nao sao naturais no WFC local; exigem tiles/padroes que favorecam areas amplas."
8,2007,"28F01ED3","Booleano","SeedReproducible","Sim","sim/nao","Medido","Parametro medido sobre a saida colapsada pelo WFC.","A seed reproduziu a mesma topologia.","O colapso e reproduzivel se todas as escolhas usam a mesma seed."
8,2007,"28F01ED3","Booleano","RuntimeRegeneration","Sim","sim/nao","Medido","Parametro medido sobre a saida colapsada pelo WFC.","Tempo registrado: 211.993 ms.","Custo depende do tamanho do volume, quantidade de modulos e numero de contradicoes/reinicios."
8,2007,"28F01ED3","Booleano","BudgetAwareSpawns","Sim","sim/nao","Suportado","Parametro medido sobre a saida colapsada pelo WFC.","Orcamentos registrados: inimigos 10, loot 6, armadilhas 4.","Orcamento e aplicado depois sobre celulas livres extraidas; nao e propriedade nativa do WFC."
8,2007,"28F01ED3","Qualitativo","Replayability","5/5","Likert 1-5","Estimado automaticamente","Parametro medido sobre a saida colapsada pelo WFC.","Diversidade topologica: 100%.","WFC costuma variar bem em padroes locais; diversidade topologica depende do tileset."
8,2007,"28F01ED3","Qualitativo","Debuggability","5/5","Likert 1-5","Estimado automaticamente","Parametro medido sobre a saida colapsada pelo WFC.","WFC e deterministico por seed, mas contradicoes e propagacao de entropia tornam a depuracao menos direta que BSP/Room Graph.","Mais dificil de depurar que BSP/Room Graph, pois erros aparecem como contradicoes de restricao."
8,2007,"28F01ED3","Qualitativo","Flow","1/5","Likert 1-5","Estimado automaticamente","Parametro medido sobre a saida colapsada pelo WFC.","Indica fluidez de navegacao esperada.","Fluxo global nao e garantido por restricoes locais; precisa ser medido apos o colapso."
8,2007,"28F01ED3","Qualitativo","Legibility","3/5","Likert 1-5","Estimado automaticamente","Parametro medido sobre a saida colapsada pelo WFC.","A legibilidade depende muito do conjunto de tiles e das restricoes locais usadas.","Boa legibilidade exige tileset com padroes claros; ruido local pode reduzir leitura espacial."
8,2007,"28F01ED3","Qualitativo","StructuralVariety","3/5","Likert 1-5","Estimado automaticamente","Parametro medido sobre a saida colapsada pelo WFC.","Indica variedade estrutural dentro desta execucao.","Ponto forte potencial do WFC, principalmente na variedade local de tiles."
8,2007,"28F01ED3","Performance","layoutGenerationMilliseconds","83.893","ms","Medido","Tempo para colapsar o volume WFC, propagar restricoes e extrair componentes.","Representa o custo algoritmico principal.","Inclui colapso, propagacao e extracao de componentes; comparar separado da instanciacao Unity."
8,2007,"28F01ED3","Performance","geometryInstantiationMilliseconds","127.26","ms","Medido","Parametro medido sobre a saida colapsada pelo WFC.","A execucao incluiu custo visual.","Custo visual depende dos prefabs/Unity, nao do WFC puro."
8,2007,"28F01ED3","Performance","metricsCalculationMilliseconds","0.836","ms","Medido","Parametro medido sobre a saida colapsada pelo WFC.","Ajuda a quantificar custo da instrumentacao.","Custo da instrumentacao, nao do algoritmo."
8,2007,"28F01ED3","Performance","totalGenerationMilliseconds","211.993","ms","Medido","Parametro medido sobre a saida colapsada pelo WFC.","Inclui layout, instanciacao visual habilitada e calculo de metricas.","Inclui layout, instanciacao visual e metricas; use junto com o tempo logico."
8,2007,"28F01ED3","Performance","generatedGameObjectCount","12432","contagem","Medido","Parametro medido sobre a saida colapsada pelo WFC.","Indica peso potencial de instanciacao no Unity.","Reflete peso da montagem visual dos tiles colapsados."
8,2007,"28F01ED3","Performance","occupiedCellCount","7892","contagem","Medido","Parametro medido sobre a saida colapsada pelo WFC.","Proxy de escala espacial da dungeon.","Proxy do volume ocupado pelo colapso."
8,2007,"28F01ED3","Performance","connectionCount","1","contagem","Medido","Quantidade de conexoes inferidas a partir de componentes de corredor.","Proxy de complexidade topologica.","Conexoes sao inferidas apos o colapso; nao sao primitivas nativas do WFC."
8,2007,"28F01ED3","Performance","managedMemoryDeltaKB","-84440","KB","Estimado","Parametro medido sobre a saida colapsada pelo WFC.","Valor aproximado, sensivel a GC e ao estado do Editor.","Estimativa sujeita ao GC da Unity; use como indicio comparativo."
9,2008,"C8B19DCD","Quantitativo","numRoomsTarget","41","contagem","Medido","Extracao de componentes de celulas de sala colapsadas pelo WFC.","Tamanho estrutural da dungeon nesta execucao.","WFC nao controla salas como entidade global; salas emergem de componentes de tiles."
9,2008,"C8B19DCD","Quantitativo","connectivityRatio","2.44%","%","Medido","Busca no grafo extraido dos componentes de sala e corredores do WFC, incluindo a espinha dorsal observada quando ativa.","Mostra se o WFC produziu uma dungeon conectada sem reparo global posterior.","WFC puro nao garante conectividade global por padrao; esta variante usa uma espinha dorsal observada como restricao inicial do proprio WFC, nao como reparo posterior."
9,2008,"C8B19DCD","Quantitativo","verticalVariance","1.951","metros","Medido","Desvio padrao das alturas dos componentes de sala extraidos.","Ha variacao vertical mensuravel entre salas.","WFC pode representar verticalidade se o tileset tiver sockets verticais."
9,2008,"C8B19DCD","Quantitativo","fillPercentage","96.31%","%","Medido","Celulas ocupadas por modulos WFC divididas pelo total do volume.","Indica densidade espacial da dungeon.","Densidade e resultado de pesos e compatibilidades locais, nao de controle global direto."
9,2008,"C8B19DCD","Quantitativo","branchFactor","0.244","media","Medido","Media de conexoes por componente de sala no grafo extraido.","Layout mais linear, com poucas bifurcacoes.","Ramificacao emerge das conexoes locais; controlar grau medio diretamente exige tileset/pesos bem calibrados."
9,2008,"C8B19DCD","Quantitativo","avgPathLength","0","metros","Medido","Distancias no grafo extraido do resultado WFC.","Distancia media a partir da sala inicial.","Caminhos sao medidos apos extrair um grafo do colapso; nao sao objetivo nativo do WFC."
9,2008,"C8B19DCD","Quantitativo","uniqueModules","49","contagem","Medido","Contagem de modulos WFC e prefabs efetivamente usados.","Indica variedade basica de composicao.","WFC tende a ser forte em variedade local quando ha um tileset rico."
9,2008,"C8B19DCD","Quantitativo","navigableVolumeRatio","100%","%","Estimado sem NavMesh","Estimativa logica de celulas ocupadas antes de NavMesh.","Use como estimativa inicial, nao como validacao fisica final.","Proxy logico; validacao final ainda depende de NavMesh e colisores."
9,2008,"C8B19DCD","Quantitativo","criticalPathLength","0","metros","Medido","Maior distancia no grafo extraido a partir da sala inicial.","Aproxima o percurso principal inicio-objetivo.","Caminho critico nao e controlado diretamente pelo WFC puro."
9,2008,"C8B19DCD","Quantitativo","avgAlternativePathLength","62","metros","Medido","Media de conexoes extras inferidas em componentes de corredor com mais de duas salas.","Ha caminhos alternativos mensuraveis.","Loops podem emergir, mas nao sao garantidos sem regras locais que favorecam ciclos."
9,2008,"C8B19DCD","Booleano","SupportsRandomEnemySpawns","Sim, testado","sim/nao","Suportado","Parametro medido sobre a saida colapsada pelo WFC.","Sistema configurado e com orcamento ativo.","Spawns usam celulas de sala extraidas; balanceamento e camada de gameplay."
9,2008,"C8B19DCD","Booleano","SupportsLootDistribution","Sim, testado","sim/nao","Suportado","Parametro medido sobre a saida colapsada pelo WFC.","Sistema configurado e com orcamento ativo.","Loot pode ser colocado sobre componentes de sala, mas progressao por risco nao e nativa do WFC."
9,2008,"C8B19DCD","Booleano","SupportsTraps","Sim, testado","sim/nao","Suportado","Parametro medido sobre a saida colapsada pelo WFC.","Sistema configurado e com orcamento ativo.","Armadilhas podem usar celulas/corredores resultantes; sem semantica global nativa."
9,2008,"C8B19DCD","Booleano","SupportsBacktrackingLoops","Nao","sim/nao","Medido","Parametro medido sobre a saida colapsada pelo WFC.","Parametro atendido quando o resultado WFC contem ciclos inferidos no grafo extraido.","WFC pode criar loops emergentes; se a metrica vier baixa, isso e uma limitacao da configuracao pura testada."
9,2008,"C8B19DCD","Booleano","SupportsVerticalConnectors","Nao","sim/nao","Medido","Conta execucoes com pares de modulos WFC stairs_up/stairs_down conectando pavimentos.","Parametro atendido somente quando os modulos verticais do WFC aparecem conectados a salas/corredores.","Suportado quando tiles verticais e observacoes iniciais fazem parte do proprio tileset WFC, sem BSP/Room Graph."
9,2008,"C8B19DCD","Booleano","SupportsMultiFloor","Nao","sim/nao","Medido","Conta execucoes com mais de um pavimento e conexao vertical extraida do proprio colapso.","Parametro atendido quando ha pavimentos conectados por sockets verticais do proprio WFC.","Multiandar e possivel em WFC 3D com sockets verticais, mas nao e garantido em WFC 2D simples."
9,2008,"C8B19DCD","Booleano","SupportsBossArena","Sim","sim/nao","Medido","Parametro medido sobre a saida colapsada pelo WFC.","Existe ao menos uma sala grande o suficiente.","Arenas grandes nao sao naturais no WFC local; exigem tiles/padroes que favorecam areas amplas."
9,2008,"C8B19DCD","Booleano","SeedReproducible","Sim","sim/nao","Medido","Parametro medido sobre a saida colapsada pelo WFC.","A seed reproduziu a mesma topologia.","O colapso e reproduzivel se todas as escolhas usam a mesma seed."
9,2008,"C8B19DCD","Booleano","RuntimeRegeneration","Sim","sim/nao","Medido","Parametro medido sobre a saida colapsada pelo WFC.","Tempo registrado: 186.588 ms.","Custo depende do tamanho do volume, quantidade de modulos e numero de contradicoes/reinicios."
9,2008,"C8B19DCD","Booleano","BudgetAwareSpawns","Sim","sim/nao","Suportado","Parametro medido sobre a saida colapsada pelo WFC.","Orcamentos registrados: inimigos 10, loot 6, armadilhas 4.","Orcamento e aplicado depois sobre celulas livres extraidas; nao e propriedade nativa do WFC."
9,2008,"C8B19DCD","Qualitativo","Replayability","5/5","Likert 1-5","Estimado automaticamente","Parametro medido sobre a saida colapsada pelo WFC.","Diversidade topologica: 100%.","WFC costuma variar bem em padroes locais; diversidade topologica depende do tileset."
9,2008,"C8B19DCD","Qualitativo","Debuggability","5/5","Likert 1-5","Estimado automaticamente","Parametro medido sobre a saida colapsada pelo WFC.","WFC e deterministico por seed, mas contradicoes e propagacao de entropia tornam a depuracao menos direta que BSP/Room Graph.","Mais dificil de depurar que BSP/Room Graph, pois erros aparecem como contradicoes de restricao."
9,2008,"C8B19DCD","Qualitativo","Flow","1/5","Likert 1-5","Estimado automaticamente","Parametro medido sobre a saida colapsada pelo WFC.","Indica fluidez de navegacao esperada.","Fluxo global nao e garantido por restricoes locais; precisa ser medido apos o colapso."
9,2008,"C8B19DCD","Qualitativo","Legibility","3/5","Likert 1-5","Estimado automaticamente","Parametro medido sobre a saida colapsada pelo WFC.","A legibilidade depende muito do conjunto de tiles e das restricoes locais usadas.","Boa legibilidade exige tileset com padroes claros; ruido local pode reduzir leitura espacial."
9,2008,"C8B19DCD","Qualitativo","StructuralVariety","3/5","Likert 1-5","Estimado automaticamente","Parametro medido sobre a saida colapsada pelo WFC.","Indica variedade estrutural dentro desta execucao.","Ponto forte potencial do WFC, principalmente na variedade local de tiles."
9,2008,"C8B19DCD","Performance","layoutGenerationMilliseconds","58.402","ms","Medido","Tempo para colapsar o volume WFC, propagar restricoes e extrair componentes.","Representa o custo algoritmico principal.","Inclui colapso, propagacao e extracao de componentes; comparar separado da instanciacao Unity."
9,2008,"C8B19DCD","Performance","geometryInstantiationMilliseconds","127.385","ms","Medido","Parametro medido sobre a saida colapsada pelo WFC.","A execucao incluiu custo visual.","Custo visual depende dos prefabs/Unity, nao do WFC puro."
9,2008,"C8B19DCD","Performance","metricsCalculationMilliseconds","0.798","ms","Medido","Parametro medido sobre a saida colapsada pelo WFC.","Ajuda a quantificar custo da instrumentacao.","Custo da instrumentacao, nao do algoritmo."
9,2008,"C8B19DCD","Performance","totalGenerationMilliseconds","186.588","ms","Medido","Parametro medido sobre a saida colapsada pelo WFC.","Inclui layout, instanciacao visual habilitada e calculo de metricas.","Inclui layout, instanciacao visual e metricas; use junto com o tempo logico."
9,2008,"C8B19DCD","Performance","generatedGameObjectCount","12404","contagem","Medido","Parametro medido sobre a saida colapsada pelo WFC.","Indica peso potencial de instanciacao no Unity.","Reflete peso da montagem visual dos tiles colapsados."
9,2008,"C8B19DCD","Performance","occupiedCellCount","7890","contagem","Medido","Parametro medido sobre a saida colapsada pelo WFC.","Proxy de escala espacial da dungeon.","Proxy do volume ocupado pelo colapso."
9,2008,"C8B19DCD","Performance","connectionCount","5","contagem","Medido","Quantidade de conexoes inferidas a partir de componentes de corredor.","Proxy de complexidade topologica.","Conexoes sao inferidas apos o colapso; nao sao primitivas nativas do WFC."
9,2008,"C8B19DCD","Performance","managedMemoryDeltaKB","26088","KB","Estimado","Parametro medido sobre a saida colapsada pelo WFC.","Valor aproximado, sensivel a GC e ao estado do Editor.","Estimativa sujeita ao GC da Unity; use como indicio comparativo."
10,2009,"5998891E","Quantitativo","numRoomsTarget","40","contagem","Medido","Extracao de componentes de celulas de sala colapsadas pelo WFC.","Tamanho estrutural da dungeon nesta execucao.","WFC nao controla salas como entidade global; salas emergem de componentes de tiles."
10,2009,"5998891E","Quantitativo","connectivityRatio","2.5%","%","Medido","Busca no grafo extraido dos componentes de sala e corredores do WFC, incluindo a espinha dorsal observada quando ativa.","Mostra se o WFC produziu uma dungeon conectada sem reparo global posterior.","WFC puro nao garante conectividade global por padrao; esta variante usa uma espinha dorsal observada como restricao inicial do proprio WFC, nao como reparo posterior."
10,2009,"5998891E","Quantitativo","verticalVariance","1.96","metros","Medido","Desvio padrao das alturas dos componentes de sala extraidos.","Ha variacao vertical mensuravel entre salas.","WFC pode representar verticalidade se o tileset tiver sockets verticais."
10,2009,"5998891E","Quantitativo","fillPercentage","96.74%","%","Medido","Celulas ocupadas por modulos WFC divididas pelo total do volume.","Indica densidade espacial da dungeon.","Densidade e resultado de pesos e compatibilidades locais, nao de controle global direto."
10,2009,"5998891E","Quantitativo","branchFactor","0.25","media","Medido","Media de conexoes por componente de sala no grafo extraido.","Layout mais linear, com poucas bifurcacoes.","Ramificacao emerge das conexoes locais; controlar grau medio diretamente exige tileset/pesos bem calibrados."
10,2009,"5998891E","Quantitativo","avgPathLength","0","metros","Medido","Distancias no grafo extraido do resultado WFC.","Distancia media a partir da sala inicial.","Caminhos sao medidos apos extrair um grafo do colapso; nao sao objetivo nativo do WFC."
10,2009,"5998891E","Quantitativo","uniqueModules","49","contagem","Medido","Contagem de modulos WFC e prefabs efetivamente usados.","Indica variedade basica de composicao.","WFC tende a ser forte em variedade local quando ha um tileset rico."
10,2009,"5998891E","Quantitativo","navigableVolumeRatio","100%","%","Estimado sem NavMesh","Estimativa logica de celulas ocupadas antes de NavMesh.","Use como estimativa inicial, nao como validacao fisica final.","Proxy logico; validacao final ainda depende de NavMesh e colisores."
10,2009,"5998891E","Quantitativo","criticalPathLength","0","metros","Medido","Maior distancia no grafo extraido a partir da sala inicial.","Aproxima o percurso principal inicio-objetivo.","Caminho critico nao e controlado diretamente pelo WFC puro."
10,2009,"5998891E","Quantitativo","avgAlternativePathLength","0","metros","Medido","Media de conexoes extras inferidas em componentes de corredor com mais de duas salas.","Nao houve caminho alternativo nesta execucao.","Loops podem emergir, mas nao sao garantidos sem regras locais que favorecam ciclos."
10,2009,"5998891E","Booleano","SupportsRandomEnemySpawns","Sim, testado","sim/nao","Suportado","Parametro medido sobre a saida colapsada pelo WFC.","Sistema configurado e com orcamento ativo.","Spawns usam celulas de sala extraidas; balanceamento e camada de gameplay."
10,2009,"5998891E","Booleano","SupportsLootDistribution","Sim, testado","sim/nao","Suportado","Parametro medido sobre a saida colapsada pelo WFC.","Sistema configurado e com orcamento ativo.","Loot pode ser colocado sobre componentes de sala, mas progressao por risco nao e nativa do WFC."
10,2009,"5998891E","Booleano","SupportsTraps","Sim, testado","sim/nao","Suportado","Parametro medido sobre a saida colapsada pelo WFC.","Sistema configurado e com orcamento ativo.","Armadilhas podem usar celulas/corredores resultantes; sem semantica global nativa."
10,2009,"5998891E","Booleano","SupportsBacktrackingLoops","Nao","sim/nao","Medido","Parametro medido sobre a saida colapsada pelo WFC.","Parametro atendido quando o resultado WFC contem ciclos inferidos no grafo extraido.","WFC pode criar loops emergentes; se a metrica vier baixa, isso e uma limitacao da configuracao pura testada."
10,2009,"5998891E","Booleano","SupportsVerticalConnectors","Nao","sim/nao","Medido","Conta execucoes com pares de modulos WFC stairs_up/stairs_down conectando pavimentos.","Parametro atendido somente quando os modulos verticais do WFC aparecem conectados a salas/corredores.","Suportado quando tiles verticais e observacoes iniciais fazem parte do proprio tileset WFC, sem BSP/Room Graph."
10,2009,"5998891E","Booleano","SupportsMultiFloor","Nao","sim/nao","Medido","Conta execucoes com mais de um pavimento e conexao vertical extraida do proprio colapso.","Parametro atendido quando ha pavimentos conectados por sockets verticais do proprio WFC.","Multiandar e possivel em WFC 3D com sockets verticais, mas nao e garantido em WFC 2D simples."
10,2009,"5998891E","Booleano","SupportsBossArena","Sim","sim/nao","Medido","Parametro medido sobre a saida colapsada pelo WFC.","Existe ao menos uma sala grande o suficiente.","Arenas grandes nao sao naturais no WFC local; exigem tiles/padroes que favorecam areas amplas."
10,2009,"5998891E","Booleano","SeedReproducible","Sim","sim/nao","Medido","Parametro medido sobre a saida colapsada pelo WFC.","A seed reproduziu a mesma topologia.","O colapso e reproduzivel se todas as escolhas usam a mesma seed."
10,2009,"5998891E","Booleano","RuntimeRegeneration","Sim","sim/nao","Medido","Parametro medido sobre a saida colapsada pelo WFC.","Tempo registrado: 187.272 ms.","Custo depende do tamanho do volume, quantidade de modulos e numero de contradicoes/reinicios."
10,2009,"5998891E","Booleano","BudgetAwareSpawns","Sim","sim/nao","Suportado","Parametro medido sobre a saida colapsada pelo WFC.","Orcamentos registrados: inimigos 10, loot 6, armadilhas 4.","Orcamento e aplicado depois sobre celulas livres extraidas; nao e propriedade nativa do WFC."
10,2009,"5998891E","Qualitativo","Replayability","5/5","Likert 1-5","Estimado automaticamente","Parametro medido sobre a saida colapsada pelo WFC.","Diversidade topologica: 100%.","WFC costuma variar bem em padroes locais; diversidade topologica depende do tileset."
10,2009,"5998891E","Qualitativo","Debuggability","5/5","Likert 1-5","Estimado automaticamente","Parametro medido sobre a saida colapsada pelo WFC.","WFC e deterministico por seed, mas contradicoes e propagacao de entropia tornam a depuracao menos direta que BSP/Room Graph.","Mais dificil de depurar que BSP/Room Graph, pois erros aparecem como contradicoes de restricao."
10,2009,"5998891E","Qualitativo","Flow","1/5","Likert 1-5","Estimado automaticamente","Parametro medido sobre a saida colapsada pelo WFC.","Indica fluidez de navegacao esperada.","Fluxo global nao e garantido por restricoes locais; precisa ser medido apos o colapso."
10,2009,"5998891E","Qualitativo","Legibility","3/5","Likert 1-5","Estimado automaticamente","Parametro medido sobre a saida colapsada pelo WFC.","A legibilidade depende muito do conjunto de tiles e das restricoes locais usadas.","Boa legibilidade exige tileset com padroes claros; ruido local pode reduzir leitura espacial."
10,2009,"5998891E","Qualitativo","StructuralVariety","3/5","Likert 1-5","Estimado automaticamente","Parametro medido sobre a saida colapsada pelo WFC.","Indica variedade estrutural dentro desta execucao.","Ponto forte potencial do WFC, principalmente na variedade local de tiles."
10,2009,"5998891E","Performance","layoutGenerationMilliseconds","57.771","ms","Medido","Tempo para colapsar o volume WFC, propagar restricoes e extrair componentes.","Representa o custo algoritmico principal.","Inclui colapso, propagacao e extracao de componentes; comparar separado da instanciacao Unity."
10,2009,"5998891E","Performance","geometryInstantiationMilliseconds","128.838","ms","Medido","Parametro medido sobre a saida colapsada pelo WFC.","A execucao incluiu custo visual.","Custo visual depende dos prefabs/Unity, nao do WFC puro."
10,2009,"5998891E","Performance","metricsCalculationMilliseconds","0.659","ms","Medido","Parametro medido sobre a saida colapsada pelo WFC.","Ajuda a quantificar custo da instrumentacao.","Custo da instrumentacao, nao do algoritmo."
10,2009,"5998891E","Performance","totalGenerationMilliseconds","187.272","ms","Medido","Parametro medido sobre a saida colapsada pelo WFC.","Inclui layout, instanciacao visual habilitada e calculo de metricas.","Inclui layout, instanciacao visual e metricas; use junto com o tempo logico."
10,2009,"5998891E","Performance","generatedGameObjectCount","12564","contagem","Medido","Parametro medido sobre a saida colapsada pelo WFC.","Indica peso potencial de instanciacao no Unity.","Reflete peso da montagem visual dos tiles colapsados."
10,2009,"5998891E","Performance","occupiedCellCount","7925","contagem","Medido","Parametro medido sobre a saida colapsada pelo WFC.","Proxy de escala espacial da dungeon.","Proxy do volume ocupado pelo colapso."
10,2009,"5998891E","Performance","connectionCount","5","contagem","Medido","Quantidade de conexoes inferidas a partir de componentes de corredor.","Proxy de complexidade topologica.","Conexoes sao inferidas apos o colapso; nao sao primitivas nativas do WFC."
10,2009,"5998891E","Performance","managedMemoryDeltaKB","30252","KB","Estimado","Parametro medido sobre a saida colapsada pelo WFC.","Valor aproximado, sensivel a GC e ao estado do Editor.","Estimativa sujeita ao GC da Unity; use como indicio comparativo."
11,2010,"DEEDE1F5","Quantitativo","numRoomsTarget","50","contagem","Medido","Extracao de componentes de celulas de sala colapsadas pelo WFC.","Tamanho estrutural da dungeon nesta execucao.","WFC nao controla salas como entidade global; salas emergem de componentes de tiles."
11,2010,"DEEDE1F5","Quantitativo","connectivityRatio","8%","%","Medido","Busca no grafo extraido dos componentes de sala e corredores do WFC, incluindo a espinha dorsal observada quando ativa.","Mostra se o WFC produziu uma dungeon conectada sem reparo global posterior.","WFC puro nao garante conectividade global por padrao; esta variante usa uma espinha dorsal observada como restricao inicial do proprio WFC, nao como reparo posterior."
11,2010,"DEEDE1F5","Quantitativo","verticalVariance","1.974","metros","Medido","Desvio padrao das alturas dos componentes de sala extraidos.","Ha variacao vertical mensuravel entre salas.","WFC pode representar verticalidade se o tileset tiver sockets verticais."
11,2010,"DEEDE1F5","Quantitativo","fillPercentage","96.23%","%","Medido","Celulas ocupadas por modulos WFC divididas pelo total do volume.","Indica densidade espacial da dungeon.","Densidade e resultado de pesos e compatibilidades locais, nao de controle global direto."
11,2010,"DEEDE1F5","Quantitativo","branchFactor","0.36","media","Medido","Media de conexoes por componente de sala no grafo extraido.","Layout mais linear, com poucas bifurcacoes.","Ramificacao emerge das conexoes locais; controlar grau medio diretamente exige tileset/pesos bem calibrados."
11,2010,"DEEDE1F5","Quantitativo","avgPathLength","20.667","metros","Medido","Distancias no grafo extraido do resultado WFC.","Distancia media a partir da sala inicial.","Caminhos sao medidos apos extrair um grafo do colapso; nao sao objetivo nativo do WFC."
11,2010,"DEEDE1F5","Quantitativo","uniqueModules","48","contagem","Medido","Contagem de modulos WFC e prefabs efetivamente usados.","Indica variedade basica de composicao.","WFC tende a ser forte em variedade local quando ha um tileset rico."
11,2010,"DEEDE1F5","Quantitativo","navigableVolumeRatio","100%","%","Estimado sem NavMesh","Estimativa logica de celulas ocupadas antes de NavMesh.","Use como estimativa inicial, nao como validacao fisica final.","Proxy logico; validacao final ainda depende de NavMesh e colisores."
11,2010,"DEEDE1F5","Quantitativo","criticalPathLength","34","metros","Medido","Maior distancia no grafo extraido a partir da sala inicial.","Aproxima o percurso principal inicio-objetivo.","Caminho critico nao e controlado diretamente pelo WFC puro."
11,2010,"DEEDE1F5","Quantitativo","avgAlternativePathLength","110","metros","Medido","Media de conexoes extras inferidas em componentes de corredor com mais de duas salas.","Ha caminhos alternativos mensuraveis.","Loops podem emergir, mas nao sao garantidos sem regras locais que favorecam ciclos."
11,2010,"DEEDE1F5","Booleano","SupportsRandomEnemySpawns","Sim, testado","sim/nao","Suportado","Parametro medido sobre a saida colapsada pelo WFC.","Sistema configurado e com orcamento ativo.","Spawns usam celulas de sala extraidas; balanceamento e camada de gameplay."
11,2010,"DEEDE1F5","Booleano","SupportsLootDistribution","Sim, testado","sim/nao","Suportado","Parametro medido sobre a saida colapsada pelo WFC.","Sistema configurado e com orcamento ativo.","Loot pode ser colocado sobre componentes de sala, mas progressao por risco nao e nativa do WFC."
11,2010,"DEEDE1F5","Booleano","SupportsTraps","Sim, testado","sim/nao","Suportado","Parametro medido sobre a saida colapsada pelo WFC.","Sistema configurado e com orcamento ativo.","Armadilhas podem usar celulas/corredores resultantes; sem semantica global nativa."
11,2010,"DEEDE1F5","Booleano","SupportsBacktrackingLoops","Nao","sim/nao","Medido","Parametro medido sobre a saida colapsada pelo WFC.","Parametro atendido quando o resultado WFC contem ciclos inferidos no grafo extraido.","WFC pode criar loops emergentes; se a metrica vier baixa, isso e uma limitacao da configuracao pura testada."
11,2010,"DEEDE1F5","Booleano","SupportsVerticalConnectors","Nao","sim/nao","Medido","Conta execucoes com pares de modulos WFC stairs_up/stairs_down conectando pavimentos.","Parametro atendido somente quando os modulos verticais do WFC aparecem conectados a salas/corredores.","Suportado quando tiles verticais e observacoes iniciais fazem parte do proprio tileset WFC, sem BSP/Room Graph."
11,2010,"DEEDE1F5","Booleano","SupportsMultiFloor","Nao","sim/nao","Medido","Conta execucoes com mais de um pavimento e conexao vertical extraida do proprio colapso.","Parametro atendido quando ha pavimentos conectados por sockets verticais do proprio WFC.","Multiandar e possivel em WFC 3D com sockets verticais, mas nao e garantido em WFC 2D simples."
11,2010,"DEEDE1F5","Booleano","SupportsBossArena","Sim","sim/nao","Medido","Parametro medido sobre a saida colapsada pelo WFC.","Existe ao menos uma sala grande o suficiente.","Arenas grandes nao sao naturais no WFC local; exigem tiles/padroes que favorecam areas amplas."
11,2010,"DEEDE1F5","Booleano","SeedReproducible","Sim","sim/nao","Medido","Parametro medido sobre a saida colapsada pelo WFC.","A seed reproduziu a mesma topologia.","O colapso e reproduzivel se todas as escolhas usam a mesma seed."
11,2010,"DEEDE1F5","Booleano","RuntimeRegeneration","Sim","sim/nao","Medido","Parametro medido sobre a saida colapsada pelo WFC.","Tempo registrado: 184.296 ms.","Custo depende do tamanho do volume, quantidade de modulos e numero de contradicoes/reinicios."
11,2010,"DEEDE1F5","Booleano","BudgetAwareSpawns","Sim","sim/nao","Suportado","Parametro medido sobre a saida colapsada pelo WFC.","Orcamentos registrados: inimigos 10, loot 6, armadilhas 4.","Orcamento e aplicado depois sobre celulas livres extraidas; nao e propriedade nativa do WFC."
11,2010,"DEEDE1F5","Qualitativo","Replayability","5/5","Likert 1-5","Estimado automaticamente","Parametro medido sobre a saida colapsada pelo WFC.","Diversidade topologica: 100%.","WFC costuma variar bem em padroes locais; diversidade topologica depende do tileset."
11,2010,"DEEDE1F5","Qualitativo","Debuggability","5/5","Likert 1-5","Estimado automaticamente","Parametro medido sobre a saida colapsada pelo WFC.","WFC e deterministico por seed, mas contradicoes e propagacao de entropia tornam a depuracao menos direta que BSP/Room Graph.","Mais dificil de depurar que BSP/Room Graph, pois erros aparecem como contradicoes de restricao."
11,2010,"DEEDE1F5","Qualitativo","Flow","2/5","Likert 1-5","Estimado automaticamente","Parametro medido sobre a saida colapsada pelo WFC.","Indica fluidez de navegacao esperada.","Fluxo global nao e garantido por restricoes locais; precisa ser medido apos o colapso."
11,2010,"DEEDE1F5","Qualitativo","Legibility","3/5","Likert 1-5","Estimado automaticamente","Parametro medido sobre a saida colapsada pelo WFC.","A legibilidade depende muito do conjunto de tiles e das restricoes locais usadas.","Boa legibilidade exige tileset com padroes claros; ruido local pode reduzir leitura espacial."
11,2010,"DEEDE1F5","Qualitativo","StructuralVariety","3/5","Likert 1-5","Estimado automaticamente","Parametro medido sobre a saida colapsada pelo WFC.","Indica variedade estrutural dentro desta execucao.","Ponto forte potencial do WFC, principalmente na variedade local de tiles."
11,2010,"DEEDE1F5","Performance","layoutGenerationMilliseconds","60.239","ms","Medido","Tempo para colapsar o volume WFC, propagar restricoes e extrair componentes.","Representa o custo algoritmico principal.","Inclui colapso, propagacao e extracao de componentes; comparar separado da instanciacao Unity."
11,2010,"DEEDE1F5","Performance","geometryInstantiationMilliseconds","123.18","ms","Medido","Parametro medido sobre a saida colapsada pelo WFC.","A execucao incluiu custo visual.","Custo visual depende dos prefabs/Unity, nao do WFC puro."
11,2010,"DEEDE1F5","Performance","metricsCalculationMilliseconds","0.874","ms","Medido","Parametro medido sobre a saida colapsada pelo WFC.","Ajuda a quantificar custo da instrumentacao.","Custo da instrumentacao, nao do algoritmo."
11,2010,"DEEDE1F5","Performance","totalGenerationMilliseconds","184.296","ms","Medido","Parametro medido sobre a saida colapsada pelo WFC.","Inclui layout, instanciacao visual habilitada e calculo de metricas.","Inclui layout, instanciacao visual e metricas; use junto com o tempo logico."
11,2010,"DEEDE1F5","Performance","generatedGameObjectCount","12222","contagem","Medido","Parametro medido sobre a saida colapsada pelo WFC.","Indica peso potencial de instanciacao no Unity.","Reflete peso da montagem visual dos tiles colapsados."
11,2010,"DEEDE1F5","Performance","occupiedCellCount","7883","contagem","Medido","Parametro medido sobre a saida colapsada pelo WFC.","Proxy de escala espacial da dungeon.","Proxy do volume ocupado pelo colapso."
11,2010,"DEEDE1F5","Performance","connectionCount","9","contagem","Medido","Quantidade de conexoes inferidas a partir de componentes de corredor.","Proxy de complexidade topologica.","Conexoes sao inferidas apos o colapso; nao sao primitivas nativas do WFC."
11,2010,"DEEDE1F5","Performance","managedMemoryDeltaKB","31116","KB","Estimado","Parametro medido sobre a saida colapsada pelo WFC.","Valor aproximado, sensivel a GC e ao estado do Editor.","Estimativa sujeita ao GC da Unity; use como indicio comparativo."
12,2011,"8ED1D2ED","Quantitativo","numRoomsTarget","46","contagem","Medido","Extracao de componentes de celulas de sala colapsadas pelo WFC.","Tamanho estrutural da dungeon nesta execucao.","WFC nao controla salas como entidade global; salas emergem de componentes de tiles."
12,2011,"8ED1D2ED","Quantitativo","connectivityRatio","2.17%","%","Medido","Busca no grafo extraido dos componentes de sala e corredores do WFC, incluindo a espinha dorsal observada quando ativa.","Mostra se o WFC produziu uma dungeon conectada sem reparo global posterior.","WFC puro nao garante conectividade global por padrao; esta variante usa uma espinha dorsal observada como restricao inicial do proprio WFC, nao como reparo posterior."
12,2011,"8ED1D2ED","Quantitativo","verticalVariance","1.97","metros","Medido","Desvio padrao das alturas dos componentes de sala extraidos.","Ha variacao vertical mensuravel entre salas.","WFC pode representar verticalidade se o tileset tiver sockets verticais."
12,2011,"8ED1D2ED","Quantitativo","fillPercentage","96.7%","%","Medido","Celulas ocupadas por modulos WFC divididas pelo total do volume.","Indica densidade espacial da dungeon.","Densidade e resultado de pesos e compatibilidades locais, nao de controle global direto."
12,2011,"8ED1D2ED","Quantitativo","branchFactor","0.304","media","Medido","Media de conexoes por componente de sala no grafo extraido.","Layout mais linear, com poucas bifurcacoes.","Ramificacao emerge das conexoes locais; controlar grau medio diretamente exige tileset/pesos bem calibrados."
12,2011,"8ED1D2ED","Quantitativo","avgPathLength","0","metros","Medido","Distancias no grafo extraido do resultado WFC.","Distancia media a partir da sala inicial.","Caminhos sao medidos apos extrair um grafo do colapso; nao sao objetivo nativo do WFC."
12,2011,"8ED1D2ED","Quantitativo","uniqueModules","48","contagem","Medido","Contagem de modulos WFC e prefabs efetivamente usados.","Indica variedade basica de composicao.","WFC tende a ser forte em variedade local quando ha um tileset rico."
12,2011,"8ED1D2ED","Quantitativo","navigableVolumeRatio","100%","%","Estimado sem NavMesh","Estimativa logica de celulas ocupadas antes de NavMesh.","Use como estimativa inicial, nao como validacao fisica final.","Proxy logico; validacao final ainda depende de NavMesh e colisores."
12,2011,"8ED1D2ED","Quantitativo","criticalPathLength","0","metros","Medido","Maior distancia no grafo extraido a partir da sala inicial.","Aproxima o percurso principal inicio-objetivo.","Caminho critico nao e controlado diretamente pelo WFC puro."
12,2011,"8ED1D2ED","Quantitativo","avgAlternativePathLength","12","metros","Medido","Media de conexoes extras inferidas em componentes de corredor com mais de duas salas.","Ha caminhos alternativos mensuraveis.","Loops podem emergir, mas nao sao garantidos sem regras locais que favorecam ciclos."
12,2011,"8ED1D2ED","Booleano","SupportsRandomEnemySpawns","Sim, testado","sim/nao","Suportado","Parametro medido sobre a saida colapsada pelo WFC.","Sistema configurado e com orcamento ativo.","Spawns usam celulas de sala extraidas; balanceamento e camada de gameplay."
12,2011,"8ED1D2ED","Booleano","SupportsLootDistribution","Sim, testado","sim/nao","Suportado","Parametro medido sobre a saida colapsada pelo WFC.","Sistema configurado e com orcamento ativo.","Loot pode ser colocado sobre componentes de sala, mas progressao por risco nao e nativa do WFC."
12,2011,"8ED1D2ED","Booleano","SupportsTraps","Sim, testado","sim/nao","Suportado","Parametro medido sobre a saida colapsada pelo WFC.","Sistema configurado e com orcamento ativo.","Armadilhas podem usar celulas/corredores resultantes; sem semantica global nativa."
12,2011,"8ED1D2ED","Booleano","SupportsBacktrackingLoops","Nao","sim/nao","Medido","Parametro medido sobre a saida colapsada pelo WFC.","Parametro atendido quando o resultado WFC contem ciclos inferidos no grafo extraido.","WFC pode criar loops emergentes; se a metrica vier baixa, isso e uma limitacao da configuracao pura testada."
12,2011,"8ED1D2ED","Booleano","SupportsVerticalConnectors","Nao","sim/nao","Medido","Conta execucoes com pares de modulos WFC stairs_up/stairs_down conectando pavimentos.","Parametro atendido somente quando os modulos verticais do WFC aparecem conectados a salas/corredores.","Suportado quando tiles verticais e observacoes iniciais fazem parte do proprio tileset WFC, sem BSP/Room Graph."
12,2011,"8ED1D2ED","Booleano","SupportsMultiFloor","Nao","sim/nao","Medido","Conta execucoes com mais de um pavimento e conexao vertical extraida do proprio colapso.","Parametro atendido quando ha pavimentos conectados por sockets verticais do proprio WFC.","Multiandar e possivel em WFC 3D com sockets verticais, mas nao e garantido em WFC 2D simples."
12,2011,"8ED1D2ED","Booleano","SupportsBossArena","Sim","sim/nao","Medido","Parametro medido sobre a saida colapsada pelo WFC.","Existe ao menos uma sala grande o suficiente.","Arenas grandes nao sao naturais no WFC local; exigem tiles/padroes que favorecam areas amplas."
12,2011,"8ED1D2ED","Booleano","SeedReproducible","Sim","sim/nao","Medido","Parametro medido sobre a saida colapsada pelo WFC.","A seed reproduziu a mesma topologia.","O colapso e reproduzivel se todas as escolhas usam a mesma seed."
12,2011,"8ED1D2ED","Booleano","RuntimeRegeneration","Sim","sim/nao","Medido","Parametro medido sobre a saida colapsada pelo WFC.","Tempo registrado: 207.102 ms.","Custo depende do tamanho do volume, quantidade de modulos e numero de contradicoes/reinicios."
12,2011,"8ED1D2ED","Booleano","BudgetAwareSpawns","Sim","sim/nao","Suportado","Parametro medido sobre a saida colapsada pelo WFC.","Orcamentos registrados: inimigos 10, loot 6, armadilhas 4.","Orcamento e aplicado depois sobre celulas livres extraidas; nao e propriedade nativa do WFC."
12,2011,"8ED1D2ED","Qualitativo","Replayability","5/5","Likert 1-5","Estimado automaticamente","Parametro medido sobre a saida colapsada pelo WFC.","Diversidade topologica: 100%.","WFC costuma variar bem em padroes locais; diversidade topologica depende do tileset."
12,2011,"8ED1D2ED","Qualitativo","Debuggability","5/5","Likert 1-5","Estimado automaticamente","Parametro medido sobre a saida colapsada pelo WFC.","WFC e deterministico por seed, mas contradicoes e propagacao de entropia tornam a depuracao menos direta que BSP/Room Graph.","Mais dificil de depurar que BSP/Room Graph, pois erros aparecem como contradicoes de restricao."
12,2011,"8ED1D2ED","Qualitativo","Flow","1/5","Likert 1-5","Estimado automaticamente","Parametro medido sobre a saida colapsada pelo WFC.","Indica fluidez de navegacao esperada.","Fluxo global nao e garantido por restricoes locais; precisa ser medido apos o colapso."
12,2011,"8ED1D2ED","Qualitativo","Legibility","3/5","Likert 1-5","Estimado automaticamente","Parametro medido sobre a saida colapsada pelo WFC.","A legibilidade depende muito do conjunto de tiles e das restricoes locais usadas.","Boa legibilidade exige tileset com padroes claros; ruido local pode reduzir leitura espacial."
12,2011,"8ED1D2ED","Qualitativo","StructuralVariety","3/5","Likert 1-5","Estimado automaticamente","Parametro medido sobre a saida colapsada pelo WFC.","Indica variedade estrutural dentro desta execucao.","Ponto forte potencial do WFC, principalmente na variedade local de tiles."
12,2011,"8ED1D2ED","Performance","layoutGenerationMilliseconds","80.812","ms","Medido","Tempo para colapsar o volume WFC, propagar restricoes e extrair componentes.","Representa o custo algoritmico principal.","Inclui colapso, propagacao e extracao de componentes; comparar separado da instanciacao Unity."
12,2011,"8ED1D2ED","Performance","geometryInstantiationMilliseconds","125.519","ms","Medido","Parametro medido sobre a saida colapsada pelo WFC.","A execucao incluiu custo visual.","Custo visual depende dos prefabs/Unity, nao do WFC puro."
12,2011,"8ED1D2ED","Performance","metricsCalculationMilliseconds","0.767","ms","Medido","Parametro medido sobre a saida colapsada pelo WFC.","Ajuda a quantificar custo da instrumentacao.","Custo da instrumentacao, nao do algoritmo."
12,2011,"8ED1D2ED","Performance","totalGenerationMilliseconds","207.102","ms","Medido","Parametro medido sobre a saida colapsada pelo WFC.","Inclui layout, instanciacao visual habilitada e calculo de metricas.","Inclui layout, instanciacao visual e metricas; use junto com o tempo logico."
12,2011,"8ED1D2ED","Performance","generatedGameObjectCount","12415","contagem","Medido","Parametro medido sobre a saida colapsada pelo WFC.","Indica peso potencial de instanciacao no Unity.","Reflete peso da montagem visual dos tiles colapsados."
12,2011,"8ED1D2ED","Performance","occupiedCellCount","7922","contagem","Medido","Parametro medido sobre a saida colapsada pelo WFC.","Proxy de escala espacial da dungeon.","Proxy do volume ocupado pelo colapso."
12,2011,"8ED1D2ED","Performance","connectionCount","7","contagem","Medido","Quantidade de conexoes inferidas a partir de componentes de corredor.","Proxy de complexidade topologica.","Conexoes sao inferidas apos o colapso; nao sao primitivas nativas do WFC."
12,2011,"8ED1D2ED","Performance","managedMemoryDeltaKB","-83740","KB","Estimado","Parametro medido sobre a saida colapsada pelo WFC.","Valor aproximado, sensivel a GC e ao estado do Editor.","Estimativa sujeita ao GC da Unity; use como indicio comparativo."
13,2012,"6B05695C","Quantitativo","numRoomsTarget","33","contagem","Medido","Extracao de componentes de celulas de sala colapsadas pelo WFC.","Tamanho estrutural da dungeon nesta execucao.","WFC nao controla salas como entidade global; salas emergem de componentes de tiles."
13,2012,"6B05695C","Quantitativo","connectivityRatio","3.03%","%","Medido","Busca no grafo extraido dos componentes de sala e corredores do WFC, incluindo a espinha dorsal observada quando ativa.","Mostra se o WFC produziu uma dungeon conectada sem reparo global posterior.","WFC puro nao garante conectividade global por padrao; esta variante usa uma espinha dorsal observada como restricao inicial do proprio WFC, nao como reparo posterior."
13,2012,"6B05695C","Quantitativo","verticalVariance","1.999","metros","Medido","Desvio padrao das alturas dos componentes de sala extraidos.","Ha variacao vertical mensuravel entre salas.","WFC pode representar verticalidade se o tileset tiver sockets verticais."
13,2012,"6B05695C","Quantitativo","fillPercentage","96.34%","%","Medido","Celulas ocupadas por modulos WFC divididas pelo total do volume.","Indica densidade espacial da dungeon.","Densidade e resultado de pesos e compatibilidades locais, nao de controle global direto."
13,2012,"6B05695C","Quantitativo","branchFactor","0.242","media","Medido","Media de conexoes por componente de sala no grafo extraido.","Layout mais linear, com poucas bifurcacoes.","Ramificacao emerge das conexoes locais; controlar grau medio diretamente exige tileset/pesos bem calibrados."
13,2012,"6B05695C","Quantitativo","avgPathLength","0","metros","Medido","Distancias no grafo extraido do resultado WFC.","Distancia media a partir da sala inicial.","Caminhos sao medidos apos extrair um grafo do colapso; nao sao objetivo nativo do WFC."
13,2012,"6B05695C","Quantitativo","uniqueModules","48","contagem","Medido","Contagem de modulos WFC e prefabs efetivamente usados.","Indica variedade basica de composicao.","WFC tende a ser forte em variedade local quando ha um tileset rico."
13,2012,"6B05695C","Quantitativo","navigableVolumeRatio","100%","%","Estimado sem NavMesh","Estimativa logica de celulas ocupadas antes de NavMesh.","Use como estimativa inicial, nao como validacao fisica final.","Proxy logico; validacao final ainda depende de NavMesh e colisores."
13,2012,"6B05695C","Quantitativo","criticalPathLength","0","metros","Medido","Maior distancia no grafo extraido a partir da sala inicial.","Aproxima o percurso principal inicio-objetivo.","Caminho critico nao e controlado diretamente pelo WFC puro."
13,2012,"6B05695C","Quantitativo","avgAlternativePathLength","0","metros","Medido","Media de conexoes extras inferidas em componentes de corredor com mais de duas salas.","Nao houve caminho alternativo nesta execucao.","Loops podem emergir, mas nao sao garantidos sem regras locais que favorecam ciclos."
13,2012,"6B05695C","Booleano","SupportsRandomEnemySpawns","Sim, testado","sim/nao","Suportado","Parametro medido sobre a saida colapsada pelo WFC.","Sistema configurado e com orcamento ativo.","Spawns usam celulas de sala extraidas; balanceamento e camada de gameplay."
13,2012,"6B05695C","Booleano","SupportsLootDistribution","Sim, testado","sim/nao","Suportado","Parametro medido sobre a saida colapsada pelo WFC.","Sistema configurado e com orcamento ativo.","Loot pode ser colocado sobre componentes de sala, mas progressao por risco nao e nativa do WFC."
13,2012,"6B05695C","Booleano","SupportsTraps","Sim, testado","sim/nao","Suportado","Parametro medido sobre a saida colapsada pelo WFC.","Sistema configurado e com orcamento ativo.","Armadilhas podem usar celulas/corredores resultantes; sem semantica global nativa."
13,2012,"6B05695C","Booleano","SupportsBacktrackingLoops","Nao","sim/nao","Medido","Parametro medido sobre a saida colapsada pelo WFC.","Parametro atendido quando o resultado WFC contem ciclos inferidos no grafo extraido.","WFC pode criar loops emergentes; se a metrica vier baixa, isso e uma limitacao da configuracao pura testada."
13,2012,"6B05695C","Booleano","SupportsVerticalConnectors","Nao","sim/nao","Medido","Conta execucoes com pares de modulos WFC stairs_up/stairs_down conectando pavimentos.","Parametro atendido somente quando os modulos verticais do WFC aparecem conectados a salas/corredores.","Suportado quando tiles verticais e observacoes iniciais fazem parte do proprio tileset WFC, sem BSP/Room Graph."
13,2012,"6B05695C","Booleano","SupportsMultiFloor","Nao","sim/nao","Medido","Conta execucoes com mais de um pavimento e conexao vertical extraida do proprio colapso.","Parametro atendido quando ha pavimentos conectados por sockets verticais do proprio WFC.","Multiandar e possivel em WFC 3D com sockets verticais, mas nao e garantido em WFC 2D simples."
13,2012,"6B05695C","Booleano","SupportsBossArena","Sim","sim/nao","Medido","Parametro medido sobre a saida colapsada pelo WFC.","Existe ao menos uma sala grande o suficiente.","Arenas grandes nao sao naturais no WFC local; exigem tiles/padroes que favorecam areas amplas."
13,2012,"6B05695C","Booleano","SeedReproducible","Sim","sim/nao","Medido","Parametro medido sobre a saida colapsada pelo WFC.","A seed reproduziu a mesma topologia.","O colapso e reproduzivel se todas as escolhas usam a mesma seed."
13,2012,"6B05695C","Booleano","RuntimeRegeneration","Sim","sim/nao","Medido","Parametro medido sobre a saida colapsada pelo WFC.","Tempo registrado: 184.748 ms.","Custo depende do tamanho do volume, quantidade de modulos e numero de contradicoes/reinicios."
13,2012,"6B05695C","Booleano","BudgetAwareSpawns","Sim","sim/nao","Suportado","Parametro medido sobre a saida colapsada pelo WFC.","Orcamentos registrados: inimigos 10, loot 6, armadilhas 4.","Orcamento e aplicado depois sobre celulas livres extraidas; nao e propriedade nativa do WFC."
13,2012,"6B05695C","Qualitativo","Replayability","5/5","Likert 1-5","Estimado automaticamente","Parametro medido sobre a saida colapsada pelo WFC.","Diversidade topologica: 100%.","WFC costuma variar bem em padroes locais; diversidade topologica depende do tileset."
13,2012,"6B05695C","Qualitativo","Debuggability","5/5","Likert 1-5","Estimado automaticamente","Parametro medido sobre a saida colapsada pelo WFC.","WFC e deterministico por seed, mas contradicoes e propagacao de entropia tornam a depuracao menos direta que BSP/Room Graph.","Mais dificil de depurar que BSP/Room Graph, pois erros aparecem como contradicoes de restricao."
13,2012,"6B05695C","Qualitativo","Flow","1/5","Likert 1-5","Estimado automaticamente","Parametro medido sobre a saida colapsada pelo WFC.","Indica fluidez de navegacao esperada.","Fluxo global nao e garantido por restricoes locais; precisa ser medido apos o colapso."
13,2012,"6B05695C","Qualitativo","Legibility","3/5","Likert 1-5","Estimado automaticamente","Parametro medido sobre a saida colapsada pelo WFC.","A legibilidade depende muito do conjunto de tiles e das restricoes locais usadas.","Boa legibilidade exige tileset com padroes claros; ruido local pode reduzir leitura espacial."
13,2012,"6B05695C","Qualitativo","StructuralVariety","3/5","Likert 1-5","Estimado automaticamente","Parametro medido sobre a saida colapsada pelo WFC.","Indica variedade estrutural dentro desta execucao.","Ponto forte potencial do WFC, principalmente na variedade local de tiles."
13,2012,"6B05695C","Performance","layoutGenerationMilliseconds","58.634","ms","Medido","Tempo para colapsar o volume WFC, propagar restricoes e extrair componentes.","Representa o custo algoritmico principal.","Inclui colapso, propagacao e extracao de componentes; comparar separado da instanciacao Unity."
13,2012,"6B05695C","Performance","geometryInstantiationMilliseconds","125.483","ms","Medido","Parametro medido sobre a saida colapsada pelo WFC.","A execucao incluiu custo visual.","Custo visual depende dos prefabs/Unity, nao do WFC puro."
13,2012,"6B05695C","Performance","metricsCalculationMilliseconds","0.628","ms","Medido","Parametro medido sobre a saida colapsada pelo WFC.","Ajuda a quantificar custo da instrumentacao.","Custo da instrumentacao, nao do algoritmo."
13,2012,"6B05695C","Performance","totalGenerationMilliseconds","184.748","ms","Medido","Parametro medido sobre a saida colapsada pelo WFC.","Inclui layout, instanciacao visual habilitada e calculo de metricas.","Inclui layout, instanciacao visual e metricas; use junto com o tempo logico."
13,2012,"6B05695C","Performance","generatedGameObjectCount","12370","contagem","Medido","Parametro medido sobre a saida colapsada pelo WFC.","Indica peso potencial de instanciacao no Unity.","Reflete peso da montagem visual dos tiles colapsados."
13,2012,"6B05695C","Performance","occupiedCellCount","7892","contagem","Medido","Parametro medido sobre a saida colapsada pelo WFC.","Proxy de escala espacial da dungeon.","Proxy do volume ocupado pelo colapso."
13,2012,"6B05695C","Performance","connectionCount","4","contagem","Medido","Quantidade de conexoes inferidas a partir de componentes de corredor.","Proxy de complexidade topologica.","Conexoes sao inferidas apos o colapso; nao sao primitivas nativas do WFC."
13,2012,"6B05695C","Performance","managedMemoryDeltaKB","26188","KB","Estimado","Parametro medido sobre a saida colapsada pelo WFC.","Valor aproximado, sensivel a GC e ao estado do Editor.","Estimativa sujeita ao GC da Unity; use como indicio comparativo."
14,2013,"B1512C89","Quantitativo","numRoomsTarget","42","contagem","Medido","Extracao de componentes de celulas de sala colapsadas pelo WFC.","Tamanho estrutural da dungeon nesta execucao.","WFC nao controla salas como entidade global; salas emergem de componentes de tiles."
14,2013,"B1512C89","Quantitativo","connectivityRatio","2.38%","%","Medido","Busca no grafo extraido dos componentes de sala e corredores do WFC, incluindo a espinha dorsal observada quando ativa.","Mostra se o WFC produziu uma dungeon conectada sem reparo global posterior.","WFC puro nao garante conectividade global por padrao; esta variante usa uma espinha dorsal observada como restricao inicial do proprio WFC, nao como reparo posterior."
14,2013,"B1512C89","Quantitativo","verticalVariance","1.979","metros","Medido","Desvio padrao das alturas dos componentes de sala extraidos.","Ha variacao vertical mensuravel entre salas.","WFC pode representar verticalidade se o tileset tiver sockets verticais."
14,2013,"B1512C89","Quantitativo","fillPercentage","96.26%","%","Medido","Celulas ocupadas por modulos WFC divididas pelo total do volume.","Indica densidade espacial da dungeon.","Densidade e resultado de pesos e compatibilidades locais, nao de controle global direto."
14,2013,"B1512C89","Quantitativo","branchFactor","0.143","media","Medido","Media de conexoes por componente de sala no grafo extraido.","Layout mais linear, com poucas bifurcacoes.","Ramificacao emerge das conexoes locais; controlar grau medio diretamente exige tileset/pesos bem calibrados."
14,2013,"B1512C89","Quantitativo","avgPathLength","0","metros","Medido","Distancias no grafo extraido do resultado WFC.","Distancia media a partir da sala inicial.","Caminhos sao medidos apos extrair um grafo do colapso; nao sao objetivo nativo do WFC."
14,2013,"B1512C89","Quantitativo","uniqueModules","49","contagem","Medido","Contagem de modulos WFC e prefabs efetivamente usados.","Indica variedade basica de composicao.","WFC tende a ser forte em variedade local quando ha um tileset rico."
14,2013,"B1512C89","Quantitativo","navigableVolumeRatio","100%","%","Estimado sem NavMesh","Estimativa logica de celulas ocupadas antes de NavMesh.","Use como estimativa inicial, nao como validacao fisica final.","Proxy logico; validacao final ainda depende de NavMesh e colisores."
14,2013,"B1512C89","Quantitativo","criticalPathLength","0","metros","Medido","Maior distancia no grafo extraido a partir da sala inicial.","Aproxima o percurso principal inicio-objetivo.","Caminho critico nao e controlado diretamente pelo WFC puro."
14,2013,"B1512C89","Quantitativo","avgAlternativePathLength","80","metros","Medido","Media de conexoes extras inferidas em componentes de corredor com mais de duas salas.","Ha caminhos alternativos mensuraveis.","Loops podem emergir, mas nao sao garantidos sem regras locais que favorecam ciclos."
14,2013,"B1512C89","Booleano","SupportsRandomEnemySpawns","Sim, testado","sim/nao","Suportado","Parametro medido sobre a saida colapsada pelo WFC.","Sistema configurado e com orcamento ativo.","Spawns usam celulas de sala extraidas; balanceamento e camada de gameplay."
14,2013,"B1512C89","Booleano","SupportsLootDistribution","Sim, testado","sim/nao","Suportado","Parametro medido sobre a saida colapsada pelo WFC.","Sistema configurado e com orcamento ativo.","Loot pode ser colocado sobre componentes de sala, mas progressao por risco nao e nativa do WFC."
14,2013,"B1512C89","Booleano","SupportsTraps","Sim, testado","sim/nao","Suportado","Parametro medido sobre a saida colapsada pelo WFC.","Sistema configurado e com orcamento ativo.","Armadilhas podem usar celulas/corredores resultantes; sem semantica global nativa."
14,2013,"B1512C89","Booleano","SupportsBacktrackingLoops","Nao","sim/nao","Medido","Parametro medido sobre a saida colapsada pelo WFC.","Parametro atendido quando o resultado WFC contem ciclos inferidos no grafo extraido.","WFC pode criar loops emergentes; se a metrica vier baixa, isso e uma limitacao da configuracao pura testada."
14,2013,"B1512C89","Booleano","SupportsVerticalConnectors","Nao","sim/nao","Medido","Conta execucoes com pares de modulos WFC stairs_up/stairs_down conectando pavimentos.","Parametro atendido somente quando os modulos verticais do WFC aparecem conectados a salas/corredores.","Suportado quando tiles verticais e observacoes iniciais fazem parte do proprio tileset WFC, sem BSP/Room Graph."
14,2013,"B1512C89","Booleano","SupportsMultiFloor","Nao","sim/nao","Medido","Conta execucoes com mais de um pavimento e conexao vertical extraida do proprio colapso.","Parametro atendido quando ha pavimentos conectados por sockets verticais do proprio WFC.","Multiandar e possivel em WFC 3D com sockets verticais, mas nao e garantido em WFC 2D simples."
14,2013,"B1512C89","Booleano","SupportsBossArena","Sim","sim/nao","Medido","Parametro medido sobre a saida colapsada pelo WFC.","Existe ao menos uma sala grande o suficiente.","Arenas grandes nao sao naturais no WFC local; exigem tiles/padroes que favorecam areas amplas."
14,2013,"B1512C89","Booleano","SeedReproducible","Sim","sim/nao","Medido","Parametro medido sobre a saida colapsada pelo WFC.","A seed reproduziu a mesma topologia.","O colapso e reproduzivel se todas as escolhas usam a mesma seed."
14,2013,"B1512C89","Booleano","RuntimeRegeneration","Sim","sim/nao","Medido","Parametro medido sobre a saida colapsada pelo WFC.","Tempo registrado: 210.127 ms.","Custo depende do tamanho do volume, quantidade de modulos e numero de contradicoes/reinicios."
14,2013,"B1512C89","Booleano","BudgetAwareSpawns","Sim","sim/nao","Suportado","Parametro medido sobre a saida colapsada pelo WFC.","Orcamentos registrados: inimigos 10, loot 6, armadilhas 4.","Orcamento e aplicado depois sobre celulas livres extraidas; nao e propriedade nativa do WFC."
14,2013,"B1512C89","Qualitativo","Replayability","5/5","Likert 1-5","Estimado automaticamente","Parametro medido sobre a saida colapsada pelo WFC.","Diversidade topologica: 100%.","WFC costuma variar bem em padroes locais; diversidade topologica depende do tileset."
14,2013,"B1512C89","Qualitativo","Debuggability","5/5","Likert 1-5","Estimado automaticamente","Parametro medido sobre a saida colapsada pelo WFC.","WFC e deterministico por seed, mas contradicoes e propagacao de entropia tornam a depuracao menos direta que BSP/Room Graph.","Mais dificil de depurar que BSP/Room Graph, pois erros aparecem como contradicoes de restricao."
14,2013,"B1512C89","Qualitativo","Flow","1/5","Likert 1-5","Estimado automaticamente","Parametro medido sobre a saida colapsada pelo WFC.","Indica fluidez de navegacao esperada.","Fluxo global nao e garantido por restricoes locais; precisa ser medido apos o colapso."
14,2013,"B1512C89","Qualitativo","Legibility","3/5","Likert 1-5","Estimado automaticamente","Parametro medido sobre a saida colapsada pelo WFC.","A legibilidade depende muito do conjunto de tiles e das restricoes locais usadas.","Boa legibilidade exige tileset com padroes claros; ruido local pode reduzir leitura espacial."
14,2013,"B1512C89","Qualitativo","StructuralVariety","3/5","Likert 1-5","Estimado automaticamente","Parametro medido sobre a saida colapsada pelo WFC.","Indica variedade estrutural dentro desta execucao.","Ponto forte potencial do WFC, principalmente na variedade local de tiles."
14,2013,"B1512C89","Performance","layoutGenerationMilliseconds","63.348","ms","Medido","Tempo para colapsar o volume WFC, propagar restricoes e extrair componentes.","Representa o custo algoritmico principal.","Inclui colapso, propagacao e extracao de componentes; comparar separado da instanciacao Unity."
14,2013,"B1512C89","Performance","geometryInstantiationMilliseconds","146.049","ms","Medido","Parametro medido sobre a saida colapsada pelo WFC.","A execucao incluiu custo visual.","Custo visual depende dos prefabs/Unity, nao do WFC puro."
14,2013,"B1512C89","Performance","metricsCalculationMilliseconds","0.725","ms","Medido","Parametro medido sobre a saida colapsada pelo WFC.","Ajuda a quantificar custo da instrumentacao.","Custo da instrumentacao, nao do algoritmo."
14,2013,"B1512C89","Performance","totalGenerationMilliseconds","210.127","ms","Medido","Parametro medido sobre a saida colapsada pelo WFC.","Inclui layout, instanciacao visual habilitada e calculo de metricas.","Inclui layout, instanciacao visual e metricas; use junto com o tempo logico."
14,2013,"B1512C89","Performance","generatedGameObjectCount","12471","contagem","Medido","Parametro medido sobre a saida colapsada pelo WFC.","Indica peso potencial de instanciacao no Unity.","Reflete peso da montagem visual dos tiles colapsados."
14,2013,"B1512C89","Performance","occupiedCellCount","7886","contagem","Medido","Parametro medido sobre a saida colapsada pelo WFC.","Proxy de escala espacial da dungeon.","Proxy do volume ocupado pelo colapso."
14,2013,"B1512C89","Performance","connectionCount","3","contagem","Medido","Quantidade de conexoes inferidas a partir de componentes de corredor.","Proxy de complexidade topologica.","Conexoes sao inferidas apos o colapso; nao sao primitivas nativas do WFC."
14,2013,"B1512C89","Performance","managedMemoryDeltaKB","30368","KB","Estimado","Parametro medido sobre a saida colapsada pelo WFC.","Valor aproximado, sensivel a GC e ao estado do Editor.","Estimativa sujeita ao GC da Unity; use como indicio comparativo."
15,2014,"817CEF4F","Quantitativo","numRoomsTarget","45","contagem","Medido","Extracao de componentes de celulas de sala colapsadas pelo WFC.","Tamanho estrutural da dungeon nesta execucao.","WFC nao controla salas como entidade global; salas emergem de componentes de tiles."
15,2014,"817CEF4F","Quantitativo","connectivityRatio","6.67%","%","Medido","Busca no grafo extraido dos componentes de sala e corredores do WFC, incluindo a espinha dorsal observada quando ativa.","Mostra se o WFC produziu uma dungeon conectada sem reparo global posterior.","WFC puro nao garante conectividade global por padrao; esta variante usa uma espinha dorsal observada como restricao inicial do proprio WFC, nao como reparo posterior."
15,2014,"817CEF4F","Quantitativo","verticalVariance","1.915","metros","Medido","Desvio padrao das alturas dos componentes de sala extraidos.","Ha variacao vertical mensuravel entre salas.","WFC pode representar verticalidade se o tileset tiver sockets verticais."
15,2014,"817CEF4F","Quantitativo","fillPercentage","96.37%","%","Medido","Celulas ocupadas por modulos WFC divididas pelo total do volume.","Indica densidade espacial da dungeon.","Densidade e resultado de pesos e compatibilidades locais, nao de controle global direto."
15,2014,"817CEF4F","Quantitativo","branchFactor","0.4","media","Medido","Media de conexoes por componente de sala no grafo extraido.","Layout mais linear, com poucas bifurcacoes.","Ramificacao emerge das conexoes locais; controlar grau medio diretamente exige tileset/pesos bem calibrados."
15,2014,"817CEF4F","Quantitativo","avgPathLength","14","metros","Medido","Distancias no grafo extraido do resultado WFC.","Distancia media a partir da sala inicial.","Caminhos sao medidos apos extrair um grafo do colapso; nao sao objetivo nativo do WFC."
15,2014,"817CEF4F","Quantitativo","uniqueModules","48","contagem","Medido","Contagem de modulos WFC e prefabs efetivamente usados.","Indica variedade basica de composicao.","WFC tende a ser forte em variedade local quando ha um tileset rico."
15,2014,"817CEF4F","Quantitativo","navigableVolumeRatio","100%","%","Estimado sem NavMesh","Estimativa logica de celulas ocupadas antes de NavMesh.","Use como estimativa inicial, nao como validacao fisica final.","Proxy logico; validacao final ainda depende de NavMesh e colisores."
15,2014,"817CEF4F","Quantitativo","criticalPathLength","24","metros","Medido","Maior distancia no grafo extraido a partir da sala inicial.","Aproxima o percurso principal inicio-objetivo.","Caminho critico nao e controlado diretamente pelo WFC puro."
15,2014,"817CEF4F","Quantitativo","avgAlternativePathLength","8","metros","Medido","Media de conexoes extras inferidas em componentes de corredor com mais de duas salas.","Ha caminhos alternativos mensuraveis.","Loops podem emergir, mas nao sao garantidos sem regras locais que favorecam ciclos."
15,2014,"817CEF4F","Booleano","SupportsRandomEnemySpawns","Sim, testado","sim/nao","Suportado","Parametro medido sobre a saida colapsada pelo WFC.","Sistema configurado e com orcamento ativo.","Spawns usam celulas de sala extraidas; balanceamento e camada de gameplay."
15,2014,"817CEF4F","Booleano","SupportsLootDistribution","Sim, testado","sim/nao","Suportado","Parametro medido sobre a saida colapsada pelo WFC.","Sistema configurado e com orcamento ativo.","Loot pode ser colocado sobre componentes de sala, mas progressao por risco nao e nativa do WFC."
15,2014,"817CEF4F","Booleano","SupportsTraps","Sim, testado","sim/nao","Suportado","Parametro medido sobre a saida colapsada pelo WFC.","Sistema configurado e com orcamento ativo.","Armadilhas podem usar celulas/corredores resultantes; sem semantica global nativa."
15,2014,"817CEF4F","Booleano","SupportsBacktrackingLoops","Nao","sim/nao","Medido","Parametro medido sobre a saida colapsada pelo WFC.","Parametro atendido quando o resultado WFC contem ciclos inferidos no grafo extraido.","WFC pode criar loops emergentes; se a metrica vier baixa, isso e uma limitacao da configuracao pura testada."
15,2014,"817CEF4F","Booleano","SupportsVerticalConnectors","Nao","sim/nao","Medido","Conta execucoes com pares de modulos WFC stairs_up/stairs_down conectando pavimentos.","Parametro atendido somente quando os modulos verticais do WFC aparecem conectados a salas/corredores.","Suportado quando tiles verticais e observacoes iniciais fazem parte do proprio tileset WFC, sem BSP/Room Graph."
15,2014,"817CEF4F","Booleano","SupportsMultiFloor","Nao","sim/nao","Medido","Conta execucoes com mais de um pavimento e conexao vertical extraida do proprio colapso.","Parametro atendido quando ha pavimentos conectados por sockets verticais do proprio WFC.","Multiandar e possivel em WFC 3D com sockets verticais, mas nao e garantido em WFC 2D simples."
15,2014,"817CEF4F","Booleano","SupportsBossArena","Sim","sim/nao","Medido","Parametro medido sobre a saida colapsada pelo WFC.","Existe ao menos uma sala grande o suficiente.","Arenas grandes nao sao naturais no WFC local; exigem tiles/padroes que favorecam areas amplas."
15,2014,"817CEF4F","Booleano","SeedReproducible","Sim","sim/nao","Medido","Parametro medido sobre a saida colapsada pelo WFC.","A seed reproduziu a mesma topologia.","O colapso e reproduzivel se todas as escolhas usam a mesma seed."
15,2014,"817CEF4F","Booleano","RuntimeRegeneration","Sim","sim/nao","Medido","Parametro medido sobre a saida colapsada pelo WFC.","Tempo registrado: 196.057 ms.","Custo depende do tamanho do volume, quantidade de modulos e numero de contradicoes/reinicios."
15,2014,"817CEF4F","Booleano","BudgetAwareSpawns","Sim","sim/nao","Suportado","Parametro medido sobre a saida colapsada pelo WFC.","Orcamentos registrados: inimigos 10, loot 6, armadilhas 4.","Orcamento e aplicado depois sobre celulas livres extraidas; nao e propriedade nativa do WFC."
15,2014,"817CEF4F","Qualitativo","Replayability","5/5","Likert 1-5","Estimado automaticamente","Parametro medido sobre a saida colapsada pelo WFC.","Diversidade topologica: 100%.","WFC costuma variar bem em padroes locais; diversidade topologica depende do tileset."
15,2014,"817CEF4F","Qualitativo","Debuggability","5/5","Likert 1-5","Estimado automaticamente","Parametro medido sobre a saida colapsada pelo WFC.","WFC e deterministico por seed, mas contradicoes e propagacao de entropia tornam a depuracao menos direta que BSP/Room Graph.","Mais dificil de depurar que BSP/Room Graph, pois erros aparecem como contradicoes de restricao."
15,2014,"817CEF4F","Qualitativo","Flow","2/5","Likert 1-5","Estimado automaticamente","Parametro medido sobre a saida colapsada pelo WFC.","Indica fluidez de navegacao esperada.","Fluxo global nao e garantido por restricoes locais; precisa ser medido apos o colapso."
15,2014,"817CEF4F","Qualitativo","Legibility","3/5","Likert 1-5","Estimado automaticamente","Parametro medido sobre a saida colapsada pelo WFC.","A legibilidade depende muito do conjunto de tiles e das restricoes locais usadas.","Boa legibilidade exige tileset com padroes claros; ruido local pode reduzir leitura espacial."
15,2014,"817CEF4F","Qualitativo","StructuralVariety","3/5","Likert 1-5","Estimado automaticamente","Parametro medido sobre a saida colapsada pelo WFC.","Indica variedade estrutural dentro desta execucao.","Ponto forte potencial do WFC, principalmente na variedade local de tiles."
15,2014,"817CEF4F","Performance","layoutGenerationMilliseconds","62.131","ms","Medido","Tempo para colapsar o volume WFC, propagar restricoes e extrair componentes.","Representa o custo algoritmico principal.","Inclui colapso, propagacao e extracao de componentes; comparar separado da instanciacao Unity."
15,2014,"817CEF4F","Performance","geometryInstantiationMilliseconds","133.158","ms","Medido","Parametro medido sobre a saida colapsada pelo WFC.","A execucao incluiu custo visual.","Custo visual depende dos prefabs/Unity, nao do WFC puro."
15,2014,"817CEF4F","Performance","metricsCalculationMilliseconds","0.764","ms","Medido","Parametro medido sobre a saida colapsada pelo WFC.","Ajuda a quantificar custo da instrumentacao.","Custo da instrumentacao, nao do algoritmo."
15,2014,"817CEF4F","Performance","totalGenerationMilliseconds","196.057","ms","Medido","Parametro medido sobre a saida colapsada pelo WFC.","Inclui layout, instanciacao visual habilitada e calculo de metricas.","Inclui layout, instanciacao visual e metricas; use junto com o tempo logico."
15,2014,"817CEF4F","Performance","generatedGameObjectCount","12376","contagem","Medido","Parametro medido sobre a saida colapsada pelo WFC.","Indica peso potencial de instanciacao no Unity.","Reflete peso da montagem visual dos tiles colapsados."
15,2014,"817CEF4F","Performance","occupiedCellCount","7895","contagem","Medido","Parametro medido sobre a saida colapsada pelo WFC.","Proxy de escala espacial da dungeon.","Proxy do volume ocupado pelo colapso."
15,2014,"817CEF4F","Performance","connectionCount","9","contagem","Medido","Quantidade de conexoes inferidas a partir de componentes de corredor.","Proxy de complexidade topologica.","Conexoes sao inferidas apos o colapso; nao sao primitivas nativas do WFC."
15,2014,"817CEF4F","Performance","managedMemoryDeltaKB","30800","KB","Estimado","Parametro medido sobre a saida colapsada pelo WFC.","Valor aproximado, sensivel a GC e ao estado do Editor.","Estimativa sujeita ao GC da Unity; use como indicio comparativo."
16,2015,"63748D78","Quantitativo","numRoomsTarget","41","contagem","Medido","Extracao de componentes de celulas de sala colapsadas pelo WFC.","Tamanho estrutural da dungeon nesta execucao.","WFC nao controla salas como entidade global; salas emergem de componentes de tiles."
16,2015,"63748D78","Quantitativo","connectivityRatio","2.44%","%","Medido","Busca no grafo extraido dos componentes de sala e corredores do WFC, incluindo a espinha dorsal observada quando ativa.","Mostra se o WFC produziu uma dungeon conectada sem reparo global posterior.","WFC puro nao garante conectividade global por padrao; esta variante usa uma espinha dorsal observada como restricao inicial do proprio WFC, nao como reparo posterior."
16,2015,"63748D78","Quantitativo","verticalVariance","1.971","metros","Medido","Desvio padrao das alturas dos componentes de sala extraidos.","Ha variacao vertical mensuravel entre salas.","WFC pode representar verticalidade se o tileset tiver sockets verticais."
16,2015,"63748D78","Quantitativo","fillPercentage","97.64%","%","Medido","Celulas ocupadas por modulos WFC divididas pelo total do volume.","Indica densidade espacial da dungeon.","Densidade e resultado de pesos e compatibilidades locais, nao de controle global direto."
16,2015,"63748D78","Quantitativo","branchFactor","0.293","media","Medido","Media de conexoes por componente de sala no grafo extraido.","Layout mais linear, com poucas bifurcacoes.","Ramificacao emerge das conexoes locais; controlar grau medio diretamente exige tileset/pesos bem calibrados."
16,2015,"63748D78","Quantitativo","avgPathLength","0","metros","Medido","Distancias no grafo extraido do resultado WFC.","Distancia media a partir da sala inicial.","Caminhos sao medidos apos extrair um grafo do colapso; nao sao objetivo nativo do WFC."
16,2015,"63748D78","Quantitativo","uniqueModules","44","contagem","Medido","Contagem de modulos WFC e prefabs efetivamente usados.","Indica variedade basica de composicao.","WFC tende a ser forte em variedade local quando ha um tileset rico."
16,2015,"63748D78","Quantitativo","navigableVolumeRatio","100%","%","Estimado sem NavMesh","Estimativa logica de celulas ocupadas antes de NavMesh.","Use como estimativa inicial, nao como validacao fisica final.","Proxy logico; validacao final ainda depende de NavMesh e colisores."
16,2015,"63748D78","Quantitativo","criticalPathLength","0","metros","Medido","Maior distancia no grafo extraido a partir da sala inicial.","Aproxima o percurso principal inicio-objetivo.","Caminho critico nao e controlado diretamente pelo WFC puro."
16,2015,"63748D78","Quantitativo","avgAlternativePathLength","0","metros","Medido","Media de conexoes extras inferidas em componentes de corredor com mais de duas salas.","Nao houve caminho alternativo nesta execucao.","Loops podem emergir, mas nao sao garantidos sem regras locais que favorecam ciclos."
16,2015,"63748D78","Booleano","SupportsRandomEnemySpawns","Sim, testado","sim/nao","Suportado","Parametro medido sobre a saida colapsada pelo WFC.","Sistema configurado e com orcamento ativo.","Spawns usam celulas de sala extraidas; balanceamento e camada de gameplay."
16,2015,"63748D78","Booleano","SupportsLootDistribution","Sim, testado","sim/nao","Suportado","Parametro medido sobre a saida colapsada pelo WFC.","Sistema configurado e com orcamento ativo.","Loot pode ser colocado sobre componentes de sala, mas progressao por risco nao e nativa do WFC."
16,2015,"63748D78","Booleano","SupportsTraps","Sim, testado","sim/nao","Suportado","Parametro medido sobre a saida colapsada pelo WFC.","Sistema configurado e com orcamento ativo.","Armadilhas podem usar celulas/corredores resultantes; sem semantica global nativa."
16,2015,"63748D78","Booleano","SupportsBacktrackingLoops","Nao","sim/nao","Medido","Parametro medido sobre a saida colapsada pelo WFC.","Parametro atendido quando o resultado WFC contem ciclos inferidos no grafo extraido.","WFC pode criar loops emergentes; se a metrica vier baixa, isso e uma limitacao da configuracao pura testada."
16,2015,"63748D78","Booleano","SupportsVerticalConnectors","Nao","sim/nao","Medido","Conta execucoes com pares de modulos WFC stairs_up/stairs_down conectando pavimentos.","Parametro atendido somente quando os modulos verticais do WFC aparecem conectados a salas/corredores.","Suportado quando tiles verticais e observacoes iniciais fazem parte do proprio tileset WFC, sem BSP/Room Graph."
16,2015,"63748D78","Booleano","SupportsMultiFloor","Nao","sim/nao","Medido","Conta execucoes com mais de um pavimento e conexao vertical extraida do proprio colapso.","Parametro atendido quando ha pavimentos conectados por sockets verticais do proprio WFC.","Multiandar e possivel em WFC 3D com sockets verticais, mas nao e garantido em WFC 2D simples."
16,2015,"63748D78","Booleano","SupportsBossArena","Sim","sim/nao","Medido","Parametro medido sobre a saida colapsada pelo WFC.","Existe ao menos uma sala grande o suficiente.","Arenas grandes nao sao naturais no WFC local; exigem tiles/padroes que favorecam areas amplas."
16,2015,"63748D78","Booleano","SeedReproducible","Sim","sim/nao","Medido","Parametro medido sobre a saida colapsada pelo WFC.","A seed reproduziu a mesma topologia.","O colapso e reproduzivel se todas as escolhas usam a mesma seed."
16,2015,"63748D78","Booleano","RuntimeRegeneration","Sim","sim/nao","Medido","Parametro medido sobre a saida colapsada pelo WFC.","Tempo registrado: 226.393 ms.","Custo depende do tamanho do volume, quantidade de modulos e numero de contradicoes/reinicios."
16,2015,"63748D78","Booleano","BudgetAwareSpawns","Sim","sim/nao","Suportado","Parametro medido sobre a saida colapsada pelo WFC.","Orcamentos registrados: inimigos 10, loot 6, armadilhas 4.","Orcamento e aplicado depois sobre celulas livres extraidas; nao e propriedade nativa do WFC."
16,2015,"63748D78","Qualitativo","Replayability","5/5","Likert 1-5","Estimado automaticamente","Parametro medido sobre a saida colapsada pelo WFC.","Diversidade topologica: 100%.","WFC costuma variar bem em padroes locais; diversidade topologica depende do tileset."
16,2015,"63748D78","Qualitativo","Debuggability","5/5","Likert 1-5","Estimado automaticamente","Parametro medido sobre a saida colapsada pelo WFC.","WFC e deterministico por seed, mas contradicoes e propagacao de entropia tornam a depuracao menos direta que BSP/Room Graph.","Mais dificil de depurar que BSP/Room Graph, pois erros aparecem como contradicoes de restricao."
16,2015,"63748D78","Qualitativo","Flow","1/5","Likert 1-5","Estimado automaticamente","Parametro medido sobre a saida colapsada pelo WFC.","Indica fluidez de navegacao esperada.","Fluxo global nao e garantido por restricoes locais; precisa ser medido apos o colapso."
16,2015,"63748D78","Qualitativo","Legibility","3/5","Likert 1-5","Estimado automaticamente","Parametro medido sobre a saida colapsada pelo WFC.","A legibilidade depende muito do conjunto de tiles e das restricoes locais usadas.","Boa legibilidade exige tileset com padroes claros; ruido local pode reduzir leitura espacial."
16,2015,"63748D78","Qualitativo","StructuralVariety","3/5","Likert 1-5","Estimado automaticamente","Parametro medido sobre a saida colapsada pelo WFC.","Indica variedade estrutural dentro desta execucao.","Ponto forte potencial do WFC, principalmente na variedade local de tiles."
16,2015,"63748D78","Performance","layoutGenerationMilliseconds","79.483","ms","Medido","Tempo para colapsar o volume WFC, propagar restricoes e extrair componentes.","Representa o custo algoritmico principal.","Inclui colapso, propagacao e extracao de componentes; comparar separado da instanciacao Unity."
16,2015,"63748D78","Performance","geometryInstantiationMilliseconds","146.188","ms","Medido","Parametro medido sobre a saida colapsada pelo WFC.","A execucao incluiu custo visual.","Custo visual depende dos prefabs/Unity, nao do WFC puro."
16,2015,"63748D78","Performance","metricsCalculationMilliseconds","0.718","ms","Medido","Parametro medido sobre a saida colapsada pelo WFC.","Ajuda a quantificar custo da instrumentacao.","Custo da instrumentacao, nao do algoritmo."
16,2015,"63748D78","Performance","totalGenerationMilliseconds","226.393","ms","Medido","Parametro medido sobre a saida colapsada pelo WFC.","Inclui layout, instanciacao visual habilitada e calculo de metricas.","Inclui layout, instanciacao visual e metricas; use junto com o tempo logico."
16,2015,"63748D78","Performance","generatedGameObjectCount","12578","contagem","Medido","Parametro medido sobre a saida colapsada pelo WFC.","Indica peso potencial de instanciacao no Unity.","Reflete peso da montagem visual dos tiles colapsados."
16,2015,"63748D78","Performance","occupiedCellCount","7999","contagem","Medido","Parametro medido sobre a saida colapsada pelo WFC.","Proxy de escala espacial da dungeon.","Proxy do volume ocupado pelo colapso."
16,2015,"63748D78","Performance","connectionCount","6","contagem","Medido","Quantidade de conexoes inferidas a partir de componentes de corredor.","Proxy de complexidade topologica.","Conexoes sao inferidas apos o colapso; nao sao primitivas nativas do WFC."
16,2015,"63748D78","Performance","managedMemoryDeltaKB","-83984","KB","Estimado","Parametro medido sobre a saida colapsada pelo WFC.","Valor aproximado, sensivel a GC e ao estado do Editor.","Estimativa sujeita ao GC da Unity; use como indicio comparativo."
17,2016,"A8F968F1","Quantitativo","numRoomsTarget","45","contagem","Medido","Extracao de componentes de celulas de sala colapsadas pelo WFC.","Tamanho estrutural da dungeon nesta execucao.","WFC nao controla salas como entidade global; salas emergem de componentes de tiles."
17,2016,"A8F968F1","Quantitativo","connectivityRatio","2.22%","%","Medido","Busca no grafo extraido dos componentes de sala e corredores do WFC, incluindo a espinha dorsal observada quando ativa.","Mostra se o WFC produziu uma dungeon conectada sem reparo global posterior.","WFC puro nao garante conectividade global por padrao; esta variante usa uma espinha dorsal observada como restricao inicial do proprio WFC, nao como reparo posterior."
17,2016,"A8F968F1","Quantitativo","verticalVariance","1.976","metros","Medido","Desvio padrao das alturas dos componentes de sala extraidos.","Ha variacao vertical mensuravel entre salas.","WFC pode representar verticalidade se o tileset tiver sockets verticais."
17,2016,"A8F968F1","Quantitativo","fillPercentage","96.98%","%","Medido","Celulas ocupadas por modulos WFC divididas pelo total do volume.","Indica densidade espacial da dungeon.","Densidade e resultado de pesos e compatibilidades locais, nao de controle global direto."
17,2016,"A8F968F1","Quantitativo","branchFactor","0.444","media","Medido","Media de conexoes por componente de sala no grafo extraido.","Layout mais linear, com poucas bifurcacoes.","Ramificacao emerge das conexoes locais; controlar grau medio diretamente exige tileset/pesos bem calibrados."
17,2016,"A8F968F1","Quantitativo","avgPathLength","0","metros","Medido","Distancias no grafo extraido do resultado WFC.","Distancia media a partir da sala inicial.","Caminhos sao medidos apos extrair um grafo do colapso; nao sao objetivo nativo do WFC."
17,2016,"A8F968F1","Quantitativo","uniqueModules","49","contagem","Medido","Contagem de modulos WFC e prefabs efetivamente usados.","Indica variedade basica de composicao.","WFC tende a ser forte em variedade local quando ha um tileset rico."
17,2016,"A8F968F1","Quantitativo","navigableVolumeRatio","100%","%","Estimado sem NavMesh","Estimativa logica de celulas ocupadas antes de NavMesh.","Use como estimativa inicial, nao como validacao fisica final.","Proxy logico; validacao final ainda depende de NavMesh e colisores."
17,2016,"A8F968F1","Quantitativo","criticalPathLength","0","metros","Medido","Maior distancia no grafo extraido a partir da sala inicial.","Aproxima o percurso principal inicio-objetivo.","Caminho critico nao e controlado diretamente pelo WFC puro."
17,2016,"A8F968F1","Quantitativo","avgAlternativePathLength","22","metros","Medido","Media de conexoes extras inferidas em componentes de corredor com mais de duas salas.","Ha caminhos alternativos mensuraveis.","Loops podem emergir, mas nao sao garantidos sem regras locais que favorecam ciclos."
17,2016,"A8F968F1","Booleano","SupportsRandomEnemySpawns","Sim, testado","sim/nao","Suportado","Parametro medido sobre a saida colapsada pelo WFC.","Sistema configurado e com orcamento ativo.","Spawns usam celulas de sala extraidas; balanceamento e camada de gameplay."
17,2016,"A8F968F1","Booleano","SupportsLootDistribution","Sim, testado","sim/nao","Suportado","Parametro medido sobre a saida colapsada pelo WFC.","Sistema configurado e com orcamento ativo.","Loot pode ser colocado sobre componentes de sala, mas progressao por risco nao e nativa do WFC."
17,2016,"A8F968F1","Booleano","SupportsTraps","Sim, testado","sim/nao","Suportado","Parametro medido sobre a saida colapsada pelo WFC.","Sistema configurado e com orcamento ativo.","Armadilhas podem usar celulas/corredores resultantes; sem semantica global nativa."
17,2016,"A8F968F1","Booleano","SupportsBacktrackingLoops","Nao","sim/nao","Medido","Parametro medido sobre a saida colapsada pelo WFC.","Parametro atendido quando o resultado WFC contem ciclos inferidos no grafo extraido.","WFC pode criar loops emergentes; se a metrica vier baixa, isso e uma limitacao da configuracao pura testada."
17,2016,"A8F968F1","Booleano","SupportsVerticalConnectors","Nao","sim/nao","Medido","Conta execucoes com pares de modulos WFC stairs_up/stairs_down conectando pavimentos.","Parametro atendido somente quando os modulos verticais do WFC aparecem conectados a salas/corredores.","Suportado quando tiles verticais e observacoes iniciais fazem parte do proprio tileset WFC, sem BSP/Room Graph."
17,2016,"A8F968F1","Booleano","SupportsMultiFloor","Nao","sim/nao","Medido","Conta execucoes com mais de um pavimento e conexao vertical extraida do proprio colapso.","Parametro atendido quando ha pavimentos conectados por sockets verticais do proprio WFC.","Multiandar e possivel em WFC 3D com sockets verticais, mas nao e garantido em WFC 2D simples."
17,2016,"A8F968F1","Booleano","SupportsBossArena","Sim","sim/nao","Medido","Parametro medido sobre a saida colapsada pelo WFC.","Existe ao menos uma sala grande o suficiente.","Arenas grandes nao sao naturais no WFC local; exigem tiles/padroes que favorecam areas amplas."
17,2016,"A8F968F1","Booleano","SeedReproducible","Sim","sim/nao","Medido","Parametro medido sobre a saida colapsada pelo WFC.","A seed reproduziu a mesma topologia.","O colapso e reproduzivel se todas as escolhas usam a mesma seed."
17,2016,"A8F968F1","Booleano","RuntimeRegeneration","Sim","sim/nao","Medido","Parametro medido sobre a saida colapsada pelo WFC.","Tempo registrado: 196.478 ms.","Custo depende do tamanho do volume, quantidade de modulos e numero de contradicoes/reinicios."
17,2016,"A8F968F1","Booleano","BudgetAwareSpawns","Sim","sim/nao","Suportado","Parametro medido sobre a saida colapsada pelo WFC.","Orcamentos registrados: inimigos 10, loot 6, armadilhas 4.","Orcamento e aplicado depois sobre celulas livres extraidas; nao e propriedade nativa do WFC."
17,2016,"A8F968F1","Qualitativo","Replayability","5/5","Likert 1-5","Estimado automaticamente","Parametro medido sobre a saida colapsada pelo WFC.","Diversidade topologica: 100%.","WFC costuma variar bem em padroes locais; diversidade topologica depende do tileset."
17,2016,"A8F968F1","Qualitativo","Debuggability","5/5","Likert 1-5","Estimado automaticamente","Parametro medido sobre a saida colapsada pelo WFC.","WFC e deterministico por seed, mas contradicoes e propagacao de entropia tornam a depuracao menos direta que BSP/Room Graph.","Mais dificil de depurar que BSP/Room Graph, pois erros aparecem como contradicoes de restricao."
17,2016,"A8F968F1","Qualitativo","Flow","1/5","Likert 1-5","Estimado automaticamente","Parametro medido sobre a saida colapsada pelo WFC.","Indica fluidez de navegacao esperada.","Fluxo global nao e garantido por restricoes locais; precisa ser medido apos o colapso."
17,2016,"A8F968F1","Qualitativo","Legibility","3/5","Likert 1-5","Estimado automaticamente","Parametro medido sobre a saida colapsada pelo WFC.","A legibilidade depende muito do conjunto de tiles e das restricoes locais usadas.","Boa legibilidade exige tileset com padroes claros; ruido local pode reduzir leitura espacial."
17,2016,"A8F968F1","Qualitativo","StructuralVariety","3/5","Likert 1-5","Estimado automaticamente","Parametro medido sobre a saida colapsada pelo WFC.","Indica variedade estrutural dentro desta execucao.","Ponto forte potencial do WFC, principalmente na variedade local de tiles."
17,2016,"A8F968F1","Performance","layoutGenerationMilliseconds","65.33","ms","Medido","Tempo para colapsar o volume WFC, propagar restricoes e extrair componentes.","Representa o custo algoritmico principal.","Inclui colapso, propagacao e extracao de componentes; comparar separado da instanciacao Unity."
17,2016,"A8F968F1","Performance","geometryInstantiationMilliseconds","130.308","ms","Medido","Parametro medido sobre a saida colapsada pelo WFC.","A execucao incluiu custo visual.","Custo visual depende dos prefabs/Unity, nao do WFC puro."
17,2016,"A8F968F1","Performance","metricsCalculationMilliseconds","0.836","ms","Medido","Parametro medido sobre a saida colapsada pelo WFC.","Ajuda a quantificar custo da instrumentacao.","Custo da instrumentacao, nao do algoritmo."
17,2016,"A8F968F1","Performance","totalGenerationMilliseconds","196.478","ms","Medido","Parametro medido sobre a saida colapsada pelo WFC.","Inclui layout, instanciacao visual habilitada e calculo de metricas.","Inclui layout, instanciacao visual e metricas; use junto com o tempo logico."
17,2016,"A8F968F1","Performance","generatedGameObjectCount","12289","contagem","Medido","Parametro medido sobre a saida colapsada pelo WFC.","Indica peso potencial de instanciacao no Unity.","Reflete peso da montagem visual dos tiles colapsados."
17,2016,"A8F968F1","Performance","occupiedCellCount","7945","contagem","Medido","Parametro medido sobre a saida colapsada pelo WFC.","Proxy de escala espacial da dungeon.","Proxy do volume ocupado pelo colapso."
17,2016,"A8F968F1","Performance","connectionCount","10","contagem","Medido","Quantidade de conexoes inferidas a partir de componentes de corredor.","Proxy de complexidade topologica.","Conexoes sao inferidas apos o colapso; nao sao primitivas nativas do WFC."
17,2016,"A8F968F1","Performance","managedMemoryDeltaKB","26620","KB","Estimado","Parametro medido sobre a saida colapsada pelo WFC.","Valor aproximado, sensivel a GC e ao estado do Editor.","Estimativa sujeita ao GC da Unity; use como indicio comparativo."
18,2017,"9FDE84EE","Quantitativo","numRoomsTarget","47","contagem","Medido","Extracao de componentes de celulas de sala colapsadas pelo WFC.","Tamanho estrutural da dungeon nesta execucao.","WFC nao controla salas como entidade global; salas emergem de componentes de tiles."
18,2017,"9FDE84EE","Quantitativo","connectivityRatio","2.13%","%","Medido","Busca no grafo extraido dos componentes de sala e corredores do WFC, incluindo a espinha dorsal observada quando ativa.","Mostra se o WFC produziu uma dungeon conectada sem reparo global posterior.","WFC puro nao garante conectividade global por padrao; esta variante usa uma espinha dorsal observada como restricao inicial do proprio WFC, nao como reparo posterior."
18,2017,"9FDE84EE","Quantitativo","verticalVariance","1.989","metros","Medido","Desvio padrao das alturas dos componentes de sala extraidos.","Ha variacao vertical mensuravel entre salas.","WFC pode representar verticalidade se o tileset tiver sockets verticais."
18,2017,"9FDE84EE","Quantitativo","fillPercentage","97.16%","%","Medido","Celulas ocupadas por modulos WFC divididas pelo total do volume.","Indica densidade espacial da dungeon.","Densidade e resultado de pesos e compatibilidades locais, nao de controle global direto."
18,2017,"9FDE84EE","Quantitativo","branchFactor","0.255","media","Medido","Media de conexoes por componente de sala no grafo extraido.","Layout mais linear, com poucas bifurcacoes.","Ramificacao emerge das conexoes locais; controlar grau medio diretamente exige tileset/pesos bem calibrados."
18,2017,"9FDE84EE","Quantitativo","avgPathLength","0","metros","Medido","Distancias no grafo extraido do resultado WFC.","Distancia media a partir da sala inicial.","Caminhos sao medidos apos extrair um grafo do colapso; nao sao objetivo nativo do WFC."
18,2017,"9FDE84EE","Quantitativo","uniqueModules","49","contagem","Medido","Contagem de modulos WFC e prefabs efetivamente usados.","Indica variedade basica de composicao.","WFC tende a ser forte em variedade local quando ha um tileset rico."
18,2017,"9FDE84EE","Quantitativo","navigableVolumeRatio","100%","%","Estimado sem NavMesh","Estimativa logica de celulas ocupadas antes de NavMesh.","Use como estimativa inicial, nao como validacao fisica final.","Proxy logico; validacao final ainda depende de NavMesh e colisores."
18,2017,"9FDE84EE","Quantitativo","criticalPathLength","0","metros","Medido","Maior distancia no grafo extraido a partir da sala inicial.","Aproxima o percurso principal inicio-objetivo.","Caminho critico nao e controlado diretamente pelo WFC puro."
18,2017,"9FDE84EE","Quantitativo","avgAlternativePathLength","22","metros","Medido","Media de conexoes extras inferidas em componentes de corredor com mais de duas salas.","Ha caminhos alternativos mensuraveis.","Loops podem emergir, mas nao sao garantidos sem regras locais que favorecam ciclos."
18,2017,"9FDE84EE","Booleano","SupportsRandomEnemySpawns","Sim, testado","sim/nao","Suportado","Parametro medido sobre a saida colapsada pelo WFC.","Sistema configurado e com orcamento ativo.","Spawns usam celulas de sala extraidas; balanceamento e camada de gameplay."
18,2017,"9FDE84EE","Booleano","SupportsLootDistribution","Sim, testado","sim/nao","Suportado","Parametro medido sobre a saida colapsada pelo WFC.","Sistema configurado e com orcamento ativo.","Loot pode ser colocado sobre componentes de sala, mas progressao por risco nao e nativa do WFC."
18,2017,"9FDE84EE","Booleano","SupportsTraps","Sim, testado","sim/nao","Suportado","Parametro medido sobre a saida colapsada pelo WFC.","Sistema configurado e com orcamento ativo.","Armadilhas podem usar celulas/corredores resultantes; sem semantica global nativa."
18,2017,"9FDE84EE","Booleano","SupportsBacktrackingLoops","Nao","sim/nao","Medido","Parametro medido sobre a saida colapsada pelo WFC.","Parametro atendido quando o resultado WFC contem ciclos inferidos no grafo extraido.","WFC pode criar loops emergentes; se a metrica vier baixa, isso e uma limitacao da configuracao pura testada."
18,2017,"9FDE84EE","Booleano","SupportsVerticalConnectors","Sim","sim/nao","Medido","Conta execucoes com pares de modulos WFC stairs_up/stairs_down conectando pavimentos.","Parametro atendido somente quando os modulos verticais do WFC aparecem conectados a salas/corredores.","Suportado quando tiles verticais e observacoes iniciais fazem parte do proprio tileset WFC, sem BSP/Room Graph."
18,2017,"9FDE84EE","Booleano","SupportsMultiFloor","Sim","sim/nao","Medido","Conta execucoes com mais de um pavimento e conexao vertical extraida do proprio colapso.","Parametro atendido quando ha pavimentos conectados por sockets verticais do proprio WFC.","Multiandar e possivel em WFC 3D com sockets verticais, mas nao e garantido em WFC 2D simples."
18,2017,"9FDE84EE","Booleano","SupportsBossArena","Sim","sim/nao","Medido","Parametro medido sobre a saida colapsada pelo WFC.","Existe ao menos uma sala grande o suficiente.","Arenas grandes nao sao naturais no WFC local; exigem tiles/padroes que favorecam areas amplas."
18,2017,"9FDE84EE","Booleano","SeedReproducible","Sim","sim/nao","Medido","Parametro medido sobre a saida colapsada pelo WFC.","A seed reproduziu a mesma topologia.","O colapso e reproduzivel se todas as escolhas usam a mesma seed."
18,2017,"9FDE84EE","Booleano","RuntimeRegeneration","Sim","sim/nao","Medido","Parametro medido sobre a saida colapsada pelo WFC.","Tempo registrado: 186.67 ms.","Custo depende do tamanho do volume, quantidade de modulos e numero de contradicoes/reinicios."
18,2017,"9FDE84EE","Booleano","BudgetAwareSpawns","Sim","sim/nao","Suportado","Parametro medido sobre a saida colapsada pelo WFC.","Orcamentos registrados: inimigos 10, loot 6, armadilhas 4.","Orcamento e aplicado depois sobre celulas livres extraidas; nao e propriedade nativa do WFC."
18,2017,"9FDE84EE","Qualitativo","Replayability","5/5","Likert 1-5","Estimado automaticamente","Parametro medido sobre a saida colapsada pelo WFC.","Diversidade topologica: 100%.","WFC costuma variar bem em padroes locais; diversidade topologica depende do tileset."
18,2017,"9FDE84EE","Qualitativo","Debuggability","5/5","Likert 1-5","Estimado automaticamente","Parametro medido sobre a saida colapsada pelo WFC.","WFC e deterministico por seed, mas contradicoes e propagacao de entropia tornam a depuracao menos direta que BSP/Room Graph.","Mais dificil de depurar que BSP/Room Graph, pois erros aparecem como contradicoes de restricao."
18,2017,"9FDE84EE","Qualitativo","Flow","1/5","Likert 1-5","Estimado automaticamente","Parametro medido sobre a saida colapsada pelo WFC.","Indica fluidez de navegacao esperada.","Fluxo global nao e garantido por restricoes locais; precisa ser medido apos o colapso."
18,2017,"9FDE84EE","Qualitativo","Legibility","3/5","Likert 1-5","Estimado automaticamente","Parametro medido sobre a saida colapsada pelo WFC.","A legibilidade depende muito do conjunto de tiles e das restricoes locais usadas.","Boa legibilidade exige tileset com padroes claros; ruido local pode reduzir leitura espacial."
18,2017,"9FDE84EE","Qualitativo","StructuralVariety","3/5","Likert 1-5","Estimado automaticamente","Parametro medido sobre a saida colapsada pelo WFC.","Indica variedade estrutural dentro desta execucao.","Ponto forte potencial do WFC, principalmente na variedade local de tiles."
18,2017,"9FDE84EE","Performance","layoutGenerationMilliseconds","58.766","ms","Medido","Tempo para colapsar o volume WFC, propagar restricoes e extrair componentes.","Representa o custo algoritmico principal.","Inclui colapso, propagacao e extracao de componentes; comparar separado da instanciacao Unity."
18,2017,"9FDE84EE","Performance","geometryInstantiationMilliseconds","127.088","ms","Medido","Parametro medido sobre a saida colapsada pelo WFC.","A execucao incluiu custo visual.","Custo visual depende dos prefabs/Unity, nao do WFC puro."
18,2017,"9FDE84EE","Performance","metricsCalculationMilliseconds","0.812","ms","Medido","Parametro medido sobre a saida colapsada pelo WFC.","Ajuda a quantificar custo da instrumentacao.","Custo da instrumentacao, nao do algoritmo."
18,2017,"9FDE84EE","Performance","totalGenerationMilliseconds","186.67","ms","Medido","Parametro medido sobre a saida colapsada pelo WFC.","Inclui layout, instanciacao visual habilitada e calculo de metricas.","Inclui layout, instanciacao visual e metricas; use junto com o tempo logico."
18,2017,"9FDE84EE","Performance","generatedGameObjectCount","12518","contagem","Medido","Parametro medido sobre a saida colapsada pelo WFC.","Indica peso potencial de instanciacao no Unity.","Reflete peso da montagem visual dos tiles colapsados."
18,2017,"9FDE84EE","Performance","occupiedCellCount","7959","contagem","Medido","Parametro medido sobre a saida colapsada pelo WFC.","Proxy de escala espacial da dungeon.","Proxy do volume ocupado pelo colapso."
18,2017,"9FDE84EE","Performance","connectionCount","6","contagem","Medido","Quantidade de conexoes inferidas a partir de componentes de corredor.","Proxy de complexidade topologica.","Conexoes sao inferidas apos o colapso; nao sao primitivas nativas do WFC."
18,2017,"9FDE84EE","Performance","managedMemoryDeltaKB","30444","KB","Estimado","Parametro medido sobre a saida colapsada pelo WFC.","Valor aproximado, sensivel a GC e ao estado do Editor.","Estimativa sujeita ao GC da Unity; use como indicio comparativo."
19,2018,"66DD4175","Quantitativo","numRoomsTarget","47","contagem","Medido","Extracao de componentes de celulas de sala colapsadas pelo WFC.","Tamanho estrutural da dungeon nesta execucao.","WFC nao controla salas como entidade global; salas emergem de componentes de tiles."
19,2018,"66DD4175","Quantitativo","connectivityRatio","2.13%","%","Medido","Busca no grafo extraido dos componentes de sala e corredores do WFC, incluindo a espinha dorsal observada quando ativa.","Mostra se o WFC produziu uma dungeon conectada sem reparo global posterior.","WFC puro nao garante conectividade global por padrao; esta variante usa uma espinha dorsal observada como restricao inicial do proprio WFC, nao como reparo posterior."
19,2018,"66DD4175","Quantitativo","verticalVariance","2","metros","Medido","Desvio padrao das alturas dos componentes de sala extraidos.","Ha variacao vertical mensuravel entre salas.","WFC pode representar verticalidade se o tileset tiver sockets verticais."
19,2018,"66DD4175","Quantitativo","fillPercentage","95.74%","%","Medido","Celulas ocupadas por modulos WFC divididas pelo total do volume.","Indica densidade espacial da dungeon.","Densidade e resultado de pesos e compatibilidades locais, nao de controle global direto."
19,2018,"66DD4175","Quantitativo","branchFactor","0.128","media","Medido","Media de conexoes por componente de sala no grafo extraido.","Layout mais linear, com poucas bifurcacoes.","Ramificacao emerge das conexoes locais; controlar grau medio diretamente exige tileset/pesos bem calibrados."
19,2018,"66DD4175","Quantitativo","avgPathLength","0","metros","Medido","Distancias no grafo extraido do resultado WFC.","Distancia media a partir da sala inicial.","Caminhos sao medidos apos extrair um grafo do colapso; nao sao objetivo nativo do WFC."
19,2018,"66DD4175","Quantitativo","uniqueModules","44","contagem","Medido","Contagem de modulos WFC e prefabs efetivamente usados.","Indica variedade basica de composicao.","WFC tende a ser forte em variedade local quando ha um tileset rico."
19,2018,"66DD4175","Quantitativo","navigableVolumeRatio","100%","%","Estimado sem NavMesh","Estimativa logica de celulas ocupadas antes de NavMesh.","Use como estimativa inicial, nao como validacao fisica final.","Proxy logico; validacao final ainda depende de NavMesh e colisores."
19,2018,"66DD4175","Quantitativo","criticalPathLength","0","metros","Medido","Maior distancia no grafo extraido a partir da sala inicial.","Aproxima o percurso principal inicio-objetivo.","Caminho critico nao e controlado diretamente pelo WFC puro."
19,2018,"66DD4175","Quantitativo","avgAlternativePathLength","0","metros","Medido","Media de conexoes extras inferidas em componentes de corredor com mais de duas salas.","Nao houve caminho alternativo nesta execucao.","Loops podem emergir, mas nao sao garantidos sem regras locais que favorecam ciclos."
19,2018,"66DD4175","Booleano","SupportsRandomEnemySpawns","Sim, testado","sim/nao","Suportado","Parametro medido sobre a saida colapsada pelo WFC.","Sistema configurado e com orcamento ativo.","Spawns usam celulas de sala extraidas; balanceamento e camada de gameplay."
19,2018,"66DD4175","Booleano","SupportsLootDistribution","Sim, testado","sim/nao","Suportado","Parametro medido sobre a saida colapsada pelo WFC.","Sistema configurado e com orcamento ativo.","Loot pode ser colocado sobre componentes de sala, mas progressao por risco nao e nativa do WFC."
19,2018,"66DD4175","Booleano","SupportsTraps","Sim, testado","sim/nao","Suportado","Parametro medido sobre a saida colapsada pelo WFC.","Sistema configurado e com orcamento ativo.","Armadilhas podem usar celulas/corredores resultantes; sem semantica global nativa."
19,2018,"66DD4175","Booleano","SupportsBacktrackingLoops","Nao","sim/nao","Medido","Parametro medido sobre a saida colapsada pelo WFC.","Parametro atendido quando o resultado WFC contem ciclos inferidos no grafo extraido.","WFC pode criar loops emergentes; se a metrica vier baixa, isso e uma limitacao da configuracao pura testada."
19,2018,"66DD4175","Booleano","SupportsVerticalConnectors","Nao","sim/nao","Medido","Conta execucoes com pares de modulos WFC stairs_up/stairs_down conectando pavimentos.","Parametro atendido somente quando os modulos verticais do WFC aparecem conectados a salas/corredores.","Suportado quando tiles verticais e observacoes iniciais fazem parte do proprio tileset WFC, sem BSP/Room Graph."
19,2018,"66DD4175","Booleano","SupportsMultiFloor","Nao","sim/nao","Medido","Conta execucoes com mais de um pavimento e conexao vertical extraida do proprio colapso.","Parametro atendido quando ha pavimentos conectados por sockets verticais do proprio WFC.","Multiandar e possivel em WFC 3D com sockets verticais, mas nao e garantido em WFC 2D simples."
19,2018,"66DD4175","Booleano","SupportsBossArena","Nao","sim/nao","Medido","Parametro medido sobre a saida colapsada pelo WFC.","Nenhuma sala atingiu a area minima nesta execucao.","Arenas grandes nao sao naturais no WFC local; exigem tiles/padroes que favorecam areas amplas."
19,2018,"66DD4175","Booleano","SeedReproducible","Sim","sim/nao","Medido","Parametro medido sobre a saida colapsada pelo WFC.","A seed reproduziu a mesma topologia.","O colapso e reproduzivel se todas as escolhas usam a mesma seed."
19,2018,"66DD4175","Booleano","RuntimeRegeneration","Sim","sim/nao","Medido","Parametro medido sobre a saida colapsada pelo WFC.","Tempo registrado: 190.864 ms.","Custo depende do tamanho do volume, quantidade de modulos e numero de contradicoes/reinicios."
19,2018,"66DD4175","Booleano","BudgetAwareSpawns","Sim","sim/nao","Suportado","Parametro medido sobre a saida colapsada pelo WFC.","Orcamentos registrados: inimigos 10, loot 6, armadilhas 4.","Orcamento e aplicado depois sobre celulas livres extraidas; nao e propriedade nativa do WFC."
19,2018,"66DD4175","Qualitativo","Replayability","5/5","Likert 1-5","Estimado automaticamente","Parametro medido sobre a saida colapsada pelo WFC.","Diversidade topologica: 100%.","WFC costuma variar bem em padroes locais; diversidade topologica depende do tileset."
19,2018,"66DD4175","Qualitativo","Debuggability","5/5","Likert 1-5","Estimado automaticamente","Parametro medido sobre a saida colapsada pelo WFC.","WFC e deterministico por seed, mas contradicoes e propagacao de entropia tornam a depuracao menos direta que BSP/Room Graph.","Mais dificil de depurar que BSP/Room Graph, pois erros aparecem como contradicoes de restricao."
19,2018,"66DD4175","Qualitativo","Flow","1/5","Likert 1-5","Estimado automaticamente","Parametro medido sobre a saida colapsada pelo WFC.","Indica fluidez de navegacao esperada.","Fluxo global nao e garantido por restricoes locais; precisa ser medido apos o colapso."
19,2018,"66DD4175","Qualitativo","Legibility","3/5","Likert 1-5","Estimado automaticamente","Parametro medido sobre a saida colapsada pelo WFC.","A legibilidade depende muito do conjunto de tiles e das restricoes locais usadas.","Boa legibilidade exige tileset com padroes claros; ruido local pode reduzir leitura espacial."
19,2018,"66DD4175","Qualitativo","StructuralVariety","3/5","Likert 1-5","Estimado automaticamente","Parametro medido sobre a saida colapsada pelo WFC.","Indica variedade estrutural dentro desta execucao.","Ponto forte potencial do WFC, principalmente na variedade local de tiles."
19,2018,"66DD4175","Performance","layoutGenerationMilliseconds","57.843","ms","Medido","Tempo para colapsar o volume WFC, propagar restricoes e extrair componentes.","Representa o custo algoritmico principal.","Inclui colapso, propagacao e extracao de componentes; comparar separado da instanciacao Unity."
19,2018,"66DD4175","Performance","geometryInstantiationMilliseconds","132.091","ms","Medido","Parametro medido sobre a saida colapsada pelo WFC.","A execucao incluiu custo visual.","Custo visual depende dos prefabs/Unity, nao do WFC puro."
19,2018,"66DD4175","Performance","metricsCalculationMilliseconds","0.927","ms","Medido","Parametro medido sobre a saida colapsada pelo WFC.","Ajuda a quantificar custo da instrumentacao.","Custo da instrumentacao, nao do algoritmo."
19,2018,"66DD4175","Performance","totalGenerationMilliseconds","190.864","ms","Medido","Parametro medido sobre a saida colapsada pelo WFC.","Inclui layout, instanciacao visual habilitada e calculo de metricas.","Inclui layout, instanciacao visual e metricas; use junto com o tempo logico."
19,2018,"66DD4175","Performance","generatedGameObjectCount","12357","contagem","Medido","Parametro medido sobre a saida colapsada pelo WFC.","Indica peso potencial de instanciacao no Unity.","Reflete peso da montagem visual dos tiles colapsados."
19,2018,"66DD4175","Performance","occupiedCellCount","7843","contagem","Medido","Parametro medido sobre a saida colapsada pelo WFC.","Proxy de escala espacial da dungeon.","Proxy do volume ocupado pelo colapso."
19,2018,"66DD4175","Performance","connectionCount","3","contagem","Medido","Quantidade de conexoes inferidas a partir de componentes de corredor.","Proxy de complexidade topologica.","Conexoes sao inferidas apos o colapso; nao sao primitivas nativas do WFC."
19,2018,"66DD4175","Performance","managedMemoryDeltaKB","30316","KB","Estimado","Parametro medido sobre a saida colapsada pelo WFC.","Valor aproximado, sensivel a GC e ao estado do Editor.","Estimativa sujeita ao GC da Unity; use como indicio comparativo."
20,2019,"369E40D0","Quantitativo","numRoomsTarget","41","contagem","Medido","Extracao de componentes de celulas de sala colapsadas pelo WFC.","Tamanho estrutural da dungeon nesta execucao.","WFC nao controla salas como entidade global; salas emergem de componentes de tiles."
20,2019,"369E40D0","Quantitativo","connectivityRatio","2.44%","%","Medido","Busca no grafo extraido dos componentes de sala e corredores do WFC, incluindo a espinha dorsal observada quando ativa.","Mostra se o WFC produziu uma dungeon conectada sem reparo global posterior.","WFC puro nao garante conectividade global por padrao; esta variante usa uma espinha dorsal observada como restricao inicial do proprio WFC, nao como reparo posterior."
20,2019,"369E40D0","Quantitativo","verticalVariance","1.995","metros","Medido","Desvio padrao das alturas dos componentes de sala extraidos.","Ha variacao vertical mensuravel entre salas.","WFC pode representar verticalidade se o tileset tiver sockets verticais."
20,2019,"369E40D0","Quantitativo","fillPercentage","97%","%","Medido","Celulas ocupadas por modulos WFC divididas pelo total do volume.","Indica densidade espacial da dungeon.","Densidade e resultado de pesos e compatibilidades locais, nao de controle global direto."
20,2019,"369E40D0","Quantitativo","branchFactor","0.098","media","Medido","Media de conexoes por componente de sala no grafo extraido.","Layout mais linear, com poucas bifurcacoes.","Ramificacao emerge das conexoes locais; controlar grau medio diretamente exige tileset/pesos bem calibrados."
20,2019,"369E40D0","Quantitativo","avgPathLength","0","metros","Medido","Distancias no grafo extraido do resultado WFC.","Distancia media a partir da sala inicial.","Caminhos sao medidos apos extrair um grafo do colapso; nao sao objetivo nativo do WFC."
20,2019,"369E40D0","Quantitativo","uniqueModules","44","contagem","Medido","Contagem de modulos WFC e prefabs efetivamente usados.","Indica variedade basica de composicao.","WFC tende a ser forte em variedade local quando ha um tileset rico."
20,2019,"369E40D0","Quantitativo","navigableVolumeRatio","100%","%","Estimado sem NavMesh","Estimativa logica de celulas ocupadas antes de NavMesh.","Use como estimativa inicial, nao como validacao fisica final.","Proxy logico; validacao final ainda depende de NavMesh e colisores."
20,2019,"369E40D0","Quantitativo","criticalPathLength","0","metros","Medido","Maior distancia no grafo extraido a partir da sala inicial.","Aproxima o percurso principal inicio-objetivo.","Caminho critico nao e controlado diretamente pelo WFC puro."
20,2019,"369E40D0","Quantitativo","avgAlternativePathLength","0","metros","Medido","Media de conexoes extras inferidas em componentes de corredor com mais de duas salas.","Nao houve caminho alternativo nesta execucao.","Loops podem emergir, mas nao sao garantidos sem regras locais que favorecam ciclos."
20,2019,"369E40D0","Booleano","SupportsRandomEnemySpawns","Sim, testado","sim/nao","Suportado","Parametro medido sobre a saida colapsada pelo WFC.","Sistema configurado e com orcamento ativo.","Spawns usam celulas de sala extraidas; balanceamento e camada de gameplay."
20,2019,"369E40D0","Booleano","SupportsLootDistribution","Sim, testado","sim/nao","Suportado","Parametro medido sobre a saida colapsada pelo WFC.","Sistema configurado e com orcamento ativo.","Loot pode ser colocado sobre componentes de sala, mas progressao por risco nao e nativa do WFC."
20,2019,"369E40D0","Booleano","SupportsTraps","Sim, testado","sim/nao","Suportado","Parametro medido sobre a saida colapsada pelo WFC.","Sistema configurado e com orcamento ativo.","Armadilhas podem usar celulas/corredores resultantes; sem semantica global nativa."
20,2019,"369E40D0","Booleano","SupportsBacktrackingLoops","Nao","sim/nao","Medido","Parametro medido sobre a saida colapsada pelo WFC.","Parametro atendido quando o resultado WFC contem ciclos inferidos no grafo extraido.","WFC pode criar loops emergentes; se a metrica vier baixa, isso e uma limitacao da configuracao pura testada."
20,2019,"369E40D0","Booleano","SupportsVerticalConnectors","Nao","sim/nao","Medido","Conta execucoes com pares de modulos WFC stairs_up/stairs_down conectando pavimentos.","Parametro atendido somente quando os modulos verticais do WFC aparecem conectados a salas/corredores.","Suportado quando tiles verticais e observacoes iniciais fazem parte do proprio tileset WFC, sem BSP/Room Graph."
20,2019,"369E40D0","Booleano","SupportsMultiFloor","Nao","sim/nao","Medido","Conta execucoes com mais de um pavimento e conexao vertical extraida do proprio colapso.","Parametro atendido quando ha pavimentos conectados por sockets verticais do proprio WFC.","Multiandar e possivel em WFC 3D com sockets verticais, mas nao e garantido em WFC 2D simples."
20,2019,"369E40D0","Booleano","SupportsBossArena","Nao","sim/nao","Medido","Parametro medido sobre a saida colapsada pelo WFC.","Nenhuma sala atingiu a area minima nesta execucao.","Arenas grandes nao sao naturais no WFC local; exigem tiles/padroes que favorecam areas amplas."
20,2019,"369E40D0","Booleano","SeedReproducible","Sim","sim/nao","Medido","Parametro medido sobre a saida colapsada pelo WFC.","A seed reproduziu a mesma topologia.","O colapso e reproduzivel se todas as escolhas usam a mesma seed."
20,2019,"369E40D0","Booleano","RuntimeRegeneration","Sim","sim/nao","Medido","Parametro medido sobre a saida colapsada pelo WFC.","Tempo registrado: 205.091 ms.","Custo depende do tamanho do volume, quantidade de modulos e numero de contradicoes/reinicios."
20,2019,"369E40D0","Booleano","BudgetAwareSpawns","Sim","sim/nao","Suportado","Parametro medido sobre a saida colapsada pelo WFC.","Orcamentos registrados: inimigos 10, loot 6, armadilhas 4.","Orcamento e aplicado depois sobre celulas livres extraidas; nao e propriedade nativa do WFC."
20,2019,"369E40D0","Qualitativo","Replayability","5/5","Likert 1-5","Estimado automaticamente","Parametro medido sobre a saida colapsada pelo WFC.","Diversidade topologica: 100%.","WFC costuma variar bem em padroes locais; diversidade topologica depende do tileset."
20,2019,"369E40D0","Qualitativo","Debuggability","5/5","Likert 1-5","Estimado automaticamente","Parametro medido sobre a saida colapsada pelo WFC.","WFC e deterministico por seed, mas contradicoes e propagacao de entropia tornam a depuracao menos direta que BSP/Room Graph.","Mais dificil de depurar que BSP/Room Graph, pois erros aparecem como contradicoes de restricao."
20,2019,"369E40D0","Qualitativo","Flow","1/5","Likert 1-5","Estimado automaticamente","Parametro medido sobre a saida colapsada pelo WFC.","Indica fluidez de navegacao esperada.","Fluxo global nao e garantido por restricoes locais; precisa ser medido apos o colapso."
20,2019,"369E40D0","Qualitativo","Legibility","3/5","Likert 1-5","Estimado automaticamente","Parametro medido sobre a saida colapsada pelo WFC.","A legibilidade depende muito do conjunto de tiles e das restricoes locais usadas.","Boa legibilidade exige tileset com padroes claros; ruido local pode reduzir leitura espacial."
20,2019,"369E40D0","Qualitativo","StructuralVariety","3/5","Likert 1-5","Estimado automaticamente","Parametro medido sobre a saida colapsada pelo WFC.","Indica variedade estrutural dentro desta execucao.","Ponto forte potencial do WFC, principalmente na variedade local de tiles."
20,2019,"369E40D0","Performance","layoutGenerationMilliseconds","77.319","ms","Medido","Tempo para colapsar o volume WFC, propagar restricoes e extrair componentes.","Representa o custo algoritmico principal.","Inclui colapso, propagacao e extracao de componentes; comparar separado da instanciacao Unity."
20,2019,"369E40D0","Performance","geometryInstantiationMilliseconds","127.139","ms","Medido","Parametro medido sobre a saida colapsada pelo WFC.","A execucao incluiu custo visual.","Custo visual depende dos prefabs/Unity, nao do WFC puro."
20,2019,"369E40D0","Performance","metricsCalculationMilliseconds","0.629","ms","Medido","Parametro medido sobre a saida colapsada pelo WFC.","Ajuda a quantificar custo da instrumentacao.","Custo da instrumentacao, nao do algoritmo."
20,2019,"369E40D0","Performance","totalGenerationMilliseconds","205.091","ms","Medido","Parametro medido sobre a saida colapsada pelo WFC.","Inclui layout, instanciacao visual habilitada e calculo de metricas.","Inclui layout, instanciacao visual e metricas; use junto com o tempo logico."
20,2019,"369E40D0","Performance","generatedGameObjectCount","12517","contagem","Medido","Parametro medido sobre a saida colapsada pelo WFC.","Indica peso potencial de instanciacao no Unity.","Reflete peso da montagem visual dos tiles colapsados."
20,2019,"369E40D0","Performance","occupiedCellCount","7946","contagem","Medido","Parametro medido sobre a saida colapsada pelo WFC.","Proxy de escala espacial da dungeon.","Proxy do volume ocupado pelo colapso."
20,2019,"369E40D0","Performance","connectionCount","2","contagem","Medido","Quantidade de conexoes inferidas a partir de componentes de corredor.","Proxy de complexidade topologica.","Conexoes sao inferidas apos o colapso; nao sao primitivas nativas do WFC."
20,2019,"369E40D0","Performance","managedMemoryDeltaKB","-84416","KB","Estimado","Parametro medido sobre a saida colapsada pelo WFC.","Valor aproximado, sensivel a GC e ao estado do Editor.","Estimativa sujeita ao GC da Unity; use como indicio comparativo."
21,2020,"66C89E16","Quantitativo","numRoomsTarget","42","contagem","Medido","Extracao de componentes de celulas de sala colapsadas pelo WFC.","Tamanho estrutural da dungeon nesta execucao.","WFC nao controla salas como entidade global; salas emergem de componentes de tiles."
21,2020,"66C89E16","Quantitativo","connectivityRatio","2.38%","%","Medido","Busca no grafo extraido dos componentes de sala e corredores do WFC, incluindo a espinha dorsal observada quando ativa.","Mostra se o WFC produziu uma dungeon conectada sem reparo global posterior.","WFC puro nao garante conectividade global por padrao; esta variante usa uma espinha dorsal observada como restricao inicial do proprio WFC, nao como reparo posterior."
21,2020,"66C89E16","Quantitativo","verticalVariance","1.979","metros","Medido","Desvio padrao das alturas dos componentes de sala extraidos.","Ha variacao vertical mensuravel entre salas.","WFC pode representar verticalidade se o tileset tiver sockets verticais."
21,2020,"66C89E16","Quantitativo","fillPercentage","95.21%","%","Medido","Celulas ocupadas por modulos WFC divididas pelo total do volume.","Indica densidade espacial da dungeon.","Densidade e resultado de pesos e compatibilidades locais, nao de controle global direto."
21,2020,"66C89E16","Quantitativo","branchFactor","0.238","media","Medido","Media de conexoes por componente de sala no grafo extraido.","Layout mais linear, com poucas bifurcacoes.","Ramificacao emerge das conexoes locais; controlar grau medio diretamente exige tileset/pesos bem calibrados."
21,2020,"66C89E16","Quantitativo","avgPathLength","0","metros","Medido","Distancias no grafo extraido do resultado WFC.","Distancia media a partir da sala inicial.","Caminhos sao medidos apos extrair um grafo do colapso; nao sao objetivo nativo do WFC."
21,2020,"66C89E16","Quantitativo","uniqueModules","49","contagem","Medido","Contagem de modulos WFC e prefabs efetivamente usados.","Indica variedade basica de composicao.","WFC tende a ser forte em variedade local quando ha um tileset rico."
21,2020,"66C89E16","Quantitativo","navigableVolumeRatio","100%","%","Estimado sem NavMesh","Estimativa logica de celulas ocupadas antes de NavMesh.","Use como estimativa inicial, nao como validacao fisica final.","Proxy logico; validacao final ainda depende de NavMesh e colisores."
21,2020,"66C89E16","Quantitativo","criticalPathLength","0","metros","Medido","Maior distancia no grafo extraido a partir da sala inicial.","Aproxima o percurso principal inicio-objetivo.","Caminho critico nao e controlado diretamente pelo WFC puro."
21,2020,"66C89E16","Quantitativo","avgAlternativePathLength","0","metros","Medido","Media de conexoes extras inferidas em componentes de corredor com mais de duas salas.","Nao houve caminho alternativo nesta execucao.","Loops podem emergir, mas nao sao garantidos sem regras locais que favorecam ciclos."
21,2020,"66C89E16","Booleano","SupportsRandomEnemySpawns","Sim, testado","sim/nao","Suportado","Parametro medido sobre a saida colapsada pelo WFC.","Sistema configurado e com orcamento ativo.","Spawns usam celulas de sala extraidas; balanceamento e camada de gameplay."
21,2020,"66C89E16","Booleano","SupportsLootDistribution","Sim, testado","sim/nao","Suportado","Parametro medido sobre a saida colapsada pelo WFC.","Sistema configurado e com orcamento ativo.","Loot pode ser colocado sobre componentes de sala, mas progressao por risco nao e nativa do WFC."
21,2020,"66C89E16","Booleano","SupportsTraps","Sim, testado","sim/nao","Suportado","Parametro medido sobre a saida colapsada pelo WFC.","Sistema configurado e com orcamento ativo.","Armadilhas podem usar celulas/corredores resultantes; sem semantica global nativa."
21,2020,"66C89E16","Booleano","SupportsBacktrackingLoops","Nao","sim/nao","Medido","Parametro medido sobre a saida colapsada pelo WFC.","Parametro atendido quando o resultado WFC contem ciclos inferidos no grafo extraido.","WFC pode criar loops emergentes; se a metrica vier baixa, isso e uma limitacao da configuracao pura testada."
21,2020,"66C89E16","Booleano","SupportsVerticalConnectors","Nao","sim/nao","Medido","Conta execucoes com pares de modulos WFC stairs_up/stairs_down conectando pavimentos.","Parametro atendido somente quando os modulos verticais do WFC aparecem conectados a salas/corredores.","Suportado quando tiles verticais e observacoes iniciais fazem parte do proprio tileset WFC, sem BSP/Room Graph."
21,2020,"66C89E16","Booleano","SupportsMultiFloor","Nao","sim/nao","Medido","Conta execucoes com mais de um pavimento e conexao vertical extraida do proprio colapso.","Parametro atendido quando ha pavimentos conectados por sockets verticais do proprio WFC.","Multiandar e possivel em WFC 3D com sockets verticais, mas nao e garantido em WFC 2D simples."
21,2020,"66C89E16","Booleano","SupportsBossArena","Sim","sim/nao","Medido","Parametro medido sobre a saida colapsada pelo WFC.","Existe ao menos uma sala grande o suficiente.","Arenas grandes nao sao naturais no WFC local; exigem tiles/padroes que favorecam areas amplas."
21,2020,"66C89E16","Booleano","SeedReproducible","Sim","sim/nao","Medido","Parametro medido sobre a saida colapsada pelo WFC.","A seed reproduziu a mesma topologia.","O colapso e reproduzivel se todas as escolhas usam a mesma seed."
21,2020,"66C89E16","Booleano","RuntimeRegeneration","Sim","sim/nao","Medido","Parametro medido sobre a saida colapsada pelo WFC.","Tempo registrado: 184.491 ms.","Custo depende do tamanho do volume, quantidade de modulos e numero de contradicoes/reinicios."
21,2020,"66C89E16","Booleano","BudgetAwareSpawns","Sim","sim/nao","Suportado","Parametro medido sobre a saida colapsada pelo WFC.","Orcamentos registrados: inimigos 10, loot 6, armadilhas 4.","Orcamento e aplicado depois sobre celulas livres extraidas; nao e propriedade nativa do WFC."
21,2020,"66C89E16","Qualitativo","Replayability","5/5","Likert 1-5","Estimado automaticamente","Parametro medido sobre a saida colapsada pelo WFC.","Diversidade topologica: 100%.","WFC costuma variar bem em padroes locais; diversidade topologica depende do tileset."
21,2020,"66C89E16","Qualitativo","Debuggability","5/5","Likert 1-5","Estimado automaticamente","Parametro medido sobre a saida colapsada pelo WFC.","WFC e deterministico por seed, mas contradicoes e propagacao de entropia tornam a depuracao menos direta que BSP/Room Graph.","Mais dificil de depurar que BSP/Room Graph, pois erros aparecem como contradicoes de restricao."
21,2020,"66C89E16","Qualitativo","Flow","1/5","Likert 1-5","Estimado automaticamente","Parametro medido sobre a saida colapsada pelo WFC.","Indica fluidez de navegacao esperada.","Fluxo global nao e garantido por restricoes locais; precisa ser medido apos o colapso."
21,2020,"66C89E16","Qualitativo","Legibility","3/5","Likert 1-5","Estimado automaticamente","Parametro medido sobre a saida colapsada pelo WFC.","A legibilidade depende muito do conjunto de tiles e das restricoes locais usadas.","Boa legibilidade exige tileset com padroes claros; ruido local pode reduzir leitura espacial."
21,2020,"66C89E16","Qualitativo","StructuralVariety","3/5","Likert 1-5","Estimado automaticamente","Parametro medido sobre a saida colapsada pelo WFC.","Indica variedade estrutural dentro desta execucao.","Ponto forte potencial do WFC, principalmente na variedade local de tiles."
21,2020,"66C89E16","Performance","layoutGenerationMilliseconds","59.631","ms","Medido","Tempo para colapsar o volume WFC, propagar restricoes e extrair componentes.","Representa o custo algoritmico principal.","Inclui colapso, propagacao e extracao de componentes; comparar separado da instanciacao Unity."
21,2020,"66C89E16","Performance","geometryInstantiationMilliseconds","124.054","ms","Medido","Parametro medido sobre a saida colapsada pelo WFC.","A execucao incluiu custo visual.","Custo visual depende dos prefabs/Unity, nao do WFC puro."
21,2020,"66C89E16","Performance","metricsCalculationMilliseconds","0.803","ms","Medido","Parametro medido sobre a saida colapsada pelo WFC.","Ajuda a quantificar custo da instrumentacao.","Custo da instrumentacao, nao do algoritmo."
21,2020,"66C89E16","Performance","totalGenerationMilliseconds","184.491","ms","Medido","Parametro medido sobre a saida colapsada pelo WFC.","Inclui layout, instanciacao visual habilitada e calculo de metricas.","Inclui layout, instanciacao visual e metricas; use junto com o tempo logico."
21,2020,"66C89E16","Performance","generatedGameObjectCount","12141","contagem","Medido","Parametro medido sobre a saida colapsada pelo WFC.","Indica peso potencial de instanciacao no Unity.","Reflete peso da montagem visual dos tiles colapsados."
21,2020,"66C89E16","Performance","occupiedCellCount","7800","contagem","Medido","Parametro medido sobre a saida colapsada pelo WFC.","Proxy de escala espacial da dungeon.","Proxy do volume ocupado pelo colapso."
21,2020,"66C89E16","Performance","connectionCount","5","contagem","Medido","Quantidade de conexoes inferidas a partir de componentes de corredor.","Proxy de complexidade topologica.","Conexoes sao inferidas apos o colapso; nao sao primitivas nativas do WFC."
21,2020,"66C89E16","Performance","managedMemoryDeltaKB","26520","KB","Estimado","Parametro medido sobre a saida colapsada pelo WFC.","Valor aproximado, sensivel a GC e ao estado do Editor.","Estimativa sujeita ao GC da Unity; use como indicio comparativo."
22,2021,"0FFAED1A","Quantitativo","numRoomsTarget","36","contagem","Medido","Extracao de componentes de celulas de sala colapsadas pelo WFC.","Tamanho estrutural da dungeon nesta execucao.","WFC nao controla salas como entidade global; salas emergem de componentes de tiles."
22,2021,"0FFAED1A","Quantitativo","connectivityRatio","2.78%","%","Medido","Busca no grafo extraido dos componentes de sala e corredores do WFC, incluindo a espinha dorsal observada quando ativa.","Mostra se o WFC produziu uma dungeon conectada sem reparo global posterior.","WFC puro nao garante conectividade global por padrao; esta variante usa uma espinha dorsal observada como restricao inicial do proprio WFC, nao como reparo posterior."
22,2021,"0FFAED1A","Quantitativo","verticalVariance","2","metros","Medido","Desvio padrao das alturas dos componentes de sala extraidos.","Ha variacao vertical mensuravel entre salas.","WFC pode representar verticalidade se o tileset tiver sockets verticais."
22,2021,"0FFAED1A","Quantitativo","fillPercentage","96.23%","%","Medido","Celulas ocupadas por modulos WFC divididas pelo total do volume.","Indica densidade espacial da dungeon.","Densidade e resultado de pesos e compatibilidades locais, nao de controle global direto."
22,2021,"0FFAED1A","Quantitativo","branchFactor","0.111","media","Medido","Media de conexoes por componente de sala no grafo extraido.","Layout mais linear, com poucas bifurcacoes.","Ramificacao emerge das conexoes locais; controlar grau medio diretamente exige tileset/pesos bem calibrados."
22,2021,"0FFAED1A","Quantitativo","avgPathLength","0","metros","Medido","Distancias no grafo extraido do resultado WFC.","Distancia media a partir da sala inicial.","Caminhos sao medidos apos extrair um grafo do colapso; nao sao objetivo nativo do WFC."
22,2021,"0FFAED1A","Quantitativo","uniqueModules","48","contagem","Medido","Contagem de modulos WFC e prefabs efetivamente usados.","Indica variedade basica de composicao.","WFC tende a ser forte em variedade local quando ha um tileset rico."
22,2021,"0FFAED1A","Quantitativo","navigableVolumeRatio","100%","%","Estimado sem NavMesh","Estimativa logica de celulas ocupadas antes de NavMesh.","Use como estimativa inicial, nao como validacao fisica final.","Proxy logico; validacao final ainda depende de NavMesh e colisores."
22,2021,"0FFAED1A","Quantitativo","criticalPathLength","0","metros","Medido","Maior distancia no grafo extraido a partir da sala inicial.","Aproxima o percurso principal inicio-objetivo.","Caminho critico nao e controlado diretamente pelo WFC puro."
22,2021,"0FFAED1A","Quantitativo","avgAlternativePathLength","0","metros","Medido","Media de conexoes extras inferidas em componentes de corredor com mais de duas salas.","Nao houve caminho alternativo nesta execucao.","Loops podem emergir, mas nao sao garantidos sem regras locais que favorecam ciclos."
22,2021,"0FFAED1A","Booleano","SupportsRandomEnemySpawns","Sim, testado","sim/nao","Suportado","Parametro medido sobre a saida colapsada pelo WFC.","Sistema configurado e com orcamento ativo.","Spawns usam celulas de sala extraidas; balanceamento e camada de gameplay."
22,2021,"0FFAED1A","Booleano","SupportsLootDistribution","Sim, testado","sim/nao","Suportado","Parametro medido sobre a saida colapsada pelo WFC.","Sistema configurado e com orcamento ativo.","Loot pode ser colocado sobre componentes de sala, mas progressao por risco nao e nativa do WFC."
22,2021,"0FFAED1A","Booleano","SupportsTraps","Sim, testado","sim/nao","Suportado","Parametro medido sobre a saida colapsada pelo WFC.","Sistema configurado e com orcamento ativo.","Armadilhas podem usar celulas/corredores resultantes; sem semantica global nativa."
22,2021,"0FFAED1A","Booleano","SupportsBacktrackingLoops","Nao","sim/nao","Medido","Parametro medido sobre a saida colapsada pelo WFC.","Parametro atendido quando o resultado WFC contem ciclos inferidos no grafo extraido.","WFC pode criar loops emergentes; se a metrica vier baixa, isso e uma limitacao da configuracao pura testada."
22,2021,"0FFAED1A","Booleano","SupportsVerticalConnectors","Nao","sim/nao","Medido","Conta execucoes com pares de modulos WFC stairs_up/stairs_down conectando pavimentos.","Parametro atendido somente quando os modulos verticais do WFC aparecem conectados a salas/corredores.","Suportado quando tiles verticais e observacoes iniciais fazem parte do proprio tileset WFC, sem BSP/Room Graph."
22,2021,"0FFAED1A","Booleano","SupportsMultiFloor","Nao","sim/nao","Medido","Conta execucoes com mais de um pavimento e conexao vertical extraida do proprio colapso.","Parametro atendido quando ha pavimentos conectados por sockets verticais do proprio WFC.","Multiandar e possivel em WFC 3D com sockets verticais, mas nao e garantido em WFC 2D simples."
22,2021,"0FFAED1A","Booleano","SupportsBossArena","Sim","sim/nao","Medido","Parametro medido sobre a saida colapsada pelo WFC.","Existe ao menos uma sala grande o suficiente.","Arenas grandes nao sao naturais no WFC local; exigem tiles/padroes que favorecam areas amplas."
22,2021,"0FFAED1A","Booleano","SeedReproducible","Sim","sim/nao","Medido","Parametro medido sobre a saida colapsada pelo WFC.","A seed reproduziu a mesma topologia.","O colapso e reproduzivel se todas as escolhas usam a mesma seed."
22,2021,"0FFAED1A","Booleano","RuntimeRegeneration","Sim","sim/nao","Medido","Parametro medido sobre a saida colapsada pelo WFC.","Tempo registrado: 186.826 ms.","Custo depende do tamanho do volume, quantidade de modulos e numero de contradicoes/reinicios."
22,2021,"0FFAED1A","Booleano","BudgetAwareSpawns","Sim","sim/nao","Suportado","Parametro medido sobre a saida colapsada pelo WFC.","Orcamentos registrados: inimigos 10, loot 6, armadilhas 4.","Orcamento e aplicado depois sobre celulas livres extraidas; nao e propriedade nativa do WFC."
22,2021,"0FFAED1A","Qualitativo","Replayability","5/5","Likert 1-5","Estimado automaticamente","Parametro medido sobre a saida colapsada pelo WFC.","Diversidade topologica: 100%.","WFC costuma variar bem em padroes locais; diversidade topologica depende do tileset."
22,2021,"0FFAED1A","Qualitativo","Debuggability","5/5","Likert 1-5","Estimado automaticamente","Parametro medido sobre a saida colapsada pelo WFC.","WFC e deterministico por seed, mas contradicoes e propagacao de entropia tornam a depuracao menos direta que BSP/Room Graph.","Mais dificil de depurar que BSP/Room Graph, pois erros aparecem como contradicoes de restricao."
22,2021,"0FFAED1A","Qualitativo","Flow","1/5","Likert 1-5","Estimado automaticamente","Parametro medido sobre a saida colapsada pelo WFC.","Indica fluidez de navegacao esperada.","Fluxo global nao e garantido por restricoes locais; precisa ser medido apos o colapso."
22,2021,"0FFAED1A","Qualitativo","Legibility","3/5","Likert 1-5","Estimado automaticamente","Parametro medido sobre a saida colapsada pelo WFC.","A legibilidade depende muito do conjunto de tiles e das restricoes locais usadas.","Boa legibilidade exige tileset com padroes claros; ruido local pode reduzir leitura espacial."
22,2021,"0FFAED1A","Qualitativo","StructuralVariety","3/5","Likert 1-5","Estimado automaticamente","Parametro medido sobre a saida colapsada pelo WFC.","Indica variedade estrutural dentro desta execucao.","Ponto forte potencial do WFC, principalmente na variedade local de tiles."
22,2021,"0FFAED1A","Performance","layoutGenerationMilliseconds","57.245","ms","Medido","Tempo para colapsar o volume WFC, propagar restricoes e extrair componentes.","Representa o custo algoritmico principal.","Inclui colapso, propagacao e extracao de componentes; comparar separado da instanciacao Unity."
22,2021,"0FFAED1A","Performance","geometryInstantiationMilliseconds","128.927","ms","Medido","Parametro medido sobre a saida colapsada pelo WFC.","A execucao incluiu custo visual.","Custo visual depende dos prefabs/Unity, nao do WFC puro."
22,2021,"0FFAED1A","Performance","metricsCalculationMilliseconds","0.65","ms","Medido","Parametro medido sobre a saida colapsada pelo WFC.","Ajuda a quantificar custo da instrumentacao.","Custo da instrumentacao, nao do algoritmo."
22,2021,"0FFAED1A","Performance","totalGenerationMilliseconds","186.826","ms","Medido","Parametro medido sobre a saida colapsada pelo WFC.","Inclui layout, instanciacao visual habilitada e calculo de metricas.","Inclui layout, instanciacao visual e metricas; use junto com o tempo logico."
22,2021,"0FFAED1A","Performance","generatedGameObjectCount","12544","contagem","Medido","Parametro medido sobre a saida colapsada pelo WFC.","Indica peso potencial de instanciacao no Unity.","Reflete peso da montagem visual dos tiles colapsados."
22,2021,"0FFAED1A","Performance","occupiedCellCount","7883","contagem","Medido","Parametro medido sobre a saida colapsada pelo WFC.","Proxy de escala espacial da dungeon.","Proxy do volume ocupado pelo colapso."
22,2021,"0FFAED1A","Performance","connectionCount","2","contagem","Medido","Quantidade de conexoes inferidas a partir de componentes de corredor.","Proxy de complexidade topologica.","Conexoes sao inferidas apos o colapso; nao sao primitivas nativas do WFC."
22,2021,"0FFAED1A","Performance","managedMemoryDeltaKB","29972","KB","Estimado","Parametro medido sobre a saida colapsada pelo WFC.","Valor aproximado, sensivel a GC e ao estado do Editor.","Estimativa sujeita ao GC da Unity; use como indicio comparativo."
23,2022,"B0B7507B","Quantitativo","numRoomsTarget","45","contagem","Medido","Extracao de componentes de celulas de sala colapsadas pelo WFC.","Tamanho estrutural da dungeon nesta execucao.","WFC nao controla salas como entidade global; salas emergem de componentes de tiles."
23,2022,"B0B7507B","Quantitativo","connectivityRatio","4.44%","%","Medido","Busca no grafo extraido dos componentes de sala e corredores do WFC, incluindo a espinha dorsal observada quando ativa.","Mostra se o WFC produziu uma dungeon conectada sem reparo global posterior.","WFC puro nao garante conectividade global por padrao; esta variante usa uma espinha dorsal observada como restricao inicial do proprio WFC, nao como reparo posterior."
23,2022,"B0B7507B","Quantitativo","verticalVariance","1.988","metros","Medido","Desvio padrao das alturas dos componentes de sala extraidos.","Ha variacao vertical mensuravel entre salas.","WFC pode representar verticalidade se o tileset tiver sockets verticais."
23,2022,"B0B7507B","Quantitativo","fillPercentage","96.89%","%","Medido","Celulas ocupadas por modulos WFC divididas pelo total do volume.","Indica densidade espacial da dungeon.","Densidade e resultado de pesos e compatibilidades locais, nao de controle global direto."
23,2022,"B0B7507B","Quantitativo","branchFactor","0.222","media","Medido","Media de conexoes por componente de sala no grafo extraido.","Layout mais linear, com poucas bifurcacoes.","Ramificacao emerge das conexoes locais; controlar grau medio diretamente exige tileset/pesos bem calibrados."
23,2022,"B0B7507B","Quantitativo","avgPathLength","76","metros","Medido","Distancias no grafo extraido do resultado WFC.","Distancia media a partir da sala inicial.","Caminhos sao medidos apos extrair um grafo do colapso; nao sao objetivo nativo do WFC."
23,2022,"B0B7507B","Quantitativo","uniqueModules","48","contagem","Medido","Contagem de modulos WFC e prefabs efetivamente usados.","Indica variedade basica de composicao.","WFC tende a ser forte em variedade local quando ha um tileset rico."
23,2022,"B0B7507B","Quantitativo","navigableVolumeRatio","100%","%","Estimado sem NavMesh","Estimativa logica de celulas ocupadas antes de NavMesh.","Use como estimativa inicial, nao como validacao fisica final.","Proxy logico; validacao final ainda depende de NavMesh e colisores."
23,2022,"B0B7507B","Quantitativo","criticalPathLength","76","metros","Medido","Maior distancia no grafo extraido a partir da sala inicial.","Aproxima o percurso principal inicio-objetivo.","Caminho critico nao e controlado diretamente pelo WFC puro."
23,2022,"B0B7507B","Quantitativo","avgAlternativePathLength","0","metros","Medido","Media de conexoes extras inferidas em componentes de corredor com mais de duas salas.","Nao houve caminho alternativo nesta execucao.","Loops podem emergir, mas nao sao garantidos sem regras locais que favorecam ciclos."
23,2022,"B0B7507B","Booleano","SupportsRandomEnemySpawns","Sim, testado","sim/nao","Suportado","Parametro medido sobre a saida colapsada pelo WFC.","Sistema configurado e com orcamento ativo.","Spawns usam celulas de sala extraidas; balanceamento e camada de gameplay."
23,2022,"B0B7507B","Booleano","SupportsLootDistribution","Sim, testado","sim/nao","Suportado","Parametro medido sobre a saida colapsada pelo WFC.","Sistema configurado e com orcamento ativo.","Loot pode ser colocado sobre componentes de sala, mas progressao por risco nao e nativa do WFC."
23,2022,"B0B7507B","Booleano","SupportsTraps","Sim, testado","sim/nao","Suportado","Parametro medido sobre a saida colapsada pelo WFC.","Sistema configurado e com orcamento ativo.","Armadilhas podem usar celulas/corredores resultantes; sem semantica global nativa."
23,2022,"B0B7507B","Booleano","SupportsBacktrackingLoops","Nao","sim/nao","Medido","Parametro medido sobre a saida colapsada pelo WFC.","Parametro atendido quando o resultado WFC contem ciclos inferidos no grafo extraido.","WFC pode criar loops emergentes; se a metrica vier baixa, isso e uma limitacao da configuracao pura testada."
23,2022,"B0B7507B","Booleano","SupportsVerticalConnectors","Nao","sim/nao","Medido","Conta execucoes com pares de modulos WFC stairs_up/stairs_down conectando pavimentos.","Parametro atendido somente quando os modulos verticais do WFC aparecem conectados a salas/corredores.","Suportado quando tiles verticais e observacoes iniciais fazem parte do proprio tileset WFC, sem BSP/Room Graph."
23,2022,"B0B7507B","Booleano","SupportsMultiFloor","Nao","sim/nao","Medido","Conta execucoes com mais de um pavimento e conexao vertical extraida do proprio colapso.","Parametro atendido quando ha pavimentos conectados por sockets verticais do proprio WFC.","Multiandar e possivel em WFC 3D com sockets verticais, mas nao e garantido em WFC 2D simples."
23,2022,"B0B7507B","Booleano","SupportsBossArena","Sim","sim/nao","Medido","Parametro medido sobre a saida colapsada pelo WFC.","Existe ao menos uma sala grande o suficiente.","Arenas grandes nao sao naturais no WFC local; exigem tiles/padroes que favorecam areas amplas."
23,2022,"B0B7507B","Booleano","SeedReproducible","Sim","sim/nao","Medido","Parametro medido sobre a saida colapsada pelo WFC.","A seed reproduziu a mesma topologia.","O colapso e reproduzivel se todas as escolhas usam a mesma seed."
23,2022,"B0B7507B","Booleano","RuntimeRegeneration","Sim","sim/nao","Medido","Parametro medido sobre a saida colapsada pelo WFC.","Tempo registrado: 216.684 ms.","Custo depende do tamanho do volume, quantidade de modulos e numero de contradicoes/reinicios."
23,2022,"B0B7507B","Booleano","BudgetAwareSpawns","Sim","sim/nao","Suportado","Parametro medido sobre a saida colapsada pelo WFC.","Orcamentos registrados: inimigos 10, loot 6, armadilhas 4.","Orcamento e aplicado depois sobre celulas livres extraidas; nao e propriedade nativa do WFC."
23,2022,"B0B7507B","Qualitativo","Replayability","5/5","Likert 1-5","Estimado automaticamente","Parametro medido sobre a saida colapsada pelo WFC.","Diversidade topologica: 100%.","WFC costuma variar bem em padroes locais; diversidade topologica depende do tileset."
23,2022,"B0B7507B","Qualitativo","Debuggability","5/5","Likert 1-5","Estimado automaticamente","Parametro medido sobre a saida colapsada pelo WFC.","WFC e deterministico por seed, mas contradicoes e propagacao de entropia tornam a depuracao menos direta que BSP/Room Graph.","Mais dificil de depurar que BSP/Room Graph, pois erros aparecem como contradicoes de restricao."
23,2022,"B0B7507B","Qualitativo","Flow","2/5","Likert 1-5","Estimado automaticamente","Parametro medido sobre a saida colapsada pelo WFC.","Indica fluidez de navegacao esperada.","Fluxo global nao e garantido por restricoes locais; precisa ser medido apos o colapso."
23,2022,"B0B7507B","Qualitativo","Legibility","3/5","Likert 1-5","Estimado automaticamente","Parametro medido sobre a saida colapsada pelo WFC.","A legibilidade depende muito do conjunto de tiles e das restricoes locais usadas.","Boa legibilidade exige tileset com padroes claros; ruido local pode reduzir leitura espacial."
23,2022,"B0B7507B","Qualitativo","StructuralVariety","3/5","Likert 1-5","Estimado automaticamente","Parametro medido sobre a saida colapsada pelo WFC.","Indica variedade estrutural dentro desta execucao.","Ponto forte potencial do WFC, principalmente na variedade local de tiles."
23,2022,"B0B7507B","Performance","layoutGenerationMilliseconds","60.026","ms","Medido","Tempo para colapsar o volume WFC, propagar restricoes e extrair componentes.","Representa o custo algoritmico principal.","Inclui colapso, propagacao e extracao de componentes; comparar separado da instanciacao Unity."
23,2022,"B0B7507B","Performance","geometryInstantiationMilliseconds","155.834","ms","Medido","Parametro medido sobre a saida colapsada pelo WFC.","A execucao incluiu custo visual.","Custo visual depende dos prefabs/Unity, nao do WFC puro."
23,2022,"B0B7507B","Performance","metricsCalculationMilliseconds","0.821","ms","Medido","Parametro medido sobre a saida colapsada pelo WFC.","Ajuda a quantificar custo da instrumentacao.","Custo da instrumentacao, nao do algoritmo."
23,2022,"B0B7507B","Performance","totalGenerationMilliseconds","216.684","ms","Medido","Parametro medido sobre a saida colapsada pelo WFC.","Inclui layout, instanciacao visual habilitada e calculo de metricas.","Inclui layout, instanciacao visual e metricas; use junto com o tempo logico."
23,2022,"B0B7507B","Performance","generatedGameObjectCount","12334","contagem","Medido","Parametro medido sobre a saida colapsada pelo WFC.","Indica peso potencial de instanciacao no Unity.","Reflete peso da montagem visual dos tiles colapsados."
23,2022,"B0B7507B","Performance","occupiedCellCount","7937","contagem","Medido","Parametro medido sobre a saida colapsada pelo WFC.","Proxy de escala espacial da dungeon.","Proxy do volume ocupado pelo colapso."
23,2022,"B0B7507B","Performance","connectionCount","5","contagem","Medido","Quantidade de conexoes inferidas a partir de componentes de corredor.","Proxy de complexidade topologica.","Conexoes sao inferidas apos o colapso; nao sao primitivas nativas do WFC."
23,2022,"B0B7507B","Performance","managedMemoryDeltaKB","-71556","KB","Estimado","Parametro medido sobre a saida colapsada pelo WFC.","Valor aproximado, sensivel a GC e ao estado do Editor.","Estimativa sujeita ao GC da Unity; use como indicio comparativo."
24,2023,"B39E4532","Quantitativo","numRoomsTarget","42","contagem","Medido","Extracao de componentes de celulas de sala colapsadas pelo WFC.","Tamanho estrutural da dungeon nesta execucao.","WFC nao controla salas como entidade global; salas emergem de componentes de tiles."
24,2023,"B39E4532","Quantitativo","connectivityRatio","7.14%","%","Medido","Busca no grafo extraido dos componentes de sala e corredores do WFC, incluindo a espinha dorsal observada quando ativa.","Mostra se o WFC produziu uma dungeon conectada sem reparo global posterior.","WFC puro nao garante conectividade global por padrao; esta variante usa uma espinha dorsal observada como restricao inicial do proprio WFC, nao como reparo posterior."
24,2023,"B39E4532","Quantitativo","verticalVariance","2","metros","Medido","Desvio padrao das alturas dos componentes de sala extraidos.","Ha variacao vertical mensuravel entre salas.","WFC pode representar verticalidade se o tileset tiver sockets verticais."
24,2023,"B39E4532","Quantitativo","fillPercentage","96.66%","%","Medido","Celulas ocupadas por modulos WFC divididas pelo total do volume.","Indica densidade espacial da dungeon.","Densidade e resultado de pesos e compatibilidades locais, nao de controle global direto."
24,2023,"B39E4532","Quantitativo","branchFactor","0.381","media","Medido","Media de conexoes por componente de sala no grafo extraido.","Layout mais linear, com poucas bifurcacoes.","Ramificacao emerge das conexoes locais; controlar grau medio diretamente exige tileset/pesos bem calibrados."
24,2023,"B39E4532","Quantitativo","avgPathLength","10","metros","Medido","Distancias no grafo extraido do resultado WFC.","Distancia media a partir da sala inicial.","Caminhos sao medidos apos extrair um grafo do colapso; nao sao objetivo nativo do WFC."
24,2023,"B39E4532","Quantitativo","uniqueModules","49","contagem","Medido","Contagem de modulos WFC e prefabs efetivamente usados.","Indica variedade basica de composicao.","WFC tende a ser forte em variedade local quando ha um tileset rico."
24,2023,"B39E4532","Quantitativo","navigableVolumeRatio","100%","%","Estimado sem NavMesh","Estimativa logica de celulas ocupadas antes de NavMesh.","Use como estimativa inicial, nao como validacao fisica final.","Proxy logico; validacao final ainda depende de NavMesh e colisores."
24,2023,"B39E4532","Quantitativo","criticalPathLength","12","metros","Medido","Maior distancia no grafo extraido a partir da sala inicial.","Aproxima o percurso principal inicio-objetivo.","Caminho critico nao e controlado diretamente pelo WFC puro."
24,2023,"B39E4532","Quantitativo","avgAlternativePathLength","77","metros","Medido","Media de conexoes extras inferidas em componentes de corredor com mais de duas salas.","Ha caminhos alternativos mensuraveis.","Loops podem emergir, mas nao sao garantidos sem regras locais que favorecam ciclos."
24,2023,"B39E4532","Booleano","SupportsRandomEnemySpawns","Sim, testado","sim/nao","Suportado","Parametro medido sobre a saida colapsada pelo WFC.","Sistema configurado e com orcamento ativo.","Spawns usam celulas de sala extraidas; balanceamento e camada de gameplay."
24,2023,"B39E4532","Booleano","SupportsLootDistribution","Sim, testado","sim/nao","Suportado","Parametro medido sobre a saida colapsada pelo WFC.","Sistema configurado e com orcamento ativo.","Loot pode ser colocado sobre componentes de sala, mas progressao por risco nao e nativa do WFC."
24,2023,"B39E4532","Booleano","SupportsTraps","Sim, testado","sim/nao","Suportado","Parametro medido sobre a saida colapsada pelo WFC.","Sistema configurado e com orcamento ativo.","Armadilhas podem usar celulas/corredores resultantes; sem semantica global nativa."
24,2023,"B39E4532","Booleano","SupportsBacktrackingLoops","Nao","sim/nao","Medido","Parametro medido sobre a saida colapsada pelo WFC.","Parametro atendido quando o resultado WFC contem ciclos inferidos no grafo extraido.","WFC pode criar loops emergentes; se a metrica vier baixa, isso e uma limitacao da configuracao pura testada."
24,2023,"B39E4532","Booleano","SupportsVerticalConnectors","Nao","sim/nao","Medido","Conta execucoes com pares de modulos WFC stairs_up/stairs_down conectando pavimentos.","Parametro atendido somente quando os modulos verticais do WFC aparecem conectados a salas/corredores.","Suportado quando tiles verticais e observacoes iniciais fazem parte do proprio tileset WFC, sem BSP/Room Graph."
24,2023,"B39E4532","Booleano","SupportsMultiFloor","Nao","sim/nao","Medido","Conta execucoes com mais de um pavimento e conexao vertical extraida do proprio colapso.","Parametro atendido quando ha pavimentos conectados por sockets verticais do proprio WFC.","Multiandar e possivel em WFC 3D com sockets verticais, mas nao e garantido em WFC 2D simples."
24,2023,"B39E4532","Booleano","SupportsBossArena","Sim","sim/nao","Medido","Parametro medido sobre a saida colapsada pelo WFC.","Existe ao menos uma sala grande o suficiente.","Arenas grandes nao sao naturais no WFC local; exigem tiles/padroes que favorecam areas amplas."
24,2023,"B39E4532","Booleano","SeedReproducible","Sim","sim/nao","Medido","Parametro medido sobre a saida colapsada pelo WFC.","A seed reproduziu a mesma topologia.","O colapso e reproduzivel se todas as escolhas usam a mesma seed."
24,2023,"B39E4532","Booleano","RuntimeRegeneration","Sim","sim/nao","Medido","Parametro medido sobre a saida colapsada pelo WFC.","Tempo registrado: 196.782 ms.","Custo depende do tamanho do volume, quantidade de modulos e numero de contradicoes/reinicios."
24,2023,"B39E4532","Booleano","BudgetAwareSpawns","Sim","sim/nao","Suportado","Parametro medido sobre a saida colapsada pelo WFC.","Orcamentos registrados: inimigos 10, loot 6, armadilhas 4.","Orcamento e aplicado depois sobre celulas livres extraidas; nao e propriedade nativa do WFC."
24,2023,"B39E4532","Qualitativo","Replayability","5/5","Likert 1-5","Estimado automaticamente","Parametro medido sobre a saida colapsada pelo WFC.","Diversidade topologica: 100%.","WFC costuma variar bem em padroes locais; diversidade topologica depende do tileset."
24,2023,"B39E4532","Qualitativo","Debuggability","5/5","Likert 1-5","Estimado automaticamente","Parametro medido sobre a saida colapsada pelo WFC.","WFC e deterministico por seed, mas contradicoes e propagacao de entropia tornam a depuracao menos direta que BSP/Room Graph.","Mais dificil de depurar que BSP/Room Graph, pois erros aparecem como contradicoes de restricao."
24,2023,"B39E4532","Qualitativo","Flow","2/5","Likert 1-5","Estimado automaticamente","Parametro medido sobre a saida colapsada pelo WFC.","Indica fluidez de navegacao esperada.","Fluxo global nao e garantido por restricoes locais; precisa ser medido apos o colapso."
24,2023,"B39E4532","Qualitativo","Legibility","3/5","Likert 1-5","Estimado automaticamente","Parametro medido sobre a saida colapsada pelo WFC.","A legibilidade depende muito do conjunto de tiles e das restricoes locais usadas.","Boa legibilidade exige tileset com padroes claros; ruido local pode reduzir leitura espacial."
24,2023,"B39E4532","Qualitativo","StructuralVariety","3/5","Likert 1-5","Estimado automaticamente","Parametro medido sobre a saida colapsada pelo WFC.","Indica variedade estrutural dentro desta execucao.","Ponto forte potencial do WFC, principalmente na variedade local de tiles."
24,2023,"B39E4532","Performance","layoutGenerationMilliseconds","66.308","ms","Medido","Tempo para colapsar o volume WFC, propagar restricoes e extrair componentes.","Representa o custo algoritmico principal.","Inclui colapso, propagacao e extracao de componentes; comparar separado da instanciacao Unity."
24,2023,"B39E4532","Performance","geometryInstantiationMilliseconds","129.671","ms","Medido","Parametro medido sobre a saida colapsada pelo WFC.","A execucao incluiu custo visual.","Custo visual depende dos prefabs/Unity, nao do WFC puro."
24,2023,"B39E4532","Performance","metricsCalculationMilliseconds","0.799","ms","Medido","Parametro medido sobre a saida colapsada pelo WFC.","Ajuda a quantificar custo da instrumentacao.","Custo da instrumentacao, nao do algoritmo."
24,2023,"B39E4532","Performance","totalGenerationMilliseconds","196.782","ms","Medido","Parametro medido sobre a saida colapsada pelo WFC.","Inclui layout, instanciacao visual habilitada e calculo de metricas.","Inclui layout, instanciacao visual e metricas; use junto com o tempo logico."
24,2023,"B39E4532","Performance","generatedGameObjectCount","12361","contagem","Medido","Parametro medido sobre a saida colapsada pelo WFC.","Indica peso potencial de instanciacao no Unity.","Reflete peso da montagem visual dos tiles colapsados."
24,2023,"B39E4532","Performance","occupiedCellCount","7918","contagem","Medido","Parametro medido sobre a saida colapsada pelo WFC.","Proxy de escala espacial da dungeon.","Proxy do volume ocupado pelo colapso."
24,2023,"B39E4532","Performance","connectionCount","8","contagem","Medido","Quantidade de conexoes inferidas a partir de componentes de corredor.","Proxy de complexidade topologica.","Conexoes sao inferidas apos o colapso; nao sao primitivas nativas do WFC."
24,2023,"B39E4532","Performance","managedMemoryDeltaKB","20508","KB","Estimado","Parametro medido sobre a saida colapsada pelo WFC.","Valor aproximado, sensivel a GC e ao estado do Editor.","Estimativa sujeita ao GC da Unity; use como indicio comparativo."
25,2024,"4C3E4583","Quantitativo","numRoomsTarget","46","contagem","Medido","Extracao de componentes de celulas de sala colapsadas pelo WFC.","Tamanho estrutural da dungeon nesta execucao.","WFC nao controla salas como entidade global; salas emergem de componentes de tiles."
25,2024,"4C3E4583","Quantitativo","connectivityRatio","6.52%","%","Medido","Busca no grafo extraido dos componentes de sala e corredores do WFC, incluindo a espinha dorsal observada quando ativa.","Mostra se o WFC produziu uma dungeon conectada sem reparo global posterior.","WFC puro nao garante conectividade global por padrao; esta variante usa uma espinha dorsal observada como restricao inicial do proprio WFC, nao como reparo posterior."
25,2024,"4C3E4583","Quantitativo","verticalVariance","1.998","metros","Medido","Desvio padrao das alturas dos componentes de sala extraidos.","Ha variacao vertical mensuravel entre salas.","WFC pode representar verticalidade se o tileset tiver sockets verticais."
25,2024,"4C3E4583","Quantitativo","fillPercentage","96.9%","%","Medido","Celulas ocupadas por modulos WFC divididas pelo total do volume.","Indica densidade espacial da dungeon.","Densidade e resultado de pesos e compatibilidades locais, nao de controle global direto."
25,2024,"4C3E4583","Quantitativo","branchFactor","0.609","media","Medido","Media de conexoes por componente de sala no grafo extraido.","Layout mais linear, com poucas bifurcacoes.","Ramificacao emerge das conexoes locais; controlar grau medio diretamente exige tileset/pesos bem calibrados."
25,2024,"4C3E4583","Quantitativo","avgPathLength","42","metros","Medido","Distancias no grafo extraido do resultado WFC.","Distancia media a partir da sala inicial.","Caminhos sao medidos apos extrair um grafo do colapso; nao sao objetivo nativo do WFC."
25,2024,"4C3E4583","Quantitativo","uniqueModules","49","contagem","Medido","Contagem de modulos WFC e prefabs efetivamente usados.","Indica variedade basica de composicao.","WFC tende a ser forte em variedade local quando ha um tileset rico."
25,2024,"4C3E4583","Quantitativo","navigableVolumeRatio","100%","%","Estimado sem NavMesh","Estimativa logica de celulas ocupadas antes de NavMesh.","Use como estimativa inicial, nao como validacao fisica final.","Proxy logico; validacao final ainda depende de NavMesh e colisores."
25,2024,"4C3E4583","Quantitativo","criticalPathLength","72","metros","Medido","Maior distancia no grafo extraido a partir da sala inicial.","Aproxima o percurso principal inicio-objetivo.","Caminho critico nao e controlado diretamente pelo WFC puro."
25,2024,"4C3E4583","Quantitativo","avgAlternativePathLength","19.333","metros","Medido","Media de conexoes extras inferidas em componentes de corredor com mais de duas salas.","Ha caminhos alternativos mensuraveis.","Loops podem emergir, mas nao sao garantidos sem regras locais que favorecam ciclos."
25,2024,"4C3E4583","Booleano","SupportsRandomEnemySpawns","Sim, testado","sim/nao","Suportado","Parametro medido sobre a saida colapsada pelo WFC.","Sistema configurado e com orcamento ativo.","Spawns usam celulas de sala extraidas; balanceamento e camada de gameplay."
25,2024,"4C3E4583","Booleano","SupportsLootDistribution","Sim, testado","sim/nao","Suportado","Parametro medido sobre a saida colapsada pelo WFC.","Sistema configurado e com orcamento ativo.","Loot pode ser colocado sobre componentes de sala, mas progressao por risco nao e nativa do WFC."
25,2024,"4C3E4583","Booleano","SupportsTraps","Sim, testado","sim/nao","Suportado","Parametro medido sobre a saida colapsada pelo WFC.","Sistema configurado e com orcamento ativo.","Armadilhas podem usar celulas/corredores resultantes; sem semantica global nativa."
25,2024,"4C3E4583","Booleano","SupportsBacktrackingLoops","Nao","sim/nao","Medido","Parametro medido sobre a saida colapsada pelo WFC.","Parametro atendido quando o resultado WFC contem ciclos inferidos no grafo extraido.","WFC pode criar loops emergentes; se a metrica vier baixa, isso e uma limitacao da configuracao pura testada."
25,2024,"4C3E4583","Booleano","SupportsVerticalConnectors","Sim","sim/nao","Medido","Conta execucoes com pares de modulos WFC stairs_up/stairs_down conectando pavimentos.","Parametro atendido somente quando os modulos verticais do WFC aparecem conectados a salas/corredores.","Suportado quando tiles verticais e observacoes iniciais fazem parte do proprio tileset WFC, sem BSP/Room Graph."
25,2024,"4C3E4583","Booleano","SupportsMultiFloor","Sim","sim/nao","Medido","Conta execucoes com mais de um pavimento e conexao vertical extraida do proprio colapso.","Parametro atendido quando ha pavimentos conectados por sockets verticais do proprio WFC.","Multiandar e possivel em WFC 3D com sockets verticais, mas nao e garantido em WFC 2D simples."
25,2024,"4C3E4583","Booleano","SupportsBossArena","Sim","sim/nao","Medido","Parametro medido sobre a saida colapsada pelo WFC.","Existe ao menos uma sala grande o suficiente.","Arenas grandes nao sao naturais no WFC local; exigem tiles/padroes que favorecam areas amplas."
25,2024,"4C3E4583","Booleano","SeedReproducible","Sim","sim/nao","Medido","Parametro medido sobre a saida colapsada pelo WFC.","A seed reproduziu a mesma topologia.","O colapso e reproduzivel se todas as escolhas usam a mesma seed."
25,2024,"4C3E4583","Booleano","RuntimeRegeneration","Sim","sim/nao","Medido","Parametro medido sobre a saida colapsada pelo WFC.","Tempo registrado: 187.24 ms.","Custo depende do tamanho do volume, quantidade de modulos e numero de contradicoes/reinicios."
25,2024,"4C3E4583","Booleano","BudgetAwareSpawns","Sim","sim/nao","Suportado","Parametro medido sobre a saida colapsada pelo WFC.","Orcamentos registrados: inimigos 10, loot 6, armadilhas 4.","Orcamento e aplicado depois sobre celulas livres extraidas; nao e propriedade nativa do WFC."
25,2024,"4C3E4583","Qualitativo","Replayability","5/5","Likert 1-5","Estimado automaticamente","Parametro medido sobre a saida colapsada pelo WFC.","Diversidade topologica: 100%.","WFC costuma variar bem em padroes locais; diversidade topologica depende do tileset."
25,2024,"4C3E4583","Qualitativo","Debuggability","5/5","Likert 1-5","Estimado automaticamente","Parametro medido sobre a saida colapsada pelo WFC.","WFC e deterministico por seed, mas contradicoes e propagacao de entropia tornam a depuracao menos direta que BSP/Room Graph.","Mais dificil de depurar que BSP/Room Graph, pois erros aparecem como contradicoes de restricao."
25,2024,"4C3E4583","Qualitativo","Flow","2/5","Likert 1-5","Estimado automaticamente","Parametro medido sobre a saida colapsada pelo WFC.","Indica fluidez de navegacao esperada.","Fluxo global nao e garantido por restricoes locais; precisa ser medido apos o colapso."
25,2024,"4C3E4583","Qualitativo","Legibility","3/5","Likert 1-5","Estimado automaticamente","Parametro medido sobre a saida colapsada pelo WFC.","A legibilidade depende muito do conjunto de tiles e das restricoes locais usadas.","Boa legibilidade exige tileset com padroes claros; ruido local pode reduzir leitura espacial."
25,2024,"4C3E4583","Qualitativo","StructuralVariety","3/5","Likert 1-5","Estimado automaticamente","Parametro medido sobre a saida colapsada pelo WFC.","Indica variedade estrutural dentro desta execucao.","Ponto forte potencial do WFC, principalmente na variedade local de tiles."
25,2024,"4C3E4583","Performance","layoutGenerationMilliseconds","60.256","ms","Medido","Tempo para colapsar o volume WFC, propagar restricoes e extrair componentes.","Representa o custo algoritmico principal.","Inclui colapso, propagacao e extracao de componentes; comparar separado da instanciacao Unity."
25,2024,"4C3E4583","Performance","geometryInstantiationMilliseconds","126.132","ms","Medido","Parametro medido sobre a saida colapsada pelo WFC.","A execucao incluiu custo visual.","Custo visual depende dos prefabs/Unity, nao do WFC puro."
25,2024,"4C3E4583","Performance","metricsCalculationMilliseconds","0.849","ms","Medido","Parametro medido sobre a saida colapsada pelo WFC.","Ajuda a quantificar custo da instrumentacao.","Custo da instrumentacao, nao do algoritmo."
25,2024,"4C3E4583","Performance","totalGenerationMilliseconds","187.24","ms","Medido","Parametro medido sobre a saida colapsada pelo WFC.","Inclui layout, instanciacao visual habilitada e calculo de metricas.","Inclui layout, instanciacao visual e metricas; use junto com o tempo logico."
25,2024,"4C3E4583","Performance","generatedGameObjectCount","12317","contagem","Medido","Parametro medido sobre a saida colapsada pelo WFC.","Indica peso potencial de instanciacao no Unity.","Reflete peso da montagem visual dos tiles colapsados."
25,2024,"4C3E4583","Performance","occupiedCellCount","7938","contagem","Medido","Parametro medido sobre a saida colapsada pelo WFC.","Proxy de escala espacial da dungeon.","Proxy do volume ocupado pelo colapso."
25,2024,"4C3E4583","Performance","connectionCount","14","contagem","Medido","Quantidade de conexoes inferidas a partir de componentes de corredor.","Proxy de complexidade topologica.","Conexoes sao inferidas apos o colapso; nao sao primitivas nativas do WFC."
25,2024,"4C3E4583","Performance","managedMemoryDeltaKB","25884","KB","Estimado","Parametro medido sobre a saida colapsada pelo WFC.","Valor aproximado, sensivel a GC e ao estado do Editor.","Estimativa sujeita ao GC da Unity; use como indicio comparativo."
26,2025,"759A0080","Quantitativo","numRoomsTarget","37","contagem","Medido","Extracao de componentes de celulas de sala colapsadas pelo WFC.","Tamanho estrutural da dungeon nesta execucao.","WFC nao controla salas como entidade global; salas emergem de componentes de tiles."
26,2025,"759A0080","Quantitativo","connectivityRatio","2.7%","%","Medido","Busca no grafo extraido dos componentes de sala e corredores do WFC, incluindo a espinha dorsal observada quando ativa.","Mostra se o WFC produziu uma dungeon conectada sem reparo global posterior.","WFC puro nao garante conectividade global por padrao; esta variante usa uma espinha dorsal observada como restricao inicial do proprio WFC, nao como reparo posterior."
26,2025,"759A0080","Quantitativo","verticalVariance","1.94","metros","Medido","Desvio padrao das alturas dos componentes de sala extraidos.","Ha variacao vertical mensuravel entre salas.","WFC pode representar verticalidade se o tileset tiver sockets verticais."
26,2025,"759A0080","Quantitativo","fillPercentage","97.03%","%","Medido","Celulas ocupadas por modulos WFC divididas pelo total do volume.","Indica densidade espacial da dungeon.","Densidade e resultado de pesos e compatibilidades locais, nao de controle global direto."
26,2025,"759A0080","Quantitativo","branchFactor","0.108","media","Medido","Media de conexoes por componente de sala no grafo extraido.","Layout mais linear, com poucas bifurcacoes.","Ramificacao emerge das conexoes locais; controlar grau medio diretamente exige tileset/pesos bem calibrados."
26,2025,"759A0080","Quantitativo","avgPathLength","0","metros","Medido","Distancias no grafo extraido do resultado WFC.","Distancia media a partir da sala inicial.","Caminhos sao medidos apos extrair um grafo do colapso; nao sao objetivo nativo do WFC."
26,2025,"759A0080","Quantitativo","uniqueModules","48","contagem","Medido","Contagem de modulos WFC e prefabs efetivamente usados.","Indica variedade basica de composicao.","WFC tende a ser forte em variedade local quando ha um tileset rico."
26,2025,"759A0080","Quantitativo","navigableVolumeRatio","100%","%","Estimado sem NavMesh","Estimativa logica de celulas ocupadas antes de NavMesh.","Use como estimativa inicial, nao como validacao fisica final.","Proxy logico; validacao final ainda depende de NavMesh e colisores."
26,2025,"759A0080","Quantitativo","criticalPathLength","0","metros","Medido","Maior distancia no grafo extraido a partir da sala inicial.","Aproxima o percurso principal inicio-objetivo.","Caminho critico nao e controlado diretamente pelo WFC puro."
26,2025,"759A0080","Quantitativo","avgAlternativePathLength","0","metros","Medido","Media de conexoes extras inferidas em componentes de corredor com mais de duas salas.","Nao houve caminho alternativo nesta execucao.","Loops podem emergir, mas nao sao garantidos sem regras locais que favorecam ciclos."
26,2025,"759A0080","Booleano","SupportsRandomEnemySpawns","Sim, testado","sim/nao","Suportado","Parametro medido sobre a saida colapsada pelo WFC.","Sistema configurado e com orcamento ativo.","Spawns usam celulas de sala extraidas; balanceamento e camada de gameplay."
26,2025,"759A0080","Booleano","SupportsLootDistribution","Sim, testado","sim/nao","Suportado","Parametro medido sobre a saida colapsada pelo WFC.","Sistema configurado e com orcamento ativo.","Loot pode ser colocado sobre componentes de sala, mas progressao por risco nao e nativa do WFC."
26,2025,"759A0080","Booleano","SupportsTraps","Sim, testado","sim/nao","Suportado","Parametro medido sobre a saida colapsada pelo WFC.","Sistema configurado e com orcamento ativo.","Armadilhas podem usar celulas/corredores resultantes; sem semantica global nativa."
26,2025,"759A0080","Booleano","SupportsBacktrackingLoops","Nao","sim/nao","Medido","Parametro medido sobre a saida colapsada pelo WFC.","Parametro atendido quando o resultado WFC contem ciclos inferidos no grafo extraido.","WFC pode criar loops emergentes; se a metrica vier baixa, isso e uma limitacao da configuracao pura testada."
26,2025,"759A0080","Booleano","SupportsVerticalConnectors","Nao","sim/nao","Medido","Conta execucoes com pares de modulos WFC stairs_up/stairs_down conectando pavimentos.","Parametro atendido somente quando os modulos verticais do WFC aparecem conectados a salas/corredores.","Suportado quando tiles verticais e observacoes iniciais fazem parte do proprio tileset WFC, sem BSP/Room Graph."
26,2025,"759A0080","Booleano","SupportsMultiFloor","Nao","sim/nao","Medido","Conta execucoes com mais de um pavimento e conexao vertical extraida do proprio colapso.","Parametro atendido quando ha pavimentos conectados por sockets verticais do proprio WFC.","Multiandar e possivel em WFC 3D com sockets verticais, mas nao e garantido em WFC 2D simples."
26,2025,"759A0080","Booleano","SupportsBossArena","Sim","sim/nao","Medido","Parametro medido sobre a saida colapsada pelo WFC.","Existe ao menos uma sala grande o suficiente.","Arenas grandes nao sao naturais no WFC local; exigem tiles/padroes que favorecam areas amplas."
26,2025,"759A0080","Booleano","SeedReproducible","Sim","sim/nao","Medido","Parametro medido sobre a saida colapsada pelo WFC.","A seed reproduziu a mesma topologia.","O colapso e reproduzivel se todas as escolhas usam a mesma seed."
26,2025,"759A0080","Booleano","RuntimeRegeneration","Sim","sim/nao","Medido","Parametro medido sobre a saida colapsada pelo WFC.","Tempo registrado: 190.321 ms.","Custo depende do tamanho do volume, quantidade de modulos e numero de contradicoes/reinicios."
26,2025,"759A0080","Booleano","BudgetAwareSpawns","Sim","sim/nao","Suportado","Parametro medido sobre a saida colapsada pelo WFC.","Orcamentos registrados: inimigos 10, loot 6, armadilhas 4.","Orcamento e aplicado depois sobre celulas livres extraidas; nao e propriedade nativa do WFC."
26,2025,"759A0080","Qualitativo","Replayability","5/5","Likert 1-5","Estimado automaticamente","Parametro medido sobre a saida colapsada pelo WFC.","Diversidade topologica: 100%.","WFC costuma variar bem em padroes locais; diversidade topologica depende do tileset."
26,2025,"759A0080","Qualitativo","Debuggability","5/5","Likert 1-5","Estimado automaticamente","Parametro medido sobre a saida colapsada pelo WFC.","WFC e deterministico por seed, mas contradicoes e propagacao de entropia tornam a depuracao menos direta que BSP/Room Graph.","Mais dificil de depurar que BSP/Room Graph, pois erros aparecem como contradicoes de restricao."
26,2025,"759A0080","Qualitativo","Flow","1/5","Likert 1-5","Estimado automaticamente","Parametro medido sobre a saida colapsada pelo WFC.","Indica fluidez de navegacao esperada.","Fluxo global nao e garantido por restricoes locais; precisa ser medido apos o colapso."
26,2025,"759A0080","Qualitativo","Legibility","3/5","Likert 1-5","Estimado automaticamente","Parametro medido sobre a saida colapsada pelo WFC.","A legibilidade depende muito do conjunto de tiles e das restricoes locais usadas.","Boa legibilidade exige tileset com padroes claros; ruido local pode reduzir leitura espacial."
26,2025,"759A0080","Qualitativo","StructuralVariety","3/5","Likert 1-5","Estimado automaticamente","Parametro medido sobre a saida colapsada pelo WFC.","Indica variedade estrutural dentro desta execucao.","Ponto forte potencial do WFC, principalmente na variedade local de tiles."
26,2025,"759A0080","Performance","layoutGenerationMilliseconds","59.035","ms","Medido","Tempo para colapsar o volume WFC, propagar restricoes e extrair componentes.","Representa o custo algoritmico principal.","Inclui colapso, propagacao e extracao de componentes; comparar separado da instanciacao Unity."
26,2025,"759A0080","Performance","geometryInstantiationMilliseconds","130.612","ms","Medido","Parametro medido sobre a saida colapsada pelo WFC.","A execucao incluiu custo visual.","Custo visual depende dos prefabs/Unity, nao do WFC puro."
26,2025,"759A0080","Performance","metricsCalculationMilliseconds","0.67","ms","Medido","Parametro medido sobre a saida colapsada pelo WFC.","Ajuda a quantificar custo da instrumentacao.","Custo da instrumentacao, nao do algoritmo."
26,2025,"759A0080","Performance","totalGenerationMilliseconds","190.321","ms","Medido","Parametro medido sobre a saida colapsada pelo WFC.","Inclui layout, instanciacao visual habilitada e calculo de metricas.","Inclui layout, instanciacao visual e metricas; use junto com o tempo logico."
26,2025,"759A0080","Performance","generatedGameObjectCount","12463","contagem","Medido","Parametro medido sobre a saida colapsada pelo WFC.","Indica peso potencial de instanciacao no Unity.","Reflete peso da montagem visual dos tiles colapsados."
26,2025,"759A0080","Performance","occupiedCellCount","7949","contagem","Medido","Parametro medido sobre a saida colapsada pelo WFC.","Proxy de escala espacial da dungeon.","Proxy do volume ocupado pelo colapso."
26,2025,"759A0080","Performance","connectionCount","2","contagem","Medido","Quantidade de conexoes inferidas a partir de componentes de corredor.","Proxy de complexidade topologica.","Conexoes sao inferidas apos o colapso; nao sao primitivas nativas do WFC."
26,2025,"759A0080","Performance","managedMemoryDeltaKB","30000","KB","Estimado","Parametro medido sobre a saida colapsada pelo WFC.","Valor aproximado, sensivel a GC e ao estado do Editor.","Estimativa sujeita ao GC da Unity; use como indicio comparativo."
27,2026,"7C3A4C6C","Quantitativo","numRoomsTarget","36","contagem","Medido","Extracao de componentes de celulas de sala colapsadas pelo WFC.","Tamanho estrutural da dungeon nesta execucao.","WFC nao controla salas como entidade global; salas emergem de componentes de tiles."
27,2026,"7C3A4C6C","Quantitativo","connectivityRatio","2.78%","%","Medido","Busca no grafo extraido dos componentes de sala e corredores do WFC, incluindo a espinha dorsal observada quando ativa.","Mostra se o WFC produziu uma dungeon conectada sem reparo global posterior.","WFC puro nao garante conectividade global por padrao; esta variante usa uma espinha dorsal observada como restricao inicial do proprio WFC, nao como reparo posterior."
27,2026,"7C3A4C6C","Quantitativo","verticalVariance","1.988","metros","Medido","Desvio padrao das alturas dos componentes de sala extraidos.","Ha variacao vertical mensuravel entre salas.","WFC pode representar verticalidade se o tileset tiver sockets verticais."
27,2026,"7C3A4C6C","Quantitativo","fillPercentage","96.97%","%","Medido","Celulas ocupadas por modulos WFC divididas pelo total do volume.","Indica densidade espacial da dungeon.","Densidade e resultado de pesos e compatibilidades locais, nao de controle global direto."
27,2026,"7C3A4C6C","Quantitativo","branchFactor","0.333","media","Medido","Media de conexoes por componente de sala no grafo extraido.","Layout mais linear, com poucas bifurcacoes.","Ramificacao emerge das conexoes locais; controlar grau medio diretamente exige tileset/pesos bem calibrados."
27,2026,"7C3A4C6C","Quantitativo","avgPathLength","0","metros","Medido","Distancias no grafo extraido do resultado WFC.","Distancia media a partir da sala inicial.","Caminhos sao medidos apos extrair um grafo do colapso; nao sao objetivo nativo do WFC."
27,2026,"7C3A4C6C","Quantitativo","uniqueModules","47","contagem","Medido","Contagem de modulos WFC e prefabs efetivamente usados.","Indica variedade basica de composicao.","WFC tende a ser forte em variedade local quando ha um tileset rico."
27,2026,"7C3A4C6C","Quantitativo","navigableVolumeRatio","100%","%","Estimado sem NavMesh","Estimativa logica de celulas ocupadas antes de NavMesh.","Use como estimativa inicial, nao como validacao fisica final.","Proxy logico; validacao final ainda depende de NavMesh e colisores."
27,2026,"7C3A4C6C","Quantitativo","criticalPathLength","0","metros","Medido","Maior distancia no grafo extraido a partir da sala inicial.","Aproxima o percurso principal inicio-objetivo.","Caminho critico nao e controlado diretamente pelo WFC puro."
27,2026,"7C3A4C6C","Quantitativo","avgAlternativePathLength","0","metros","Medido","Media de conexoes extras inferidas em componentes de corredor com mais de duas salas.","Nao houve caminho alternativo nesta execucao.","Loops podem emergir, mas nao sao garantidos sem regras locais que favorecam ciclos."
27,2026,"7C3A4C6C","Booleano","SupportsRandomEnemySpawns","Sim, testado","sim/nao","Suportado","Parametro medido sobre a saida colapsada pelo WFC.","Sistema configurado e com orcamento ativo.","Spawns usam celulas de sala extraidas; balanceamento e camada de gameplay."
27,2026,"7C3A4C6C","Booleano","SupportsLootDistribution","Sim, testado","sim/nao","Suportado","Parametro medido sobre a saida colapsada pelo WFC.","Sistema configurado e com orcamento ativo.","Loot pode ser colocado sobre componentes de sala, mas progressao por risco nao e nativa do WFC."
27,2026,"7C3A4C6C","Booleano","SupportsTraps","Sim, testado","sim/nao","Suportado","Parametro medido sobre a saida colapsada pelo WFC.","Sistema configurado e com orcamento ativo.","Armadilhas podem usar celulas/corredores resultantes; sem semantica global nativa."
27,2026,"7C3A4C6C","Booleano","SupportsBacktrackingLoops","Nao","sim/nao","Medido","Parametro medido sobre a saida colapsada pelo WFC.","Parametro atendido quando o resultado WFC contem ciclos inferidos no grafo extraido.","WFC pode criar loops emergentes; se a metrica vier baixa, isso e uma limitacao da configuracao pura testada."
27,2026,"7C3A4C6C","Booleano","SupportsVerticalConnectors","Nao","sim/nao","Medido","Conta execucoes com pares de modulos WFC stairs_up/stairs_down conectando pavimentos.","Parametro atendido somente quando os modulos verticais do WFC aparecem conectados a salas/corredores.","Suportado quando tiles verticais e observacoes iniciais fazem parte do proprio tileset WFC, sem BSP/Room Graph."
27,2026,"7C3A4C6C","Booleano","SupportsMultiFloor","Nao","sim/nao","Medido","Conta execucoes com mais de um pavimento e conexao vertical extraida do proprio colapso.","Parametro atendido quando ha pavimentos conectados por sockets verticais do proprio WFC.","Multiandar e possivel em WFC 3D com sockets verticais, mas nao e garantido em WFC 2D simples."
27,2026,"7C3A4C6C","Booleano","SupportsBossArena","Sim","sim/nao","Medido","Parametro medido sobre a saida colapsada pelo WFC.","Existe ao menos uma sala grande o suficiente.","Arenas grandes nao sao naturais no WFC local; exigem tiles/padroes que favorecam areas amplas."
27,2026,"7C3A4C6C","Booleano","SeedReproducible","Sim","sim/nao","Medido","Parametro medido sobre a saida colapsada pelo WFC.","A seed reproduziu a mesma topologia.","O colapso e reproduzivel se todas as escolhas usam a mesma seed."
27,2026,"7C3A4C6C","Booleano","RuntimeRegeneration","Sim","sim/nao","Medido","Parametro medido sobre a saida colapsada pelo WFC.","Tempo registrado: 216.515 ms.","Custo depende do tamanho do volume, quantidade de modulos e numero de contradicoes/reinicios."
27,2026,"7C3A4C6C","Booleano","BudgetAwareSpawns","Sim","sim/nao","Suportado","Parametro medido sobre a saida colapsada pelo WFC.","Orcamentos registrados: inimigos 10, loot 6, armadilhas 4.","Orcamento e aplicado depois sobre celulas livres extraidas; nao e propriedade nativa do WFC."
27,2026,"7C3A4C6C","Qualitativo","Replayability","5/5","Likert 1-5","Estimado automaticamente","Parametro medido sobre a saida colapsada pelo WFC.","Diversidade topologica: 100%.","WFC costuma variar bem em padroes locais; diversidade topologica depende do tileset."
27,2026,"7C3A4C6C","Qualitativo","Debuggability","5/5","Likert 1-5","Estimado automaticamente","Parametro medido sobre a saida colapsada pelo WFC.","WFC e deterministico por seed, mas contradicoes e propagacao de entropia tornam a depuracao menos direta que BSP/Room Graph.","Mais dificil de depurar que BSP/Room Graph, pois erros aparecem como contradicoes de restricao."
27,2026,"7C3A4C6C","Qualitativo","Flow","1/5","Likert 1-5","Estimado automaticamente","Parametro medido sobre a saida colapsada pelo WFC.","Indica fluidez de navegacao esperada.","Fluxo global nao e garantido por restricoes locais; precisa ser medido apos o colapso."
27,2026,"7C3A4C6C","Qualitativo","Legibility","3/5","Likert 1-5","Estimado automaticamente","Parametro medido sobre a saida colapsada pelo WFC.","A legibilidade depende muito do conjunto de tiles e das restricoes locais usadas.","Boa legibilidade exige tileset com padroes claros; ruido local pode reduzir leitura espacial."
27,2026,"7C3A4C6C","Qualitativo","StructuralVariety","3/5","Likert 1-5","Estimado automaticamente","Parametro medido sobre a saida colapsada pelo WFC.","Indica variedade estrutural dentro desta execucao.","Ponto forte potencial do WFC, principalmente na variedade local de tiles."
27,2026,"7C3A4C6C","Performance","layoutGenerationMilliseconds","59.523","ms","Medido","Tempo para colapsar o volume WFC, propagar restricoes e extrair componentes.","Representa o custo algoritmico principal.","Inclui colapso, propagacao e extracao de componentes; comparar separado da instanciacao Unity."
27,2026,"7C3A4C6C","Performance","geometryInstantiationMilliseconds","156.231","ms","Medido","Parametro medido sobre a saida colapsada pelo WFC.","A execucao incluiu custo visual.","Custo visual depende dos prefabs/Unity, nao do WFC puro."
27,2026,"7C3A4C6C","Performance","metricsCalculationMilliseconds","0.758","ms","Medido","Parametro medido sobre a saida colapsada pelo WFC.","Ajuda a quantificar custo da instrumentacao.","Custo da instrumentacao, nao do algoritmo."
27,2026,"7C3A4C6C","Performance","totalGenerationMilliseconds","216.515","ms","Medido","Parametro medido sobre a saida colapsada pelo WFC.","Inclui layout, instanciacao visual habilitada e calculo de metricas.","Inclui layout, instanciacao visual e metricas; use junto com o tempo logico."
27,2026,"7C3A4C6C","Performance","generatedGameObjectCount","12542","contagem","Medido","Parametro medido sobre a saida colapsada pelo WFC.","Indica peso potencial de instanciacao no Unity.","Reflete peso da montagem visual dos tiles colapsados."
27,2026,"7C3A4C6C","Performance","occupiedCellCount","7944","contagem","Medido","Parametro medido sobre a saida colapsada pelo WFC.","Proxy de escala espacial da dungeon.","Proxy do volume ocupado pelo colapso."
27,2026,"7C3A4C6C","Performance","connectionCount","6","contagem","Medido","Quantidade de conexoes inferidas a partir de componentes de corredor.","Proxy de complexidade topologica.","Conexoes sao inferidas apos o colapso; nao sao primitivas nativas do WFC."
27,2026,"7C3A4C6C","Performance","managedMemoryDeltaKB","-72780","KB","Estimado","Parametro medido sobre a saida colapsada pelo WFC.","Valor aproximado, sensivel a GC e ao estado do Editor.","Estimativa sujeita ao GC da Unity; use como indicio comparativo."
28,2027,"BA6E3743","Quantitativo","numRoomsTarget","37","contagem","Medido","Extracao de componentes de celulas de sala colapsadas pelo WFC.","Tamanho estrutural da dungeon nesta execucao.","WFC nao controla salas como entidade global; salas emergem de componentes de tiles."
28,2027,"BA6E3743","Quantitativo","connectivityRatio","2.7%","%","Medido","Busca no grafo extraido dos componentes de sala e corredores do WFC, incluindo a espinha dorsal observada quando ativa.","Mostra se o WFC produziu uma dungeon conectada sem reparo global posterior.","WFC puro nao garante conectividade global por padrao; esta variante usa uma espinha dorsal observada como restricao inicial do proprio WFC, nao como reparo posterior."
28,2027,"BA6E3743","Quantitativo","verticalVariance","1.999","metros","Medido","Desvio padrao das alturas dos componentes de sala extraidos.","Ha variacao vertical mensuravel entre salas.","WFC pode representar verticalidade se o tileset tiver sockets verticais."
28,2027,"BA6E3743","Quantitativo","fillPercentage","96.77%","%","Medido","Celulas ocupadas por modulos WFC divididas pelo total do volume.","Indica densidade espacial da dungeon.","Densidade e resultado de pesos e compatibilidades locais, nao de controle global direto."
28,2027,"BA6E3743","Quantitativo","branchFactor","0.108","media","Medido","Media de conexoes por componente de sala no grafo extraido.","Layout mais linear, com poucas bifurcacoes.","Ramificacao emerge das conexoes locais; controlar grau medio diretamente exige tileset/pesos bem calibrados."
28,2027,"BA6E3743","Quantitativo","avgPathLength","0","metros","Medido","Distancias no grafo extraido do resultado WFC.","Distancia media a partir da sala inicial.","Caminhos sao medidos apos extrair um grafo do colapso; nao sao objetivo nativo do WFC."
28,2027,"BA6E3743","Quantitativo","uniqueModules","49","contagem","Medido","Contagem de modulos WFC e prefabs efetivamente usados.","Indica variedade basica de composicao.","WFC tende a ser forte em variedade local quando ha um tileset rico."
28,2027,"BA6E3743","Quantitativo","navigableVolumeRatio","100%","%","Estimado sem NavMesh","Estimativa logica de celulas ocupadas antes de NavMesh.","Use como estimativa inicial, nao como validacao fisica final.","Proxy logico; validacao final ainda depende de NavMesh e colisores."
28,2027,"BA6E3743","Quantitativo","criticalPathLength","0","metros","Medido","Maior distancia no grafo extraido a partir da sala inicial.","Aproxima o percurso principal inicio-objetivo.","Caminho critico nao e controlado diretamente pelo WFC puro."
28,2027,"BA6E3743","Quantitativo","avgAlternativePathLength","0","metros","Medido","Media de conexoes extras inferidas em componentes de corredor com mais de duas salas.","Nao houve caminho alternativo nesta execucao.","Loops podem emergir, mas nao sao garantidos sem regras locais que favorecam ciclos."
28,2027,"BA6E3743","Booleano","SupportsRandomEnemySpawns","Sim, testado","sim/nao","Suportado","Parametro medido sobre a saida colapsada pelo WFC.","Sistema configurado e com orcamento ativo.","Spawns usam celulas de sala extraidas; balanceamento e camada de gameplay."
28,2027,"BA6E3743","Booleano","SupportsLootDistribution","Sim, testado","sim/nao","Suportado","Parametro medido sobre a saida colapsada pelo WFC.","Sistema configurado e com orcamento ativo.","Loot pode ser colocado sobre componentes de sala, mas progressao por risco nao e nativa do WFC."
28,2027,"BA6E3743","Booleano","SupportsTraps","Sim, testado","sim/nao","Suportado","Parametro medido sobre a saida colapsada pelo WFC.","Sistema configurado e com orcamento ativo.","Armadilhas podem usar celulas/corredores resultantes; sem semantica global nativa."
28,2027,"BA6E3743","Booleano","SupportsBacktrackingLoops","Nao","sim/nao","Medido","Parametro medido sobre a saida colapsada pelo WFC.","Parametro atendido quando o resultado WFC contem ciclos inferidos no grafo extraido.","WFC pode criar loops emergentes; se a metrica vier baixa, isso e uma limitacao da configuracao pura testada."
28,2027,"BA6E3743","Booleano","SupportsVerticalConnectors","Nao","sim/nao","Medido","Conta execucoes com pares de modulos WFC stairs_up/stairs_down conectando pavimentos.","Parametro atendido somente quando os modulos verticais do WFC aparecem conectados a salas/corredores.","Suportado quando tiles verticais e observacoes iniciais fazem parte do proprio tileset WFC, sem BSP/Room Graph."
28,2027,"BA6E3743","Booleano","SupportsMultiFloor","Nao","sim/nao","Medido","Conta execucoes com mais de um pavimento e conexao vertical extraida do proprio colapso.","Parametro atendido quando ha pavimentos conectados por sockets verticais do proprio WFC.","Multiandar e possivel em WFC 3D com sockets verticais, mas nao e garantido em WFC 2D simples."
28,2027,"BA6E3743","Booleano","SupportsBossArena","Sim","sim/nao","Medido","Parametro medido sobre a saida colapsada pelo WFC.","Existe ao menos uma sala grande o suficiente.","Arenas grandes nao sao naturais no WFC local; exigem tiles/padroes que favorecam areas amplas."
28,2027,"BA6E3743","Booleano","SeedReproducible","Sim","sim/nao","Medido","Parametro medido sobre a saida colapsada pelo WFC.","A seed reproduziu a mesma topologia.","O colapso e reproduzivel se todas as escolhas usam a mesma seed."
28,2027,"BA6E3743","Booleano","RuntimeRegeneration","Sim","sim/nao","Medido","Parametro medido sobre a saida colapsada pelo WFC.","Tempo registrado: 206.776 ms.","Custo depende do tamanho do volume, quantidade de modulos e numero de contradicoes/reinicios."
28,2027,"BA6E3743","Booleano","BudgetAwareSpawns","Sim","sim/nao","Suportado","Parametro medido sobre a saida colapsada pelo WFC.","Orcamentos registrados: inimigos 10, loot 6, armadilhas 4.","Orcamento e aplicado depois sobre celulas livres extraidas; nao e propriedade nativa do WFC."
28,2027,"BA6E3743","Qualitativo","Replayability","5/5","Likert 1-5","Estimado automaticamente","Parametro medido sobre a saida colapsada pelo WFC.","Diversidade topologica: 100%.","WFC costuma variar bem em padroes locais; diversidade topologica depende do tileset."
28,2027,"BA6E3743","Qualitativo","Debuggability","5/5","Likert 1-5","Estimado automaticamente","Parametro medido sobre a saida colapsada pelo WFC.","WFC e deterministico por seed, mas contradicoes e propagacao de entropia tornam a depuracao menos direta que BSP/Room Graph.","Mais dificil de depurar que BSP/Room Graph, pois erros aparecem como contradicoes de restricao."
28,2027,"BA6E3743","Qualitativo","Flow","1/5","Likert 1-5","Estimado automaticamente","Parametro medido sobre a saida colapsada pelo WFC.","Indica fluidez de navegacao esperada.","Fluxo global nao e garantido por restricoes locais; precisa ser medido apos o colapso."
28,2027,"BA6E3743","Qualitativo","Legibility","3/5","Likert 1-5","Estimado automaticamente","Parametro medido sobre a saida colapsada pelo WFC.","A legibilidade depende muito do conjunto de tiles e das restricoes locais usadas.","Boa legibilidade exige tileset com padroes claros; ruido local pode reduzir leitura espacial."
28,2027,"BA6E3743","Qualitativo","StructuralVariety","3/5","Likert 1-5","Estimado automaticamente","Parametro medido sobre a saida colapsada pelo WFC.","Indica variedade estrutural dentro desta execucao.","Ponto forte potencial do WFC, principalmente na variedade local de tiles."
28,2027,"BA6E3743","Performance","layoutGenerationMilliseconds","61.764","ms","Medido","Tempo para colapsar o volume WFC, propagar restricoes e extrair componentes.","Representa o custo algoritmico principal.","Inclui colapso, propagacao e extracao de componentes; comparar separado da instanciacao Unity."
28,2027,"BA6E3743","Performance","geometryInstantiationMilliseconds","144.311","ms","Medido","Parametro medido sobre a saida colapsada pelo WFC.","A execucao incluiu custo visual.","Custo visual depende dos prefabs/Unity, nao do WFC puro."
28,2027,"BA6E3743","Performance","metricsCalculationMilliseconds","0.698","ms","Medido","Parametro medido sobre a saida colapsada pelo WFC.","Ajuda a quantificar custo da instrumentacao.","Custo da instrumentacao, nao do algoritmo."
28,2027,"BA6E3743","Performance","totalGenerationMilliseconds","206.776","ms","Medido","Parametro medido sobre a saida colapsada pelo WFC.","Inclui layout, instanciacao visual habilitada e calculo de metricas.","Inclui layout, instanciacao visual e metricas; use junto com o tempo logico."
28,2027,"BA6E3743","Performance","generatedGameObjectCount","12375","contagem","Medido","Parametro medido sobre a saida colapsada pelo WFC.","Indica peso potencial de instanciacao no Unity.","Reflete peso da montagem visual dos tiles colapsados."
28,2027,"BA6E3743","Performance","occupiedCellCount","7927","contagem","Medido","Parametro medido sobre a saida colapsada pelo WFC.","Proxy de escala espacial da dungeon.","Proxy do volume ocupado pelo colapso."
28,2027,"BA6E3743","Performance","connectionCount","2","contagem","Medido","Quantidade de conexoes inferidas a partir de componentes de corredor.","Proxy de complexidade topologica.","Conexoes sao inferidas apos o colapso; nao sao primitivas nativas do WFC."
28,2027,"BA6E3743","Performance","managedMemoryDeltaKB","24740","KB","Estimado","Parametro medido sobre a saida colapsada pelo WFC.","Valor aproximado, sensivel a GC e ao estado do Editor.","Estimativa sujeita ao GC da Unity; use como indicio comparativo."
29,2028,"FFC8DBE3","Quantitativo","numRoomsTarget","46","contagem","Medido","Extracao de componentes de celulas de sala colapsadas pelo WFC.","Tamanho estrutural da dungeon nesta execucao.","WFC nao controla salas como entidade global; salas emergem de componentes de tiles."
29,2028,"FFC8DBE3","Quantitativo","connectivityRatio","2.17%","%","Medido","Busca no grafo extraido dos componentes de sala e corredores do WFC, incluindo a espinha dorsal observada quando ativa.","Mostra se o WFC produziu uma dungeon conectada sem reparo global posterior.","WFC puro nao garante conectividade global por padrao; esta variante usa uma espinha dorsal observada como restricao inicial do proprio WFC, nao como reparo posterior."
29,2028,"FFC8DBE3","Quantitativo","verticalVariance","1.992","metros","Medido","Desvio padrao das alturas dos componentes de sala extraidos.","Ha variacao vertical mensuravel entre salas.","WFC pode representar verticalidade se o tileset tiver sockets verticais."
29,2028,"FFC8DBE3","Quantitativo","fillPercentage","96.8%","%","Medido","Celulas ocupadas por modulos WFC divididas pelo total do volume.","Indica densidade espacial da dungeon.","Densidade e resultado de pesos e compatibilidades locais, nao de controle global direto."
29,2028,"FFC8DBE3","Quantitativo","branchFactor","0.304","media","Medido","Media de conexoes por componente de sala no grafo extraido.","Layout mais linear, com poucas bifurcacoes.","Ramificacao emerge das conexoes locais; controlar grau medio diretamente exige tileset/pesos bem calibrados."
29,2028,"FFC8DBE3","Quantitativo","avgPathLength","0","metros","Medido","Distancias no grafo extraido do resultado WFC.","Distancia media a partir da sala inicial.","Caminhos sao medidos apos extrair um grafo do colapso; nao sao objetivo nativo do WFC."
29,2028,"FFC8DBE3","Quantitativo","uniqueModules","49","contagem","Medido","Contagem de modulos WFC e prefabs efetivamente usados.","Indica variedade basica de composicao.","WFC tende a ser forte em variedade local quando ha um tileset rico."
29,2028,"FFC8DBE3","Quantitativo","navigableVolumeRatio","100%","%","Estimado sem NavMesh","Estimativa logica de celulas ocupadas antes de NavMesh.","Use como estimativa inicial, nao como validacao fisica final.","Proxy logico; validacao final ainda depende de NavMesh e colisores."
29,2028,"FFC8DBE3","Quantitativo","criticalPathLength","0","metros","Medido","Maior distancia no grafo extraido a partir da sala inicial.","Aproxima o percurso principal inicio-objetivo.","Caminho critico nao e controlado diretamente pelo WFC puro."
29,2028,"FFC8DBE3","Quantitativo","avgAlternativePathLength","0","metros","Medido","Media de conexoes extras inferidas em componentes de corredor com mais de duas salas.","Nao houve caminho alternativo nesta execucao.","Loops podem emergir, mas nao sao garantidos sem regras locais que favorecam ciclos."
29,2028,"FFC8DBE3","Booleano","SupportsRandomEnemySpawns","Sim, testado","sim/nao","Suportado","Parametro medido sobre a saida colapsada pelo WFC.","Sistema configurado e com orcamento ativo.","Spawns usam celulas de sala extraidas; balanceamento e camada de gameplay."
29,2028,"FFC8DBE3","Booleano","SupportsLootDistribution","Sim, testado","sim/nao","Suportado","Parametro medido sobre a saida colapsada pelo WFC.","Sistema configurado e com orcamento ativo.","Loot pode ser colocado sobre componentes de sala, mas progressao por risco nao e nativa do WFC."
29,2028,"FFC8DBE3","Booleano","SupportsTraps","Sim, testado","sim/nao","Suportado","Parametro medido sobre a saida colapsada pelo WFC.","Sistema configurado e com orcamento ativo.","Armadilhas podem usar celulas/corredores resultantes; sem semantica global nativa."
29,2028,"FFC8DBE3","Booleano","SupportsBacktrackingLoops","Nao","sim/nao","Medido","Parametro medido sobre a saida colapsada pelo WFC.","Parametro atendido quando o resultado WFC contem ciclos inferidos no grafo extraido.","WFC pode criar loops emergentes; se a metrica vier baixa, isso e uma limitacao da configuracao pura testada."
29,2028,"FFC8DBE3","Booleano","SupportsVerticalConnectors","Nao","sim/nao","Medido","Conta execucoes com pares de modulos WFC stairs_up/stairs_down conectando pavimentos.","Parametro atendido somente quando os modulos verticais do WFC aparecem conectados a salas/corredores.","Suportado quando tiles verticais e observacoes iniciais fazem parte do proprio tileset WFC, sem BSP/Room Graph."
29,2028,"FFC8DBE3","Booleano","SupportsMultiFloor","Nao","sim/nao","Medido","Conta execucoes com mais de um pavimento e conexao vertical extraida do proprio colapso.","Parametro atendido quando ha pavimentos conectados por sockets verticais do proprio WFC.","Multiandar e possivel em WFC 3D com sockets verticais, mas nao e garantido em WFC 2D simples."
29,2028,"FFC8DBE3","Booleano","SupportsBossArena","Sim","sim/nao","Medido","Parametro medido sobre a saida colapsada pelo WFC.","Existe ao menos uma sala grande o suficiente.","Arenas grandes nao sao naturais no WFC local; exigem tiles/padroes que favorecam areas amplas."
29,2028,"FFC8DBE3","Booleano","SeedReproducible","Sim","sim/nao","Medido","Parametro medido sobre a saida colapsada pelo WFC.","A seed reproduziu a mesma topologia.","O colapso e reproduzivel se todas as escolhas usam a mesma seed."
29,2028,"FFC8DBE3","Booleano","RuntimeRegeneration","Sim","sim/nao","Medido","Parametro medido sobre a saida colapsada pelo WFC.","Tempo registrado: 188.606 ms.","Custo depende do tamanho do volume, quantidade de modulos e numero de contradicoes/reinicios."
29,2028,"FFC8DBE3","Booleano","BudgetAwareSpawns","Sim","sim/nao","Suportado","Parametro medido sobre a saida colapsada pelo WFC.","Orcamentos registrados: inimigos 10, loot 6, armadilhas 4.","Orcamento e aplicado depois sobre celulas livres extraidas; nao e propriedade nativa do WFC."
29,2028,"FFC8DBE3","Qualitativo","Replayability","5/5","Likert 1-5","Estimado automaticamente","Parametro medido sobre a saida colapsada pelo WFC.","Diversidade topologica: 100%.","WFC costuma variar bem em padroes locais; diversidade topologica depende do tileset."
29,2028,"FFC8DBE3","Qualitativo","Debuggability","5/5","Likert 1-5","Estimado automaticamente","Parametro medido sobre a saida colapsada pelo WFC.","WFC e deterministico por seed, mas contradicoes e propagacao de entropia tornam a depuracao menos direta que BSP/Room Graph.","Mais dificil de depurar que BSP/Room Graph, pois erros aparecem como contradicoes de restricao."
29,2028,"FFC8DBE3","Qualitativo","Flow","1/5","Likert 1-5","Estimado automaticamente","Parametro medido sobre a saida colapsada pelo WFC.","Indica fluidez de navegacao esperada.","Fluxo global nao e garantido por restricoes locais; precisa ser medido apos o colapso."
29,2028,"FFC8DBE3","Qualitativo","Legibility","3/5","Likert 1-5","Estimado automaticamente","Parametro medido sobre a saida colapsada pelo WFC.","A legibilidade depende muito do conjunto de tiles e das restricoes locais usadas.","Boa legibilidade exige tileset com padroes claros; ruido local pode reduzir leitura espacial."
29,2028,"FFC8DBE3","Qualitativo","StructuralVariety","3/5","Likert 1-5","Estimado automaticamente","Parametro medido sobre a saida colapsada pelo WFC.","Indica variedade estrutural dentro desta execucao.","Ponto forte potencial do WFC, principalmente na variedade local de tiles."
29,2028,"FFC8DBE3","Performance","layoutGenerationMilliseconds","61.544","ms","Medido","Tempo para colapsar o volume WFC, propagar restricoes e extrair componentes.","Representa o custo algoritmico principal.","Inclui colapso, propagacao e extracao de componentes; comparar separado da instanciacao Unity."
29,2028,"FFC8DBE3","Performance","geometryInstantiationMilliseconds","126.12","ms","Medido","Parametro medido sobre a saida colapsada pelo WFC.","A execucao incluiu custo visual.","Custo visual depende dos prefabs/Unity, nao do WFC puro."
29,2028,"FFC8DBE3","Performance","metricsCalculationMilliseconds","0.94","ms","Medido","Parametro medido sobre a saida colapsada pelo WFC.","Ajuda a quantificar custo da instrumentacao.","Custo da instrumentacao, nao do algoritmo."
29,2028,"FFC8DBE3","Performance","totalGenerationMilliseconds","188.606","ms","Medido","Parametro medido sobre a saida colapsada pelo WFC.","Inclui layout, instanciacao visual habilitada e calculo de metricas.","Inclui layout, instanciacao visual e metricas; use junto com o tempo logico."
29,2028,"FFC8DBE3","Performance","generatedGameObjectCount","12368","contagem","Medido","Parametro medido sobre a saida colapsada pelo WFC.","Indica peso potencial de instanciacao no Unity.","Reflete peso da montagem visual dos tiles colapsados."
29,2028,"FFC8DBE3","Performance","occupiedCellCount","7930","contagem","Medido","Parametro medido sobre a saida colapsada pelo WFC.","Proxy de escala espacial da dungeon.","Proxy do volume ocupado pelo colapso."
29,2028,"FFC8DBE3","Performance","connectionCount","7","contagem","Medido","Quantidade de conexoes inferidas a partir de componentes de corredor.","Proxy de complexidade topologica.","Conexoes sao inferidas apos o colapso; nao sao primitivas nativas do WFC."
29,2028,"FFC8DBE3","Performance","managedMemoryDeltaKB","25884","KB","Estimado","Parametro medido sobre a saida colapsada pelo WFC.","Valor aproximado, sensivel a GC e ao estado do Editor.","Estimativa sujeita ao GC da Unity; use como indicio comparativo."
30,2029,"95F53982","Quantitativo","numRoomsTarget","48","contagem","Medido","Extracao de componentes de celulas de sala colapsadas pelo WFC.","Tamanho estrutural da dungeon nesta execucao.","WFC nao controla salas como entidade global; salas emergem de componentes de tiles."
30,2029,"95F53982","Quantitativo","connectivityRatio","4.17%","%","Medido","Busca no grafo extraido dos componentes de sala e corredores do WFC, incluindo a espinha dorsal observada quando ativa.","Mostra se o WFC produziu uma dungeon conectada sem reparo global posterior.","WFC puro nao garante conectividade global por padrao; esta variante usa uma espinha dorsal observada como restricao inicial do proprio WFC, nao como reparo posterior."
30,2029,"95F53982","Quantitativo","verticalVariance","2","metros","Medido","Desvio padrao das alturas dos componentes de sala extraidos.","Ha variacao vertical mensuravel entre salas.","WFC pode representar verticalidade se o tileset tiver sockets verticais."
30,2029,"95F53982","Quantitativo","fillPercentage","96.62%","%","Medido","Celulas ocupadas por modulos WFC divididas pelo total do volume.","Indica densidade espacial da dungeon.","Densidade e resultado de pesos e compatibilidades locais, nao de controle global direto."
30,2029,"95F53982","Quantitativo","branchFactor","0.333","media","Medido","Media de conexoes por componente de sala no grafo extraido.","Layout mais linear, com poucas bifurcacoes.","Ramificacao emerge das conexoes locais; controlar grau medio diretamente exige tileset/pesos bem calibrados."
30,2029,"95F53982","Quantitativo","avgPathLength","16","metros","Medido","Distancias no grafo extraido do resultado WFC.","Distancia media a partir da sala inicial.","Caminhos sao medidos apos extrair um grafo do colapso; nao sao objetivo nativo do WFC."
30,2029,"95F53982","Quantitativo","uniqueModules","48","contagem","Medido","Contagem de modulos WFC e prefabs efetivamente usados.","Indica variedade basica de composicao.","WFC tende a ser forte em variedade local quando ha um tileset rico."
30,2029,"95F53982","Quantitativo","navigableVolumeRatio","100%","%","Estimado sem NavMesh","Estimativa logica de celulas ocupadas antes de NavMesh.","Use como estimativa inicial, nao como validacao fisica final.","Proxy logico; validacao final ainda depende de NavMesh e colisores."
30,2029,"95F53982","Quantitativo","criticalPathLength","16","metros","Medido","Maior distancia no grafo extraido a partir da sala inicial.","Aproxima o percurso principal inicio-objetivo.","Caminho critico nao e controlado diretamente pelo WFC puro."
30,2029,"95F53982","Quantitativo","avgAlternativePathLength","18","metros","Medido","Media de conexoes extras inferidas em componentes de corredor com mais de duas salas.","Ha caminhos alternativos mensuraveis.","Loops podem emergir, mas nao sao garantidos sem regras locais que favorecam ciclos."
30,2029,"95F53982","Booleano","SupportsRandomEnemySpawns","Sim, testado","sim/nao","Suportado","Parametro medido sobre a saida colapsada pelo WFC.","Sistema configurado e com orcamento ativo.","Spawns usam celulas de sala extraidas; balanceamento e camada de gameplay."
30,2029,"95F53982","Booleano","SupportsLootDistribution","Sim, testado","sim/nao","Suportado","Parametro medido sobre a saida colapsada pelo WFC.","Sistema configurado e com orcamento ativo.","Loot pode ser colocado sobre componentes de sala, mas progressao por risco nao e nativa do WFC."
30,2029,"95F53982","Booleano","SupportsTraps","Sim, testado","sim/nao","Suportado","Parametro medido sobre a saida colapsada pelo WFC.","Sistema configurado e com orcamento ativo.","Armadilhas podem usar celulas/corredores resultantes; sem semantica global nativa."
30,2029,"95F53982","Booleano","SupportsBacktrackingLoops","Nao","sim/nao","Medido","Parametro medido sobre a saida colapsada pelo WFC.","Parametro atendido quando o resultado WFC contem ciclos inferidos no grafo extraido.","WFC pode criar loops emergentes; se a metrica vier baixa, isso e uma limitacao da configuracao pura testada."
30,2029,"95F53982","Booleano","SupportsVerticalConnectors","Nao","sim/nao","Medido","Conta execucoes com pares de modulos WFC stairs_up/stairs_down conectando pavimentos.","Parametro atendido somente quando os modulos verticais do WFC aparecem conectados a salas/corredores.","Suportado quando tiles verticais e observacoes iniciais fazem parte do proprio tileset WFC, sem BSP/Room Graph."
30,2029,"95F53982","Booleano","SupportsMultiFloor","Nao","sim/nao","Medido","Conta execucoes com mais de um pavimento e conexao vertical extraida do proprio colapso.","Parametro atendido quando ha pavimentos conectados por sockets verticais do proprio WFC.","Multiandar e possivel em WFC 3D com sockets verticais, mas nao e garantido em WFC 2D simples."
30,2029,"95F53982","Booleano","SupportsBossArena","Sim","sim/nao","Medido","Parametro medido sobre a saida colapsada pelo WFC.","Existe ao menos uma sala grande o suficiente.","Arenas grandes nao sao naturais no WFC local; exigem tiles/padroes que favorecam areas amplas."
30,2029,"95F53982","Booleano","SeedReproducible","Sim","sim/nao","Medido","Parametro medido sobre a saida colapsada pelo WFC.","A seed reproduziu a mesma topologia.","O colapso e reproduzivel se todas as escolhas usam a mesma seed."
30,2029,"95F53982","Booleano","RuntimeRegeneration","Sim","sim/nao","Medido","Parametro medido sobre a saida colapsada pelo WFC.","Tempo registrado: 185.43 ms.","Custo depende do tamanho do volume, quantidade de modulos e numero de contradicoes/reinicios."
30,2029,"95F53982","Booleano","BudgetAwareSpawns","Sim","sim/nao","Suportado","Parametro medido sobre a saida colapsada pelo WFC.","Orcamentos registrados: inimigos 10, loot 6, armadilhas 4.","Orcamento e aplicado depois sobre celulas livres extraidas; nao e propriedade nativa do WFC."
30,2029,"95F53982","Qualitativo","Replayability","5/5","Likert 1-5","Estimado automaticamente","Parametro medido sobre a saida colapsada pelo WFC.","Diversidade topologica: 100%.","WFC costuma variar bem em padroes locais; diversidade topologica depende do tileset."
30,2029,"95F53982","Qualitativo","Debuggability","5/5","Likert 1-5","Estimado automaticamente","Parametro medido sobre a saida colapsada pelo WFC.","WFC e deterministico por seed, mas contradicoes e propagacao de entropia tornam a depuracao menos direta que BSP/Room Graph.","Mais dificil de depurar que BSP/Room Graph, pois erros aparecem como contradicoes de restricao."
30,2029,"95F53982","Qualitativo","Flow","2/5","Likert 1-5","Estimado automaticamente","Parametro medido sobre a saida colapsada pelo WFC.","Indica fluidez de navegacao esperada.","Fluxo global nao e garantido por restricoes locais; precisa ser medido apos o colapso."
30,2029,"95F53982","Qualitativo","Legibility","3/5","Likert 1-5","Estimado automaticamente","Parametro medido sobre a saida colapsada pelo WFC.","A legibilidade depende muito do conjunto de tiles e das restricoes locais usadas.","Boa legibilidade exige tileset com padroes claros; ruido local pode reduzir leitura espacial."
30,2029,"95F53982","Qualitativo","StructuralVariety","3/5","Likert 1-5","Estimado automaticamente","Parametro medido sobre a saida colapsada pelo WFC.","Indica variedade estrutural dentro desta execucao.","Ponto forte potencial do WFC, principalmente na variedade local de tiles."
30,2029,"95F53982","Performance","layoutGenerationMilliseconds","59.486","ms","Medido","Tempo para colapsar o volume WFC, propagar restricoes e extrair componentes.","Representa o custo algoritmico principal.","Inclui colapso, propagacao e extracao de componentes; comparar separado da instanciacao Unity."
30,2029,"95F53982","Performance","geometryInstantiationMilliseconds","125.144","ms","Medido","Parametro medido sobre a saida colapsada pelo WFC.","A execucao incluiu custo visual.","Custo visual depende dos prefabs/Unity, nao do WFC puro."
30,2029,"95F53982","Performance","metricsCalculationMilliseconds","0.797","ms","Medido","Parametro medido sobre a saida colapsada pelo WFC.","Ajuda a quantificar custo da instrumentacao.","Custo da instrumentacao, nao do algoritmo."
30,2029,"95F53982","Performance","totalGenerationMilliseconds","185.43","ms","Medido","Parametro medido sobre a saida colapsada pelo WFC.","Inclui layout, instanciacao visual habilitada e calculo de metricas.","Inclui layout, instanciacao visual e metricas; use junto com o tempo logico."
30,2029,"95F53982","Performance","generatedGameObjectCount","12408","contagem","Medido","Parametro medido sobre a saida colapsada pelo WFC.","Indica peso potencial de instanciacao no Unity.","Reflete peso da montagem visual dos tiles colapsados."
30,2029,"95F53982","Performance","occupiedCellCount","7915","contagem","Medido","Parametro medido sobre a saida colapsada pelo WFC.","Proxy de escala espacial da dungeon.","Proxy do volume ocupado pelo colapso."
30,2029,"95F53982","Performance","connectionCount","8","contagem","Medido","Quantidade de conexoes inferidas a partir de componentes de corredor.","Proxy de complexidade topologica.","Conexoes sao inferidas apos o colapso; nao sao primitivas nativas do WFC."
30,2029,"95F53982","Performance","managedMemoryDeltaKB","29248","KB","Estimado","Parametro medido sobre a saida colapsada pelo WFC.","Valor aproximado, sensivel a GC e ao estado do Editor.","Estimativa sujeita ao GC da Unity; use como indicio comparativo."
